,_step,train/rewards/accuracies,train/logps/rejected,train/logits/rejected,_runtime,train/loss,train/grad_norm,train/rewards/margins,train/learning_rate,train/epoch,train/logps/chosen,train/rewards/chosen,train/logits/chosen,_timestamp,train/rewards/rejected,train/global_step,eval/rewards/chosen,eval/rewards/margins,eval/logits/rejected,eval/loss,eval/logps/rejected,eval/rewards/rejected,eval/logps/chosen,eval/logits/chosen,eval/steps_per_second,eval/samples_per_second,eval/rewards/accuracies,eval/runtime
0,0,0.375,-80.1708984375,-0.473806232213974,61.358426867,0.7043,41.41304688644695,-0.02657107636332512,5.3191489361702125e-09,0.001068875676397889,-72.52117919921875,-0.016230136156082153,-0.4870505928993225,1740711484.0215077,0.01034094113856554,1,,,,,,,,,,,,
1,1,0.6875,-73.63436889648438,-0.5645174980163574,118.594361207,0.6885,42.08879143135983,-0.0005631409585475922,1.0638297872340425e-08,0.002137751352795778,-75.21163940429688,-0.0021673990413546562,-0.585478663444519,1740711541.2275367,-0.001604257384315133,2,,,,,,,,,,,,
2,2,0.6875,-85.48970031738281,-0.5231037735939026,178.47834625,0.697,44.58070631045432,0.013948355801403522,1.5957446808510635e-08,0.003206627029193667,-91.21743774414062,0.0020537571981549263,-0.5420963168144226,1740711601.1110773,-0.011894598603248596,3,,,,,,,,,,,,
3,3,0.5,-66.45990753173828,-0.5951277017593384,237.214313672,0.6983,43.54088936299219,-0.007560910657048225,2.127659574468085e-08,0.004275502705591556,-72.6298828125,-0.0027596261352300644,-0.512829065322876,1740711659.844942,0.004801283590495586,4,,,,,,,,,,,,
4,4,0.625,-54.68226623535156,-0.4568329453468323,296.174424251,0.6924,45.401089942808525,0.0006773860659450293,2.6595744680851062e-08,0.005344378381989445,-56.927093505859375,0.00474857073277235,-0.49734771251678467,1740711718.8126686,0.004071185365319252,5,,,,,,,,,,,,
5,5,0.625,-81.4980697631836,-0.5289866924285889,353.962246516,0.6905,41.68614956131625,0.000643774401396513,3.191489361702127e-08,0.006413254058387334,-82.70243835449219,0.00027447030879557133,-0.5605195760726929,1740711776.5989192,-0.00036930455826222897,6,,,,,,,,,,,,
6,6,0.3125,-95.1220474243164,-0.377605676651001,412.60631452,0.688,44.09394033776367,-0.001536309253424406,3.723404255319149e-08,0.007482129734785223,-94.41880798339844,-0.005566237960010767,-0.43190789222717285,1740711835.2428722,-0.004029928240925074,7,,,,,,,,,,,,
7,7,0.6875,-101.5150146484375,-0.47398650646209717,470.403808508,0.6955,58.16113271894658,0.007340228650718927,4.25531914893617e-08,0.008551005411183112,-100.10108184814453,0.002817189320921898,-0.5274503231048584,1740711893.0794554,-0.004523038398474455,8,,,,,,,,,,,,
8,8,0.5625,-73.2734375,-0.4813600182533264,528.600987768,0.6942,39.90925970098882,-0.006745557300746441,4.787234042553191e-08,0.009619881087581,-69.73291015625,0.0013083836529403925,-0.5667281746864319,1740711951.276707,0.008053941652178764,9,,,,,,,,,,,,
9,9,0.5625,-68.59366607666016,-0.5517908930778503,587.319330064,0.6943,44.506559727395896,-0.0032208473421633244,5.3191489361702123e-08,0.01068875676397889,-74.46144104003906,-0.005276346579194069,-0.6145078539848328,1740712009.994975,-0.0020554992370307446,10,,,,,,,,,,,,
10,10,0.375,-97.19762420654297,-0.5401099324226379,646.234255744,0.6966,47.51363579599961,0.00908716395497322,5.851063829787234e-08,0.011757632440376779,-91.23299407958984,0.0035544573329389095,-0.6776062250137329,1740712068.864572,-0.005532707087695599,11,,,,,,,,,,,,
11,11,0.5,-79.74362182617188,-0.5099760890007019,704.446363716,0.6929,46.76372085496319,0.0066519142128527164,6.382978723404254e-08,0.012826508116774668,-76.79814147949219,0.006327795796096325,-0.5067378878593445,1740712127.0839665,-0.00032411934807896614,12,,,,,,,,,,,,
12,12,0.5625,-84.95420837402344,-0.5104893445968628,763.33436717,0.689,46.769541508947476,0.017297489568591118,6.914893617021277e-08,0.013895383793172556,-81.7396240234375,0.008232326246798038,-0.5025652647018433,1740712185.9667838,-0.00906516332179308,13,,,,,,,,,,,,
13,13,0.25,-84.1738510131836,-0.4174349308013916,821.842326772,0.6932,43.57989757493798,-0.01832491159439087,7.446808510638298e-08,0.014964259469570446,-78.5432357788086,-0.01127014122903347,-0.4481053054332733,1740712244.4751892,0.007054769899696112,14,,,,,,,,,,,,
14,14,0.4375,-82.57096099853516,-0.6350672841072083,879.414372728,0.6948,45.84541689615458,-0.011121170595288277,7.978723404255319e-08,0.016033135145968335,-82.55616760253906,-0.001273385714739561,-0.5905235409736633,1740712302.0455678,0.009847785346210003,15,,,,,,,,,,,,
15,15,0.625,-76.43619537353516,-0.5300630331039429,937.466390449,0.6899,45.422008980037404,-0.003411935642361641,8.51063829787234e-08,0.017102010822366225,-82.15382385253906,0.005409154575318098,-0.4667513370513916,1740712360.0981994,0.008821089752018452,16,,,,,,,,,,,,
16,16,0.4375,-84.21488952636719,-0.5291897058486938,994.47441746,0.698,44.846886923950436,-0.005166089162230492,9.042553191489363e-08,0.018170886498764114,-88.1155014038086,0.0018426594324409962,-0.5602734088897705,1740712417.1114883,0.00700874999165535,17,,,,,,,,,,,,
17,17,0.625,-94.6897964477539,-0.46330633759498596,1052.618278313,0.6899,46.14720516784426,0.0025798925198614597,9.574468085106382e-08,0.019239762175162,-107.68633270263672,-0.0028649880550801754,-0.49904751777648926,1740712475.2556028,-0.00544488150626421,18,,,,,,,,,,,,
18,18,0.5,-78.43164825439453,-0.4994121491909027,1110.766284562,0.6958,56.779809621296295,-0.010205172002315521,1.0106382978723404e-07,0.02030863785155989,-85.93830871582031,-0.012303001247346401,-0.418846070766449,1740712533.4000282,-0.0020978287793695927,19,,,,,,,,,,,,
19,19,0.4375,-112.90771484375,-0.5599220991134644,1168.546363917,0.6983,45.7461043477037,-0.002167701255530119,1.0638297872340425e-07,0.02137751352795778,-107.92742919921875,-0.010104703716933727,-0.6747584939002991,1740712591.1811213,-0.007937001995742321,20,,,,,,,,,,,,
20,20,0.4375,-83.85223388671875,-0.5579895973205566,1227.698356758,0.6911,46.11815445555716,0.004649808630347252,1.1170212765957446e-07,0.02244638920435567,-87.67625427246094,0.014329243451356888,-0.6443789005279541,1740712650.3318732,0.009679434821009636,21,,,,,,,,,,,,
21,21,0.4375,-89.55844116210938,-0.5764320492744446,1290.042352287,0.6942,48.738000651397144,0.01966700702905655,1.1702127659574468e-07,0.023515264880753558,-78.24641418457031,0.01802765391767025,-0.6317843198776245,1740712712.6731398,-0.0016393526457250118,22,,,,,,,,,,,,
22,22,0.625,-68.1456527709961,-0.4271107316017151,1350.174475516,0.6967,46.24417268266459,-0.006035065744072199,1.2234042553191488e-07,0.024584140557151447,-71.71256256103516,-9.51327383518219e-05,-0.3415774405002594,1740712772.8157783,0.005939932074397802,23,,,,,,,,,,,,
23,23,0.625,-77.0877914428711,-0.5500220060348511,1408.390297249,0.6938,41.485156630889804,0.0070937504060566425,1.2765957446808508e-07,0.025653016233549337,-81.54502868652344,0.008980643004179,-0.5520610213279724,1740712831.0268865,0.0018868916667997837,24,,,,,,,,,,,,
24,24,0.4375,-88.70832061767578,-0.4527682065963745,1465.954357451,0.6908,44.55848662079479,-0.0011447565630078316,1.329787234042553e-07,0.026721891909947223,-93.04666137695312,0.004023206885904074,-0.45689186453819275,1740712888.5870674,0.0051679606549441814,25,,,,,,,,,,,,
25,25,0.5,-85.75859069824219,-0.5288004875183105,1525.366405642,0.6944,42.93105171500146,-0.011972757987678051,1.3829787234042553e-07,0.027790767586345112,-81.54823303222656,-0.0127900131046772,-0.5319409370422363,1740712947.9992776,-0.0008172560483217239,26,,,,,,,,,,,,
26,26,0.5625,-106.71981811523438,-0.5745192766189575,1585.218324965,0.6946,44.31293069164551,0.008447178639471531,1.4361702127659576e-07,0.028859643262743002,-101.93125915527344,-0.00019847042858600616,-0.6435461044311523,1740713007.8561146,-0.008645648136734962,27,,,,,,,,,,,,
27,27,0.375,-85.43515014648438,-0.5169512629508972,1656.322287374,0.6955,45.57874442619564,-0.020044568926095963,1.4893617021276595e-07,0.02992851893914089,-88.33063507080078,-0.00018446799367666245,-0.5967954993247986,1740713078.9618104,0.019860103726387024,28,,,,,,,,,,,,
28,28,0.375,-82.52993774414062,-0.5608515739440918,1714.046409976,0.6968,46.15009931262853,-0.02035645768046379,1.5425531914893615e-07,0.03099739461553878,-74.74568176269531,-0.004866986069828272,-0.6393980383872986,1740713136.6760361,0.015489470213651657,29,,,,,,,,,,,,
29,29,0.6875,-80.13296508789062,-0.4760168492794037,1772.118279146,0.6891,44.63138678236853,0.024867413565516472,1.5957446808510638e-07,0.03206627029193667,-82.56110382080078,-0.005022954661399126,-0.5785561800003052,1740713194.7561836,-0.02989037148654461,30,,,,,,,,,,,,
30,30,0.625,-90.87531280517578,-0.5453110933303833,1830.05834226,0.6893,46.058853178102204,0.009122157469391823,1.6489361702127658e-07,0.033135145968334556,-78.93354034423828,0.0003731297329068184,-0.6184556484222412,1740713252.693165,-0.008749029599130154,31,,,,,,,,,,,,
31,31,0.4375,-82.74312591552734,-0.5452717542648315,1888.482351645,0.6954,46.25624052038388,-0.0340438038110733,1.702127659574468e-07,0.03420402164473245,-94.81890106201172,-0.005387726705521345,-0.5117093920707703,1740713311.112547,0.02865607477724552,32,,,,,,,,,,,,
32,32,0.4375,-62.715576171875,-0.4216582775115967,1946.990372394,0.6938,40.844134029470545,0.004410775378346443,1.7553191489361703e-07,0.035272897321130335,-53.740840911865234,-0.0031107612885534763,-0.4874335527420044,1740713369.6211886,-0.007521538529545069,33,,,,,,,,,,,,
33,33,0.375,-91.4968490600586,-0.2995847165584564,2005.390341863,0.6997,48.49285645456287,-0.03099614381790161,1.8085106382978725e-07,0.03634177299752823,-83.0823974609375,-0.008504072204232216,-0.25535160303115845,1740713428.0294645,0.022492073476314545,34,,,,,,,,,,,,
34,34,0.5,-82.29051971435547,-0.5622463822364807,2062.294373264,0.6981,44.700991059393516,0.013228270225226879,1.8617021276595742e-07,0.037410648673926114,-86.73697662353516,0.010234854184091091,-0.4502273499965668,1740713484.9344711,-0.0029934141784906387,35,,,,,,,,,,,,
35,35,0.5,-76.7567138671875,-0.5696098804473877,2120.426396474,0.69,45.35461668271789,0.014983898028731346,1.9148936170212765e-07,0.038479524350324,-76.57879638671875,0.0076402053236961365,-0.4716763496398926,1740713543.1019442,-0.00734369270503521,36,,,,,,,,,,,,
36,36,0.4375,-65.22567749023438,-0.4389651417732239,2177.622592498,0.7038,41.87107120073282,-0.038835424929857254,1.9680851063829787e-07,0.03954840002672189,-52.22550964355469,-0.02028810977935791,-0.49312764406204224,1740713600.2981765,0.018547315150499344,37,,,,,,,,,,,,
37,37,0.625,-89.73832702636719,-0.45734158158302307,2235.626495911,0.6932,41.82337071206561,0.012869934551417828,2.0212765957446807e-07,0.04061727570311978,-92.69265747070312,0.001479846192523837,-0.583449125289917,1740713658.2579393,-0.011390087194740772,38,,,,,,,,,,,,
38,38,0.5,-70.28778076171875,-0.2983766794204712,2292.574282995,0.6919,44.659508477615425,-0.006715281866490841,2.074468085106383e-07,0.04168615137951767,-70.25965881347656,0.005075459368526936,-0.37772196531295776,1740713715.2060091,0.011790739372372627,39,,,,,,,,,,,,
39,39,0.5625,-95.9398193359375,-0.49632033705711365,2350.342395023,0.7001,45.238595318239554,-0.010311368852853775,2.127659574468085e-07,0.04275502705591556,-88.1092758178711,-0.0030857932288199663,-0.6448016166687012,1740713772.9732068,0.007225572597235441,40,,,,,,,,,,,,
40,40,0.3125,-79.53022003173828,-0.6418439149856567,2408.874394359,0.6973,45.26819291080221,-0.0019391574896872044,2.1808510638297872e-07,0.04382390273231345,-95.35574340820312,-0.0008807945996522903,-0.63297039270401,1740713831.508673,0.0010583638213574886,41,,,,,,,,,,,,
41,41,0.625,-60.21831130981445,-0.4438456892967224,2466.326424612,0.6901,44.97150444233087,-0.001168436836451292,2.2340425531914892e-07,0.04489277840871134,-64.95135498046875,-0.0024851502384990454,-0.49458789825439453,1740713888.9562013,-0.0013167141005396843,42,,,,,,,,,,,,
42,42,0.625,-78.0525131225586,-0.57224440574646,2523.390444993,0.691,46.16230507762406,0.015780633315443993,2.2872340425531914e-07,0.04596165408510922,-76.90935516357422,0.007474982179701328,-0.563109815120697,1740713946.0227134,-0.008305652067065239,43,,,,,,,,,,,,
43,43,0.4375,-61.859004974365234,-0.4647003710269928,2581.543825203,0.698,40.72364271982032,-0.009871273301541805,2.3404255319148937e-07,0.047030529761507116,-66.77108764648438,0.007564571686089039,-0.45607444643974304,1740714004.2195582,0.017435844987630844,44,,,,,,,,,,,,
44,44,0.4375,-104.43513488769531,-0.5103286504745483,2639.326326558,0.7006,43.29283388005055,-0.003965762443840504,2.393617021276596e-07,0.048099405437905,-104.13440704345703,-0.01031013485044241,-0.48320016264915466,1740714061.9583337,-0.006344372406601906,45,,,,,,,,,,,,
45,45,0.5,-87.76509094238281,-0.5900536179542542,2704.850477271,0.6931,46.33538296228862,-0.003853661473840475,2.4468085106382976e-07,0.049168281114302895,-78.16783905029297,-0.005977035500109196,-0.5267271399497986,1740714127.482358,-0.0021233712323009968,46,,,,,,,,,,,,
46,46,0.375,-79.10697174072266,-0.7495400309562683,2762.026349395,0.6906,41.66461095632765,-0.013277330435812473,2.5e-07,0.05023715679070078,-87.41992950439453,-0.021744219586253166,-0.6887714862823486,1740714184.6646163,-0.008466886356472969,47,,,,,,,,,,,,
47,47,0.5,-69.0066146850586,-0.5052124261856079,2820.366317265,0.6979,45.05046788844004,-0.010713834315538406,2.5531914893617016e-07,0.051306032467098674,-63.28511047363281,-0.01637854054570198,-0.5605612993240356,1740714242.9995008,-0.005664706230163574,48,,,,,,,,,,,,
48,48,0.4375,-68.70698547363281,-0.4102022349834442,2877.758554511,0.6967,44.37242397890827,-0.006204899400472641,2.6063829787234044e-07,0.05237490814349656,-64.99909973144531,-0.017706457525491714,-0.4505020081996918,1740714300.3915594,-0.011501556262373924,49,,,,,,,,,,,,
49,49,0.4375,-111.59112548828125,-0.4581602215766907,2936.39033537,0.6914,46.10926356896734,-0.005386266391724348,2.659574468085106e-07,0.053443783819894446,-126.8720474243164,-0.01475405041128397,-0.5307861566543579,1740714359.0295794,-0.009367784485220909,50,,,,,,,,,,,,
50,50,0.5,-85.35549926757812,-0.2916783392429352,2993.91034779,0.6935,42.96333989099445,-0.011637693271040916,2.7127659574468084e-07,0.05451265949629234,-78.4147720336914,-0.00854663085192442,-0.37516990303993225,1740714416.5439656,0.0030910626519471407,51,,,,,,,,,,,,
51,51,0.8125,-116.99275207519531,-0.6533198356628418,3050.498662413,0.6869,47.0790281263365,0.01826772466301918,2.7659574468085106e-07,0.055581535172690225,-113.91476440429688,-0.023352401331067085,-0.7329518795013428,1740714473.1742969,-0.041620124131441116,52,,,,,,,,,,,,
52,52,0.5625,-56.5141716003418,-0.4278898537158966,3109.084941721,0.6925,42.57671980417361,0.012288456782698631,2.8191489361702123e-07,0.05665041084908812,-64.90035247802734,0.00388886546716094,-0.3757047653198242,1740714531.7606556,-0.008399590849876404,53,,,,,,,,,,,,
53,53,0.5625,-84.9649658203125,-0.46680229902267456,3167.71066369,0.6842,43.95617038425632,0.018021583557128906,2.872340425531915e-07,0.057719286525486004,-78.44400024414062,0.00023270398378372192,-0.5117334127426147,1740714590.3863742,-0.017788875848054886,54,,,,,,,,,,,,
54,54,0.625,-59.06549072265625,-0.49020665884017944,3225.674373575,0.692,40.89456507027182,0.01021397765725851,2.925531914893617e-07,0.058788162201883896,-66.11614990234375,-0.0004890542477369308,-0.5064170360565186,1740714648.3131807,-0.010703032836318016,55,,,,,,,,,,,,
55,55,0.4375,-77.8542251586914,-0.6783312559127808,3283.514434878,0.6971,42.5973080839802,-0.017883513122797012,2.978723404255319e-07,0.05985703787828178,-80.53976440429688,-0.01768443174660206,-0.6654826402664185,1740714706.1447968,0.00019908201647922397,56,,,,,,,,,,,,
56,56,0.75,-91.8894271850586,-0.38892918825149536,3341.318418841,0.6801,44.59011551461585,0.046788521111011505,3.0319148936170213e-07,0.06092591355467967,-90.48516082763672,0.003552061039954424,-0.38263553380966187,1740714763.9498453,-0.04323645681142807,57,,,,,,,,,,,,
57,57,0.375,-82.74642944335938,-0.5458782911300659,3398.838343307,0.6928,43.91733327340977,-0.01674702763557434,3.085106382978723e-07,0.06199478923107756,-77.65374755859375,-0.01053678896278143,-0.4324820339679718,1740714821.4728308,0.0062102386727929115,58,,,,,,,,,,,,
58,58,0.375,-66.18463134765625,-0.4753851592540741,3455.226272491,0.6933,46.97014468289283,0.0008585508912801743,3.1382978723404253e-07,0.06306366490747545,-69.86727905273438,0.008888477459549904,-0.5665156245231628,1740714877.8606672,0.008029925636947155,59,,,,,,,,,,,,
59,59,0.5625,-51.14479446411133,-0.4827551543712616,3513.234464135,0.6916,42.24301660621717,0.0014947615563869476,3.1914893617021275e-07,0.06413254058387334,-59.66264343261719,0.0035611402709037066,-0.4284701645374298,1740714935.8664525,0.002066376619040966,60,,,,,,,,,,,,
60,60,0.5,-67.68852996826172,-0.49369752407073975,3569.918420989,0.6938,41.25439139187266,-0.019163008779287338,3.24468085106383e-07,0.06520141626027123,-72.88626098632812,-0.013717081397771835,-0.5047635436058044,1740714992.5500963,0.005445927381515503,61,,,,,,,,,,,,
61,61,0.75,-60.446739196777344,-0.32252898812294006,3627.958382781,0.6827,40.428369129373905,0.02565058507025242,3.2978723404255315e-07,0.06627029193666911,-53.37190246582031,0.0019101654179394245,-0.3722265064716339,1740715050.5882277,-0.023740416392683983,62,,,,,,,,,,,,
62,62,0.3125,-69.65656280517578,-0.3143952786922455,3686.86631715,0.6885,41.436729962037276,-0.023329706862568855,3.351063829787234e-07,0.067339167613067,-57.762630462646484,-0.028200199827551842,-0.4104478061199188,1740715109.5017767,-0.004870493896305561,63,,,,,,,,,,,,
63,63,0.5,-85.65557861328125,-0.5303938984870911,3745.490276777,0.6884,45.03276313385448,-0.0038978811353445053,3.404255319148936e-07,0.0684080432894649,-87.16545867919922,-0.004842068068683147,-0.5073215961456299,1740715168.1208627,-0.0009441880974918604,64,,,,,,,,,,,,
64,64,0.5625,-85.4349365234375,-0.5900722146034241,3803.606404133,0.6922,44.235110586061495,0.04569520428776741,3.457446808510638e-07,0.06947691896586278,-84.41688537597656,0.012733666226267815,-0.5864815711975098,1740715226.2390604,-0.032961539924144745,65,,,,,,,,,,,,
65,65,0.6875,-108.42483520507812,-0.40251970291137695,3864.566673591,0.6903,42.64479009907056,0.015181707218289375,3.5106382978723405e-07,0.07054579464226067,-100.47222900390625,0.004499375820159912,-0.580322802066803,1740715287.1983333,-0.010682333260774612,66,,,,,,,,,,,,
66,66,0.6875,-94.00636291503906,-0.5055806040763855,3924.206297917,0.6938,44.99406491774059,0.022922160103917122,3.563829787234042e-07,0.07161467031865856,-74.18049621582031,-0.007050238084048033,-0.5353802442550659,1740715346.8374283,-0.029972398653626442,67,,,,,,,,,,,,
67,67,0.5,-120.35110473632812,-0.5157933235168457,3983.886352744,0.6905,44.404499663004785,-0.005317715462297201,3.617021276595745e-07,0.07268354599505646,-83.95965576171875,-0.009645489975810051,-0.5853410363197327,1740715406.5192485,-0.00432777451351285,68,,,,,,,,,,,,
68,68,0.5,-78.33380126953125,-0.6131932735443115,4042.366299702,0.6896,43.61416565208193,0.008403916843235493,3.6702127659574467e-07,0.07375242167145434,-74.501708984375,-0.027382630854845047,-0.5707624554634094,1740715465.0043893,-0.035786550492048264,69,,,,,,,,,,,,
69,69,0.5,-98.21760559082031,-0.515347421169281,4101.5912929,0.6888,46.33528547014573,0.015813393518328667,3.7234042553191484e-07,0.07482129734785223,-93.04922485351562,-0.026095544919371605,-0.5996496081352234,1740715524.2669666,-0.04190893843770027,70,,,,,,,,,,,,
70,70,0.3125,-46.80513000488281,-0.47142359614372253,4161.642695383,0.6889,43.031300487117626,-0.014924424700438976,3.776595744680851e-07,0.07589017302425012,-50.591651916503906,-0.01483734231442213,-0.33029425144195557,1740715584.3182518,8.708226960152388e-05,71,,,,,,,,,,,,
71,71,0.4375,-100.0045394897461,-0.3244668245315552,4222.410475855,0.6876,46.211291405388295,-0.006031716242432594,3.829787234042553e-07,0.076959048700648,-88.69100189208984,-0.022996973246335983,-0.5544451475143433,1740715645.041332,-0.016965258866548538,72,,,,,,,,,,,,
72,72,0.5,-75.4659652709961,-0.7130767703056335,4282.306329891,0.6935,51.14471264572396,0.0039839413948357105,3.8829787234042547e-07,0.07802792437704589,-95.09688568115234,-0.006580229848623276,-0.6451651453971863,1740715704.9367297,-0.010564170777797699,73,,,,,,,,,,,,
73,73,0.625,-134.49656677246094,-0.5406443476676941,4346.626328354,0.6846,44.513103912814785,0.019906755536794662,3.9361702127659574e-07,0.07909680005344379,-96.77806091308594,0.0016903375508263707,-0.5197113156318665,1740715769.259603,-0.018216416239738464,74,,,,,,,,,,,,
74,74,0.625,-88.41924285888672,-0.35858604311943054,4409.902424073,0.6872,43.46192893641857,-0.0016931938007473946,3.989361702127659e-07,0.08016567572984168,-79.79651641845703,-0.025065230205655098,-0.38199448585510254,1740715832.5345838,-0.023372037336230278,75,,,,,,,,,,,,
75,75,0.4375,-70.95220947265625,-0.4457021951675415,4470.646498498,0.6846,44.76886265974123,-0.019834768027067184,4.0425531914893614e-07,0.08123455140623956,-79.54684448242188,-0.017234379425644875,-0.3812028169631958,1740715893.2791011,0.002600389299914241,76,,,,,,,,,,,,
76,76,0.4375,-78.55386352539062,-0.6798658967018127,4529.42233311,0.6939,41.81871532210149,0.004444860387593508,4.0957446808510637e-07,0.08230342708263745,-73.20318603515625,-0.023745357990264893,-0.5911887288093567,1740715952.0534909,-0.028190217912197113,77,,,,,,,,,,,,
77,77,0.8125,-88.45669555664062,-0.7751871943473816,4589.770281165,0.6893,45.08593143573343,0.04665890708565712,4.148936170212766e-07,0.08337230275903534,-87.30169677734375,0.00048579403664916754,-0.7650971412658691,1740716012.4013453,-0.046173110604286194,78,,,,,,,,,,,,
78,78,0.5,-52.147308349609375,-0.6569863557815552,4650.122445538,0.6913,42.534600079066905,-0.0021085478365421295,4.202127659574468e-07,0.08444117843543322,-54.798072814941406,-0.01003233715891838,-0.533389151096344,1740716072.7544973,-0.007923790253698826,79,,,,,,,,,,,,
79,79,0.5,-70.41300964355469,-0.6262664198875427,4710.10246843,0.6854,44.72249139863042,-0.0053034937009215355,4.25531914893617e-07,0.08551005411183112,-74.59940338134766,-0.03396237641572952,-0.6318247318267822,1740716132.7328417,-0.028658881783485413,80,,,,,,,,,,,,
80,80,0.5,-68.56278991699219,-0.4917444586753845,4769.31045955,0.6948,41.90735766436112,-0.014179990626871586,4.308510638297872e-07,0.08657892978822901,-75.73294067382812,-0.026601217687129974,-0.47024574875831604,1740716191.9420426,-0.01242122519761324,81,,,,,,,,,,,,
81,81,0.75,-54.702266693115234,-0.39240050315856934,4828.670328694,0.6883,40.11719344257263,0.014794380404055119,4.3617021276595744e-07,0.0876478054646269,-58.98369598388672,-0.0037870476953685284,-0.39293012022972107,1740716251.3067505,-0.018581431359052658,82,,,,,,,,,,,,
82,82,0.5625,-95.42843627929688,-0.5168426632881165,4888.674293296,0.682,45.74290221826851,0.020068280398845673,4.4148936170212766e-07,0.08871668114102478,-96.32991027832031,-0.011064205318689346,-0.5518413782119751,1740716311.3059394,-0.031132487580180168,83,,,,,,,,,,,,
83,83,0.4375,-114.43258666992188,-0.5877114534378052,4954.81842998,0.6904,45.62631359521611,-0.024360932409763336,4.4680851063829783e-07,0.08978555681742267,-92.9359130859375,-0.04329799860715866,-0.6658057570457458,1740716377.4507282,-0.018937066197395325,84,,,,,,,,,,,,
84,84,0.4375,-72.90191650390625,-0.4950849413871765,5015.002337179,0.6896,44.34143232472121,-0.025561034679412842,4.5212765957446806e-07,0.09085443249382057,-76.15663146972656,-0.04338343068957329,-0.5762770771980286,1740716437.6324375,-0.017822399735450745,85,,,,,,,,,,,,
85,85,0.625,-102.28597259521484,-0.5372118949890137,5076.062359126,0.6901,45.3950691049145,0.01966339722275734,4.574468085106383e-07,0.09192330817021845,-102.41151428222656,-0.04216695576906204,-0.6072021126747131,1740716498.6972039,-0.06183035299181938,86,,,,,,,,,,,,
86,86,0.625,-120.29202270507812,-0.26327618956565857,5135.654332231,0.6871,45.25089693136983,0.03898279741406441,4.6276595744680846e-07,0.09299218384661634,-110.83119201660156,-0.00400388240814209,-0.39064276218414307,1740716558.2851744,-0.0429866798222065,87,,,,,,,,,,,,
87,87,0.6875,-96.87537384033203,-0.6074800491333008,5194.218295016,0.6992,42.500973798635734,0.025829128921031952,4.6808510638297873e-07,0.09406105952301423,-86.59530639648438,-0.018924035131931305,-0.6155474185943604,1740716616.8492267,-0.04475316405296326,88,,,,,,,,,,,,
88,88,0.625,-72.02696228027344,-0.5889997482299805,5254.982333518,0.6887,45.528144904883526,0.02633698657155037,4.734042553191489e-07,0.09512993519941212,-72.1305160522461,-0.00879281759262085,-0.49458181858062744,1740716677.6168535,-0.03512980416417122,89,,,,,,,,,,,,
89,89,0.3125,-88.53419494628906,-0.42900556325912476,5321.070288043,0.6921,45.35212706182921,-0.007338302675634623,4.787234042553192e-07,0.09619881087581,-79.7446517944336,-0.037259358912706375,-0.3883572816848755,1740716743.7010996,-0.02992105856537819,90,,,,,,,,,,,,
90,90,0.5,-44.25447082519531,-0.541781485080719,5380.710453274,0.6845,41.713180448683026,0.00017693312838673592,4.840425531914893e-07,0.0972676865522079,-44.81714630126953,-0.030759837478399277,-0.5245130062103271,1740716803.34204,-0.030936770141124725,91,,,,,,,,,,,,
91,91,0.5625,-65.97943115234375,-0.39095669984817505,5440.354273359,0.6937,44.907184569206066,0.024553027004003525,4.893617021276595e-07,0.09833656222860579,-68.13678741455078,-0.009186315350234509,-0.355724960565567,1740716862.9836285,-0.03373934328556061,92,,,,,,,,,,,,
92,92,0.6875,-60.57234191894531,-0.5837528109550476,5500.17457066,0.6785,41.87143841573539,0.038904860615730286,4.946808510638298e-07,0.09940543790500367,-64.11328887939453,-0.00012323810369707644,-0.4578080475330353,1740716922.8049061,-0.0390281043946743,93,,,,,,,,,,,,
93,93,0.625,-97.87269592285156,-0.7003237009048462,5560.406317535,0.6703,43.20552299498554,0.033844757825136185,5e-07,0.10047431358140156,-88.11935424804688,-0.018506765365600586,-0.716569721698761,1740716983.0419607,-0.05235152319073677,94,,,,,,,,,,,,
94,94,0.5,-71.71331787109375,-0.48320138454437256,5619.714445117,0.692,44.16977095339811,0.0095883309841156,4.999982557157402e-07,0.10154318925779945,-70.19761657714844,-0.03370256349444389,-0.4886544644832611,1740717042.349688,-0.043290894478559494,95,,,,,,,,,,,,
95,95,0.6875,-97.19818115234375,-0.5463347434997559,5678.786363568,0.6835,43.64836059081054,0.03648306429386139,4.999930228873012e-07,0.10261206493419735,-102.61652374267578,-0.01654115505516529,-0.56942218542099,1740717101.424538,-0.05302421748638153,96,,,,,,,,,,,,
96,96,0.5,-81.71063232421875,-0.6082577109336853,5737.130511431,0.682,40.48882140791253,0.03578461706638336,4.999843015877032e-07,0.10368094061059523,-73.5130615234375,-0.03759397566318512,-0.5185865759849548,1740717159.7626286,-0.07337860018014908,97,,,,,,,,,,,,
97,97,0.5,-68.81185150146484,-0.6022092700004578,5797.218471331,0.6849,44.38401601084975,-0.017641786485910416,4.999720919386457e-07,0.10474981628699312,-70.2030029296875,-0.0464961975812912,-0.6027500629425049,1740717219.8510613,-0.028854412958025932,98,,,,,,,,,,,,
98,98,0.5,-105.86644744873047,-0.5553315877914429,5856.566305486,0.6907,50.067836323760005,0.02084929123520851,4.999563941105054e-07,0.10581869196339101,-103.5098876953125,-0.025088099762797356,-0.5791183710098267,1740717279.1969936,-0.045937392860651016,99,,,,,,,,,,,,
99,99,0.5625,-84.3421401977539,-0.6408061385154724,5915.718480616,0.7023,49.429428531136644,-0.01631207764148712,4.999372083223342e-07,0.10688756763978889,-84.91729736328125,-0.06677258759737015,-0.6179826259613037,1740717338.3502712,-0.050460513681173325,100,,,,,,,,,,,,
100,100,0.75,-84.7849349975586,-0.5809218883514404,5975.214516075,0.6816,46.71116461630509,0.028110932558774948,4.999145348418557e-07,0.10795644331618678,-86.50675964355469,-0.013501008972525597,-0.5155989527702332,1740717397.8485677,-0.041611943393945694,101,,,,,,,,,,,,
101,101,0.5625,-99.79611206054688,-0.6442282199859619,6034.43049343,0.6848,46.16758070543857,-0.0006978325545787811,4.99888373985462e-07,0.10902531899258468,-102.44572448730469,-0.04562664031982422,-0.5001937747001648,1740717457.065488,-0.04492880403995514,102,,,,,,,,,,,,
102,102,0.6875,-87.37840270996094,-0.6294686794281006,6095.158299381,0.6773,45.01421176971053,0.046747464686632156,4.998587261182088e-07,0.11009419466898257,-92.58361053466797,-0.027453124523162842,-0.5988322496414185,1740717517.7952404,-0.0742005854845047,103,,,,,,,,,,,,
103,103,0.625,-75.56114959716797,-0.486225426197052,6154.258335392,0.6841,43.80861334807679,0.010431313887238503,4.998255916538106e-07,0.11116307034538045,-63.3658332824707,-0.02075331285595894,-0.5969524383544922,1740717576.890072,-0.03118462860584259,104,,,,,,,,,,,,
104,104,0.5,-100.4237060546875,-0.4977121353149414,6215.118472385,0.6874,46.78779630315958,-0.00784237589687109,4.997889710546347e-07,0.11223194602177834,-94.76436614990234,-0.05921854451298714,-0.6747075319290161,1740717637.7545376,-0.05137617141008377,105,,,,,,,,,,,,
105,105,0.5,-86.90638732910156,-0.518541157245636,6274.734489866,0.693,47.95136627188605,0.011578105390071869,4.997488648316951e-07,0.11330082169817624,-87.62559509277344,-0.09367610514163971,-0.374512255191803,1740717697.366802,-0.10525421798229218,106,,,,,,,,,,,,
106,106,0.5,-51.29143524169922,-0.34094464778900146,6335.026348649,0.6755,41.21489345989001,0.0008749626576900482,4.997052735446449e-07,0.11436969737457411,-51.17947769165039,-0.0925249308347702,-0.356585294008255,1740717757.66305,-0.09339989721775055,107,,,,,,,,,,,,
107,107,0.625,-70.11857604980469,-0.5761803984642029,6395.002288037,0.6804,43.15625539667007,0.022758593782782555,4.99658197801769e-07,0.11543857305097201,-73.28840637207031,-0.05148382484912872,-0.5359135866165161,1740717817.6332953,-0.07424241304397583,108,,,,,,,,,,,,
108,108,0.625,-80.90814971923828,-0.40807175636291504,6454.366290828,0.6734,45.29083540851931,0.04188878834247589,4.996076382599751e-07,0.1165074487273699,-85.41368865966797,-0.019206997007131577,-0.49136364459991455,1740717876.9981415,-0.06109578534960747,109,,,,,,,,,,,,
109,109,0.625,-85.10751342773438,-0.654653787612915,6513.902419965,0.6799,47.2285915615344,0.023225929588079453,4.99553595624785e-07,0.11757632440376779,-83.21668243408203,-0.032796431332826614,-0.6011343598365784,1740717936.5341113,-0.05602235719561577,110,,,,,,,,,,,,
110,110,0.875,-77.73493194580078,-0.4152698516845703,6574.906256518,0.669,43.54117570342677,0.06816435605287552,4.994960706503243e-07,0.11864520008016567,-81.65254974365234,-0.03036828339099884,-0.3548148572444916,1740717997.5437024,-0.09853264689445496,111,,,,,,,,,,,,
111,111,0.625,-90.01532745361328,-0.5900712013244629,6634.72647645,0.6837,43.279403746253806,0.06748121976852417,4.994350641393125e-07,0.11971407575656356,-94.21733856201172,-0.02776375599205494,-0.5802950859069824,1740718057.3573415,-0.09524497389793396,112,,,,,,,,,,,,
112,112,0.625,-66.13020324707031,-0.367408812046051,6694.962276082,0.6824,45.81615244083002,0.05407542362809181,4.99370576943051e-07,0.12078295143296146,-62.80467987060547,-0.05051984265446663,-0.32404276728630066,1740718117.5969796,-0.10459527373313904,113,,,,,,,,,,,,
113,113,0.5625,-49.00117492675781,-0.41644027829170227,6755.130346542,0.6782,42.59366753413031,0.057998258620500565,4.993026099614119e-07,0.12185182710935934,-52.33251953125,-0.04707933962345123,-0.42076602578163147,1740718177.761667,-0.10507760941982269,114,,,,,,,,,,,,
114,114,0.6875,-51.95271301269531,-0.5561351776123047,6813.390470502,0.6757,45.15251511862195,0.012661835178732872,4.992311641428251e-07,0.12292070278575723,-51.91795349121094,-0.07687030732631683,-0.6273180246353149,1740718236.0213995,-0.08953214436769485,115,,,,,,,,,,,,
115,115,0.4375,-90.5749282836914,-0.5544599890708923,6873.014205954,0.6767,44.27154435065259,-0.0045736078172922134,4.991562404842649e-07,0.12398957846215512,-73.6150131225586,-0.06311508268117905,-0.6246472001075745,1740718295.6454961,-0.058541473001241684,116,,,,,,,,,,,,
116,116,0.5,-88.69108581542969,-0.5802534818649292,6932.918391087,0.6786,46.13741956980987,0.021635059267282486,4.990778400312369e-07,0.12505845413855302,-82.44802856445312,-0.1011708527803421,-0.6337546706199646,1740718355.550117,-0.12280590832233429,117,,,,,,,,,,,,
117,117,0.5625,-88.90478515625,-0.36569470167160034,6992.642401892,0.6807,44.56332773710104,0.031914062798023224,4.989959638777622e-07,0.1261273298149509,-87.36785888671875,-0.07658368349075317,-0.5249689221382141,1740718415.2764695,-0.1084977388381958,118,,,,,,,,,,,,
118,118,0.8125,-93.9797592163086,-0.5019100308418274,7053.318489574,0.6686,44.15736587008115,0.07040093094110489,4.989106131663634e-07,0.12719620549134877,-84.16150665283203,-0.09837842732667923,-0.48455214500427246,1740718475.9523184,-0.1687793731689453,119,,,,,,,,,,,,
119,119,0.5625,-68.9918212890625,-0.33792388439178467,7112.68759026,0.6625,41.4493241867094,0.10411201417446136,4.988217890880474e-07,0.12826508116774668,-66.1685791015625,-0.10326145589351654,-0.42612165212631226,1740718535.322409,-0.2073734551668167,120,,,,,,,,,,,,
120,120,0.6875,-78.05009460449219,-0.3686174750328064,7170.818248136,0.6877,44.73101888506202,0.052260469645261765,4.987294928822901e-07,0.12933395684414456,-79.99946594238281,-0.08000041544437408,-0.42490774393081665,1740718593.452314,-0.13226088881492615,121,,,,,,,,,,,,
121,121,0.75,-72.53356170654297,-0.3784756362438202,7231.102257307,0.6599,42.33239795523214,0.12580297887325287,4.986337258370177e-07,0.13040283252054247,-69.78923034667969,-0.037751756608486176,-0.31256747245788574,1740718653.7363493,-0.16355472803115845,122,,,,,,,,,,,,
122,122,0.625,-65.4614028930664,-0.6890989542007446,7289.85431815,0.6696,43.62771256754285,0.07337929308414459,4.985344892885899e-07,0.13147170819694035,-68.70664978027344,-0.09671149402856827,-0.6204403638839722,1740718712.488278,-0.17009079456329346,123,,,,,,,,,,,,
123,123,0.6875,-47.92559814453125,-0.5052405595779419,7350.734497706,0.6835,43.016312900364625,0.02785462886095047,4.984317846217808e-07,0.13254058387333822,-57.545257568359375,-0.015615910291671753,-0.503559947013855,1740718773.371903,-0.04347054287791252,124,,,,,,,,,,,,
124,124,0.4375,-82.732421875,-0.381819486618042,7409.542433233,0.6732,48.453726637184054,0.08797284215688705,4.983256132697594e-07,0.13360945954973613,-83.71428680419922,-0.03382980823516846,-0.5137896537780762,1740718832.1772928,-0.12180264294147491,125,,,,,,,,,,,,
125,125,0.75,-57.06193161010742,-0.5387668609619141,7468.554292874,0.6917,43.207692756954366,0.0529714897274971,4.982159767140698e-07,0.134678335226134,-66.14271545410156,-0.07743079960346222,-0.539339542388916,1740718891.186489,-0.13040228188037872,126,,,,,,,,,,,,
126,126,0.5625,-66.6832275390625,-0.5943475961685181,7527.13452675,0.68,43.642396414829236,-0.005378885194659233,4.981028764846106e-07,0.1357472109025319,-68.79625701904297,-0.10849050432443619,-0.5561849474906921,1740718949.7669785,-0.10311160981655121,127,,,,,,,,,,,,
127,127,0.625,-75.32035827636719,-0.5831508040428162,7587.122307798,0.6819,47.852186052918185,0.04151177778840065,4.979863141596135e-07,0.1368160865789298,-85.84554290771484,-0.11287836730480194,-0.5803272724151611,1740719009.7513592,-0.1543901413679123,128,,,,,,,,,,,,
128,128,0.625,-92.55918884277344,-0.6177703142166138,7647.486460805,0.6679,43.87662682896236,0.07644587755203247,4.97866291365621e-07,0.13788496225532768,-87.72881317138672,-0.17469853162765503,-0.5528950691223145,1740719070.1195471,-0.2511444091796875,129,,,,,,,,,,,,
129,129,0.625,-107.53669738769531,-0.6639763712882996,7706.69038063,0.6728,46.46083974375916,0.11316653341054916,4.97742809777464e-07,0.13895383793172555,-107.46064758300781,-0.16154585778713226,-0.6397420763969421,1740719129.3227172,-0.2747124135494232,130,,,,,,,,,,,,
130,130,0.75,-97.90583801269531,-0.8836582899093628,7766.902306766,0.6727,46.220086205772304,0.0986086055636406,4.976158711182386e-07,0.14002271360812346,-110.00123596191406,-0.15043488144874573,-0.7846309542655945,1740719189.5365987,-0.24904346466064453,131,,,,,,,,,,,,
131,131,0.6875,-82.11119842529297,-0.5002804398536682,7826.270295983,0.6533,42.437992687272924,0.13427503407001495,4.974854771592814e-07,0.14109158928452134,-62.3252067565918,-0.07649607956409454,-0.5324732065200806,1740719248.9041903,-0.2107710987329483,132,,,,,,,,,,,,
132,132,0.4375,-90.5069808959961,-0.6718424558639526,7887.33447092,0.6735,51.03317796753581,0.059097886085510254,4.973516297201458e-07,0.14216046496091922,-87.12068939208984,-0.30779051780700684,-0.6170128583908081,1740719309.9675422,-0.3668884038925171,133,,,,,,,,,,,,
133,133,0.5625,-66.1380386352539,-0.5593631863594055,7947.31431019,0.6919,42.78264613278869,0.008674975484609604,4.972143306685754e-07,0.14322934063731713,-74.43128967285156,-0.12509234249591827,-0.4079565107822418,1740719369.946959,-0.13376732170581818,134,,,,,,,,,,,,
134,134,0.75,-93.81725311279297,-0.43955695629119873,8007.390344575,0.6666,48.88354074955491,0.07083696871995926,4.970735819204788e-07,0.144298216313715,-89.00848388671875,-0.12371791899204254,-0.6006692051887512,1740719430.0225663,-0.1945548802614212,135,,,,,,,,,,,,
135,135,0.5625,-87.56919860839844,-0.7249144911766052,8074.422350335,0.694,48.88880404664647,0.08261526376008987,4.969293854399026e-07,0.1453670919901129,-91.46183013916016,-0.1471862643957138,-0.6370061635971069,1740719497.0580454,-0.2298015058040619,136,,,,,,,,,,,,
136,136,0.625,-97.71815490722656,-0.3154255151748657,8134.726390328,0.6966,48.82242883476263,0.019277971237897873,4.967817432390041e-07,0.1464359676665108,-104.67274475097656,-0.16542606055736542,-0.3731001019477844,1740719557.3607943,-0.18470405042171478,137,,,,,,,,,,,,
137,137,0.6875,-63.82374954223633,-0.3909800052642822,8194.426472135,0.6507,43.57898293117149,0.10430997610092163,4.966306573780231e-07,0.14750484334290867,-61.37272644042969,-0.03449244052171707,-0.45573392510414124,1740719617.058196,-0.1388024091720581,138,,,,,,,,,,,,
138,138,0.375,-70.56532287597656,-0.4734816551208496,8253.426449727,0.6707,46.52389658958882,-0.03180127590894699,4.964761299652529e-07,0.14857371901930658,-62.52361297607422,-0.12584030628204346,-0.48604121804237366,1740719676.0570357,-0.09403903037309647,139,,,,,,,,,,,,
139,139,0.6875,-79.47637939453125,-0.4402479827404022,8311.718442794,0.6612,43.61156239896365,0.0557233951985836,4.963181631570116e-07,0.14964259469570446,-76.82960510253906,-0.13929268717765808,-0.4820849299430847,1740719734.3483953,-0.1950160712003708,140,,,,,,,,,,,,
140,140,0.5625,-99.23882293701172,-0.47500574588775635,8371.578347532,0.6799,70.71216749741542,0.0612356960773468,4.961567591576111e-07,0.15071147037210234,-104.80465698242188,-0.166002094745636,-0.5231016874313354,1740719794.2113533,-0.22723780572414398,141,,,,,,,,,,,,
141,141,0.5625,-83.69570922851562,-0.515312910079956,8432.474252065,0.6795,42.90178125603625,0.003245243802666664,4.959919202193272e-07,0.15178034604850024,-92.2732925415039,-0.16622294485569,-0.4239533841609955,1740719855.104971,-0.16946817934513092,142,,,,,,,,,,,,
142,142,0.625,-85.37440490722656,-0.44664034247398376,8492.794392097,0.6929,45.76861074080728,0.12453478574752808,4.958236486423676e-07,0.15284922172489812,-83.21414184570312,-0.10068502277135849,-0.5207177400588989,1740719915.4242766,-0.22521980106830597,143,,,,,,,,,,,,
143,143,0.5,-67.30635070800781,-0.43213704228401184,8552.498361637,0.6537,41.84518239263577,0.0605161190032959,4.9565194677484e-07,0.153918097401296,-64.17997741699219,-0.04991064593195915,-0.5334939956665039,1740719975.1290166,-0.11042676866054535,144,,,,,,,,,,,,
144,144,0.625,-89.11796569824219,-0.7099441885948181,8612.2983746,0.686,45.483396277331835,0.08649223297834396,4.954768170127194e-07,0.1549869730776939,-78.99256134033203,-0.058588430285453796,-0.5985062122344971,1740720034.9349504,-0.14508064091205597,145,,,,,,,,,,,,
145,145,0.6875,-85.687255859375,-0.4523180425167084,8673.666288293,0.6794,45.73743350425278,0.08086911588907242,4.952982617998142e-07,0.15605584875409179,-84.2699203491211,-0.3122856616973877,-0.3666270971298218,1740720096.2965286,-0.3931547999382019,146,,,,,,,,,,,,
146,146,0.5625,-95.52926635742188,-0.40132927894592285,8734.006472412,0.6989,51.7345333562403,0.03588402271270752,4.951162836277332e-07,0.15712472443048967,-109.07935333251953,-0.19393695890903473,-0.3263910710811615,1740720156.636721,-0.22982096672058105,147,,,,,,,,,,,,
147,147,0.4375,-64.07199096679688,-0.5466347932815552,8793.446498959,0.6699,41.81449100142713,0.0063913799822330475,4.949308850358493e-07,0.15819360010688757,-65.16400909423828,-0.1445932537317276,-0.5003332495689392,1740720216.0778537,-0.15098464488983154,148,,,,,,,,,,,,
148,148,0.5625,-83.68360137939453,-0.5496299862861633,8852.846418517,0.6453,45.7253231385016,0.07664310932159424,4.947420686112657e-07,0.15926247578328545,-83.05394744873047,-0.10543348640203476,-0.47859182953834534,1740720275.4797513,-0.1820765882730484,149,,,,,,,,,,,,
149,149,0.75,-64.68175506591797,-0.6040810346603394,8911.850395513,0.683,48.8464490851469,0.07452480494976044,4.94549836988778e-07,0.16033135145968336,-58.74684143066406,-0.12182284146547318,-0.5412359833717346,1740720334.484051,-0.19634763896465302,150,,,,,,,,,,,,
150,150,0.3125,-102.90896606445312,-0.5973659157752991,8971.234459009,0.7044,52.18284485438071,-0.028110280632972717,4.943541928508394e-07,0.16140022713608124,-105.80140686035156,-0.18619392812252045,-0.5975399017333984,1740720393.8687978,-0.15808366239070892,151,,,,,,,,,,,,
151,151,0.6875,-59.572566986083984,-0.5918875932693481,9031.090290659,0.6922,41.470006965622396,0.05488104000687599,4.941551389275217e-07,0.16246910281247912,-62.0017204284668,-0.05172030255198479,-0.47322267293930054,1740720453.7256813,-0.10660134255886078,152,,,,,,,,,,,,
152,152,0.6875,-72.99626159667969,-0.5786287784576416,9089.042492711,0.676,46.63667744517566,0.1110573336482048,4.939526779964777e-07,0.16353797848887702,-82.59121704101562,-0.1215159222483635,-0.4343647360801697,1740720511.6736524,-0.2325732707977295,153,,,,,,,,,,,,
153,153,0.5625,-73.1522445678711,-0.26545119285583496,9147.590286115,0.6633,43.93471244685024,0.18037211894989014,4.93746812882903e-07,0.1646068541652749,-70.44929504394531,-0.08891598880290985,-0.2723637521266937,1740720570.2219157,-0.2692881226539612,154,,,,,,,,,,,,
154,154,0.875,-70.17562866210938,-0.3772563338279724,9207.238318996,0.6447,39.421027366485326,0.18372762203216553,4.935375464594956e-07,0.16567572984167278,-77.68885040283203,-0.024817846715450287,-0.32970529794692993,1740720629.8690057,-0.2085454761981964,155,,,,,,,,,,,,
155,155,0.875,-58.484901428222656,-0.4727669954299927,9265.998452011,0.671,45.85582383376629,0.13406677544116974,4.933248816464167e-07,0.1667446055180707,-60.573211669921875,-0.019867604598402977,-0.5823769569396973,1740720688.630929,-0.15393438935279846,156,,,,,,,,,,,,
156,156,0.5,-86.43012237548828,-0.6055798530578613,9324.530259155,0.6709,46.119206785280035,0.04886387661099434,4.931088214112493e-07,0.16781348119446857,-91.01052856445312,-0.15150023996829987,-0.5275439023971558,1740720747.1624105,-0.2003641128540039,157,,,,,,,,,,,,
157,157,0.4375,-67.05523681640625,-0.5071685314178467,9384.702217364,0.6689,47.11612714543011,0.16441501677036285,4.928893687689571e-07,0.16888235687086645,-72.97325897216797,-0.11627399921417236,-0.527096688747406,1740720807.3350816,-0.2806890308856964,158,,,,,,,,,,,,
158,158,0.6875,-82.20980072021484,-0.492992639541626,9444.022502763,0.6595,43.47212172906629,0.07073603570461273,4.926665267818425e-07,0.16995123254726435,-90.80267333984375,-0.1358439028263092,-0.44410693645477295,1740720866.6593583,-0.20657995343208313,159,,,,,,,,,,,,
159,159,0.5625,-89.74797058105469,-0.5402116179466248,9501.867240021,0.6862,46.28143408198143,0.07565061002969742,4.924402985595037e-07,0.17102010822366223,-86.99980926513672,-0.14193733036518097,-0.4655208885669708,1740720924.5416548,-0.21758794784545898,160,,,,,,,,,,,,
160,160,0.625,-120.90833282470703,-0.32209646701812744,9563.222463056,0.6538,48.76212984003563,0.03386369347572327,4.922106872587913e-07,0.1720889839000601,-107.98931884765625,-0.24804291129112244,-0.4670281708240509,1740720985.861943,-0.2819066047668457,161,,,,,,,,,,,,
161,161,0.4375,-83.09564208984375,-0.5581875443458557,9623.690325829,0.6929,45.38275404503642,-0.011265914887189865,4.91977696083764e-07,0.17315785957645802,-84.35507202148438,-0.23181992769241333,-0.46613702178001404,1740721046.3213394,-0.22055402398109436,162,,,,,,,,,,,,
162,162,0.625,-78.62483978271484,-0.3949936032295227,9682.898433824,0.7004,44.49043108857607,0.02764621563255787,4.91741328285645e-07,0.1742267352528559,-76.27119445800781,-0.13053718209266663,-0.4866729974746704,1740721105.531722,-0.15818338096141815,163,,,,,,,,,,,,
163,163,0.8125,-78.8035659790039,-0.5381537675857544,9742.846528904,0.6424,44.373760720737074,0.07644763588905334,4.915015871627751e-07,0.1752956109292538,-74.09825134277344,-0.13037517666816711,-0.5324955582618713,1740721165.4784648,-0.20682281255722046,164,,,,,,,,,,,,
164,164,0.6875,-92.86094665527344,-0.5306643843650818,9802.602437616,0.6734,46.898661246014065,0.14129143953323364,4.912584760605676e-07,0.17636448660565168,-84.57673645019531,-0.13630566000938416,-0.7122145891189575,1740721225.2364423,-0.2775970995426178,165,,,,,,,,,,,,
165,165,0.625,-91.1683349609375,-0.4779069423675537,9861.626372769,0.6527,48.39558879275502,0.1691308170557022,4.910119983714616e-07,0.17743336228204956,-90.60467529296875,-0.17557331919670105,-0.519665539264679,1740721284.3020341,-0.34470415115356445,166,,,,,,,,,,,,
166,166,0.5,-113.13200378417969,-0.5650697946548462,9920.836000841,0.664,47.47379735204865,0.03694966435432434,4.907621575348742e-07,0.17850223795844747,-107.06887817382812,-0.13494673371315002,-0.6742099523544312,1740721343.5117846,-0.17189639806747437,167,,,,,,,,,,,,
167,167,0.75,-87.25033569335938,-0.5652615427970886,9980.84171857,0.6795,44.48901562882656,0.08924153447151184,4.90508957037153e-07,0.17957111363484535,-91.95895385742188,-0.1868765652179718,-0.4198756217956543,1740721403.517365,-0.27611809968948364,168,,,,,,,,,,,,
168,168,0.5,-98.77371215820312,-0.6378183364868164,10040.390231838,0.6652,45.126408449456484,0.04932072386145592,4.90252400411527e-07,0.18063998931124323,-98.07467651367188,-0.1472957283258438,-0.6102269291877747,1740721463.0658245,-0.19661644101142883,169,,,,,,,,,,,,
169,169,0.75,-71.11135864257812,-0.3803322911262512,10100.430371083,0.6619,49.89811813907138,0.09002162516117096,4.899924912380578e-07,0.18170886498764113,-67.73503112792969,-0.1542772352695465,-0.47598975896835327,1740721523.1059136,-0.24429884552955627,170,,,,,,,,,,,,
170,170,0.625,-76.01034545898438,-0.5279130935668945,10160.398209847,0.6567,43.29606301444929,0.09014065563678741,4.897292331435892e-07,0.182777740664039,-73.03116607666016,-0.13540160655975342,-0.5686473250389099,1740721583.073735,-0.22554227709770203,171,,,,,,,,,,,,
171,171,0.6875,-100.7293701171875,-0.26704835891723633,10220.853090137,0.6885,55.60643624285296,0.07695888727903366,4.894626298016969e-07,0.1838466163404369,-98.617431640625,-0.19796888530254364,-0.2956402599811554,1740721643.5287662,-0.2749277949333191,172,,,,,,,,,,,,
172,172,0.875,-85.61014556884766,-0.4551439881324768,10280.107290753,0.6269,46.71270865327279,0.1758769005537033,4.891926849326368e-07,0.1849154920168348,-70.95890045166016,-0.13366229832172394,-0.5177677869796753,1740721702.7828717,-0.30953916907310486,173,,,,,,,,,,,,
173,173,0.375,-104.71600341796875,-0.4095695912837982,10339.309815297,0.6655,45.92383588474432,-0.026535168290138245,4.889194023032938e-07,0.18598436769323268,-93.16069030761719,-0.2600573003292084,-0.37924277782440186,1740721761.9853585,-0.23352213203907013,174,,,,,,,,,,,,
174,174,0.625,-83.8183364868164,-0.6482874751091003,10397.797963057,0.6463,43.574311790168316,0.04942689836025238,4.886427857271284e-07,0.18705324336963056,-88.98834991455078,-0.18525974452495575,-0.562707245349884,1740721820.4736264,-0.23468664288520813,175,,,,,,,,,,,,
175,175,0.625,-64.24702453613281,-0.4846976101398468,10457.672288123,0.6402,41.872576803792924,0.12548531591892242,4.883628390641242e-07,0.18812211904602846,-60.83909606933594,-0.13373243808746338,-0.4961157441139221,1740721880.3479795,-0.259217768907547,176,,,,,,,,,,,,
176,176,0.6875,-88.32830810546875,-0.4679147005081177,10517.731402686,0.6615,46.236988534570465,0.13589629530906677,4.880795662207338e-07,0.18919099472242634,-73.22030639648438,-0.13584575057029724,-0.5584799647331238,1740721940.4071262,-0.271742045879364,177,,,,,,,,,,,,
177,177,0.5625,-80.46920013427734,-0.6127310395240784,10576.446301593,0.654,44.445767095588124,0.12586000561714172,4.87792971149824e-07,0.19025987039882425,-77.63250732421875,-0.21032842993736267,-0.5653226375579834,1740721999.0790303,-0.3361884653568268,178,,,,,,,,,,,,
178,178,0.75,-101.35897827148438,-0.5359383821487427,10636.782363197,0.6472,44.77612724647462,0.09953772276639938,4.875030578506209e-07,0.19132874607522213,-114.16670989990234,-0.15801838040351868,-0.6145740747451782,1740722059.4130888,-0.25755611062049866,179,,,,,,,,,,,,
179,179,0.75,-104.091552734375,-0.5472060441970825,10702.842505685,0.6697,44.84424165734642,0.13752146065235138,4.872098303686543e-07,0.19239762175162,-99.2264633178711,-0.18475337326526642,-0.6489670276641846,1740722125.4730473,-0.3222748339176178,180,,,,,,,,,,,,
180,180,0.5625,-69.93392944335938,-0.5775823593139648,10762.738453857,0.6169,44.66990580939259,0.02271229587495327,4.869132927957006e-07,0.19346649742801791,-73.08576202392578,-0.2597370743751526,-0.5648021697998047,1740722185.3711526,-0.2824493944644928,181,,,,,,,,,,,,
181,181,0.5,-75.31023406982422,-0.45536357164382935,10822.750298218,0.6646,51.27229774564064,0.09794637560844421,4.866134492697266e-07,0.1945353731044158,-69.74921417236328,-0.16496683657169342,-0.44978460669517517,1740722245.3832524,-0.26291322708129883,182,,,,,,,,,,,,
182,182,0.5,-96.66110229492188,-0.604627251625061,10882.43832763,0.679,44.43544684134832,0.04520466551184654,4.863103039748308e-07,0.19560424878081367,-84.4091567993164,-0.2325204610824585,-0.6270161867141724,1740722305.0707648,-0.27772513031959534,183,,,,,,,,,,,,
183,183,0.3125,-82.09439849853516,-0.5845189094543457,10943.538426163,0.7454,54.35848926661523,-0.2141391783952713,4.860038611411861e-07,0.19667312445721158,-84.23499298095703,-0.39241141080856323,-0.5273590087890625,1740722366.177674,-0.17827218770980835,184,,,,,,,,,,,,
184,184,0.375,-74.37018585205078,-0.5279285907745361,11004.226421627,0.6564,44.68782953928674,-0.03793967142701149,4.856941250449794e-07,0.19774200013360946,-84.41620635986328,-0.3255763053894043,-0.5397989749908447,1740722426.8587172,-0.2876366078853607,185,,,,,,,,,,,,
185,185,0.75,-83.49310302734375,-0.6392827033996582,11063.81030052,0.6757,44.565666768262226,0.1265379786491394,4.853811000083534e-07,0.19881087581000734,-76.40972137451172,-0.19856329262256622,-0.5053231120109558,1740722486.4437642,-0.3251012861728668,186,,,,,,,,,,,,
186,186,0.75,-85.54568481445312,-0.6525815725326538,11123.050384647,0.6234,44.387310965704486,0.20196355879306793,4.85064790399345e-07,0.19987975148640524,-90.66848754882812,-0.13086436688899994,-0.6231853365898132,1740722545.681468,-0.33282792568206787,187,,,,,,,,,,,,
187,187,0.5,-67.96257019042969,-0.568001389503479,11182.29034711,0.7014,45.84745357477765,-0.029403841122984886,4.847452006318253e-07,0.20094862716280312,-76.73479461669922,-0.2660485506057739,-0.5193867087364197,1740722604.9230297,-0.2366447150707245,188,,,,,,,,,,,,
188,188,0.6875,-50.582855224609375,-0.5789964199066162,11241.072690123,0.6497,44.97834509119176,0.1599309742450714,4.844223351654375e-07,0.202017502839201,-52.855674743652344,-0.18688735365867615,-0.6188464164733887,1740722663.7484038,-0.34681832790374756,189,,,,,,,,,,,,
189,189,0.6875,-87.41896057128906,-0.6306697130203247,11300.715248159,0.6292,45.315922664964916,0.08533255755901337,4.840961985055348e-07,0.2030863785155989,-85.79580688476562,-0.22889967262744904,-0.6762850284576416,1740722723.3909998,-0.3142322599887848,190,,,,,,,,,,,,
190,190,0.5625,-106.88431549072266,-0.47188690304756165,11361.219689679,0.6625,45.94813677107223,0.16421273350715637,4.837667952031176e-07,0.2041552541919968,-99.53321838378906,-0.31783097982406616,-0.49198752641677856,1740722783.8953516,-0.4820437431335449,191,,,,,,,,,,,,
191,191,0.8125,-75.09075927734375,-0.6543649435043335,11421.931391544,0.6589,42.720242210498355,0.08334580063819885,4.834341298547697e-07,0.2052241298683947,-76.65707397460938,-0.2257121056318283,-0.6074700951576233,1740722844.607033,-0.30905789136886597,192,,,,,,,,,,,,
192,192,0.6875,-76.75296020507812,-0.5829968452453613,11488.610484508,0.6581,46.76444526933481,0.18415893614292145,4.830982071025948e-07,0.20629300554479257,-72.54287719726562,-0.19652605056762695,-0.6567306518554688,1740722911.2424867,-0.3806850016117096,193,,,,,,,,,,,,
193,193,0.625,-71.55654907226562,-0.6097445487976074,11546.474266831,0.6865,42.335110708259904,0.06777220219373703,4.827590316341508e-07,0.20736188122119045,-69.96014404296875,-0.15693244338035583,-0.5389079451560974,1740722969.1127243,-0.22470465302467346,194,,,,,,,,,,,,
194,194,0.625,-61.78790283203125,-0.48928970098495483,11605.386481192,0.6489,40.91928783864369,0.06852474808692932,4.824166081823852e-07,0.20843075689758836,-63.40944290161133,-0.22080451250076294,-0.501431405544281,1740723028.0171254,-0.28932926058769226,195,,,,,,,,,,,,
195,195,0.625,-117.09634399414062,-0.39292728900909424,11664.806696602,0.6375,48.11091495138127,0.32061460614204407,4.820709415255689e-07,0.20949963257398624,-102.00094604492188,-0.18181182444095612,-0.6535000205039978,1740723087.4359393,-0.5024264454841614,196,,,,,,,,,,,,
196,196,0.5625,-66.52085876464844,-0.5527286529541016,11724.354331934,0.6705,46.50530858285486,0.08181248605251312,4.817220364872289e-07,0.21056850825038412,-61.87732696533203,-0.3705732822418213,-0.5447271466255188,1740723146.9885964,-0.452385812997818,197,,,,,,,,,,,,
197,197,0.5,-82.24581146240234,-0.42603763937950134,11783.186312357,0.6685,50.696294899389386,0.06462190300226212,4.813698979360819e-07,0.21163738392678202,-84.7819595336914,-0.23121246695518494,-0.38181594014167786,1740723205.8161762,-0.29583433270454407,198,,,,,,,,,,,,
198,198,0.625,-70.04228210449219,-0.5736488699913025,11841.893038579,0.6726,44.294010435508106,0.025258101522922516,4.810145307859656e-07,0.2127062596031799,-61.70476531982422,-0.4094211459159851,-0.5062370300292969,1740723264.5686357,-0.4346792697906494,199,,,,,,,,,,,,
199,199,0.5,-103.20182800292969,-0.5993461608886719,11901.476843519,0.6682,50.209588211563734,-0.006027832627296448,4.806559399957708e-07,0.21377513527957778,-99.87443542480469,-0.3788338601589203,-0.5837934613227844,1740723324.1524415,-0.37280604243278503,200,,,,,,,,,,,,
200,200,0.6875,-133.4341278076172,-0.47593018412590027,11962.714355158,0.6283,48.3628395856516,0.23727154731750488,4.802941305693716e-07,0.2148440109559757,-117.89794921875,-0.3029409348964691,-0.4632759690284729,1740723385.346844,-0.5402124524116516,201,,,,,,,,,,,,
201,201,0.5625,-84.26029205322266,-0.5127531290054321,12021.688657891,0.6575,46.22899763443786,0.08521047979593277,4.799291075555559e-07,0.21591288663237357,-79.37323760986328,-0.2944565415382385,-0.5930440425872803,1740723444.3642788,-0.3796669840812683,202,,,,,,,,,,,,
202,202,0.8125,-99.46319580078125,-0.659734308719635,12081.217104707,0.6337,46.78914010544904,0.29927921295166016,4.795608760479547e-07,0.21698176230877145,-98.32467651367188,-0.31245332956314087,-0.7586629390716553,1740723503.8927407,-0.6117326021194458,203,,,,,,,,,,,,
203,203,0.8125,-103.1852035522461,-0.4509730637073517,12140.865192197,0.6291,45.25176285971575,0.1935955286026001,4.791894411849717e-07,0.21805063798516935,-90.19438171386719,-0.2502758800983429,-0.46236294507980347,1740723563.540884,-0.443871408700943,204,,,,,,,,,,,,
204,204,0.5,-77.27424621582031,-0.5498795509338379,12200.67153676,0.6572,44.80974688118315,0.05483154207468033,4.788148081497105e-07,0.21911951366156723,-65.14024353027344,-0.18759968876838684,-0.5926979184150696,1740723623.3472176,-0.24243123829364777,205,,,,,,,,,,,,
205,205,0.75,-71.92161560058594,-0.33047327399253845,12260.328856482,0.672,45.77127254834835,0.1117824986577034,4.784369821699034e-07,0.22018838933796514,-68.59964752197266,-0.25685566663742065,-0.4354633688926697,1740723683.0044014,-0.36863812804222107,206,,,,,,,,,,,,
206,206,0.6875,-108.29920196533203,-0.6492027640342712,12319.328522774,0.6662,48.20236238650071,0.36897483468055725,4.780559685178376e-07,0.22125726501436302,-101.64681243896484,-0.3367038071155548,-0.6210218071937561,1740723742.0041108,-0.7056787014007568,207,,,,,,,,,,,,
207,207,0.5,-69.63668060302734,-0.5231285095214844,12378.291532782,0.6626,41.65808579891395,-0.0008576689288020134,4.776717725102819e-07,0.2223261406907609,-72.16549682617188,-0.36461740732192993,-0.5383279919624329,1740723800.967347,-0.36375972628593445,208,,,,,,,,,,,,
208,208,0.4375,-60.74678039550781,-0.45513424277305603,12438.678093227,0.6743,45.94941175553711,0.011326715350151062,4.772843995084128e-07,0.2233950163671588,-58.43548583984375,-0.28287333250045776,-0.5539343357086182,1740723861.353802,-0.29420006275177,209,,,,,,,,,,,,
209,209,0.6875,-72.72416687011719,-0.5079691410064697,12497.539652688,0.6656,43.014620813844964,0.033558011054992676,4.768938549177392e-07,0.22446389204355668,-66.22547149658203,-0.39225003123283386,-0.5678525567054749,1740723920.2153077,-0.42580801248550415,210,,,,,,,,,,,,
210,210,0.625,-85.03546905517578,-0.52180016040802,12555.542733318,0.6703,48.16469290522819,0.1381855309009552,4.765001441880276e-07,0.22553276771995456,-82.46415710449219,-0.254258394241333,-0.4763262867927551,1740723978.175842,-0.3924439251422882,211,,,,,,,,,,,,
211,211,0.6875,-95.18179321289062,-0.7062726020812988,12615.474246938,0.6856,46.36649075578529,0.061737362295389175,4.7610327281322526e-07,0.22660164339635247,-94.5474853515625,-0.44579654932022095,-0.671746015548706,1740724038.107151,-0.507533848285675,212,,,,,,,,,,,,
212,212,0.625,-66.6495361328125,-0.5534164905548096,12675.086381373,0.6563,47.99849278539548,0.12807102501392365,4.7570324633138414e-07,0.22767051907275035,-65.16265106201172,-0.33664751052856445,-0.4993031620979309,1740724097.718947,-0.4647185802459717,213,,,,,,,,,,,,
213,213,0.625,-75.5524673461914,-0.3602293133735657,12734.630376371,0.6419,42.60493257789463,0.12561193108558655,4.753000703245834e-07,0.22873939474914823,-75.78319549560547,-0.2582000195980072,-0.4327596127986908,1740724157.2650573,-0.38381195068359375,214,,,,,,,,,,,,
214,214,0.875,-134.7646026611328,-0.6966040134429932,12794.186433403,0.6226,43.333225357047944,0.3015649616718292,4.748937504188516e-07,0.22980827042554614,-109.38172912597656,-0.22645622491836548,-0.6933278441429138,1740724216.8191764,-0.5280211567878723,215,,,,,,,,,,,,
215,215,0.625,-97.64925384521484,-0.4048064351081848,12854.374289125,0.6394,45.62170684936004,0.18872974812984467,4.74484292284088e-07,0.23087714610194401,-87.37818145751953,-0.36875975131988525,-0.4303329586982727,1740724277.0059948,-0.5574895143508911,216,,,,,,,,,,,,
216,216,0.75,-104.55799865722656,-0.6334104537963867,12913.970392285,0.6134,46.566227939972784,0.2833627164363861,4.740717016339837e-07,0.2319460217783419,-92.94309997558594,-0.387850821018219,-0.6861705780029297,1740724336.6058574,-0.6712135672569275,217,,,,,,,,,,,,
217,217,0.5625,-86.28099060058594,-0.6129744648933411,12973.05827951,0.6133,46.49541618811102,0.23872804641723633,4.7365598422594166e-07,0.2330148974547398,-95.93365478515625,-0.22460240125656128,-0.5269237756729126,1740724395.6936994,-0.46333047747612,218,,,,,,,,,,,,
218,218,0.625,-92.36145782470703,-0.3793552815914154,13034.014432591,0.6138,47.396088808894234,0.14347384870052338,4.7323714586099654e-07,0.23408377313113768,-88.68550109863281,-0.31012776494026184,-0.40901294350624084,1740724456.646112,-0.4536016285419464,219,,,,,,,,,,,,
219,219,0.625,-87.72915649414062,-0.6197148561477661,13093.19854841,0.662,49.538711172051265,0.09203803539276123,4.7281519238373366e-07,0.23515264880753559,-80.27782440185547,-0.392719566822052,-0.6215791702270508,1740724515.8354452,-0.48475760221481323,220,,,,,,,,,,,,
220,220,0.625,-63.5527458190918,-0.51927250623703,13153.158309949,0.65,44.40333512969027,0.1575518697500229,4.723901296822076e-07,0.23622152448393346,-65.53096008300781,-0.26380184292793274,-0.35992714762687683,1740724575.7877524,-0.42135369777679443,221,,,,,,,,,,,,
221,221,0.75,-88.10809326171875,-0.32290250062942505,13212.044879427,0.6881,51.76263684304934,0.27853068709373474,4.7196196368785965e-07,0.23729040016033134,-95.60383605957031,-0.22392608225345612,-0.34348025918006897,1740724634.6775124,-0.502456784248352,222,,,,,,,,,,,,
222,222,0.8125,-84.29327392578125,-0.504885733127594,13272.374354645,0.6594,46.87626294662682,0.23032820224761963,4.715307003754356e-07,0.23835927583672925,-76.1766586303711,-0.2923489212989807,-0.5766574740409851,1740724695.0057328,-0.5226770639419556,223,,,,,,,,,,,,
223,223,0.6875,-78.6811294555664,-0.4341808259487152,13331.110253337,0.6875,51.18763987682207,0.2556845545768738,4.7109634576290167e-07,0.23942815151312713,-69.86634826660156,-0.2769951820373535,-0.445773184299469,1740724753.7408152,-0.5326796770095825,224,,,,,,,,,,,,
224,224,0.8125,-65.64553833007812,-0.370847225189209,13391.442259454,0.6253,45.981350884906774,0.3700694441795349,4.706589059113615e-07,0.240497027189525,-63.233642578125,-0.19624972343444824,-0.3944641053676605,1740724814.075551,-0.5663191676139832,225,,,,,,,,,,,,
225,225,0.5625,-93.92221069335938,-0.5481533408164978,13450.642463821,0.6601,43.84466737008342,0.10118971019983292,4.702183869249704e-07,0.24156590286592292,-91.58164978027344,-0.37994658946990967,-0.46232476830482483,1740724873.2763975,-0.481136292219162,226,,,,,,,,,,,,
226,226,0.5,-115.77696990966797,-0.5013536810874939,13509.402416753,0.6663,46.98881404853256,0.1270935982465744,4.6977479495085116e-07,0.2426347785423208,-101.46240234375,-0.38238799571990967,-0.5261123776435852,1740724932.0360322,-0.5094816088676453,227,,,,,,,,,,,,
227,227,0.4375,-74.72831726074219,-0.629673957824707,13569.602215864,0.6755,48.76677589707164,-0.13436353206634521,4.693281361790077e-07,0.24370365421871867,-86.39525604248047,-0.4237436354160309,-0.575675904750824,1740724992.233499,-0.28938013315200806,228,,,,,,,,,,,,
228,228,0.625,-65.17424011230469,-0.2697451710700989,13629.206465674,0.6433,45.34520741093761,0.11649418622255325,4.68878416842239e-07,0.24477252989511658,-65.85917663574219,-0.39264729619026184,-0.23064611852169037,1740725051.8380756,-0.5091414451599121,229,,,,,,,,,,,,
229,229,0.625,-105.33721160888672,-0.549762487411499,13687.850301092,0.6696,44.21094648360664,0.12854677438735962,4.6842564321605194e-07,0.24584140557151446,-110.8861312866211,-0.4279248118400574,-0.5531438589096069,1740725110.482801,-0.556471586227417,230,,,,,,,,,,,,
230,230,0.375,-95.30741882324219,-0.46229463815689087,13746.074281064,0.6775,48.66231744388676,-0.02633991278707981,4.679698216185738e-07,0.24691028124791234,-86.26656341552734,-0.41312405467033386,-0.43960070610046387,1740725168.7035284,-0.3867841362953186,231,,,,,,,,,,,,
231,231,0.5625,-119.68586730957031,-0.6154512763023376,13805.154371406,0.6469,44.120953891145916,0.1584363728761673,4.6751095841046403e-07,0.24797915692431025,-89.81932067871094,-0.4865099787712097,-0.6742694973945618,1740725227.79045,-0.6449463367462158,232,,,,,,,,,,,,
232,232,0.4375,-64.21969604492188,-0.5074494481086731,13865.058481913,0.6775,42.13750029958562,0.013555137440562248,4.670490599948257e-07,0.24904803260070812,-72.55072784423828,-0.3229355812072754,-0.47414302825927734,1740725287.6895933,-0.3364907503128052,233,,,,,,,,,,,,
233,233,0.5625,-101.11184692382812,-0.6742848753929138,13924.418430491,0.6333,42.84784298408359,0.0797385573387146,4.6658413281711574e-07,0.25011690827710603,-100.99594116210938,-0.503240704536438,-0.6027016043663025,1740725347.0498214,-0.5829792022705078,234,,,,,,,,,,,,
234,234,0.5625,-65.08856201171875,-0.5430296063423157,13982.982357628,0.6853,48.9182851330956,0.07132578641176224,4.6611618336505555e-07,0.2511857839535039,-62.5911865234375,-0.3286679983139038,-0.5158679485321045,1740725405.6149526,-0.39999377727508545,235,,,,,,,,,,,,
235,235,0.625,-92.33719635009766,-0.41451922059059143,14042.448883086,0.6675,51.07488134810671,0.16161948442459106,4.6564521816854e-07,0.2522546596299018,-102.08030700683594,-0.34109535813331604,-0.40522319078445435,1740725465.1246603,-0.5027148127555847,236,,,,,,,,,,,,
236,236,0.75,-83.09347534179688,-0.6522138714790344,14102.289372429,0.6562,46.79044223814903,0.23289887607097626,4.651712437995465e-07,0.2533235353062997,-79.04657745361328,-0.2247401475906372,-0.6270825862884521,1740725524.9649718,-0.45763903856277466,237,,,,,,,,,,,,
237,237,0.6875,-87.07301330566406,-0.6734750270843506,14161.762274404,0.6494,43.675665236005024,0.248111754655838,4.6469426687204337e-07,0.25439241098269755,-79.43573760986328,-0.3802206516265869,-0.65139240026474,1740725584.394112,-0.6283324360847473,238,,,,,,,,,,,,
238,238,0.5625,-86.58629608154297,-0.6375641226768494,14221.046396182,0.6432,46.181056227156326,0.0037551280111074448,4.642142940418973e-07,0.25546128665909545,-90.637451171875,-0.40568020939826965,-0.6425874829292297,1740725643.6765385,-0.40943533182144165,239,,,,,,,,,,,,
239,239,0.5625,-69.57475280761719,-0.29223379492759705,14280.050350736,0.6733,44.121193231045105,0.18380719423294067,4.637313320067807e-07,0.25653016233549336,-59.161136627197266,-0.30480581521987915,-0.32122936844825745,1740725702.6827781,-0.4886130690574646,240,,,,,,,,,,,,
240,240,0.8125,-96.3680419921875,-0.5655807852745056,14339.594511222,0.6057,44.90279609538385,0.3213481307029724,4.6324538750607833e-07,0.25759903801189127,-93.09552764892578,-0.3130645453929901,-0.5720746517181396,1740725762.2249599,-0.6344125866889954,241,,,,,,,,,,,,
241,241,0.625,-114.33985900878906,-0.47192323207855225,14398.8384693,0.6414,47.34401283134289,0.003193393349647522,4.6275646732079276e-07,0.2586679136882891,-92.48828125,-0.505727231502533,-0.4434150159358978,1740725821.469586,-0.5089206099510193,242,,,,,,,,,,,,
242,242,0.5625,-70.02374267578125,-0.6347178220748901,14459.006309169,0.6321,47.893712563956214,0.22488796710968018,4.6226457827345034e-07,0.259736789364687,-87.0162124633789,-0.4497029781341553,-0.49624738097190857,1740725881.6390905,-0.6745910048484802,243,,,,,,,,,,,,
243,243,0.75,-131.9972686767578,-0.6337332725524902,14519.782349237,0.6362,40.63003013070702,0.24745318293571472,4.6176972722800565e-07,0.26080566504108493,-114.64537048339844,-0.5120584964752197,-0.572891116142273,1740725942.4145133,-0.7595117092132568,244,,,,,,,,,,,,
244,244,0.4375,-55.46316909790039,-0.4204100966453552,14578.71840889,0.6679,47.23833542975635,-0.029512636363506317,4.612719210897458e-07,0.2618745407174828,-54.778350830078125,-0.4610608220100403,-0.5110943913459778,1740726001.3491082,-0.43154820799827576,245,,,,,,,,,,,,
245,245,0.625,-100.90525817871094,-0.4184463322162628,14636.950292567,0.6117,41.97692165275624,0.08107168227434158,4.6077116680519414e-07,0.2629434163938807,-84.53579711914062,-0.4946821928024292,-0.5753882527351379,1740726059.5837467,-0.5757538676261902,246,,,,,,,,,,,,
246,246,0.5625,-70.28532409667969,-0.5498752593994141,14697.658311329,0.6649,44.204838892669095,0.054588060826063156,4.6026747136201306e-07,0.2640122920702786,-70.12531280517578,-0.3408973813056946,-0.5032204389572144,1740726120.2939477,-0.39548543095588684,247,,,,,,,,,,,,
247,247,0.75,-91.05247497558594,-0.5146084427833557,14757.950291118,0.6097,45.77144089870623,0.22354890406131744,4.5976084178890697e-07,0.26508116774667645,-73.34982299804688,-0.2757115662097931,-0.5320960879325867,1740726180.5816667,-0.49926045536994934,248,,,,,,,,,,,,
248,248,0.5625,-55.3944206237793,-0.44273805618286133,14817.650284997,0.6121,44.783755888842045,0.180132195353508,4.592512851555237e-07,0.26615004342307436,-62.08756637573242,-0.4020380675792694,-0.5045772194862366,1740726240.2864156,-0.5821702480316162,249,,,,,,,,,,,,
249,249,0.5625,-63.083953857421875,-0.35888156294822693,14874.602459514,0.6804,47.43460166006606,0.06711656600236893,4.587388085723562e-07,0.26721891909947226,-60.23286819458008,-0.304279625415802,-0.42945927381515503,1740726297.2317111,-0.37139618396759033,250,,,,,,,,,,,,
250,250,0.5625,-100.24592590332031,-0.4389089345932007,14933.122428539,0.6273,45.49119920236112,0.06429309397935867,4.582234191906432e-07,0.2682877947758701,-117.29197692871094,-0.39273208379745483,-0.35169729590415955,1740726355.7550056,-0.4570251703262329,251,,,,,,,,,,,,
251,251,0.5,-108.62318420410156,-0.6422884464263916,14992.262001744,0.6365,45.4103186894465,0.1647544950246811,4.5770512420226933e-07,0.269356670452268,-100.75918579101562,-0.5198188424110413,-0.6607803702354431,1740726414.937605,-0.6845733523368835,252,,,,,,,,,,,,
252,252,0.625,-59.47607421875,-0.5772768259048462,15049.692740475,0.6135,43.75439384777597,0.33792707324028015,4.571839308396649e-07,0.27042554612866593,-67.3292465209961,-0.30635976791381836,-0.6056745052337646,1740726472.3683157,-0.6442868113517761,253,,,,,,,,,,,,
253,253,0.5625,-114.62950897216797,-0.6400940418243408,15108.537234607,0.5972,46.41646498390698,0.021278206259012222,4.5665984637570505e-07,0.2714944218050638,-119.80416870117188,-0.43960508704185486,-0.6346226930618286,1740726531.212843,-0.4608832895755768,254,,,,,,,,,,,,
254,254,0.5625,-75.05316162109375,-0.405157208442688,15166.494298619,0.6662,53.19879882984848,0.1225084587931633,4.561328781236079e-07,0.2725632974814617,-75.62428283691406,-0.3920648992061615,-0.45825403928756714,1740726589.1262634,-0.5145733952522278,255,,,,,,,,,,,,
255,255,0.625,-76.12134552001953,-0.4888021647930145,15225.726352278,0.6051,46.764751240306296,0.18670722842216492,4.556030334368329e-07,0.2736321731578596,-86.53876495361328,-0.47368741035461426,-0.5180402994155884,1740726648.3615296,-0.6603946685791016,256,,,,,,,,,,,,
256,256,0.625,-98.23351287841797,-0.7492995858192444,15285.250402149,0.6345,47.01272358281672,0.09081435948610306,4.550703197089782e-07,0.27470104883425744,-95.1689453125,-0.3905795216560364,-0.8489904999732971,1740726707.8826995,-0.48139384388923645,257,,,,,,,,,,,,
257,257,0.75,-89.78408813476562,-0.6212628483772278,15343.638524106,0.6092,47.73344438986895,0.2447013407945633,4.545347443736769e-07,0.27576992451065535,-80.61415100097656,-0.4051656424999237,-0.5658861398696899,1740726766.2691948,-0.6498669981956482,258,,,,,,,,,,,,
258,258,0.5625,-104.59436798095703,-0.7030103206634521,15402.534451237,0.6526,46.698201028744215,0.2417488396167755,4.539963149044942e-07,0.27683880018705326,-102.96981048583984,-0.5481176376342773,-0.5420721769332886,1740726825.168369,-0.7898664474487305,259,,,,,,,,,,,,
259,259,0.6875,-105.94773864746094,-0.5675908327102661,15461.602500504,0.6369,47.92293331153836,0.2639877498149872,4.534550388148224e-07,0.2779076758634511,-102.37875366210938,-0.4795668423175812,-0.6776142120361328,1740726884.2395427,-0.7435545921325684,260,,,,,,,,,,,,
260,260,0.625,-58.09917449951172,-0.5136460661888123,15517.914294907,0.6797,54.41642275300487,0.24638298153877258,4.529109236577764e-07,0.278976551539849,-63.61137008666992,-0.43917757272720337,-0.5163100361824036,1740726940.553653,-0.6855605840682983,261,,,,,,,,,,,,
261,261,0.6875,-78.45020294189453,-0.4827490448951721,15576.826515854,0.6646,45.80917902231975,0.22306081652641296,4.523639770260883e-07,0.2800454272162469,-81.0072250366211,-0.4302713871002197,-0.3990779221057892,1740726999.4588518,-0.6533321738243103,262,,,,,,,,,,,,
262,262,0.375,-83.53301239013672,-0.44921576976776123,15635.45044515,0.6284,47.63567956630295,0.10618318617343903,4.518142065520013e-07,0.2811143028926448,-77.95829772949219,-0.6013210415840149,-0.4566762447357178,1740727058.0795937,-0.7075042128562927,263,,,,,,,,,,,,
263,263,0.625,-90.48866271972656,-0.4005447030067444,15694.014490139,0.6228,46.22942004724136,0.2520250082015991,4.5126161990716316e-07,0.2821831785690427,-83.92041015625,-0.4779060482978821,-0.4619044065475464,1740727116.645679,-0.7299310564994812,264,,,,,,,,,,,,
264,264,0.5625,-75.93274688720703,-0.4917408525943756,15753.126479342,0.6658,50.40569038521067,0.15079288184642792,4.507062248025195e-07,0.2832520542454406,-86.70878601074219,-0.41303083300590515,-0.4952063262462616,1740727175.7560833,-0.5638236999511719,265,,,,,,,,,,,,
265,265,0.4375,-101.51872253417969,-0.5201233625411987,15813.034391041,0.6322,48.446555612124094,-0.1211036667227745,4.501480289882058e-07,0.28432092992183844,-109.64143371582031,-0.7836360931396484,-0.4893360435962677,1740727235.6685567,-0.662532389163971,266,,,,,,,,,,,,
266,266,0.6875,-58.86985778808594,-0.4607558846473694,15872.926415742,0.6597,46.61226667951975,0.1501743346452713,4.495870402534394e-07,0.28538980559823635,-62.79174041748047,-0.3900878131389618,-0.4233121871948242,1740727295.5647204,-0.5402621626853943,267,,,,,,,,,,,,
267,267,0.8125,-92.21553802490234,-0.6614636182785034,15932.602397304,0.5952,44.22937697784403,0.2691773474216461,4.490232664264109e-07,0.28645868127463425,-95.50904846191406,-0.362070769071579,-0.6101589798927307,1740727355.2336233,-0.6312481164932251,268,,,,,,,,,,,,
268,268,0.5,-93.1893310546875,-0.451047420501709,15992.774220015,0.6255,45.96361353762417,0.20555026829242706,4.484567153741748e-07,0.28752755695103216,-80.61319732666016,-0.40476125478744507,-0.4685596227645874,1740727415.4068427,-0.6103114485740662,269,,,,,,,,,,,,
269,269,0.5,-91.6321029663086,-0.6469665169715881,16052.958296511,0.6311,45.707454601161295,0.10809177905321121,4.478873950025398e-07,0.28859643262743,-103.38375091552734,-0.6165040731430054,-0.6906070709228516,1740727475.5903196,-0.7245957851409912,270,,,,,,,,,,,,
270,270,0.75,-70.50325012207031,-0.66817307472229,16111.666254147,0.5589,43.14374571306555,0.391807496547699,4.4731531325595827e-07,0.2896653083038279,-65.99967193603516,-0.3797687292098999,-0.5715748071670532,1740727534.299498,-0.7715761661529541,271,,,,,,,,,,,,
271,271,0.4375,-92.8830795288086,-0.3968721628189087,16176.990262584,0.6492,51.894229339235714,-0.032065682113170624,4.4674047811741584e-07,0.2907341839802258,-83.78587341308594,-0.5096140503883362,-0.6038673520088196,1740727599.6229768,-0.4775483310222626,272,,,,,,,,,,,,
272,272,0.625,-88.76500701904297,-0.45032116770744324,16234.586359345,0.6899,54.227756129439115,0.04723647981882095,4.4616289760831947e-07,0.2918030596566237,-89.32388305664062,-0.5577266216278076,-0.4464685320854187,1740727657.2183847,-0.6049630641937256,273,,,,,,,,,,,,
273,273,0.5625,-82.3352279663086,-0.7352756857872009,16293.510371314,0.5901,47.455639744266556,0.065310537815094,4.4558257978838596e-07,0.2928719353330216,-100.36961364746094,-0.5238223075866699,-0.6798839569091797,1740727716.1431293,-0.5891327857971191,274,,,,,,,,,,,,
274,274,0.75,-105.14350891113281,-0.5219056606292725,16350.986400461,0.5928,42.31211064723726,0.22002585232257843,4.4499953275552927e-07,0.2939408110094195,-102.02418518066406,-0.5900364518165588,-0.5042812824249268,1740727773.6183624,-0.8100622892379761,275,,,,,,,,,,,,
275,275,0.75,-84.80073547363281,-0.7415496110916138,16408.838490414,0.6415,48.30204980279784,0.1422540545463562,4.4441376464574736e-07,0.29500968668581734,-74.22154998779297,-0.6933090686798096,-0.8585505485534668,1740727831.468295,-0.8355631828308105,276,,,,,,,,,,,,
276,276,0.625,-93.67255401611328,-0.5895063877105713,16467.59448513,0.6436,45.72196284447191,0.2030949741601944,4.4382528363300907e-07,0.29607856236221525,-92.7214584350586,-0.4633667469024658,-0.5835852026939392,1740727890.2266462,-0.6664617657661438,277,,,,,,,,,,,,
277,277,0.5625,-100.9891586303711,-0.3578450679779053,16525.464269089,0.6661,52.51839510016073,0.06498527526855469,4.432340979291397e-07,0.29714743803861315,-94.16851043701172,-0.36663490533828735,-0.4019390046596527,1740727948.0928583,-0.43162018060684204,278,,,,,,,,,,,,
278,278,0.5,-95.48565673828125,-0.7449591159820557,16584.758352872,0.6635,54.05174253511141,0.1681203693151474,4.4264021578370663e-07,0.298216313715011,-105.79524230957031,-0.8202222585678101,-0.5672609210014343,1740728007.3893893,-0.9883426427841187,279,,,,,,,,,,,,
279,279,0.6875,-78.67449951171875,-0.5494287014007568,16641.468948343,0.6774,73.6360708780072,0.26221781969070435,4.4204364548390404e-07,0.2992851893914089,-81.42434692382812,-0.5027481317520142,-0.5094298720359802,1740728064.1446424,-0.7649660110473633,280,,,,,,,,,,,,
280,280,0.5625,-91.82203674316406,-0.6282663941383362,16706.886320545,0.6088,46.245530787603634,0.14050902426242828,4.4144439535443757e-07,0.3003540650678068,-96.58604431152344,-0.692187488079071,-0.6863865256309509,1740728129.5227685,-0.8326964974403381,281,,,,,,,,,,,,
281,281,0.5,-103.04415130615234,-0.6432681083679199,16766.026394125,0.6189,44.84852874536958,0.1392548680305481,4.408424737574075e-07,0.30142294074420467,-93.08255004882812,-0.4945400059223175,-0.6766933798789978,1740728188.6607082,-0.6337949633598328,282,,,,,,,,,,,,
282,282,0.5,-109.28836822509766,-0.5849683284759521,16820.03913064,0.6859,47.66009530281078,0.12463052570819855,4.4023788909219297e-07,0.3024918164206026,-105.6685791015625,-0.7588936686515808,-0.5312920808792114,1740728242.7147384,-0.8835242986679077,283,,,,,,,,,,,,
283,283,0.5,-84.5157699584961,-0.5260719060897827,16868.198422999,0.5903,44.81729533519443,0.1975075602531433,4.396306497953339e-07,0.3035606920970005,-77.50357818603516,-0.5804193019866943,-0.5786758065223694,1740728290.8297484,-0.7779268622398376,284,,,,,,,,,,,,
284,284,0.625,-87.81397247314453,-0.5283193588256836,16916.042484542,0.6136,44.19177517903523,0.23745442926883698,4.390207643404141e-07,0.30462956777339834,-100.00521087646484,-0.3948933184146881,-0.5118924975395203,1740728338.6724687,-0.6323477625846863,285,,,,,,,,,,,,
285,285,0.5,-89.72709655761719,-0.46587902307510376,16964.018329952,0.6459,45.08488234435523,0.08237293362617493,4.384082412379423e-07,0.30569844344979624,-85.93438720703125,-0.525926411151886,-0.3963916003704071,1740728386.654033,-0.6082993745803833,286,,,,,,,,,,,,
286,286,0.75,-85.3331298828125,-0.5997673273086548,17012.029036366,0.6415,47.18232470092124,0.22975444793701172,4.3779308903523365e-07,0.30676731912619415,-92.92112731933594,-0.5009273886680603,-0.5782656669616699,1740728434.704625,-0.730681836605072,287,,,,,,,,,,,,
287,287,0.6875,-71.22744750976562,-0.6330364942550659,17059.983974539,0.585,44.77322930679381,0.23469632863998413,4.371753163162907e-07,0.307836194802592,-75.09436798095703,-0.46674031019210815,-0.7411874532699585,1740728482.6596868,-0.7014366984367371,288,,,,,,,,,,,,
288,288,0.625,-90.10536193847656,-0.38413822650909424,17108.038460333,0.6624,49.6921209434983,0.22903217375278473,4.365549317016832e-07,0.3089050704789899,-78.63578796386719,-0.6464724540710449,-0.4336034655570984,1740728530.6708014,-0.8755046129226685,289,,,,,,,,,,,,
289,289,0.5625,-104.57643127441406,-0.6307219862937927,17155.894572794,0.6337,49.3289944846112,0.04495357722043991,4.3593194384842814e-07,0.3099739461553878,-111.14388275146484,-0.8069350719451904,-0.6153321862220764,1740728578.527175,-0.8518887162208557,290,,,,,,,,,,,,
290,290,0.6875,-106.7624282836914,-0.44292280077934265,17203.910214775,0.6523,50.43535864910439,0.08232039213180542,4.3530636144986876e-07,0.31104282183178567,-102.38688659667969,-0.7637424468994141,-0.41656309366226196,1740728626.5414145,-0.8460628390312195,291,,,,,,,,,,,,
291,291,0.625,-94.36526489257812,-0.4411725103855133,17251.838341639,0.6341,50.11534443025723,0.25153934955596924,4.3467819323555333e-07,0.31211169750818357,-96.5392074584961,-0.6729840040206909,-0.5437224507331848,1740728674.4687083,-0.9245233535766602,292,,,,,,,,,,,,
292,292,0.5,-63.112022399902344,-0.47960349917411804,17299.701559276,0.6786,49.6485532490103,0.0427740179002285,4.3404744797111327e-07,0.3131805731845815,-62.216636657714844,-0.6747786998748779,-0.3599521517753601,1740728722.3771665,-0.717552661895752,293,,,,,,,,,,,,
293,293,0.625,-106.19136047363281,-0.607366681098938,17347.662340443,0.6621,52.17524673617756,0.07210955023765564,4.334141344581408e-07,0.31424944886097933,-91.01652526855469,-0.6153374314308167,-0.6857749819755554,1740728770.2947562,-0.6874470114707947,294,,,,,,,,,,,,
294,294,0.625,-99.26542663574219,-0.469499409198761,17395.634420268,0.6306,50.7274096802064,0.14356359839439392,4.327782615340664e-07,0.31531832453737724,-92.1576156616211,-0.6144977807998657,-0.47385174036026,1740728818.2640665,-0.758061408996582,295,,,,,,,,,,,,
295,295,0.75,-79.37931823730469,-0.5132726430892944,17444.022340488,0.6397,47.23171456685403,0.4193350076675415,4.32139838072035e-07,0.31638720021377514,-67.19540405273438,-0.42507505416870117,-0.6556201577186584,1740728866.6793058,-0.8444100618362427,296,,,,,,,,,,,,
296,296,0.625,-107.57828521728516,-0.7168514132499695,17492.102898019,0.6992,51.09511740632069,0.20454058051109314,4.314988729807827e-07,0.31745607589017305,-99.83710479736328,-0.8676243424415588,-0.7071480751037598,1740728914.778586,-1.0721648931503296,297,,,,,,,,,,,,
297,297,0.75,-71.09506225585938,-0.504692018032074,17540.032502046,0.6085,40.0836779500668,0.28042498230934143,4.308553752045119e-07,0.3185249515665709,-61.87688064575195,-0.4042648375034332,-0.5425655245780945,1740728962.7081795,-0.6846898198127747,298,,,,,,,,,,,,
298,298,0.4375,-80.9634017944336,-0.3377566635608673,17588.282265277,0.6533,46.28504763518501,-0.010235333815217018,4.3020935372276715e-07,0.3195938272429688,-67.8642807006836,-0.6519603729248047,-0.4362800121307373,1740729010.9152226,-0.6417251825332642,299,,,,,,,,,,,,
299,299,0.5,-86.81914520263672,-0.6205424070358276,17636.806330353,0.6344,47.27137005047271,0.2251867651939392,4.2956081755030904e-07,0.3206627029193667,-76.78753662109375,-0.7108116149902344,-0.655778169631958,1740729059.449581,-0.9359983205795288,300,,,,,,,,,,,,
300,300,0.75,-122.21124267578125,-0.453077495098114,17685.6464173,0.6613,49.67043298169169,0.4947924315929413,4.2890977573698915e-07,0.32173157859576457,-125.89433288574219,-0.637468695640564,-0.4463249444961548,1740729108.2802014,-1.1322611570358276,301,,,,,,,,,,,,
301,301,0.4375,-69.54843139648438,-0.48782628774642944,17734.006442646,0.6386,46.825666412073105,0.06268692016601562,4.282562373676234e-07,0.3228004542721625,-67.9054946899414,-0.5041088461875916,-0.4273417294025421,1740729156.6401725,-0.566795825958252,302,,,,,,,,,,,,
302,302,0.8125,-79.15809631347656,-0.44406867027282715,17782.350271809,0.6071,47.85924181764775,0.5277503132820129,4.2760021156186534e-07,0.3238693299485604,-75.62496185302734,-0.4557234048843384,-0.5208116173744202,1740729205.0232892,-0.9834737181663513,303,,,,,,,,,,,,
303,303,0.375,-94.8048095703125,-0.5843637585639954,17830.742244811,0.6079,45.63781320732405,-0.06736914813518524,4.269417074740788e-07,0.32493820562495823,-99.4323501586914,-0.7841882705688477,-0.6308959722518921,1740729253.3748233,-0.716819167137146,304,,,,,,,,,,,,
304,304,0.6875,-84.00740814208984,-0.5080879926681519,17879.072352921,0.6526,45.7389003419771,0.21373853087425232,4.2628073429321045e-07,0.32600708130135614,-76.87849426269531,-0.7272061705589294,-0.343952476978302,1740729301.7029104,-0.9409446716308594,305,,,,,,,,,,,,
305,305,0.5625,-83.24959564208984,-0.5257258415222168,17927.475403071,0.6094,45.56696081366262,0.06586030125617981,4.2561730124266094e-07,0.32707595697775405,-69.7533950805664,-0.7417376637458801,-0.6640607118606567,1740729350.1511164,-0.8075979948043823,306,,,,,,,,,,,,
306,306,0.5625,-108.25482177734375,-0.6243484020233154,17976.038293595,0.5948,48.931548586804006,0.10830278694629669,4.249514175801571e-07,0.3281448326541519,-97.60584259033203,-0.6702885627746582,-0.5776427984237671,1740729398.6715484,-0.7785913944244385,307,,,,,,,,,,,,
307,307,0.4375,-101.90225219726562,-0.49601319432258606,18024.346596889,0.7065,51.23471210041536,-0.08953280001878738,4.2428309259762206e-07,0.3292137083305498,-105.91905212402344,-0.7025195360183716,-0.5562307834625244,1740729446.9789617,-0.6129868030548096,308,,,,,,,,,,,,
308,308,0.75,-102.1441879272461,-0.6320309638977051,18072.79435491,0.634,45.20542035879053,0.41536396741867065,4.2361233562104574e-07,0.3302825840069477,-93.39568328857422,-0.5667372941970825,-0.6457887887954712,1740729495.4321682,-0.982101321220398,309,,,,,,,,,,,,
309,309,0.625,-97.6021728515625,-0.5145619511604309,18121.218333534,0.6279,48.55662327355772,0.3189237117767334,4.229391560103549e-07,0.33135145968334556,-80.36250305175781,-0.6196470856666565,-0.6177576184272766,1740729543.85289,-0.9385707974433899,310,,,,,,,,,,,,
310,310,0.6875,-83.89259338378906,-0.8958982229232788,18169.671224457,0.6871,52.05994230303065,0.13325706124305725,4.2226356315928225e-07,0.33242033535974347,-92.5064697265625,-0.9713866114616394,-0.7946240901947021,1740729592.3469338,-1.104643702507019,311,,,,,,,,,,,,
311,311,0.6875,-78.49372863769531,-0.5378457903862,18217.926385292,0.5976,41.22962795095735,0.1438341736793518,4.2158556649523556e-07,0.3334892110361414,-79.93060302734375,-0.6082148551940918,-0.49681222438812256,1740729640.557643,-0.7520490288734436,312,,,,,,,,,,,,
312,312,0.75,-81.156982421875,-0.5686450004577637,18266.302354427,0.6371,44.610260016129395,0.488348126411438,4.2090517547916616e-07,0.3345580867125392,-67.97600555419922,-0.6057106852531433,-0.524503767490387,1740729688.9333923,-1.094058871269226,313,,,,,,,,,,,,
313,313,0.75,-84.30167388916016,-0.5628562569618225,18314.574420575,0.6441,43.07283641733919,0.21522895991802216,4.2022239960543687e-07,0.33562696238893713,-70.70246124267578,-0.6288809776306152,-0.6720711588859558,1740729737.2076793,-0.8441098928451538,314,,,,,,,,,,,,
314,314,0.625,-75.40664672851562,-0.5411763191223145,18362.78428778,0.6489,53.00346564541733,0.3065989315509796,4.1953724840168926e-07,0.33669583806533504,-68.8112564086914,-0.4834773540496826,-0.40720802545547485,1740729785.4599774,-0.7900762557983398,315,,,,,,,,,,,,
315,315,0.6875,-147.84341430664062,-0.5582696199417114,18411.562370129,0.6105,45.55614152583217,0.37519723176956177,4.1884973142871095e-07,0.3377647137417329,-138.98822021484375,-0.9107242822647095,-0.6137711405754089,1740729834.2380147,-1.285921573638916,316,,,,,,,,,,,,
316,316,0.75,-75.167724609375,-0.5191575288772583,18459.950558309,0.6771,47.02646972786307,0.04759787395596504,4.181598582803023e-07,0.3388335894181308,-72.38674926757812,-0.5587015748023987,-0.6013708114624023,1740729882.585191,-0.6062994003295898,317,,,,,,,,,,,,
317,317,0.6875,-88.22521209716797,-0.6057281494140625,18508.710440185,0.6024,42.72956457294485,0.24002999067306519,4.174676385831424e-07,0.3399024650945287,-76.16690063476562,-0.5290831923484802,-0.6484286189079285,1740729931.3436198,-0.7691131830215454,318,,,,,,,,,,,,
318,318,0.9375,-78.95870971679688,-0.4943426847457886,18557.198334578,0.6221,46.33329213843074,0.31267184019088745,4.1677308199665443e-07,0.34097134077092656,-76.335693359375,-0.7932776808738708,-0.5658683776855469,1740729979.8740315,-1.1059494018554688,319,,,,,,,,,,,,
319,319,0.625,-79.276611328125,-0.44363775849342346,18605.970305301,0.6675,51.77457082897361,0.1857777088880539,4.160761982128715e-07,0.34204021644732446,-100.86515045166016,-0.5903090834617615,-0.354471892118454,1740730028.6090097,-0.7760867476463318,320,,,,,,,,,,,,
320,320,0.875,-71.09906768798828,-0.609664797782898,18654.426341208,0.6115,43.21820719423357,0.566425085067749,4.153769969563008e-07,0.34310909212372237,-61.94886779785156,-0.5001509189605713,-0.6396719813346863,1740730077.0584152,-1.0665760040283203,321,,,,,,,,,,,,
321,321,0.75,-91.15888214111328,-0.44777941703796387,18703.01828242,0.571,42.944986476942624,0.29620227217674255,4.146754879837884e-07,0.3441779678001202,-73.30670928955078,-0.6834379434585571,-0.5514713525772095,1740730125.6481876,-0.9796401858329773,322,,,,,,,,,,,,
322,322,0.4375,-74.65178680419922,-0.6100640296936035,18751.526410699,0.6435,46.65851482537616,-0.16803419589996338,4.139716810843828e-07,0.34524684347651813,-87.58747863769531,-0.8383283615112305,-0.5996840000152588,1740730174.1648765,-0.6702941656112671,323,,,,,,,,,,,,
323,323,0.875,-85.64083862304688,-0.5094051361083984,18800.081457271,0.5801,42.34220478628581,0.4490653872489929,4.1326558607919824e-07,0.34631571915291604,-74.25349426269531,-0.4794456362724304,-0.6900937557220459,1740730222.7571318,-0.9285110235214233,324,,,,,,,,,,,,
324,324,0.5625,-91.93949890136719,-0.7041866183280945,18848.686279184,0.6351,49.11991835960537,0.03930900990962982,4.125572128212781e-07,0.34738459482931394,-93.30979919433594,-0.5760056376457214,-0.7298728227615356,1740730271.324055,-0.6153146028518677,325,,,,,,,,,,,,
325,325,0.625,-128.52169799804688,-0.46700212359428406,18897.214305165,0.6267,44.04686911557641,0.27016690373420715,4.118465711954569e-07,0.3484534705057118,-117.91275787353516,-0.8597760200500488,-0.5390984416007996,1740730319.8521745,-1.1299428939819336,326,,,,,,,,,,,,
326,326,0.625,-105.18400573730469,-0.6962686777114868,18945.890434528,0.6351,48.33610383946321,0.05816155672073364,4.111336711182226e-07,0.3495223461821097,-147.15689086914062,-0.8994285464286804,-0.6606556177139282,1740730368.5278535,-0.9575901031494141,327,,,,,,,,,,,,
327,327,0.5,-89.61712646484375,-0.5736990571022034,18994.590363968,0.6914,49.906958707900486,-0.08792237937450409,4.104185225375784e-07,0.3505912218585076,-98.13097381591797,-0.8417797684669495,-0.6192672252655029,1740730417.2232037,-0.7538574934005737,328,,,,,,,,,,,,
328,328,0.6875,-64.71640014648438,-0.5996927618980408,19043.19041276,0.6082,45.52150887314374,0.2901294231414795,4.0970113543290346e-07,0.35166009753490546,-59.34742736816406,-0.6941841840744019,-0.6431558728218079,1740730465.8244045,-0.9843136668205261,329,,,,,,,,,,,,
329,329,0.5625,-110.72300720214844,-0.4543735086917877,19092.046393742,0.6473,53.30728367908425,0.08814893662929535,4.0898151981481415e-07,0.35272897321130336,-96.78329467773438,-0.8824120163917542,-0.45487886667251587,1740730514.6757371,-0.9705608487129211,330,,,,,,,,,,,,
330,330,0.5,-85.04241180419922,-0.6627813577651978,19140.610465942,0.632,50.617620220713995,0.21078573167324066,4.08259685725024e-07,0.35379784888770127,-75.103515625,-0.647024929523468,-0.5840015411376953,1740730563.241485,-0.8578107357025146,331,,,,,,,,,,,,
331,331,0.6875,-105.3720932006836,-0.5778728723526001,19189.257176043,0.6068,43.49886286099853,0.28639882802963257,4.075356432362037e-07,0.3548667245640991,-102.49897003173828,-0.6433102488517761,-0.5846772789955139,1740730611.9328926,-0.9297090768814087,332,,,,,,,,,,,,
332,332,0.625,-81.95574951171875,-0.6368299722671509,19237.726396487,0.6484,48.30753652170206,0.222099170088768,4.0680940245184075e-07,0.35593560024049703,-88.02987670898438,-0.6519100069999695,-0.543428361415863,1740730660.357235,-0.8740091323852539,333,,,,,,,,,,,,
333,333,0.6875,-90.9769515991211,-0.5236972570419312,19286.314586476,0.5837,49.512453982224464,0.3117084205150604,4.0608097350609793e-07,0.35700447591689494,-84.13704681396484,-0.510066568851471,-0.5950632691383362,1740730708.9503562,-0.8217750191688538,334,,,,,,,,,,,,
334,334,0.5,-125.15424346923828,-0.5942782759666443,19335.014465361,0.6552,47.93313444565801,0.0062564946711063385,4.053503665636724e-07,0.3580733515932928,-126.99114227294922,-1.239962100982666,-0.6952744126319885,1740730757.6471763,-1.2462185621261597,335,,,,,,,,,,,,
335,335,0.6875,-94.69756317138672,-0.5252801179885864,19383.694336262,0.6096,49.66882475784169,0.16784819960594177,4.046175918196537e-07,0.3591422272696907,-100.55589294433594,-0.7550947666168213,-0.5422160625457764,1740730806.328788,-0.9229429960250854,336,,,,,,,,,,,,
336,336,0.75,-84.78986358642578,-0.6234219670295715,19432.008253115,0.6253,46.77969310100188,0.5131016373634338,4.038826594993816e-07,0.3602111029460886,-79.46806335449219,-0.5214862823486328,-0.654962420463562,1740730854.683964,-1.0345879793167114,337,,,,,,,,,,,,
337,337,0.5625,-63.15366744995117,-0.5694718360900879,19480.402378937,0.5811,43.97027836415256,0.3029862344264984,4.0314557985830294e-07,0.36127997862248645,-67.95372009277344,-0.5400828719139099,-0.554633617401123,1740730903.0404687,-0.8430690765380859,338,,,,,,,,,,,,
338,338,0.8125,-132.94285583496094,-0.6201446056365967,19529.20639729,0.5759,46.03154987612187,0.45693403482437134,4.0240636318182907e-07,0.36234885429888436,-120.76472473144531,-0.9779545068740845,-0.6850563883781433,1740730951.8435125,-1.434888482093811,339,,,,,,,,,,,,
339,339,0.4375,-88.69206237792969,-0.7175031900405884,19577.57642331,0.7049,55.1889408244727,-0.03564399853348732,4.016650197851922e-07,0.36341772997528227,-84.92839813232422,-0.6751757860183716,-0.7284140586853027,1740731000.2521503,-0.6395317912101746,340,,,,,,,,,,,,
340,340,0.6875,-83.91455841064453,-0.6608486771583557,19626.074295582,0.6175,46.99907424819042,0.08099405467510223,4.0092156001330113e-07,0.3644866056516801,-87.53653717041016,-0.6879929304122925,-0.6019992232322693,1740731048.7093127,-0.7689870595932007,341,,,,,,,,,,,,
341,341,0.8125,-54.38554382324219,-0.6464571356773376,19674.326376023,0.6669,46.55801528167253,0.4432738721370697,4.0017599424059733e-07,0.365555481328078,-49.2379035949707,-0.3702804148197174,-0.4773281216621399,1740731096.9642987,-0.8135542869567871,342,,,,,,,,,,,,
342,342,0.6875,-79.16584014892578,-0.6700254678726196,19722.922339063,0.6067,45.34844390465284,0.11188479512929916,3.9942833287091e-07,0.36662435700447593,-77.27549743652344,-0.6786746978759766,-0.6874147057533264,1740731145.552772,-0.7905594110488892,343,,,,,,,,,,,,
343,343,0.75,-98.0331039428711,-0.5834419131278992,19771.534393833,0.6425,44.70051620631009,0.39694127440452576,3.9867858633731083e-07,0.3676932326808738,-98.87614440917969,-0.8567394018173218,-0.7226158380508423,1740731194.1704392,-1.25368070602417,344,,,,,,,,,,,,
344,344,0.5,-72.70906066894531,-0.5664836168289185,19820.080087581,0.6433,43.35510360818406,0.2608664631843567,3.979267651019683e-07,0.3687621083572717,-65.88955688476562,-0.9518698453903198,-0.633884608745575,1740731242.7557542,-1.2127363681793213,345,,,,,,,,,,,,
345,345,0.75,-91.33776092529297,-0.6417853832244873,19868.510362081,0.621,47.06092324014879,0.28664320707321167,3.971728796560022e-07,0.3698309840336696,-84.78565979003906,-0.7027822732925415,-0.6628585457801819,1740731291.1499226,-0.9894254207611084,346,,,,,,,,,,,,
346,346,0.5625,-92.88040161132812,-0.4928630590438843,19917.014393864,0.6387,47.893135031240334,0.39739611744880676,3.964169405193364e-07,0.37089985971006745,-85.64298248291016,-0.6371505856513977,-0.45283350348472595,1740731339.6536183,-1.0345467329025269,347,,,,,,,,,,,,
347,347,0.6875,-97.11627197265625,-0.5747990608215332,19965.52630256,0.6014,47.68981456413952,0.3102768361568451,3.95658958240553e-07,0.37196873538646535,-98.93974304199219,-0.7574648261070251,-0.5776934623718262,1740731388.1590495,-1.0677416324615479,348,,,,,,,,,,,,
348,348,0.5625,-81.3008041381836,-0.48372888565063477,20014.074334412,0.6766,47.984762885460164,0.06556334346532822,3.9489894339674436e-07,0.37303761106286326,-87.8052749633789,-0.6033925414085388,-0.3933432996273041,1740731436.7105498,-0.6689559817314148,349,,,,,,,,,,,,
349,349,0.75,-81.24637603759766,-0.5069599151611328,20062.878894159,0.583,44.72941529381522,0.46963605284690857,3.9413690659336596e-07,0.3741064867392611,-77.04434204101562,-0.582292377948761,-0.56248539686203,1740731485.5546262,-1.0519284009933472,350,,,,,,,,,,,,
350,350,0.5625,-82.46742248535156,-0.6550804972648621,20110.98629876,0.6636,45.51451765718351,0.06835559010505676,3.933728584640882e-07,0.375175362415659,-81.71007537841797,-0.6685117483139038,-0.6643781065940857,1740731533.617325,-0.7368673086166382,351,,,,,,,,,,,,
351,351,0.625,-83.10334777832031,-0.5974755883216858,20159.770809577,0.6766,48.26996150444276,0.06763053685426712,3.9260680967064806e-07,0.3762442380920569,-95.1419677734375,-0.8272791504859924,-0.5236935019493103,1740731582.4004183,-0.8949095606803894,352,,,,,,,,,,,,
352,352,0.75,-80.63932037353516,-0.46197646856307983,20208.087134081,0.6292,45.01870957327592,0.4478743076324463,3.9183877090270046e-07,0.37731311376845483,-83.38619995117188,-0.7210971713066101,-0.5099186897277832,1740731630.762716,-1.1689714193344116,353,,,,,,,,,,,,
353,353,0.6875,-97.45000457763672,-0.4148743152618408,20256.914382277,0.6933,51.85980490097884,0.36596864461898804,3.910687528776688e-07,0.3783819894448527,-94.77974700927734,-0.7853211164474487,-0.44787782430648804,1740731679.558659,-1.1512898206710815,354,,,,,,,,,,,,
354,354,0.5625,-114.73688507080078,-0.7311736941337585,20305.758363331,0.6745,49.36099616742189,0.32023829221725464,3.902967663405956e-07,0.3794508651212506,-105.7115478515625,-0.6436874866485596,-0.8143422603607178,1740731728.390941,-0.9639257788658142,355,,,,,,,,,,,,
355,355,0.3125,-85.57343292236328,-0.46872609853744507,20354.30636943,0.66,47.91639624041529,-0.013910342007875443,3.8952282206399263e-07,0.3805197407976485,-80.99198150634766,-0.9833378791809082,-0.5791876316070557,1740731776.942299,-0.9694275856018066,356,,,,,,,,,,,,
356,356,0.75,-111.16293334960938,-0.5090564489364624,20402.779942511,0.5836,44.37711547734426,0.23866192996501923,3.8874693084769053e-07,0.38158861647404635,-81.77828979492188,-0.7041063904762268,-0.6064828038215637,1740731825.4556224,-0.9427683353424072,357,,,,,,,,,,,,
357,357,0.625,-108.4756851196289,-0.6527565717697144,20451.387119462,0.6568,50.79060174397727,-0.03885592147707939,3.8796910351868775e-07,0.38265749215044426,-104.91151428222656,-0.8009252548217773,-0.5777857303619385,1740731874.0627751,-0.7620694041252136,358,,,,,,,,,,,,
358,358,0.5,-120.60743713378906,-0.5525215268135071,20500.074434137,0.6064,42.99009917750483,0.1937677562236786,3.8718935093100026e-07,0.38372636782684216,-115.95386505126953,-0.8062866926193237,-0.499808132648468,1740731922.7043529,-1.0000544786453247,359,,,,,,,,,,,,
359,359,0.8125,-80.0207290649414,-0.5136578679084778,20548.490434806,0.6079,46.29549700743653,0.4532262682914734,3.864076839655093e-07,0.38479524350324,-78.41311645507812,-0.7702085971832275,-0.58954918384552,1740731971.1221406,-1.2234349250793457,360,,,,,,,,,,,,
360,360,0.5625,-74.07620239257812,-0.5559627413749695,20597.066403386,0.5972,39.68513266321662,0.09372550249099731,3.856241135298099e-07,0.3858641191796379,-56.89823532104492,-0.6990761160850525,-0.6512296199798584,1740732019.6975513,-0.7928016185760498,361,,,,,,,,,,,,
361,361,0.6875,-117.98688507080078,-0.44208064675331116,20645.686389381,0.6417,51.916280549305874,0.05400557816028595,3.8483865055805873e-07,0.38693299485603583,-112.0343246459961,-0.9121936559677124,-0.47519683837890625,1740732068.3164654,-0.9661992192268372,362,,,,,,,,,,,,
362,362,0.625,-110.6724624633789,-0.6787179112434387,20694.358403883,0.6569,50.59013964059272,0.2550208270549774,3.840513060108214e-07,0.3880018705324337,-104.87528991699219,-0.5674014687538147,-0.6842120289802551,1740732116.9961903,-0.8224223256111145,363,,,,,,,,,,,,
363,363,0.625,-97.71906280517578,-0.666098415851593,20742.86236866,0.6182,48.92830196932592,0.20755265653133392,3.832620908749195e-07,0.3890707462088316,-96.11953735351562,-0.9579651355743408,-0.6595368981361389,1740732165.4945483,-1.165517807006836,364,,,,,,,,,,,,
364,364,0.5625,-88.15684509277344,-0.3820955455303192,20791.538297637,0.7101,56.68504312620248,0.15996266901493073,3.8247101616327724e-07,0.3901396218852295,-84.58067321777344,-0.8638061285018921,-0.4642673432826996,1740732214.1707187,-1.0237687826156616,365,,,,,,,,,,,,
365,365,0.5625,-99.52377319335938,-0.7471163868904114,20840.072493989,0.7184,51.362025625489714,0.0062927380204200745,3.8167809291476813e-07,0.39120849756162734,-94.96344757080078,-0.8776293992996216,-0.672614336013794,1740732262.7481863,-0.8839221000671387,366,,,,,,,,,,,,
366,366,0.5625,-71.1964340209961,-0.525829553604126,20888.554334517,0.6546,45.58322764309692,0.14780738949775696,3.8088333219406046e-07,0.39227737323802525,-68.81614685058594,-0.5269830226898193,-0.6215890049934387,1740732311.1862872,-0.6747904419898987,367,,,,,,,,,,,,
367,367,0.4375,-104.134521484375,-0.6724227666854858,20936.830226765,0.6434,49.671842137139095,-0.1540077030658722,3.80086745091463e-07,0.39334624891442316,-125.18270111083984,-1.0309964418411255,-0.5553273558616638,1740732359.4640577,-0.8769887685775757,368,,,,,,,,,,,,
368,368,0.625,-86.74110412597656,-0.5964862108230591,20985.282339534,0.6165,45.27023271861723,0.34057536721229553,3.7928834272277064e-07,0.394415124590821,-81.74602508544922,-0.6797459125518799,-0.6963987946510315,1740732407.9177842,-1.020321249961853,369,,,,,,,,,,,,
369,369,0.6875,-85.757568359375,-0.5775476694107056,21033.630319974,0.6081,46.894785210956535,0.4257405996322632,3.784881362291089e-07,0.3954840002672189,-77.44551086425781,-0.5807169675827026,-0.5954005718231201,1740732456.2608793,-1.0064576864242554,370,,,,,,,,,,,,
370,370,0.5625,-68.35601806640625,-0.5752342343330383,21081.854381795,0.6646,47.659518267834066,0.13757047057151794,3.7768613677677845e-07,0.3965528759436168,-62.067901611328125,-0.8443318009376526,-0.569636344909668,1740732504.5287848,-0.9819023013114929,371,,,,,,,,,,,,
371,371,0.5,-76.9985122680664,-0.6182972192764282,21130.078321479,0.6504,45.836549503832444,0.07171057164669037,3.768823555570995e-07,0.3976217516200147,-80.94253540039062,-0.7592512369155884,-0.597439706325531,1740732552.7127264,-0.8309618234634399,372,,,,,,,,,,,,
372,372,0.5625,-86.29900360107422,-0.5985703468322754,21178.182389892,0.5976,47.90111249299548,0.31838786602020264,3.760768037862553e-07,0.3986906272964126,-81.17574310302734,-0.5602390170097351,-0.6330639123916626,1740732600.8163757,-0.878626823425293,373,,,,,,,,,,,,
373,373,0.625,-84.01168060302734,-0.5094113945960999,21226.506385871,0.6513,48.58169928749855,0.18747544288635254,3.752694927051363e-07,0.3997595029728105,-86.56866455078125,-0.6430439352989197,-0.36064863204956055,1740732649.1427062,-0.8305193185806274,374,,,,,,,,,,,,
374,374,0.625,-89.12194061279297,-0.5931200981140137,21274.854332687,0.6798,48.82968301501459,0.40373826026916504,3.7446043357918246e-07,0.40082837864920834,-74.18364715576172,-0.6803589463233948,-0.6111094951629639,1740732697.485601,-1.084097146987915,375,,,,,,,,,,,,
375,375,0.75,-88.87848663330078,-0.560502827167511,21323.266454649,0.5919,67.33827149564893,0.40922120213508606,3.7364963769822654e-07,0.40189725432560625,-95.33995056152344,-0.6988710165023804,-0.556716799736023,1740732745.901854,-1.1080923080444336,376,,,,,,,,,,,,
376,376,0.4375,-94.89525604248047,-0.4466974139213562,21371.838337819,0.676,50.09430084404038,0.07131937146186829,3.7283711637633654e-07,0.40296613000200415,-78.68630981445312,-0.9078449606895447,-0.3980889916419983,1740732794.4712281,-0.9791643619537354,377,,,,,,,,,,,,
377,377,0.8125,-103.08700561523438,-0.6285788416862488,21420.538275485,0.5407,39.76323387945819,0.5758664608001709,3.7202288095165775e-07,0.404035005678402,-89.21991729736328,-0.5756605267524719,-0.6613354086875916,1740732843.1745179,-1.151526927947998,378,,,,,,,,,,,,
378,378,0.625,-74.67247772216797,-0.4727514386177063,21468.951492891,0.6031,40.234780737707716,0.029216855764389038,3.712069427862544e-07,0.4051038813547999,-71.36434936523438,-0.6945350170135498,-0.5458285808563232,1740732891.627021,-0.7237518429756165,379,,,,,,,,,,,,
379,379,0.625,-80.15309143066406,-0.7926059365272522,21517.226318369,0.6335,51.28658474581687,0.40458351373672485,3.703893132659511e-07,0.4061727570311978,-85.9610595703125,-0.7396132349967957,-0.5730408430099487,1740732939.8592315,-1.1441967487335205,380,,,,,,,,,,,,
380,380,0.6875,-134.61859130859375,-0.5794381499290466,21565.962673886,0.5679,47.254127030493706,0.29965853691101074,3.6957000380017456e-07,0.4072416327075957,-123.31607818603516,-0.5965866446495056,-0.5906760096549988,1740732988.5921285,-0.8962451219558716,381,,,,,,,,,,,,
381,381,0.4375,-67.84867858886719,-0.6209267973899841,21614.370508835,0.6419,50.73091804448781,0.25025326013565063,3.6874902582179346e-07,0.4083105083839936,-67.71240997314453,-0.8538247346878052,-0.49072420597076416,1740733037.0012875,-1.1040780544281006,382,,,,,,,,,,,,
382,382,0.875,-73.86129760742188,-0.5404483079910278,21662.85514189,0.6235,47.14021659447811,0.303616464138031,3.6792639078695954e-07,0.4093793840603915,-78.6999282836914,-0.5502610206604004,-0.519485354423523,1740733085.530789,-0.8538774251937866,383,,,,,,,,,,,,
383,383,0.5,-87.44515991210938,-0.6164148449897766,21711.454949994,0.6639,50.11284663505791,0.12367722392082214,3.6710211017494754e-07,0.4104482597367894,-90.38597106933594,-0.7566941976547241,-0.62770015001297,1740733134.1306858,-0.8803714513778687,384,,,,,,,,,,,,
384,384,0.6875,-99.67853546142578,-0.5645098686218262,21760.110500532,0.5999,47.03991163196028,0.3421206474304199,3.6627619548799504e-07,0.41151713541318724,-97.90898895263672,-0.6266610622406006,-0.5451494455337524,1740733182.7408564,-0.9687816500663757,385,,,,,,,,,,,,
385,385,0.75,-114.20030975341797,-0.554842472076416,21808.458329228,0.6063,46.233476485556636,0.37972205877304077,3.6544865825114197e-07,0.41258601108958515,-101.30201721191406,-0.9039403200149536,-0.48425012826919556,1740733231.0910223,-1.2836623191833496,386,,,,,,,,,,,,
386,386,0.75,-106.65596008300781,-0.6204919219017029,21856.490384201,0.5967,43.27381468151011,0.2724454402923584,3.6461951001206976e-07,0.41365488676598305,-108.08436584472656,-0.6737207770347595,-0.5952051877975464,1740733279.1250403,-0.9461662769317627,387,,,,,,,,,,,,
387,387,0.875,-81.16376495361328,-0.6013786792755127,21905.098407485,0.6084,66.6016060847982,0.5000734329223633,3.637887623409401e-07,0.4147237624423809,-85.84022521972656,-0.5562711954116821,-0.6006938219070435,1740733327.730089,-1.0563446283340454,388,,,,,,,,,,,,
388,388,0.5625,-84.62330627441406,-0.47720658779144287,21953.42230197,0.6349,48.86861041429618,-0.009532514959573746,3.6295642683023376e-07,0.4157926381187788,-82.55532836914062,-0.7066090703010559,-0.5340203046798706,1740733376.0588472,-0.6970765590667725,389,,,,,,,,,,,,
389,389,0.4375,-112.79405975341797,-0.6323102116584778,22001.846477779,0.6493,49.71709512098291,0.19555066525936127,3.6212251509458857e-07,0.4168615137951767,-114.13358306884766,-0.9891571998596191,-0.6188933253288269,1740733424.479977,-1.184707760810852,390,,,,,,,,,,,,
390,390,0.75,-85.41458129882812,-0.4591876268386841,22049.898277635,0.6048,48.40775668454805,0.0855543464422226,3.612870387706375e-07,0.41793038947157457,-84.73492431640625,-0.6176085472106934,-0.4149603843688965,1740733472.5285466,-0.7031628489494324,391,,,,,,,,,,,,
391,391,0.6875,-91.48060607910156,-0.5404316186904907,22098.040567272,0.6383,46.641560225006856,0.1504509001970291,3.6045000951684596e-07,0.4189992651479725,-93.74221801757812,-0.7224360704421997,-0.5944547057151794,1740733520.7162797,-0.8728869557380676,392,,,,,,,,,,,,
392,392,0.875,-80.64286041259766,-0.4242907464504242,22146.650271744,0.5693,45.974769087421485,0.6234176158905029,3.596114390133498e-07,0.4200681408243704,-78.67045593261719,-0.6186555624008179,-0.4466574490070343,1740733569.2838733,-1.2420732975006104,393,,,,,,,,,,,,
393,393,0.625,-109.79646301269531,-0.7184250354766846,22195.035183086,0.5995,48.551049408826756,0.29884326457977295,3.587713389617916e-07,0.42113701650076824,-111.68833923339844,-1.0488024950027466,-0.5892810225486755,1740733617.670642,-1.34764564037323,394,,,,,,,,,,,,
394,394,0.625,-101.99639129638672,-0.5545839667320251,22243.510346045,0.6319,55.753288395166415,0.33069726824760437,3.5792972108515754e-07,0.42220589217716614,-104.15744018554688,-0.6875234842300415,-0.5208809971809387,1740733666.1445918,-1.0182207822799683,395,,,,,,,,,,,,
395,395,0.875,-74.38560485839844,-0.6767598986625671,22291.79032054,0.5913,49.95678877977988,0.6046241521835327,3.570865971276144e-07,0.42327476785356405,-72.4652328491211,-0.6053538918495178,-0.5233095288276672,1740733714.4233062,-1.2099779844284058,396,,,,,,,,,,,,
396,396,0.6875,-86.7712173461914,-0.6148576140403748,22339.826372661,0.6216,45.065022753761134,0.3079802691936493,3.5624197885434485e-07,0.4243436435299619,-79.77241516113281,-0.6507306694984436,-0.6391322612762451,1740733762.5019455,-0.958710789680481,397,,,,,,,,,,,,
397,397,0.625,-120.53677368164062,-0.4479788541793823,22388.134316296,0.6137,48.018343578515754,0.3784608542919159,3.553958780513838e-07,0.4254125192063598,-101.02708435058594,-1.0334919691085815,-0.5625631809234619,1740733810.7642014,-1.4119528532028198,398,,,,,,,,,,,,
398,398,0.8125,-85.8619155883789,-0.6196925640106201,22436.434318937,0.6621,50.906687003220775,0.12770836055278778,3.545483065254537e-07,0.4264813948827577,-86.22846221923828,-0.9347807765007019,-0.5098003149032593,1740733859.064415,-1.0624891519546509,399,,,,,,,,,,,,
399,399,0.75,-94.3597183227539,-0.4965463876724243,22484.886359088,0.6221,50.66819343512968,0.04748426377773285,3.5369927610380004e-07,0.42755027055915557,-95.74964141845703,-0.7210689187049866,-0.60526043176651,1740733907.5163496,-0.7685533165931702,400,,,,,,,,,,,,
400,400,,,,23268.840286215,,,,,0.42755027055915557,,,,1740734691.515973,,400,-0.7599865198135376,0.24013863503932953,-0.5618138313293457,0.6226134300231934,-95.59929656982422,-1.0001251697540283,-90.90617370605469,-0.5647695660591125,0.626,2.501,0.6456211805343628,783.992
401,401,0.4375,-116.82506561279297,-0.5036371946334839,23316.950416639,0.6894,53.5347009876587,-0.07744521647691727,3.5284879863402583e-07,0.42861914623555347,-105.3489990234375,-0.8854694366455078,-0.5013072490692139,1740734739.5827415,-0.8080241680145264,401,,,,,,,,,,,,
402,402,0.625,-69.46707153320312,-0.5391787886619568,23365.018379553,0.6587,51.12501960882221,0.2665342390537262,3.51996885983927e-07,0.4296880219119514,-63.43046188354492,-0.6732355952262878,-0.46309196949005127,1740734787.6482568,-0.9397698044776917,402,,,,,,,,,,,,
403,403,0.625,-67.82255554199219,-0.4542499780654907,23412.822268315,0.6467,45.745550069161986,0.02218686044216156,3.511435500413259e-07,0.43075689758834923,-60.859676361083984,-0.5709144473075867,-0.469462513923645,1740734835.4594116,-0.5931013226509094,403,,,,,,,,,,,,
404,404,0.6875,-85.2359619140625,-0.6840960383415222,23462.631187993,0.6835,52.11188484165561,0.5465627312660217,3.502888027139064e-07,0.43182577326474714,-75.33758544921875,-0.7036421298980713,-0.5393381118774414,1740734885.3068635,-1.2502048015594482,404,,,,,,,,,,,,
405,405,0.5,-80.70842742919922,-0.5451012849807739,23510.511757245,0.6269,44.67574785776435,0.26077428460121155,3.494326559290469e-07,0.43289464894114504,-82.68822479248047,-0.5556508898735046,-0.665101170539856,1740734933.1873448,-0.8164252042770386,405,,,,,,,,,,,,
406,406,0.5,-86.78551483154297,-0.36266466975212097,23558.738435581,0.6598,46.70595823741131,0.159397691488266,3.4857512163365423e-07,0.4339635246175429,-88.9319839477539,-0.9923862814903259,-0.4198179543018341,1740734981.375505,-1.1517839431762695,406,,,,,,,,,,,,
407,407,0.5,-91.86384582519531,-0.8156484365463257,23606.774340323,0.7143,53.77112584564969,0.06439416110515594,3.4771621179399694e-07,0.4350324002939408,-105.83281707763672,-0.9171579480171204,-0.6630879044532776,1740735029.4110157,-0.9815521240234375,407,,,,,,,,,,,,
408,408,0.375,-91.95267486572266,-0.46803396940231323,23654.830398888,0.6656,49.91195454379283,0.07235117256641388,3.468559383955385e-07,0.4361012759703387,-99.7257308959961,-0.9602581262588501,-0.5720580816268921,1740735077.461195,-1.0326093435287476,408,,,,,,,,,,,,
409,409,0.4375,-83.64075469970703,-0.6487364172935486,23702.816600109,0.6249,53.896105698286185,-0.069518081843853,3.4599431344276966e-07,0.4371701516467366,-82.74687957763672,-0.9539632201194763,-0.5925710797309875,1740735125.4922204,-0.8844451308250427,409,,,,,,,,,,,,
410,410,0.8125,-133.48919677734375,-0.48049819469451904,23750.859021741,0.5612,42.283752885930774,0.3930181562900543,3.45131348959041e-07,0.43823902732313447,-134.10218811035156,-0.8056269884109497,-0.5355431437492371,1740735173.5346518,-1.1986452341079712,410,,,,,,,,,,,,
411,411,0.5625,-76.10716247558594,-0.4510011374950409,23798.926409343,0.6837,49.195233279305526,0.1696108877658844,3.4426705698639556e-07,0.4393079029995324,-75.2105941772461,-0.6778779029846191,-0.5413129925727844,1740735221.5572007,-0.8474888205528259,411,,,,,,,,,,,,
412,412,0.6875,-94.04093933105469,-0.44177716970443726,23846.851163068,0.5947,46.123183228518265,0.35997849702835083,3.434014495854005e-07,0.4403767786759303,-96.18157958984375,-0.6110738515853882,-0.555448591709137,1740735269.4797459,-0.971052348613739,412,,,,,,,,,,,,
413,413,0.75,-118.75947570800781,-0.6007903814315796,23894.862373241,0.6131,43.7121380702657,0.5232279300689697,3.4253453883497864e-07,0.44144565435232813,-118.1312255859375,-0.6624575853347778,-0.829620897769928,1740735317.4987054,-1.185685634613037,413,,,,,,,,,,,,
414,414,0.5625,-87.51785278320312,-0.4213368594646454,23942.897399146,0.6267,49.92314537702107,0.302217036485672,3.416663368322401e-07,0.44251453002872604,-87.23828887939453,-0.9651293754577637,-0.3922651708126068,1740735365.572934,-1.2673462629318237,414,,,,,,,,,,,,
415,415,0.5,-87.2059555053711,-0.6372740268707275,23990.867828312,0.6028,46.95420792489625,0.09203461557626724,3.407968556923137e-07,0.44358340570512395,-71.17314147949219,-0.6545765995979309,-0.6604376435279846,1740735413.5435557,-0.7466111779212952,415,,,,,,,,,,,,
416,416,0.6875,-90.94011688232422,-0.4148341417312622,24038.950416324,0.5955,41.76867115014216,0.3513997793197632,3.3992610754817756e-07,0.4446522813815218,-83.05266571044922,-0.7890090346336365,-0.4794537425041199,1740735461.5826733,-1.140408992767334,416,,,,,,,,,,,,
417,417,0.75,-92.84514617919922,-0.5723062753677368,24086.82231752,0.6666,50.76606171613759,0.4237184226512909,3.3905410455049e-07,0.4457211570579197,-94.26747131347656,-0.8911062479019165,-0.6430555582046509,1740735509.4554667,-1.3148248195648193,417,,,,,,,,,,,,
418,418,0.5,-106.54215240478516,-0.4562531113624573,24134.778401294,0.5939,45.76710322105429,0.2888473570346832,3.3818085886741967e-07,0.4467900327343176,-99.86882019042969,-0.5715322494506836,-0.598916232585907,1740735557.4115746,-0.860379695892334,418,,,,,,,,,,,,
419,419,0.5,-104.56050109863281,-0.6325303316116333,24182.716229458,0.6726,68.04266752698929,0.07777860760688782,3.3730638268447637e-07,0.44785890841071546,-103.2090072631836,-0.981962263584137,-0.6451611518859863,1740735605.3918974,-1.0597409009933472,419,,,,,,,,,,,,
420,420,0.5,-84.8879165649414,-0.6852466464042664,24230.669146966,0.6944,50.25695611950484,0.27182111144065857,3.364306882043403e-07,0.44892778408711337,-71.39209747314453,-0.9055124521255493,-0.6612792611122131,1740735653.3448992,-1.1773337125778198,420,,,,,,,,,,,,
421,421,0.625,-100.23341369628906,-0.6994134783744812,24278.686431681,0.6415,49.577761101966864,0.19871263206005096,3.355537876466923e-07,0.4499966597635113,-88.24723052978516,-0.8826247453689575,-0.7408303022384644,1740735701.3217165,-1.081337332725525,421,,,,,,,,,,,,
422,422,0.5625,-82.77555084228516,-0.5216224193572998,24326.774289326,0.6063,45.594268975851996,0.4032922685146332,3.34675693248043e-07,0.4510655354399091,-84.77490997314453,-0.9014955759048462,-0.5147278308868408,1740735749.4074862,-1.3047877550125122,422,,,,,,,,,,,,
423,423,0.5625,-76.73002624511719,-0.4057178497314453,24374.72229346,0.6764,48.5995005291996,-0.24064022302627563,3.3379641726156236e-07,0.45213441111630703,-73.95791625976562,-1.163072109222412,-0.4810362160205841,1740735797.3556318,-0.9224318265914917,423,,,,,,,,,,,,
424,424,0.5625,-83.48739624023438,-0.5987726449966431,24422.697635335,0.5828,44.222819821303986,0.3098287284374237,3.329159719569085e-07,0.45320328679270494,-83.92532348632812,-0.8832216262817383,-0.5558817386627197,1740735845.3733795,-1.1930502653121948,424,,,,,,,,,,,,
425,425,0.6875,-78.47956085205078,-0.5795204639434814,24470.360084513,0.6165,43.547596825391075,0.1692950427532196,3.3203436962005655e-07,0.4542721624691028,-80.25473022460938,-0.7573902606964111,-0.5187828540802002,1740735893.0358253,-0.9266853332519531,425,,,,,,,,,,,,
426,426,0.5,-68.42132568359375,-0.4713621437549591,24518.398260558,0.6201,43.66916661745052,0.2019941210746765,3.3115162255312713e-07,0.4553410381455007,-68.8938980102539,-0.9868242740631104,-0.4832455813884735,1740735941.0285087,-1.1888184547424316,426,,,,,,,,,,,,
427,427,0.625,-88.86109924316406,-0.510910153388977,24566.286324339,0.6227,45.25282763227003,0.5470724105834961,3.302677430742147e-07,0.4564099138218986,-90.51875305175781,-0.8338115811347961,-0.507161021232605,1740735988.9228432,-1.3808839321136475,427,,,,,,,,,,,,
428,428,0.8125,-83.23683166503906,-0.5937302708625793,24614.169266757,0.6158,47.04543646612773,0.6341416835784912,3.2938274351721584e-07,0.45747878949829646,-75.88224792480469,-0.5944040417671204,-0.5599808096885681,1740736036.8032136,-1.2285457849502563,428,,,,,,,,,,,,
429,429,0.8125,-80.03079986572266,-0.5067075490951538,24661.958441934,0.6787,56.80226339043634,0.33330851793289185,3.284966362316568e-07,0.45854766517469436,-71.4404525756836,-0.6793955564498901,-0.5230505466461182,1740736084.5892198,-1.0127040147781372,429,,,,,,,,,,,,
430,430,0.75,-87.44123840332031,-0.5789139866828918,24709.861609407,0.6656,49.85562728502823,0.430957555770874,3.276094335825216e-07,0.45961654085109227,-77.69639587402344,-0.5910341143608093,-0.677919328212738,1740736132.5372038,-1.0219917297363281,430,,,,,,,,,,,,
431,431,0.8125,-121.43746948242188,-0.6615903377532959,24757.9862812,0.5284,40.509229448096704,0.5685752630233765,3.267211479500792e-07,0.4606854165274901,-119.97114562988281,-0.9829832315444946,-0.5977652072906494,1740736180.6196744,-1.551558494567871,431,,,,,,,,,,,,
432,432,0.5,-74.9048843383789,-0.42782828211784363,24805.686428129,0.5888,44.41299054801104,-0.00432001706212759,3.2583179172971077e-07,0.46175429220388803,-73.29690551757812,-0.8691228032112122,-0.6313766837120056,1740736228.3193388,-0.8648027777671814,432,,,,,,,,,,,,
433,433,0.6875,-57.52079772949219,-0.3821679949760437,24853.93033458,0.5617,46.108037745415736,0.18649600446224213,3.249413773317366e-07,0.46282316788028594,-60.696876525878906,-0.6957032680511475,-0.5147397518157959,1740736276.5606263,-0.8821992874145508,433,,,,,,,,,,,,
434,434,0.6875,-80.96602630615234,-0.45025140047073364,24901.858291554,0.6312,49.048983942201446,0.2114274799823761,3.240499171812434e-07,0.4638920435566838,-74.2918701171875,-0.8119384050369263,-0.5161371231079102,1740736324.48894,-1.0233657360076904,434,,,,,,,,,,,,
435,435,0.75,-92.94517517089844,-0.46053117513656616,24949.975255392,0.7194,53.15617734021731,0.3697202801704407,3.2315742371791046e-07,0.4649609192330817,-87.31053161621094,-0.9533175230026245,-0.422122597694397,1740736372.6509368,-1.32303786277771,435,,,,,,,,,,,,
436,436,0.875,-93.14812469482422,-0.6061105132102966,24997.846435649,0.5444,47.346474726235094,0.5777905583381653,3.2226390939583604e-07,0.4660297949094796,-85.8990707397461,-0.5484282970428467,-0.6954509019851685,1740736420.4764457,-1.1262189149856567,436,,,,,,,,,,,,
437,437,0.5,-80.5279769897461,-0.49957966804504395,25045.714381483,0.6229,43.86366624578075,0.193739652633667,3.21369386683364e-07,0.4670986705858775,-88.71855163574219,-0.6928190588951111,-0.5006489157676697,1740736468.3457546,-0.8865587711334229,437,,,,,,,,,,,,
438,438,0.625,-84.602783203125,-0.6321673393249512,25093.746586899,0.6163,44.734012770948034,0.43634942173957825,3.2047386806290936e-07,0.46816754626227536,-75.11674499511719,-0.8631775975227356,-0.6525075435638428,1740736516.3802943,-1.2995269298553467,438,,,,,,,,,,,,
439,439,0.6875,-81.77320098876953,-0.5684038996696472,25141.826393065,0.6118,43.64079170303887,0.46051865816116333,3.1957736603078455e-07,0.46923642193867326,-69.71236419677734,-0.7932991981506348,-0.6449746489524841,1740736564.459247,-1.2538179159164429,439,,,,,,,,,,,,
440,440,0.6875,-98.41722106933594,-0.6878880858421326,25189.884053042,0.6044,44.858011291537444,0.4039163291454315,3.1867989309702437e-07,0.47030529761507117,-110.63693237304688,-1.1265840530395508,-0.6101499199867249,1740736612.5597343,-1.5305004119873047,440,,,,,,,,,,,,
441,441,0.625,-71.39707946777344,-0.5664790868759155,25237.710435672,0.7325,47.413687177540886,-0.024288639426231384,3.177814617852124e-07,0.471374173291469,-73.69178009033203,-0.9574673771858215,-0.6195672154426575,1740736660.3424182,-0.9331786632537842,441,,,,,,,,,,,,
442,442,0.4375,-94.64993286132812,-0.6605492830276489,25285.942277958,0.7025,64.08837995591992,-0.20723244547843933,3.168820846323053e-07,0.47244304896786693,-102.5977554321289,-0.8975440859794617,-0.6276253461837769,1740736708.5800197,-0.6903116703033447,442,,,,,,,,,,,,
443,443,0.5625,-87.22403717041016,-0.5694769024848938,25333.84652707,0.6353,48.620967536387774,-0.07110430300235748,3.159817741884582e-07,0.47351192464426484,-83.08137512207031,-0.801874577999115,-0.629438042640686,1740736756.4803805,-0.7307703495025635,443,,,,,,,,,,,,
444,444,0.75,-84.23905181884766,-0.6244165897369385,25381.91034055,0.5812,47.48414965952527,0.21253228187561035,3.1508054301684987e-07,0.4745808003206627,-89.86662292480469,-0.887306809425354,-0.6479412317276001,1740736804.5428054,-1.099839210510254,444,,,,,,,,,,,,
445,445,0.4375,-93.61024475097656,-0.48547762632369995,25429.986630195,0.6626,50.325037406058094,-0.03179154545068741,3.141784036935073e-07,0.4756496759970606,-80.71665954589844,-0.8118458986282349,-0.6927606463432312,1740736852.6623409,-0.7800544500350952,445,,,,,,,,,,,,
446,446,0.75,-73.64306640625,-0.4900791347026825,25478.062325267,0.6168,48.91445352995795,0.39595669507980347,3.132753688071297e-07,0.4767185516734585,-72.42658996582031,-0.8103950023651123,-0.47987908124923706,1740736900.6954176,-1.2063517570495605,446,,,,,,,,,,,,
447,447,0.625,-77.2211685180664,-0.732180655002594,25525.886311815,0.6478,47.001691593629396,0.1939031183719635,3.1237145095891324e-07,0.47778742734985635,-75.15289306640625,-0.8107647895812988,-0.5611140131950378,1740736948.523487,-1.00466787815094,447,,,,,,,,,,,,
448,448,0.4375,-64.63768768310547,-0.45646747946739197,25573.862558562,0.6412,48.46868886128166,0.0043636951595544815,3.1146666276237554e-07,0.47885630302625426,-59.564247131347656,-0.6754847168922424,-0.41902822256088257,1740736996.4962995,-0.6798484325408936,448,,,,,,,,,,,,
449,449,0.6875,-86.9598159790039,-0.5195544958114624,25622.154285449,0.676,52.24725216561878,0.12380111962556839,3.1056101684317903e-07,0.47992517870265217,-82.61640930175781,-0.7610451579093933,-0.5571819543838501,1740737044.7869906,-0.8848462104797363,449,,,,,,,,,,,,
450,450,0.5625,-87.00794982910156,-0.5407547354698181,25670.228719166,0.6958,56.64477860298926,0.03166445344686508,3.096545258389551e-07,0.48099405437905,-77.26643371582031,-0.8633497953414917,-0.5536372661590576,1740737092.9043362,-0.895014226436615,450,,,,,,,,,,,,
451,451,0.5625,-88.97362518310547,-0.6903908848762512,25718.250347766,0.658,46.66453510338832,0.08034645766019821,3.0874720239912745e-07,0.4820629300554479,-81.6171646118164,-0.9340776205062866,-0.6990761756896973,1740737140.882368,-1.0144240856170654,451,,,,,,,,,,,,
452,452,0.6875,-98.89016723632812,-0.5478792190551758,25766.310375203,0.6247,54.727846292175855,0.318897545337677,3.078390591847363e-07,0.48313180573184583,-98.4124984741211,-0.8858718872070312,-0.5915610194206238,1740737188.9439974,-1.2047693729400635,452,,,,,,,,,,,,
453,453,0.75,-100.77792358398438,-0.5567957162857056,25814.502319032,0.5581,44.3632147534888,0.3190847337245941,3.069301088682609e-07,0.4842006814082437,-110.212890625,-0.9436636567115784,-0.4726046919822693,1740737237.1322315,-1.2627484798431396,453,,,,,,,,,,,,
454,454,0.5625,-80.71680450439453,-0.6028765439987183,25862.450324485,0.6332,52.339244624391426,0.08249848335981369,3.0602036413344303e-07,0.4852695570846416,-87.49486541748047,-0.9088982343673706,-0.5754033923149109,1740737285.0817232,-0.9913966655731201,454,,,,,,,,,,,,
455,455,0.5625,-66.8944320678711,-0.33654141426086426,25910.516912836,0.6592,49.295421096223656,0.130473792552948,3.0510983767511004e-07,0.4863384327610395,-77.63407897949219,-0.8929129242897034,-0.337188720703125,1740737333.1925023,-1.0233867168426514,455,,,,,,,,,,,,
456,456,0.625,-85.56609344482422,-0.6567509770393372,25958.470526715,0.6693,53.281977837951835,-0.07644011080265045,3.0419854219899783e-07,0.48740730843743735,-89.52554321289062,-1.1094491481781006,-0.5474928021430969,1740737381.1019099,-1.0330091714859009,456,,,,,,,,,,,,
457,457,0.75,-106.63050842285156,-0.5871469974517822,26006.546457022,0.5748,48.78639788391487,0.43810319900512695,3.032864904215731e-07,0.48847618411383525,-97.10655975341797,-0.7508565187454224,-0.6341310739517212,1740737429.1782582,-1.1889595985412598,457,,,,,,,,,,,,
458,458,0.625,-103.07708740234375,-0.5850813388824463,26054.458391643,0.6519,53.47142857590571,0.15701305866241455,3.0237369506985643e-07,0.48954505979023316,-88.25813293457031,-0.7169938683509827,-0.7363219261169434,1740737477.0880554,-0.8740069270133972,458,,,,,,,,,,,,
459,459,0.6875,-70.59992218017578,-0.7501147389411926,26102.466397906,0.6326,43.86648986420458,0.29198917746543884,3.014601688812442e-07,0.490613935466631,-64.154052734375,-0.5588822364807129,-0.7112821936607361,1740737525.1165762,-0.8508715033531189,459,,,,,,,,,,,,
460,460,0.5,-100.11553955078125,-0.6719510555267334,26150.412936444,0.6491,49.2432402624588,-0.07528169453144073,3.005459246033313e-07,0.4916828111430289,-105.08607482910156,-1.2763599157333374,-0.5266493558883667,1740737573.0886395,-1.2010782957077026,460,,,,,,,,,,,,
461,461,0.5625,-66.49388122558594,-0.40915927290916443,26198.54230209,0.6526,54.69486475316422,0.1479167491197586,2.996309749937331e-07,0.4927516868194268,-59.10443878173828,-0.6463421583175659,-0.5004953145980835,1740737621.1775296,-0.7942588925361633,461,,,,,,,,,,,,
462,462,0.8125,-81.38170623779297,-0.5905106663703918,26246.538379442,0.6382,46.82508596898642,0.36939096450805664,2.987153328199069e-07,0.4938205624958247,-69.43966674804688,-0.923847496509552,-0.5876032710075378,1740737669.170779,-1.2932385206222534,462,,,,,,,,,,,,
463,463,0.375,-147.82398986816406,-0.6747600436210632,26294.726350142,0.6339,57.17673649746964,0.12368486821651459,2.977990108589747e-07,0.4948894381722226,-149.75979614257812,-1.287200927734375,-0.5768009424209595,1740737717.3634148,-1.4108858108520508,463,,,,,,,,,,,,
464,464,0.8125,-71.7630615234375,-0.9186818599700928,26342.663204596,0.6114,46.80598881646241,0.3008086085319519,2.968820218975445e-07,0.4959583138486205,-96.0783920288086,-0.8203130960464478,-0.6109235882759094,1740737765.3389115,-1.1211217641830444,464,,,,,,,,,,,,
465,465,0.5,-73.09944152832031,-0.419342577457428,26390.804476762,0.6792,51.3409711282197,0.11830481141805649,2.9596437873153133e-07,0.4970271895250184,-77.4810562133789,-0.7228992581367493,-0.38746389746665955,1740737813.4802134,-0.841204047203064,465,,,,,,,,,,,,
466,466,0.5625,-87.70018768310547,-0.6311799883842468,26438.834342351,0.7204,52.3643649242175,0.017440643161535263,2.9504609416597955e-07,0.49809606520141625,-94.16146850585938,-0.7569252848625183,-0.5855913162231445,1740737861.4685678,-0.7743659019470215,466,,,,,,,,,,,,
467,467,0.5625,-102.57575225830078,-0.555814802646637,26487.038507429,0.6032,47.95130399000515,0.014369301497936249,2.941271810148836e-07,0.49916494087781416,-92.16728973388672,-0.9600350856781006,-0.671422004699707,1740737909.6697068,-0.9744042754173279,467,,,,,,,,,,,,
468,468,0.75,-108.22293853759766,-0.7083711624145508,26535.294283329,0.6307,50.59611108872566,0.3893168568611145,2.932076521010095e-07,0.5002338165542121,-109.95191955566406,-0.7777187824249268,-0.7597547769546509,1740737957.9307082,-1.167035698890686,468,,,,,,,,,,,,
469,469,0.6875,-68.94648742675781,-0.47014936804771423,26582.917121315,0.6031,46.845253121914354,0.31754016876220703,2.9228752025571574e-07,0.50130269223061,-66.05159759521484,-0.9484516382217407,-0.5149499177932739,1740738005.5928075,-1.2659916877746582,469,,,,,,,,,,,,
470,470,0.6875,-98.66064453125,-0.7306466698646545,26630.954997699,0.6242,42.0029438403709,0.28493571281433105,2.913667983187742e-07,0.5023715679070078,-111.32511901855469,-0.9359434247016907,-0.5930452942848206,1740738053.630653,-1.2208791971206665,470,,,,,,,,,,,,
471,471,0.5,-96.25983428955078,-0.22579793632030487,26678.855314777,0.6475,45.43457152373022,0.04189241677522659,2.9044549913819124e-07,0.5034404435834057,-95.15635681152344,-1.0106875896453857,-0.36951515078544617,1740738101.4854608,-1.0525799989700317,471,,,,,,,,,,,,
472,472,0.6875,-84.49465942382812,-0.5337231755256653,26726.654284153,0.599,45.07864121941391,0.5800448060035706,2.8952363557002794e-07,0.5045093192598036,-74.92009735107422,-0.7102307081222534,-0.6634109020233154,1740738149.2840455,-1.2902754545211792,472,,,,,,,,,,,,
473,473,0.6875,-97.28502655029297,-0.5650209784507751,26774.526460042,0.5674,45.612878575964935,0.26240843534469604,2.886012204782215e-07,0.5055781949362015,-76.71688079833984,-0.7432593107223511,-0.6364824771881104,1740738197.156615,-1.005667805671692,473,,,,,,,,,,,,
474,474,0.5,-84.26866149902344,-0.5118392705917358,26822.018330972,0.6338,46.29198366344599,-0.13127458095550537,2.8767826673440467e-07,0.5066470706125994,-71.02122497558594,-1.0569791793823242,-0.6442146301269531,1740738244.6538568,-0.9257046580314636,474,,,,,,,,,,,,
475,475,0.75,-119.35723114013672,-0.5687201023101807,26869.900591951,0.5625,45.184522590931415,0.7403022646903992,2.867547872177271e-07,0.5077159462889973,-109.2599868774414,-0.6744391918182373,-0.5002740621566772,1740738292.5761862,-1.4147415161132812,475,,,,,,,,,,,,
476,476,0.75,-85.49268341064453,-0.4220723509788513,26917.754372812,0.5593,43.004011516919064,0.5668208599090576,2.8583079481467505e-07,0.5087848219653951,-89.05431365966797,-0.9731923341751099,-0.32517772912979126,1740738340.387941,-1.540013313293457,476,,,,,,,,,,,,
477,477,0.625,-86.32621002197266,-0.5764687657356262,26965.530294362,0.5953,43.90435661124526,0.22525766491889954,2.849063024188917e-07,0.509853697641793,-82.1358871459961,-0.8007814288139343,-0.4747803509235382,1740738388.1608107,-1.0260391235351562,477,,,,,,,,,,,,
478,478,0.6875,-92.51087951660156,-0.752434253692627,27013.354620492,0.6716,53.342784319437,0.3838219940662384,2.839813229309973e-07,0.5109225733181909,-102.48468780517578,-0.8541472554206848,-0.759757399559021,1740738435.9875286,-1.237969160079956,478,,,,,,,,,,,,
479,479,0.875,-78.81271362304688,-0.2862488031387329,27061.17026745,0.5485,46.929606430063274,0.749238908290863,2.830558692584092e-07,0.5119914489945888,-62.767662048339844,-0.5977256298065186,-0.45381730794906616,1740738483.8015866,-1.3469645977020264,479,,,,,,,,,,,,
480,480,0.875,-59.520626068115234,-0.5214807391166687,27108.748902719,0.5697,42.43275983658909,0.4228299558162689,2.8212995431516163e-07,0.5130603246709867,-63.529510498046875,-0.6783486604690552,-0.5248812437057495,1740738531.424692,-1.1011786460876465,480,,,,,,,,,,,,
481,481,0.8125,-109.24339294433594,-0.6912493705749512,27156.606619557,0.5341,43.031630392445706,0.4403502643108368,2.8120359102172534e-07,0.5141292003473846,-102.90397644042969,-0.8731061816215515,-0.6545184254646301,1740738579.2374828,-1.313456416130066,481,,,,,,,,,,,,
482,482,0.5,-110.76424407958984,-0.6193800568580627,27204.442402851,0.6227,47.35952512367064,0.21547579765319824,2.8027679230482776e-07,0.5151980760237825,-87.96321105957031,-1.0753655433654785,-0.7117185592651367,1740738627.0748026,-1.2908413410186768,482,,,,,,,,,,,,
483,483,0.625,-100.52784729003906,-0.6108538508415222,27252.314386483,0.588,46.45710607367745,0.5910617709159851,2.793495710972722e-07,0.5162669517001803,-90.51325225830078,-0.6422181129455566,-0.7714732885360718,1740738674.9458644,-1.2332799434661865,483,,,,,,,,,,,,
484,484,0.6875,-63.95499801635742,-0.4178091883659363,27300.002468361,0.5918,43.33720438874851,0.25248605012893677,2.7842194033775743e-07,0.5173358273765782,-60.57014846801758,-0.8610066175460815,-0.5340596437454224,1740738722.6330483,-1.113492727279663,484,,,,,,,,,,,,
485,485,0.625,-130.3917999267578,-0.496219664812088,27347.886390412,0.6565,52.689315663930884,0.47544994950294495,2.7749391297069736e-07,0.5184047030529761,-129.8048858642578,-0.9027419090270996,-0.5748921632766724,1740738770.562073,-1.3781919479370117,485,,,,,,,,,,,,
486,486,0.5,-99.0325927734375,-0.593962550163269,27395.758293939,0.6151,45.09112490481054,0.1394750475883484,2.765655019460402e-07,0.519473578729374,-98.94638061523438,-0.9017802476882935,-0.5650544166564941,1740738818.389982,-1.041255235671997,486,,,,,,,,,,,,
487,487,0.6875,-97.39300537109375,-0.4648745357990265,27443.621216028,0.5986,46.1278134563333,0.30448830127716064,2.7563672021908794e-07,0.520542454405772,-81.85720825195312,-1.0165700912475586,-0.6155623197555542,1740738866.2967749,-1.3210585117340088,487,,,,,,,,,,,,
488,488,0.8125,-84.11302185058594,-0.6155200600624084,27491.434462336,0.5741,44.314572752584105,0.8143197298049927,2.747075807503153e-07,0.5216113300821699,-77.21607971191406,-0.5224448442459106,-0.5224165320396423,1740738914.065616,-1.3367645740509033,488,,,,,,,,,,,,
489,489,0.5625,-92.50325012207031,-0.5222713947296143,27539.394499892,0.657,49.96965763412761,0.050597138702869415,2.7377809650518896e-07,0.5226802057585677,-88.27189636230469,-1.035104513168335,-0.6347134113311768,1740738962.0256386,-1.085701584815979,489,,,,,,,,,,,,
490,490,0.6875,-88.3798828125,-0.6514992117881775,27587.094452541,0.6061,42.31565077983382,0.463581919670105,2.72848280453987e-07,0.5237490814349656,-89.91813659667969,-0.6017816066741943,-0.6929954886436462,1740739009.731564,-1.0653636455535889,490,,,,,,,,,,,,
491,491,0.6875,-68.33406066894531,-0.6491047739982605,27634.84244785,0.6067,43.59699917526687,0.2756299674510956,2.7191814557161734e-07,0.5248179571113635,-67.7611083984375,-0.7080090641975403,-0.6029638051986694,1740739057.4746473,-0.9836390614509583,491,,,,,,,,,,,,
492,492,0.75,-72.90558624267578,-0.5520211458206177,27682.602914493,0.629,48.983299949802145,0.5588589906692505,2.709877048374371e-07,0.5258868327877614,-70.96139526367188,-0.7190406322479248,-0.4450778663158417,1740739105.2784295,-1.2778996229171753,492,,,,,,,,,,,,
493,493,0.5625,-78.77572631835938,-0.6212108135223389,27730.434440498,0.6622,44.907634788767325,0.4050964117050171,2.7005697123507133e-07,0.5269557084641593,-85.70892333984375,-0.8876886963844299,-0.5499028563499451,1740739153.0635064,-1.2927850484848022,493,,,,,,,,,,,,
494,494,0.75,-78.86016082763672,-0.6312538981437683,27778.154323704,0.616,49.33521409754827,0.3806185722351074,2.691259577522317e-07,0.5280245841405572,-78.31580352783203,-0.6533898711204529,-0.5692694187164307,1740739200.785054,-1.034008502960205,494,,,,,,,,,,,,
495,495,0.6875,-85.77032470703125,-0.56142258644104,27825.918415161,0.6736,49.89939992254802,0.14964821934700012,2.681946773805357e-07,0.529093459816955,-90.87591552734375,-0.8182223439216614,-0.5871448516845703,1740739248.5493107,-0.9678705930709839,495,,,,,,,,,,,,
496,496,0.6875,-71.74116516113281,-0.44184279441833496,27873.62731866,0.6331,49.767408414009864,0.3391658365726471,2.6726314311532464e-07,0.5301623354933529,-61.61396789550781,-0.5519930720329285,-0.5128927230834961,1740739296.302956,-0.8911589980125427,496,,,,,,,,,,,,
497,497,0.625,-90.94116973876953,-0.7788036465644836,27921.337013073,0.6116,47.71461531936946,0.32102054357528687,2.6633136795548325e-07,0.5312312111697508,-85.88690185546875,-0.9116295576095581,-0.7459172010421753,1740739344.0127313,-1.2326500415802002,497,,,,,,,,,,,,
498,498,0.75,-81.17719268798828,-0.5846601724624634,27969.25028486,0.6246,47.89837102508469,0.3416728377342224,2.653993649032572e-07,0.5323000868461487,-81.2557601928711,-0.69020015001297,-0.669677734375,1740739391.8822339,-1.0318729877471924,498,,,,,,,,,,,,
499,499,0.5625,-68.11229705810547,-0.544978141784668,28016.990450177,0.6142,43.629094596635895,0.343899130821228,2.644671469640728e-07,0.5333689625225466,-57.497520446777344,-0.933916449546814,-0.646104097366333,1740739439.6212525,-1.277815580368042,499,,,,,,,,,,,,
500,500,0.8125,-107.04833984375,-0.5824087858200073,28064.890390372,0.5803,45.23120915748023,0.4731358289718628,2.635347271463544e-07,0.5344378381989445,-102.25396728515625,-0.9309902787208557,-0.631527304649353,1740739487.5227313,-1.4041261672973633,500,,,,,,,,,,,,
501,501,0.5625,-82.30573272705078,-0.5448095202445984,28112.374430886,0.6193,43.13751509746958,0.2502741813659668,2.6260211846134384e-07,0.5355067138753423,-82.75248718261719,-0.9658714532852173,-0.6340399384498596,1740739535.006302,-1.2161455154418945,501,,,,,,,,,,,,
502,502,0.625,-101.29268646240234,-0.5055661201477051,28160.502431866,0.5903,46.839471496187215,0.22301051020622253,2.616693339229184e-07,0.5365755895517402,-98.60675048828125,-0.9898110032081604,-0.5362677574157715,1740739583.1780145,-1.2128214836120605,502,,,,,,,,,,,,
503,503,0.6875,-90.68070220947266,-0.6970854997634888,28208.346516018,0.6764,49.63644771222721,0.2693200707435608,2.6073638654740903e-07,0.5376444652281381,-99.20875549316406,-0.6238160133361816,-0.6414117813110352,1740739630.9793608,-0.8931359648704529,503,,,,,,,,,,,,
504,504,0.75,-118.64579772949219,-0.5775417685508728,28256.126410095,0.6304,52.64158893524618,0.6348782777786255,2.5980328935341915e-07,0.538713340904536,-111.31320190429688,-0.9053350687026978,-0.5655229091644287,1740739678.7609992,-1.5402135848999023,504,,,,,,,,,,,,
505,505,0.5625,-101.81428527832031,-0.5486305356025696,28303.846485553,0.5925,44.874765372042475,0.10272017866373062,2.5887005536164286e-07,0.539782216580934,-101.43840789794922,-0.812086284160614,-0.6281408071517944,1740739726.4786322,-0.9148065447807312,505,,,,,,,,,,,,
506,506,0.5625,-111.38532257080078,-0.5460071563720703,28351.68239014,0.6069,49.989795680804626,0.14969852566719055,2.579366975946829e-07,0.5408510922573319,-120.86115264892578,-1.0769702196121216,-0.6054511070251465,1740739774.3157384,-1.2266687154769897,506,,,,,,,,,,,,
507,507,0.75,-83.74750518798828,-0.5614800453186035,28399.440767541,0.6164,49.25305348589679,0.19725295901298523,2.5700322907686946e-07,0.5419199679337298,-78.52456665039062,-0.644233763217926,-0.5675860643386841,1740739822.1164067,-0.8414866328239441,507,,,,,,,,,,,,
508,508,0.6875,-101.78400421142578,-0.5355552434921265,28447.182384806,0.6517,49.91677047685277,0.31236687302589417,2.56069662834078e-07,0.5429888436101276,-93.73493957519531,-0.6291112899780273,-0.691478431224823,1740739869.8144097,-0.9414780139923096,508,,,,,,,,,,,,
509,509,0.5,-99.55140686035156,-0.6932774186134338,28495.354321693,0.6505,49.020286654076514,0.055013954639434814,2.5513601189354784e-07,0.5440577192865255,-107.53411865234375,-1.0107769966125488,-0.579227089881897,1740739917.986133,-1.0657908916473389,509,,,,,,,,,,,,
510,510,0.75,-111.34925079345703,-0.6114334464073181,28543.222310801,0.5638,40.66496189851051,0.5276992917060852,2.542022892837e-07,0.5451265949629234,-95.32076263427734,-0.8643879890441895,-0.6093186140060425,1740739965.8544462,-1.3920872211456299,510,,,,,,,,,,,,
511,511,0.6875,-81.41988372802734,-0.5345903635025024,28591.182403447,0.6155,44.84808718725982,0.3539274334907532,2.5326850803395573e-07,0.5461954706393213,-80.35516357421875,-0.7463322281837463,-0.5370377898216248,1740740013.812865,-1.10025954246521,511,,,,,,,,,,,,
512,512,0.9375,-89.86742401123047,-0.5854841470718384,28638.873670637,0.5397,42.41630458014005,0.6708188652992249,2.5233468117455456e-07,0.5472643463157192,-77.12744903564453,-0.7021670341491699,-0.5905667543411255,1740740061.549383,-1.3729859590530396,512,,,,,,,,,,,,
513,513,0.5,-58.609535217285156,-0.32449841499328613,28686.790540593,0.6155,46.0813935730249,0.0965963751077652,2.5140082173637244e-07,0.5483332219921171,-58.47365188598633,-0.9188452363014221,-0.3728652000427246,1740740109.4209201,-1.015441656112671,513,,,,,,,,,,,,
514,514,0.625,-107.23365783691406,-0.6722344160079956,28734.76232928,0.6147,46.64120168313815,0.23229870200157166,2.504669427507399e-07,0.5494020976685149,-102.55284118652344,-0.867308497428894,-0.6784131526947021,1740740157.3933578,-1.099607229232788,514,,,,,,,,,,,,
515,515,0.625,-91.48377227783203,-0.572594404220581,28782.654396724,0.6538,46.119119879923524,0.3317832946777344,2.4953305724926015e-07,0.5504709733449128,-79.4090576171875,-0.8588263392448425,-0.4650435447692871,1740740205.2854223,-1.1906096935272217,515,,,,,,,,,,,,
516,516,0.5,-90.85858154296875,-0.6577649116516113,28830.274272126,0.6669,48.54191046344621,0.11626818776130676,2.485991782636276e-07,0.5515398490213107,-87.27234649658203,-1.0544118881225586,-0.6370927691459656,1740740252.9046814,-1.170680046081543,516,,,,,,,,,,,,
517,517,0.8125,-108.27657318115234,-0.6605348587036133,28878.126296521,0.5972,44.11435973069754,0.5438497066497803,2.476653188254454e-07,0.5526087246977086,-112.32495880126953,-1.0250072479248047,-0.5993661284446716,1740740300.8019774,-1.568856954574585,517,,,,,,,,,,,,
518,518,0.9375,-89.55734252929688,-0.5985270738601685,28926.130527935,0.5726,44.788494413854345,0.6803643703460693,2.4673149196604425e-07,0.5536776003741065,-89.60897064208984,-1.0295652151107788,-0.5826960206031799,1740740348.7615936,-1.7099294662475586,518,,,,,,,,,,,,
519,519,0.625,-110.35726928710938,-0.7292264699935913,28974.350293976,0.6128,46.56309251234528,0.18046265840530396,2.457977107163e-07,0.5547464760505044,-90.95503234863281,-0.9393010139465332,-0.7227613925933838,1740740396.9817917,-1.119763731956482,519,,,,,,,,,,,,
520,520,0.875,-62.88390350341797,-0.5606420040130615,29022.174310274,0.6514,53.23639537144346,0.4237414598464966,2.448639881064522e-07,0.5558153517269022,-58.85995864868164,-0.584211528301239,-0.43359577655792236,1740740444.8069801,-1.0079530477523804,520,,,,,,,,,,,,
521,521,0.625,-71.36076354980469,-0.3787008225917816,29069.910342008,0.6509,48.68240040431687,0.27000200748443604,2.4393033716592194e-07,0.5568842274033001,-61.40945816040039,-0.8985235691070557,-0.40853455662727356,1740740492.5420227,-1.1685255765914917,521,,,,,,,,,,,,
522,522,0.8125,-115.2950210571289,-0.5609174966812134,29117.835166827,0.6112,49.47977276406701,0.6159132719039917,2.429967709231306e-07,0.557953103079698,-99.60343933105469,-0.8595583438873291,-0.6179968118667603,1740740540.510777,-1.4754717350006104,522,,,,,,,,,,,,
523,523,0.75,-96.61629486083984,-0.6870315074920654,29165.79447028,0.5756,50.79180818002725,0.5688955783843994,2.420633024053171e-07,0.5590219787560959,-103.512451171875,-0.9836181402206421,-0.7072874307632446,1740740588.4251673,-1.552513837814331,523,,,,,,,,,,,,
524,524,0.6875,-89.50914001464844,-0.5725542902946472,29213.378469966,0.6607,43.00979279093517,0.33508458733558655,2.411299446383571e-07,0.5600908544324938,-83.51834869384766,-0.659492552280426,-0.6183898448944092,1740740636.0540738,-0.9945772886276245,524,,,,,,,,,,,,
525,525,0.5625,-104.87275695800781,-0.5040766596794128,29261.322388586,0.6624,52.96816499818193,0.33163389563560486,2.401967106465808e-07,0.5611597301088918,-101.63630676269531,-0.8629576563835144,-0.5079349279403687,1740740683.9549453,-1.1945914030075073,525,,,,,,,,,,,,
526,526,0.8125,-78.4483642578125,-0.5987122654914856,29309.058308015,0.5803,45.20774502212134,0.45618969202041626,2.3926361345259095e-07,0.5622286057852895,-72.05754852294922,-0.7102652788162231,-0.6998128294944763,1740740731.6881788,-1.1664549112319946,526,,,,,,,,,,,,
527,527,0.75,-83.68350219726562,-0.5588124990463257,29356.79447361,0.5601,46.81638572555394,0.3565026521682739,2.383306660770817e-07,0.5632974814616875,-78.53823852539062,-0.9664063453674316,-0.40994369983673096,1740740779.4258935,-1.3229091167449951,527,,,,,,,,,,,,
528,528,0.625,-108.50199890136719,-0.4174503684043884,29404.714479975,0.6786,50.92434894476245,0.07243787497282028,2.3739788153865616e-07,0.5643663571380854,-102.08866882324219,-1.1981751918792725,-0.5109856128692627,1740740827.3446333,-1.270613193511963,528,,,,,,,,,,,,
529,529,0.6875,-88.74848175048828,-0.3776347041130066,29452.561493308,0.5675,41.83653340665104,0.36404526233673096,2.3646527285364563e-07,0.5654352328144833,-66.47483825683594,-0.6171087622642517,-0.5139979124069214,1740740875.23714,-0.9811541438102722,529,,,,,,,,,,,,
530,530,0.875,-78.06008911132812,-0.6638942360877991,29500.266285939,0.616,47.64211631742469,0.34077149629592896,2.355328530359273e-07,0.5665041084908812,-84.12586212158203,-0.873734712600708,-0.6537299156188965,1740740922.903516,-1.2145062685012817,530,,,,,,,,,,,,
531,531,0.625,-104.94235229492188,-0.6197711825370789,29548.218448508,0.6792,51.26995271212577,0.08851790428161621,2.3460063509674278e-07,0.5675729841672791,-106.50699615478516,-1.0883454084396362,-0.67729252576828,1740740970.8506508,-1.176863431930542,531,,,,,,,,,,,,
532,532,0.8125,-109.75967407226562,-0.6754127144813538,29596.094463399,0.6994,51.45618255666045,-0.10135621577501297,2.3366863204451676e-07,0.5686418598436769,-110.03174591064453,-1.1621184349060059,-0.6376842856407166,1740741018.7281485,-1.0607620477676392,532,,,,,,,,,,,,
533,533,0.75,-97.14679718017578,-0.6026887893676758,29643.910415046,0.5671,41.081452759940035,0.5241524577140808,2.3273685688467536e-07,0.5697107355200748,-92.3107681274414,-0.8451406955718994,-0.6544683575630188,1740741066.541404,-1.3692930936813354,533,,,,,,,,,,,,
534,534,0.875,-65.49844360351562,-0.7282199263572693,29691.723527308,0.5829,46.28531467378606,0.5884978175163269,2.3180532261946434e-07,0.5707796111964727,-61.193939208984375,-0.48962298035621643,-0.45244771242141724,1740741114.3990502,-1.0781208276748657,534,,,,,,,,,,,,
535,535,0.5,-74.73002624511719,-0.5132229328155518,29739.478255712,0.5985,43.24831447257808,0.222726970911026,2.3087404224776833e-07,0.5718484868728706,-83.07685089111328,-1.1691457033157349,-0.553924024105072,1740741162.1100278,-1.391872525215149,535,,,,,,,,,,,,
536,536,0.5625,-98.66677856445312,-0.7313969731330872,29787.382303482,0.6486,45.95411917270172,0.42503654956817627,2.2994302876492873e-07,0.5729173625492685,-97.05580139160156,-0.93223637342453,-0.6593127846717834,1740741210.013855,-1.3572728633880615,536,,,,,,,,,,,,
537,537,0.5625,-98.09203338623047,-0.6022078990936279,29835.318495021,0.5933,44.524944653525665,0.1848333477973938,2.2901229516256288e-07,0.5739862382256664,-102.61013793945312,-0.8434568643569946,-0.5742316246032715,1740741257.9495099,-1.0282902717590332,537,,,,,,,,,,,,
538,538,0.625,-49.365386962890625,-0.5236068367958069,29883.128242008,0.6146,42.56723198208039,0.08709083497524261,2.2808185442838267e-07,0.5750551139020643,-48.74988555908203,-1.0970864295959473,-0.4988017678260803,1740741305.8038604,-1.184177279472351,538,,,,,,,,,,,,
539,539,0.6875,-119.08057403564453,-0.6573483347892761,29930.919636215,0.6316,50.473691177257386,0.2541252374649048,2.27151719546013e-07,0.5761239895784621,-113.84113311767578,-1.2376749515533447,-0.7873794436454773,1740741353.5952806,-1.491800308227539,539,,,,,,,,,,,,
540,540,0.75,-105.1224365234375,-0.6104622483253479,29978.850339112,0.6602,48.24716677167519,0.6088154911994934,2.26221903494811e-07,0.57719286525486,-99.3320541381836,-0.8438581824302673,-0.667671263217926,1740741401.4850302,-1.4526736736297607,540,,,,,,,,,,,,
541,541,0.8125,-81.32124328613281,-0.37229999899864197,30026.610339838,0.5931,40.72425060600493,0.4679911732673645,2.2529241924968476e-07,0.5782617409312579,-71.07664489746094,-0.908198893070221,-0.4320913255214691,1740741449.240287,-1.376189947128296,541,,,,,,,,,,,,
542,542,0.875,-81.9652099609375,-0.5249678492546082,30074.334476587,0.5746,40.78379789734333,0.47706079483032227,2.2436327978091204e-07,0.5793306166076558,-78.3748779296875,-0.6125797033309937,-0.5323750972747803,1740741496.9649582,-1.089640498161316,542,,,,,,,,,,,,
543,543,0.75,-129.3831024169922,-0.7080247402191162,30122.258335059,0.5971,43.71796793854539,0.6485937237739563,2.234344980539597e-07,0.5803994922840537,-131.5907745361328,-0.7625428438186646,-0.6767674684524536,1740741544.8894713,-1.4111363887786865,543,,,,,,,,,,,,
544,544,0.5625,-88.43746948242188,-0.6579565405845642,30170.050539335,0.566,43.55926571177726,0.3470003008842468,2.2250608702930265e-07,0.5814683679604516,-85.99838256835938,-0.9377815127372742,-0.613226592540741,1740741592.726264,-1.284781813621521,544,,,,,,,,,,,,
545,545,0.625,-85.2677230834961,-0.46321457624435425,30218.230553364,0.7545,58.380048582395695,0.10513623803853989,2.2157805966224257e-07,0.5825372436368494,-81.6444091796875,-0.8886874914169312,-0.4086913466453552,1740741640.8612163,-0.993823766708374,545,,,,,,,,,,,,
546,546,0.8125,-87.69635772705078,-0.5447626113891602,30265.986288743,0.5998,45.35675584924173,0.39606398344039917,2.206504289027279e-07,0.5836061193132474,-88.81761932373047,-0.8916388750076294,-0.5057564973831177,1740741688.6212952,-1.2877029180526733,546,,,,,,,,,,,,
547,547,0.8125,-90.74778747558594,-0.5750144720077515,30313.874295363,0.6091,48.61350650503056,0.4633716642856598,2.1972320769517225e-07,0.5846749949896453,-84.29513549804688,-0.8056032061576843,-0.5735359191894531,1740741736.505055,-1.268974781036377,547,,,,,,,,,,,,
548,548,0.5625,-79.76980590820312,-0.4420256018638611,30361.794602301,0.611,43.281748987864425,0.3646009564399719,2.1879640897827466e-07,0.5857438706660432,-72.82958984375,-0.8173239231109619,-0.481934517621994,1740741784.4252756,-1.181924819946289,548,,,,,,,,,,,,
549,549,0.375,-102.74050903320312,-0.5506846904754639,30409.874732693,0.6918,55.33985132420754,-0.34645479917526245,2.1787004568483843e-07,0.5868127463424411,-124.52301025390625,-1.3862402439117432,-0.4339514374732971,1740741832.5504115,-1.0397855043411255,549,,,,,,,,,,,,
550,550,0.875,-119.23301696777344,-0.5778813362121582,30457.910260429,0.6184,52.48389207460302,0.30838924646377563,2.169441307415908e-07,0.587881622018839,-114.45452117919922,-0.9040615558624268,-0.5604722499847412,1740741880.5397465,-1.2124508619308472,550,,,,,,,,,,,,
551,551,0.875,-64.65962219238281,-0.4426668882369995,30505.74262699,0.5472,41.473108733143796,0.571144700050354,2.1601867706900268e-07,0.5889504976952368,-61.111083984375,-0.8450976610183716,-0.41601893305778503,1740741928.3729615,-1.4162424802780151,551,,,,,,,,,,,,
552,552,0.8125,-81.22418975830078,-0.6307702660560608,30553.850293708,0.579,47.18664763266115,0.3611542880535126,2.1509369758110838e-07,0.5900193733716347,-81.71305847167969,-0.8570246696472168,-0.5451158285140991,1740741976.4861178,-1.2181788682937622,552,,,,,,,,,,,,
553,553,0.8125,-92.28553771972656,-0.8172694444656372,30601.626460976,0.567,42.907442180152,0.26610663533210754,2.1416920518532498e-07,0.5910882490480326,-98.80464935302734,-0.7139102816581726,-0.6740212440490723,1740742024.2573824,-0.9800169467926025,553,,,,,,,,,,,,
554,554,0.75,-115.48825073242188,-0.7059643864631653,30649.549040673,0.6268,49.52339123157099,0.4133484959602356,2.1324521278227283e-07,0.5921571247244305,-107.4272232055664,-0.9370742440223694,-0.7506676316261292,1740742072.2247229,-1.350422739982605,554,,,,,,,,,,,,
555,555,0.75,-109.05712127685547,-0.5930857062339783,30697.454332726,0.6355,45.85830064847093,0.37126266956329346,2.1232173326559533e-07,0.5932260004008284,-90.02252960205078,-0.9133843183517456,-0.6244024038314819,1740742120.0861695,-1.2846468687057495,555,,,,,,,,,,,,
556,556,0.625,-90.78341674804688,-0.521722674369812,30745.266371485,0.5402,40.53425178975257,0.4174745976924896,2.113987795217785e-07,0.5942948760772263,-87.21488952636719,-0.8793227672576904,-0.5242321491241455,1740742167.8965561,-1.296797275543213,556,,,,,,,,,,,,
557,557,0.875,-89.5783920288086,-0.6017961502075195,30793.014514538,0.6259,47.35586967526491,0.4170999526977539,2.10476364429972e-07,0.5953637517536241,-95.29730224609375,-0.7585002779960632,-0.5575631856918335,1740742215.6472714,-1.1756001710891724,557,,,,,,,,,,,,
558,558,0.3125,-85.49263000488281,-0.5045764446258545,30840.838483417,0.7185,51.031267637998376,-0.15737642347812653,2.0955450086180881e-07,0.596432627430022,-79.40544128417969,-1.2709195613861084,-0.46555274724960327,1740742263.472674,-1.113543152809143,558,,,,,,,,,,,,
559,559,0.4375,-103.58028411865234,-0.4348762333393097,30888.875269468,0.6444,48.41090671791898,0.08971288055181503,2.0863320168122577e-07,0.5975015031064199,-94.50264739990234,-0.9913138151168823,-0.4668486416339874,1740742311.5509222,-1.0810266733169556,559,,,,,,,,,,,,
560,560,0.5,-67.1195068359375,-0.5397124886512756,30936.590543243,0.6039,43.959618203851115,0.21146662533283234,2.0771247974428432e-07,0.5985703787828178,-66.07015228271484,-0.8991096615791321,-0.5038084983825684,1740742359.2235212,-1.1105763912200928,560,,,,,,,,,,,,
561,561,0.625,-96.3366928100586,-0.6026856899261475,30984.546321599,0.6137,45.49257321113993,0.443580687046051,2.067923478989905e-07,0.5996392544592157,-93.10286712646484,-0.9993228316307068,-0.5887593030929565,1740742407.1794481,-1.4429036378860474,561,,,,,,,,,,,,
562,562,0.625,-103.2652587890625,-0.7178636193275452,31032.318494857,0.5907,45.691747374461904,0.2499101310968399,2.0587281898511635e-07,0.6007081301356136,-98.50054931640625,-1.1833337545394897,-0.6183321475982666,1740742454.9512804,-1.4332436323165894,562,,,,,,,,,,,,
563,563,0.8125,-72.06785583496094,-0.4300675690174103,31080.174318946,0.5999,49.01293680304028,0.4854438602924347,2.0495390583402048e-07,0.6017770058120115,-57.84559631347656,-0.5247738361358643,-0.4193783402442932,1740742502.8056364,-1.0102176666259766,563,,,,,,,,,,,,
564,564,0.6875,-84.03138732910156,-0.42088788747787476,31127.960666085,0.642,49.81278837293886,0.43615493178367615,2.0403562126846862e-07,0.6028458814884093,-76.49723815917969,-0.8045403957366943,-0.3886805474758148,1740742550.636376,-1.2406952381134033,564,,,,,,,,,,,,
565,565,0.8125,-93.16349029541016,-0.4770136773586273,31175.898571691,0.5106,40.751089099389276,0.47926342487335205,2.0311797810245542e-07,0.6039147571648072,-83.14715576171875,-0.7810845971107483,-0.5089518427848816,1740742598.5304809,-1.2603480815887451,565,,,,,,,,,,,,
566,566,0.625,-82.83551788330078,-0.4317072331905365,31223.893797564,0.6777,50.93603324240065,0.14016763865947723,2.0220098914102523e-07,0.6049836328412052,-77.55564880371094,-1.0342235565185547,-0.5086172223091125,1740742646.5694923,-1.174391269683838,566,,,,,,,,,,,,
567,567,0.875,-85.3790512084961,-0.4863474369049072,31271.838551292,0.6147,49.21649188763663,0.3709574341773987,2.012846671800931e-07,0.6060525085176031,-79.13226318359375,-0.8068190813064575,-0.4862043857574463,1740742694.4690545,-1.177776575088501,567,,,,,,,,,,,,
568,568,0.4375,-96.4424819946289,-0.39072519540786743,31319.898311721,0.6551,48.94739925759588,-0.015180923044681549,2.00369025006267e-07,0.607121384194001,-94.33758544921875,-1.1996763944625854,-0.3726949393749237,1740742742.5277512,-1.184495449066162,568,,,,,,,,,,,,
569,569,0.375,-92.90036010742188,-0.5193841457366943,31367.710526329,0.7036,52.77345629153546,0.11307713389396667,1.9945407539666867e-07,0.6081902598703989,-102.78146362304688,-0.9590450525283813,-0.5011885762214661,1740742790.3426948,-1.0721222162246704,569,,,,,,,,,,,,
570,570,0.6875,-101.31426239013672,-0.4670920670032501,31415.606529825,0.6046,53.50820687700735,0.13686174154281616,1.9853983111875576e-07,0.6092591355467967,-92.59934997558594,-1.0201668739318848,-0.4451570510864258,1740742838.2410758,-1.1570285558700562,570,,,,,,,,,,,,
571,571,0.625,-79.68572235107422,-0.7032387852668762,31463.196811253,0.5793,41.50635815922504,0.22019058465957642,1.9762630493014365e-07,0.6103280112231946,-83.73992156982422,-0.9489917159080505,-0.6435908079147339,1740742885.8724694,-1.169182300567627,571,,,,,,,,,,,,
572,572,0.8125,-88.4262924194336,-0.6099642515182495,31511.230420104,0.609,46.2486564853824,0.46465837955474854,1.9671350957842688e-07,0.6113968868995925,-88.32793426513672,-0.721983015537262,-0.4953573942184448,1740742933.863168,-1.1866414546966553,572,,,,,,,,,,,,
573,573,0.75,-103.1701889038086,-0.5856971740722656,31559.226482483,0.6068,45.85863819655443,0.2436216026544571,1.9580145780100214e-07,0.6124657625759904,-94.81886291503906,-0.9732043743133545,-0.6080610752105713,1740742981.8586302,-1.2168259620666504,573,,,,,,,,,,,,
574,574,0.5625,-70.82439422607422,-0.5297074913978577,31607.16634185,0.638,49.251913398150194,0.15338930487632751,1.9489016232488997e-07,0.6135346382523883,-80.18064880371094,-0.8601251840591431,-0.42585915327072144,1740743029.7974923,-1.0135143995285034,574,,,,,,,,,,,,
575,575,0.625,-93.68024444580078,-0.5481343269348145,31655.042516116,0.6096,48.35202374176704,0.4686596691608429,1.93979635866557e-07,0.6146035139287862,-94.30706787109375,-0.9638118147850037,-0.6026285290718079,1740743077.6738722,-1.432471513748169,575,,,,,,,,,,,,
576,576,0.625,-102.71769714355469,-0.7584672570228577,31702.696394191,0.6779,48.19282294612828,0.2038993090391159,1.9306989113173916e-07,0.615672389605184,-106.73353576660156,-1.1243407726287842,-0.6423199772834778,1740743125.3720984,-1.3282400369644165,576,,,,,,,,,,,,
577,577,0.8125,-71.81651306152344,-0.3640073537826538,31750.510450694,0.5515,43.391711274671316,0.4502260088920593,1.921609408152637e-07,0.6167412652815819,-64.998779296875,-0.782275378704071,-0.3747606575489044,1740743173.1398346,-1.2325013875961304,577,,,,,,,,,,,,
578,578,0.75,-69.40390014648438,-0.45130616426467896,31798.590338359,0.5878,46.106749788381926,0.4398542642593384,1.912527976008725e-07,0.6178101409579798,-59.004791259765625,-0.6964040994644165,-0.5550109148025513,1740743221.2217536,-1.1362582445144653,578,,,,,,,,,,,,
579,579,0.6875,-74.24232482910156,-0.6339266300201416,31846.362268212,0.5462,38.95162239674666,0.4469747245311737,1.9034547416104502e-07,0.6188790166343777,-77.7149887084961,-0.8445712924003601,-0.5729355812072754,1740743268.994679,-1.2915459871292114,579,,,,,,,,,,,,
580,580,0.5625,-96.97251892089844,-0.4945411682128906,31894.350389266,0.6708,47.579695006197774,-0.011234596371650696,1.8943898315682097e-07,0.6199478923107756,-111.74400329589844,-1.144071102142334,-0.4920206367969513,1740743316.9813678,-1.1328366994857788,580,,,,,,,,,,,,
581,581,0.75,-67.13638305664062,-0.6775447130203247,31942.205491136,0.5638,44.61224097116973,0.5806002616882324,1.885333372376244e-07,0.6210167679871735,-67.70144653320312,-0.8095957636833191,-0.44818103313446045,1740743364.8812952,-1.3901960849761963,581,,,,,,,,,,,,
582,582,0.5625,-77.81631469726562,-0.5290516018867493,31989.986390009,0.6067,43.323967239699314,0.4408816993236542,1.8762854904108676e-07,0.6220856436635713,-74.69232940673828,-0.8194453120231628,-0.6698331832885742,1740743412.617529,-1.2603271007537842,582,,,,,,,,,,,,
583,583,0.6875,-115.94803619384766,-0.5873510241508484,32037.922575735,0.6376,48.03249032556934,0.06459762156009674,1.8672463119287034e-07,0.6231545193399692,-110.11528778076172,-1.134255290031433,-0.623205840587616,1740743460.552751,-1.1988528966903687,583,,,,,,,,,,,,
584,584,0.9375,-99.02051544189453,-0.5713773369789124,32085.702220919,0.5434,46.17406549140835,0.6788000464439392,1.858215963064927e-07,0.6242233950163671,-84.88153076171875,-0.7938052415847778,-0.5003290772438049,1740743508.3322418,-1.4726051092147827,584,,,,,,,,,,,,
585,585,0.625,-75.0575942993164,-0.6347829699516296,32133.675761129,0.6664,49.56373019484353,0.29331350326538086,1.849194569831501e-07,0.625292270692765,-72.38583374023438,-0.8266809582710266,-0.6357037425041199,1740743556.3514156,-1.1199945211410522,585,,,,,,,,,,,,
586,586,0.5625,-93.99081420898438,-0.43627986311912537,32181.507807283,0.7053,49.64870902815519,0.05734533071517944,1.8401822581154187e-07,0.626361146369163,-93.71144104003906,-1.32500159740448,-0.40634244680404663,1740743604.1835501,-1.3823468685150146,586,,,,,,,,,,,,
587,587,0.625,-80.5132827758789,-0.4728615880012512,32229.347133191,0.6963,49.94331855274683,0.19282521307468414,1.8311791536769483e-07,0.6274300220455609,-73.75049591064453,-0.7560719847679138,-0.5526941418647766,1740743651.9760344,-0.9488972425460815,587,,,,,,,,,,,,
588,588,0.6875,-80.70616912841797,-0.5689096450805664,32277.182545354,0.6329,44.84267428033212,0.24957388639450073,1.8221853821478761e-07,0.6284988977219587,-83.66922760009766,-0.8557800054550171,-0.5528945326805115,1740743699.813572,-1.1053539514541626,588,,,,,,,,,,,,
589,589,0.875,-106.0600814819336,-0.5283584594726562,32324.950343815,0.6176,52.50127697091368,0.452703595161438,1.8132010690297555e-07,0.6295677733983566,-98.56001281738281,-0.7446004152297974,-0.5268298387527466,1740743747.5836296,-1.1973040103912354,589,,,,,,,,,,,,
590,590,0.75,-102.37637329101562,-0.6160677671432495,32372.670341434,0.5918,44.173254033732036,0.3542107343673706,1.8042263396921554e-07,0.6306366490747545,-97.79615020751953,-1.1477608680725098,-0.6062886714935303,1740743795.3028104,-1.5019716024398804,590,,,,,,,,,,,,
591,591,0.5,-62.65007781982422,-0.693493664264679,32420.453296277,0.5507,42.16080781247485,0.2595559060573578,1.795261319370906e-07,0.6317055247511524,-61.160125732421875,-0.9632260799407959,-0.5626564621925354,1740743843.1289713,-1.222782015800476,591,,,,,,,,,,,,
592,592,0.8125,-95.50733184814453,-0.8101776242256165,32468.430456422,0.5341,39.84710842108274,0.4892942011356354,1.7863061331663598e-07,0.6327744004275503,-106.92439270019531,-1.0189512968063354,-0.5747477412223816,1740743891.0602791,-1.5082457065582275,592,,,,,,,,,,,,
593,593,0.625,-76.98114013671875,-0.4367654025554657,32516.242483017,0.6263,51.65955591167314,0.16519282758235931,1.77736090604164e-07,0.6338432761039482,-81.31449890136719,-1.0300638675689697,-0.38531753420829773,1740743938.8716,-1.1952567100524902,593,,,,,,,,,,,,
594,594,0.6875,-124.8718032836914,-0.6779581308364868,32564.274318373,0.5821,47.57001555932882,0.3298167288303375,1.768425762820896e-07,0.6349121517803461,-123.77446746826172,-1.2501988410949707,-0.6970714926719666,1740743986.9061885,-1.5800156593322754,594,,,,,,,,,,,,
595,595,0.625,-110.98648071289062,-0.27226221561431885,32611.99835667,0.6174,49.62680102639747,0.5123720169067383,1.7595008281875657e-07,0.6359810274567439,-115.18273162841797,-1.3323155641555786,-0.33317023515701294,1740744034.6310916,-1.844687581062317,595,,,,,,,,,,,,
596,596,0.6875,-75.94979858398438,-0.7020851373672485,32659.953848545,0.6062,47.89583115641603,0.18558716773986816,1.7505862266826337e-07,0.6370499031331418,-80.92202758789062,-1.1255210638046265,-0.6340662837028503,1740744082.6296327,-1.3111082315444946,596,,,,,,,,,,,,
597,597,0.5625,-87.12911987304688,-0.5601511001586914,32707.982434165,0.6334,45.534012096303755,0.388589084148407,1.7416820827028923e-07,0.6381187788095397,-77.7345962524414,-0.6435961723327637,-0.5992922186851501,1740744130.614382,-1.0321851968765259,597,,,,,,,,,,,,
598,598,0.875,-87.85884094238281,-0.5733204483985901,32755.686394837,0.6549,50.06130920404813,0.5001643896102905,1.7327885204992083e-07,0.6391876544859376,-93.42703247070312,-0.657228410243988,-0.5812384486198425,1740744178.3220184,-1.1573927402496338,598,,,,,,,,,,,,
599,599,0.625,-84.10352325439453,-0.5392297506332397,32803.578484439,0.5984,47.55375963201167,0.3691841959953308,1.7239056641747833e-07,0.6402565301623355,-89.8785400390625,-0.9552929401397705,-0.451116144657135,1740744226.210293,-1.324477195739746,599,,,,,,,,,,,,
600,600,0.625,-82.41361236572266,-0.5271868705749512,32851.338579049,0.5649,45.224880954247986,0.354658305644989,1.7150336376834315e-07,0.6413254058387334,-83.45748138427734,-0.6932607889175415,-0.5600517988204956,1740744273.969507,-1.0479190349578857,600,,,,,,,,,,,,
601,601,0.6875,-120.0087890625,-0.5669873952865601,32899.141522026,0.616,49.82856705931977,0.4224948585033417,1.7061725648278422e-07,0.6423942815151312,-111.44104766845703,-0.9636061787605286,-0.5723333954811096,1740744321.8168547,-1.3861011266708374,601,,,,,,,,,,,,
602,602,0.75,-98.70213317871094,-0.6391553282737732,32947.070256858,0.5546,44.92371463636455,0.6037589907646179,1.697322569257853e-07,0.6434631571915291,-88.3012466430664,-0.728219747543335,-0.6292424201965332,1740744369.7040238,-1.3319787979125977,602,,,,,,,,,,,,
603,603,0.8125,-98.36859130859375,-0.3530041575431824,32994.914281781,0.6177,51.889084925722024,0.4372265636920929,1.6884837744687282e-07,0.644532032867927,-95.80890655517578,-0.7605514526367188,-0.3120821416378021,1740744417.5466137,-1.1977779865264893,603,,,,,,,,,,,,
604,604,0.625,-67.20845031738281,-0.6214074492454529,33042.902286303,0.6929,51.943644183128605,0.17668507993221283,1.6796563037994348e-07,0.645600908544325,-69.33833312988281,-0.8198497295379639,-0.5217295289039612,1740744465.5322003,-0.9965347647666931,604,,,,,,,,,,,,
605,605,0.75,-68.78683471679688,-0.39752209186553955,33090.778320282,0.6161,51.20008717787596,0.37318652868270874,1.670840280430915e-07,0.6466697842207229,-64.91087341308594,-0.7316983938217163,-0.4133245646953583,1740744513.4121332,-1.1048848628997803,605,,,,,,,,,,,,
606,606,0.75,-86.88356018066406,-0.6412270665168762,33138.639446224,0.5976,45.17672319944075,0.1730373501777649,1.6620358273843768e-07,0.6477386598971208,-80.11273193359375,-0.8585261106491089,-0.6452897787094116,1740744561.315073,-1.031563401222229,606,,,,,,,,,,,,
607,607,0.5,-72.25837707519531,-0.42679423093795776,33186.354331795,0.649,46.79011446183975,-0.04234013706445694,1.6532430675195705e-07,0.6488075355735186,-71.8727798461914,-1.255664348602295,-0.5152208209037781,1740744608.986849,-1.2133241891860962,607,,,,,,,,,,,,
608,608,0.8125,-86.46205139160156,-0.5692288279533386,33234.294297948,0.6161,48.305839400566185,0.40715354681015015,1.6444621235330776e-07,0.6498764112499165,-85.02719116210938,-0.7990941405296326,-0.5638346672058105,1740744656.9239297,-1.2062478065490723,608,,,,,,,,,,,,
609,609,0.8125,-53.922340393066406,-0.46037107706069946,33281.994275167,0.5679,41.01617867821779,0.46521425247192383,1.6356931179565978e-07,0.6509452869263144,-49.03740692138672,-0.5630403161048889,-0.3594409227371216,1740744704.6254416,-1.028254508972168,609,,,,,,,,,,,,
610,610,0.875,-98.64920043945312,-0.5477480292320251,33329.802265385,0.6433,47.375834382175874,0.5225038528442383,1.6269361731552367e-07,0.6520141626027123,-91.34736633300781,-0.683434009552002,-0.6371962428092957,1740744752.4319854,-1.2059378623962402,610,,,,,,,,,,,,
611,611,0.875,-103.41866302490234,-0.5440999865531921,33377.614504001,0.5661,47.164713893313404,0.5186455249786377,1.6181914113258028e-07,0.6530830382791102,-82.85790252685547,-0.8837068676948547,-0.43501120805740356,1740744800.2449863,-1.4023524522781372,611,,,,,,,,,,,,
612,612,0.5625,-81.43055725097656,-0.45613351464271545,33425.438574567,0.6377,53.527182305743615,0.191851407289505,1.6094589544951007e-07,0.6541519139555081,-83.126708984375,-0.9807417988777161,-0.45069822669029236,1740744848.069463,-1.1725932359695435,612,,,,,,,,,,,,
613,613,0.5625,-86.95988464355469,-0.44557303190231323,33473.297474715,0.6538,46.16855305669574,0.32777413725852966,1.600738924518224e-07,0.6552207896319059,-80.822509765625,-1.0764271020889282,-0.6437078714370728,1740744895.973048,-1.4042013883590698,613,,,,,,,,,,,,
614,614,0.5625,-80.29339599609375,-0.8115949034690857,33521.274410352,0.6421,46.487788014851915,0.24954096972942352,1.5920314430768627e-07,0.6562896653083038,-87.90727996826172,-1.2153741121292114,-0.7371965050697327,1740744943.9051535,-1.4649150371551514,614,,,,,,,,,,,,
615,615,0.5625,-87.52206420898438,-0.7591135501861572,33569.434457244,0.637,50.63651402936404,0.16037805378437042,1.5833366316775992e-07,0.6573585409847017,-79.95222473144531,-1.015087366104126,-0.7076669335365295,1740744992.0644703,-1.17546546459198,615,,,,,,,,,,,,
616,616,0.6875,-118.04176330566406,-0.4442358613014221,33617.350293825,0.5722,44.72612855312328,0.4784238338470459,1.5746546116502139e-07,0.6584274166610996,-111.923583984375,-0.9655740857124329,-0.5519060492515564,1740745039.9831083,-1.4439979791641235,616,,,,,,,,,,,,
617,617,0.5,-103.3008804321289,-0.4474966824054718,33665.350323274,0.6332,49.6861895315939,-0.12664836645126343,1.5659855041459954e-07,0.6594962923374975,-104.59471130371094,-1.1952314376831055,-0.4049583077430725,1740745087.9828832,-1.0685831308364868,617,,,,,,,,,,,,
618,618,0.5,-107.08425903320312,-0.6497871279716492,33713.118613494,0.6772,51.05795733386506,0.14609093964099884,1.557329430136044e-07,0.6605651680138954,-98.51290893554688,-0.8972333669662476,-0.7425870895385742,1740745135.7941823,-1.0433242321014404,618,,,,,,,,,,,,
619,619,0.625,-78.67372131347656,-0.4563682973384857,33760.870252978,0.661,44.508603947152054,0.2724003195762634,1.5486865104095898e-07,0.6616340436902933,-77.66464233398438,-0.910524845123291,-0.4957803189754486,1740745183.499987,-1.1829251050949097,619,,,,,,,,,,,,
620,620,0.5,-94.7237548828125,-0.7696173191070557,33808.866197849,0.6378,56.8261613782933,0.2400357574224472,1.5400568655723043e-07,0.6627029193666911,-96.67585754394531,-1.1252055168151855,-0.5569660663604736,1740745231.4959035,-1.3652411699295044,620,,,,,,,,,,,,
621,621,0.625,-105.63883972167969,-0.573684573173523,33856.738313019,0.5796,41.702286171804474,0.37076443433761597,1.5314406160446147e-07,0.663771795043089,-103.69987487792969,-0.8740034699440002,-0.6782004833221436,1740745279.3694413,-1.2447679042816162,621,,,,,,,,,,,,
622,622,0.625,-80.15489959716797,-0.518917977809906,33904.558285047,0.5552,40.89133900726631,0.2749672532081604,1.52283788206003e-07,0.6648406707194869,-68.72430419921875,-0.8631262183189392,-0.6111787557601929,1740745327.1899242,-1.13809335231781,622,,,,,,,,,,,,
623,623,0.6875,-119.35951232910156,-0.5129283666610718,33952.291194837,0.6258,47.90446211654868,0.4115430414676666,1.5142487836634585e-07,0.6659095463958848,-127.31770324707031,-0.9288384914398193,-0.5380050539970398,1740745374.9667532,-1.3403816223144531,623,,,,,,,,,,,,
624,624,0.75,-112.550537109375,-0.5613421201705933,34000.230388882,0.5499,41.57588108930305,0.7070114612579346,1.5056734407095315e-07,0.6669784220722828,-109.06977081298828,-0.8476787805557251,-0.5950669050216675,1740745422.8627222,-1.5546903610229492,624,,,,,,,,,,,,
625,625,0.5,-85.17073059082031,-0.40619727969169617,34048.146436885,0.6408,50.837802694871286,0.04085562378168106,1.4971119728609357e-07,0.6680472977486807,-74.2112045288086,-1.000982642173767,-0.421237587928772,1740745470.7800024,-1.04183828830719,625,,,,,,,,,,,,
626,626,0.625,-98.67786407470703,-0.7892134189605713,34095.978386689,0.6274,45.8468455906614,0.09551596641540527,1.4885644995867407e-07,0.6691161734250785,-100.93275451660156,-0.8327022194862366,-0.7241230607032776,1740745518.6078103,-0.9282181859016418,626,,,,,,,,,,,,
627,627,0.6875,-93.53845977783203,-0.5248770713806152,34143.970902218,0.5919,45.67971506234732,0.23874293267726898,1.4800311401607303e-07,0.6701850491014764,-98.6107177734375,-1.085486888885498,-0.41182446479797363,1740745566.6466248,-1.3242299556732178,627,,,,,,,,,,,,
628,628,0.8125,-100.55671691894531,-0.76902836561203,34191.871173356,0.5507,45.490544528073784,0.5280590057373047,1.471512013659742e-07,0.6712539247778743,-94.95008087158203,-0.735175609588623,-0.7880361676216125,1740745614.5469217,-1.2632346153259277,628,,,,,,,,,,,,
629,629,0.625,-105.29178619384766,-0.45718634128570557,34239.950378138,0.7633,51.5896628759104,0.090154267847538,1.4630072389620002e-07,0.6723228004542722,-101.2480697631836,-1.3737441301345825,-0.5673089027404785,1740745662.581419,-1.4638984203338623,629,,,,,,,,,,,,
630,630,0.6875,-103.8117446899414,-0.7283737063407898,34287.826453771,0.6203,50.51415435816881,0.4482695162296295,1.4545169347454626e-07,0.6733916761306701,-95.78431701660156,-1.1851286888122559,-0.7308135628700256,1740745710.456797,-1.633398175239563,630,,,,,,,,,,,,
631,631,0.5625,-91.99935150146484,-0.31849196553230286,34335.582284593,0.5997,51.67355807092657,0.25517866015434265,1.4460412194861624e-07,0.674460551807068,-86.97657012939453,-0.932774007320404,-0.36123308539390564,1740745758.214263,-1.1879527568817139,631,,,,,,,,,,,,
632,632,0.5625,-99.59596252441406,-0.6789602637290955,34383.28396385,0.6603,50.547874403623744,0.08901337534189224,1.4375802114565513e-07,0.6755294274834658,-108.7347183227539,-1.129629373550415,-0.5503250360488892,1740745805.9596047,-1.2186427116394043,632,,,,,,,,,,,,
633,633,0.6875,-75.48890686035156,-0.5399093627929688,34431.129475955,0.6308,43.361837709207876,0.2356085628271103,1.4291340287238558e-07,0.6765983031598637,-72.80985260009766,-0.7216666340827942,-0.5205925703048706,1740745853.8050783,-0.9572751522064209,633,,,,,,,,,,,,
634,634,0.625,-101.60137939453125,-0.607700526714325,34479.070284241,0.5875,44.30073216121928,0.0731835588812828,1.420702789148425e-07,0.6776671788362616,-96.23011779785156,-0.8408139944076538,-0.6843485832214355,1740745901.7022085,-0.9139975905418396,634,,,,,,,,,,,,
635,635,0.6875,-78.9937744140625,-0.4776262640953064,34527.038367778,0.6416,47.33323606033388,0.44250088930130005,1.412286610382085e-07,0.6787360545126595,-68.17975616455078,-0.8935337066650391,-0.5325447916984558,1740745949.6690617,-1.3360346555709839,635,,,,,,,,,,,,
636,636,0.8125,-109.32887268066406,-0.4660990834236145,34574.922479419,0.5876,41.64936625303873,0.2870646119117737,1.403885609866502e-07,0.6798049301890574,-110.5815658569336,-0.9762319326400757,-0.4399701654911041,1740745997.5565202,-1.2632966041564941,636,,,,,,,,,,,,
637,637,0.625,-86.39527893066406,-0.5244737863540649,34622.918428879,0.6461,46.24067684849395,0.16898168623447418,1.3954999048315407e-07,0.6808738058654553,-91.12632751464844,-0.9394237995147705,-0.473479688167572,1740746045.5917556,-1.108405590057373,637,,,,,,,,,,,,
638,638,0.625,-80.48641204833984,-0.5809147953987122,34670.917164872,0.6668,47.05673905161155,0.23138636350631714,1.387129612293626e-07,0.6819426815418531,-60.13211441040039,-0.8819988965988159,-0.5805799961090088,1740746093.5928311,-1.1133852005004883,638,,,,,,,,,,,,
639,639,0.6875,-81.2029800415039,-0.596504271030426,34718.902421204,0.6225,51.9180185644343,0.1672491729259491,1.3787748490541143e-07,0.683011557218251,-85.22294616699219,-0.8999856114387512,-0.521535336971283,1740746141.5321946,-1.0672348737716675,639,,,,,,,,,,,,
640,640,0.625,-74.89250946044922,-0.5507973432540894,34766.682344987,0.6539,44.694354339343704,0.151187926530838,1.3704357316976621e-07,0.6840804328946489,-75.75138092041016,-0.852978527545929,-0.5252829194068909,1740746189.318828,-1.0041663646697998,640,,,,,,,,,,,,
