,train/losses/dpo,_step,train/rewards/accuracies,train/logps/rejected,train/losses/total,_runtime,train/loss,train/grad_norm,train/rewards/margins,train/learning_rate,train/logps/answer,train/epoch,train/logps/chosen,train/rewards/chosen,train/losses/sft,_timestamp,train/rewards/rejected,train/global_step
0,0.9556846618652344,0,0.75,-1.1020584106445312,1.4424333572387695,28.81322858,1.3338,7.644742965698242,0.027564510703086853,0,-1.6431562900543213,0.0,-0.9368711709976196,-1.8531436920166016,0.9734973311424255,1747218522.7620757,-1.8807082176208496,1
1,0.6729090809822083,1,0.75,-1.129065990447998,1.0671278238296509,47.053117237,1.3401,8.495573997497559,0.6331334114074707,0,-1.5813238620758057,0.0,-0.9608892202377319,-1.2509944438934326,0.78843754529953,1747218540.993768,-1.8841276168823242,2
2,0.5462207794189453,2,1.0,-1.090091586112976,1.029070496559143,64.309209738,1.5488,9.860979080200195,1.160292387008667,0,-1.57277512550354,0.01,-1.0800316333770752,-1.670583724975586,0.9656994938850403,1747218558.251332,-2.830876111984253,3
3,0.7016491293907166,3,0.75,-1.048012137413025,1.216759204864502,82.055505066,1.3062,7.358551502227783,0.5593254566192627,0,-1.4459410905838013,0.01,-0.8915379643440247,-1.8893332481384277,1.0302200317382812,1747218576.0330935,-2.4486589431762695,4
4,0.6629121899604797,4,0.75,-1.0219420194625854,1.1715178489685059,99.274155646,1.3982,9.172645568847656,0.6908011436462402,0,-1.4305816888809204,0.01,-0.8894137144088745,-1.3208966255187988,1.0172113180160522,1747218593.21202,-2.011697769165039,5
5,0.7361500859260559,5,0.75,-1.0804634094238281,1.2680470943450928,116.931144558,1.2542,7.346501350402832,0.6080878973007202,0,-1.5695221424102783,0.01,-0.8643534779548645,-1.7898247241973877,1.0637938976287842,1747218610.8700082,-2.3979125022888184,6
6,0.6528867483139038,6,0.75,-1.1626203060150146,1.1605381965637207,134.504140635,1.4151,8.79094123840332,0.7467217445373535,0,-1.6048226356506348,0.01,-1.0537766218185425,-1.8568528890609741,1.0153030157089233,1747218628.4432404,-2.603574752807617,7
7,1.0617780685424805,7,0.25,-1.0045992136001587,1.594848394393921,151.860196856,1.3279,8.92747688293457,-0.16424183547496796,0,-1.2131439447402954,0.02,-0.8670388460159302,-1.7657859325408936,1.0661407709121704,1747218645.799064,-1.6015441417694092,8
8,0.958075225353241,8,0.75,-1.0824143886566162,1.4623095989227295,169.529891682,1.3338,8.729607582092285,0.3710215091705322,0,-1.4751362800598145,0.02,-0.8933190703392029,-1.6247837543487549,1.0084686279296875,1747218663.5075042,-1.995805263519287,9
9,1.0258269309997559,9,0.25,-1.05980384349823,1.5013755559921265,188.133164969,1.4421,9.118285179138184,-0.10415725409984589,0,-1.4913687705993652,0.02,-0.9821953773498535,-1.638953447341919,0.9510972499847412,1747218682.0715008,-1.5347962379455566,10
10,0.5750866532325745,10,0.75,-1.0254870653152466,1.0115776062011719,206.079157262,1.4668,9.549630165100098,0.9187581539154053,0,-1.5721609592437744,0.02,-0.9735645651817322,-1.2432562112808228,0.8729819059371948,1747218700.0172224,-2.1620144844055176,11
11,0.9501714706420898,11,0.5,-1.0593737363815308,1.4382191896438599,224.51318004,1.422,9.305791854858398,0.13925576210021973,0,-1.4947586059570312,0.02,-0.9694948196411133,-1.5786569118499756,0.9760953783988953,1747218718.4518952,-1.7179126739501953,12
12,0.6108968257904053,12,1.0,-1.0194761753082275,1.0951099395751953,242.096118397,1.3223,7.281955718994141,0.8229900598526001,0,-1.727977991104126,0.02,-0.8623552322387695,-1.2602899074554443,0.9684261679649353,1747218736.0350306,-2.083280086517334,13
13,1.2423343658447266,13,0.25,-1.1499419212341309,1.6998956203460693,259.703322383,1.3981,8.82192611694336,-0.4584183990955353,0,-1.5429413318634033,0.03,-1.0089796781539917,-2.0887980461120605,0.9151225686073303,1747218753.6809683,-1.6303796768188477,14
14,1.0956315994262695,14,0.25,-1.0419013500213623,1.5700256824493408,277.094206093,1.438,8.661736488342285,-0.167089581489563,0,-1.5424389839172363,0.03,-0.9727988243103027,-1.4574532508850098,0.9487882256507874,1747218771.0320156,-1.2903635501861572,15
15,0.7222558259963989,15,0.75,-1.036397933959961,1.1802501678466797,295.351168465,1.3156,6.882392883300781,0.5069210529327393,0,-1.5186426639556885,0.03,-0.8976466655731201,-1.2483043670654297,0.9159888029098511,1747218789.2903209,-1.755225419998169,16
16,1.0098479986190796,16,0.75,-1.0791648626327515,1.4799011945724487,313.292179933,1.2254,9.04839038848877,-0.05195954442024231,0,-1.4783244132995605,0.03,-0.8208735585212708,-1.4639016389846802,0.9401063323020935,1747218807.2311625,-1.4119420051574707,17
17,0.7132998704910278,17,0.75,-1.0153502225875854,1.112701416015625,331.985178139,1.4866,8.373469352722168,0.6020209789276123,0,-1.4621152877807617,0.03,-0.9624687433242798,-1.0531315803527832,0.7988032102584839,1747218825.922482,-1.6551525592803955,18
18,1.377922534942627,18,0.5,-1.1270941495895386,1.7765568494796753,349.8794823,1.2942,8.893553733825684,-0.5952434539794922,0,-1.458699107170105,0.04,-0.9399293065071106,-1.948272466659546,0.7972686290740967,1747218843.8571177,-1.3530290126800537,19
19,1.1565723419189453,19,0.25,-1.1361409425735474,1.7302987575531006,367.096178711,1.5713,10.708471298217773,-0.32466673851013184,0,-1.7053642272949219,0.04,-1.0865919589996338,-2.1116366386413574,1.1474529504776,1747218861.0342202,-1.7869699001312256,20
20,1.395735502243042,20,0.75,-1.053574562072754,1.8515326976776123,385.030216882,1.4986,8.000228881835938,-0.5169558525085449,0,-1.5612002611160278,0.04,-1.0105010271072388,-2.0789666175842285,0.9115945100784302,1747218878.967658,-1.5620105266571045,21
21,0.7881877422332764,21,1.0,-1.1020489931106567,1.204626441001892,403.478228975,1.2506,7.393768787384033,0.3383583426475525,0,-1.4062508344650269,0.04,-0.8552390336990356,-1.2514777183532715,0.8328773379325867,1747218897.417121,-1.5898360013961792,22
22,1.0008690357208252,22,0.5,-1.067084550857544,1.5162322521209717,420.805140555,1.3799,9.507375717163086,-0.06159248948097229,0,-1.4476838111877441,0.04,-0.9577314853668213,-1.9386793375015259,1.030726432800293,1747218914.7440097,-1.877086877822876,23
23,0.729753315448761,23,0.75,-1.07547128200531,1.1452547311782837,438.633473966,1.4085,9.2173433303833,0.49915963411331177,0,-1.4301140308380127,0.05,-0.9487323760986328,-0.9890522956848145,0.8310028910636902,1747218932.6111555,-1.4882118701934814,24
24,0.8513789176940918,24,0.5,-0.990432858467102,1.3373918533325195,456.798183248,1.4204,8.888276100158691,0.2293945848941803,0,-1.4908738136291504,0.05,-0.9533891081809998,-1.6354930400848389,0.972025990486145,1747218950.7358816,-1.8648877143859863,25
25,0.882619321346283,25,0.75,-1.1038517951965332,1.3067688941955566,474.225140328,1.3095,9.60886287689209,0.16114673018455505,0,-1.3609763383865356,0.05,-0.9082366228103638,-1.3811933994293213,0.8482991456985474,1747218968.16266,-1.5423400402069092,26
26,0.9505407214164734,26,0.75,-0.9955826997756958,1.397145390510559,492.167183163,1.4346,8.296770095825195,0.03388373553752899,0,-1.4384377002716064,0.05,-0.9353736042976379,-1.4796042442321777,0.8932093381881714,1747218986.1051195,-1.5134880542755127,27
27,0.8764909505844116,27,0.75,-1.0672333240509033,1.3776261806488037,510.14314236,1.3927,8.400129318237305,0.24865275621414185,0,-1.7457363605499268,0.05,-0.9670304656028748,-1.8878347873687744,1.0022704601287842,1747219004.082057,-2.1364874839782715,28
28,0.5406476259231567,28,1.0,-1.1314843893051147,1.0101860761642456,528.304164825,1.2849,7.269950866699219,1.1918193101882935,0,-1.5379698276519775,0.05,-0.920989990234375,-1.5706968307495117,0.9390769600868225,1747219022.281821,-2.7625160217285156,29
29,0.8122472167015076,29,0.75,-1.1537846326828003,1.2651512622833252,546.235167155,1.4501,7.839152812957764,0.8137626051902771,0,-1.7212142944335938,0.06,-1.0394459962844849,-1.7178093194961548,0.9058080315589905,1747219040.1740487,-2.531571865081787,30
30,0.9859040975570679,30,0.75,-1.007432222366333,1.5713589191436768,563.569114068,1.3647,8.913795471191406,0.028137952089309692,0,-1.4074548482894897,0.06,-0.8963724374771118,-2.109987735748291,1.1709097623825073,1747219057.5071447,-2.1381258964538574,31
31,1.2395254373550415,31,0.25,-0.9725252985954285,1.6382114887237549,582.132186833,1.34,9.467594146728516,-0.4125964343547821,0,-1.5156607627868652,0.06,-0.872703492641449,-1.8019914627075195,0.7973719835281372,1747219076.0704277,-1.389394998550415,32
32,0.8647786378860474,32,0.5,-0.9971703290939331,1.4021081924438477,599.555188017,1.4999,9.361695289611816,0.22448590397834778,0,-1.481198787689209,0.06,-0.973286509513855,-1.944674015045166,1.0746592283248901,1747219093.4930298,-2.1691598892211914,33
33,1.2981624603271484,33,0.25,-1.1020630598068237,1.752467393875122,618.724597725,1.5006,10.584351539611816,-0.5045737028121948,0,-1.584417700767517,0.06,-1.077026128768921,-1.799199104309082,0.9086098670959473,1747219112.7022266,-1.2946252822875977,34
34,0.9747530221939087,35,0.5,-1.0779454708099365,1.4523543119430542,653.615165936,1.3645,9.873653411865234,0.01979491114616394,0,-1.584666132926941,0.07,-0.9647742509841919,-1.810025930404663,0.955202579498291,1747219147.5530198,-1.8298208713531494,36
35,0.7825373411178589,36,0.5,-1.120747447013855,1.2936244010925293,671.260235405,1.3389,8.349892616271973,0.5121656060218811,0,-1.6290991306304932,0.07,-0.9409477710723877,-1.534630298614502,1.0221742391586304,1747219165.1991127,-2.0467958450317383,37
36,0.8611177802085876,37,0.75,-1.1131024360656738,1.39459228515625,688.813150425,1.3501,8.948662757873535,0.19473209977149963,0,-1.4672353267669678,0.07,-0.9978214502334595,-2.1619338989257812,1.0669491291046143,1747219182.7510977,-2.356665849685669,38
37,0.442343533039093,38,1.0,-1.219622015953064,0.8749640583992004,706.35124732,1.3039,8.89711856842041,1.1442975997924805,0,-1.4040290117263794,0.07,-0.9513274431228638,-1.4904611110687256,0.8652410507202148,1747219200.2897365,-2.634758710861206,39
38,0.8287344574928284,39,1.0,-1.1113667488098145,1.2552456855773926,723.928173197,1.4155,9.598855972290039,0.26141542196273804,0,-1.4663801193237305,0.08,-1.0289437770843506,-1.5152111053466797,0.8530225157737732,1747219217.8666632,-1.776626467704773,40
39,0.5969223380088806,40,1.0,-1.0620003938674927,1.0386991500854492,741.891340369,1.3356,7.721765995025635,0.7270776033401489,0,-1.5152621269226074,0.08,-0.9353097677230835,-1.589958906173706,0.8835536241531372,1747219235.868932,-2.3170366287231445,41
40,1.052582025527954,41,0.25,-1.1275746822357178,1.5009500980377197,760.562211502,1.3035,6.8499321937561035,0.0572618767619133,0,-1.4561619758605957,0.08,-0.9189698696136475,-1.5648036003112793,0.8967360258102417,1747219254.5003738,-1.6220653057098389,42
41,1.1306109428405762,42,0.5,-1.0066704750061035,1.5708763599395752,778.427169302,1.4302,8.122319221496582,-0.24315987527370453,0,-1.5280392169952393,0.08,-0.9176138639450073,-1.5629488229751587,0.8805308938026428,1747219272.3651195,-1.319788932800293,43
42,0.9760217070579529,43,0.25,-1.1077067852020264,1.4183012247085571,796.069138498,1.3641,8.957045555114746,-0.00835496187210083,0,-1.5759660005569458,0.08,-0.9720977544784546,-1.9153931140899658,0.8845590949058533,1747219290.0078728,-1.9070380926132202,44
43,0.607958197593689,44,1.0,-1.0357340574264526,1.063241720199585,813.749514106,1.3324,8.090760231018066,0.7352849841117859,0,-1.5286909341812134,0.09,-0.9010148048400879,-1.6977547407150269,0.9105669856071472,1747219307.7271805,-2.433039665222168,45
44,1.1154277324676514,45,0.75,-1.0728920698165894,1.6542247533798218,831.080741465,1.3807,9.119322776794434,-0.17154273390769958,0,-1.4916824102401733,0.09,-0.9584599137306213,-2.101525068283081,1.0775940418243408,1747219325.0583818,-1.9299824237823486,46
45,0.6002797484397888,46,0.75,-1.0721230506896973,0.9762688875198364,848.304156646,1.2977,8.286075592041016,0.7923046946525574,0,-1.5648841857910156,0.09,-0.9176132082939148,-1.4020639657974243,0.75197833776474,1747219342.242443,-2.194368839263916,47
46,0.8738428354263306,47,0.5,-1.1569654941558838,1.4413156509399414,866.256159275,1.3877,10.507709503173828,0.21654728055000305,0,-1.6079427003860474,0.09,-1.0183894634246826,-2.2800779342651367,1.1349456310272217,1747219360.1942265,-2.4966254234313965,48
47,1.0181635618209839,48,0.5,-1.1437568664550781,1.594434380531311,883.455178322,1.3717,11.130799293518066,0.00034612417221069336,0,-1.5629191398620605,0.09,-1.0008059740066528,-2.1340227127075195,1.1525416374206543,1747219377.3934808,-2.134368896484375,49
48,1.3166399002075195,49,0.5,-1.0485248565673828,1.7896006107330322,901.089143445,1.3566,9.178291320800781,-0.46138519048690796,0,-1.6072866916656494,0.09,-0.9433552026748657,-2.196837902069092,0.9459214806556702,1747219395.0280395,-1.735452651977539,50
49,0.8075606822967529,50,0.5,-1.0191036462783813,1.2768676280975342,919.870162177,1.4645,9.92310905456543,0.3749614357948303,0,-1.597174048423767,0.1,-0.9651292562484741,-1.0774179697036743,0.9386138916015625,1747219413.8477726,-1.4523794651031494,51
50,0.6347442269325256,51,0.75,-1.0574147701263428,1.0805248022079468,937.108124206,1.268,7.678879261016846,0.7290494441986084,0,-1.4589791297912598,0.1,-0.8380029201507568,-1.1191792488098145,0.8915612101554871,1747219431.0463197,-1.8482286930084229,52
51,0.7024723887443542,52,0.75,-1.0702643394470215,1.187677025794983,954.835140331,1.4045,8.608245849609375,0.5919222235679626,0,-1.5801129341125488,0.1,-0.9702343940734863,-1.3514628410339355,0.9704092741012573,1747219448.7737284,-1.943385124206543,53
52,0.5540781021118164,53,1.0,-1.0823004245758057,0.8516810536384583,973.287199754,1.2299,8.392444610595703,0.8708739876747131,0,-1.6542218923568726,0.1,-0.8784741163253784,-1.0957942008972168,0.5952059030532837,1747219467.225432,-1.9666681289672852,54
53,1.054018497467041,54,0.5,-0.9728515148162842,1.4939104318618774,992.090134537,1.3683,9.446544647216797,-0.14728900790214539,0,-1.6402359008789062,0.1,-0.887472927570343,-1.1317031383514404,0.8797838091850281,1747219486.0278842,-0.9844141006469727,55
54,0.6341025829315186,55,1.0,-1.0594191551208496,1.0638530254364014,1009.689086706,1.4096,8.93050479888916,0.7001439332962036,0,-1.4159555435180664,0.11,-0.9534416198730469,-1.5479532480239868,0.8595010042190552,1747219503.6667223,-2.2480971813201904,56
55,0.9109054803848267,56,0.75,-0.9901821613311768,1.2751344442367554,1028.147150063,1.3433,8.931473731994629,0.10362141579389572,0,-1.3764193058013916,0.11,-0.8789966106414795,-0.8005458116531372,0.7284578680992126,1747219522.0848854,-0.9041672348976135,57
56,0.5300864577293396,57,1.0,-1.0824562311172485,0.9500378370285034,1045.70314254,1.3712,7.944987773895264,0.9409703612327576,0,-1.5965205430984497,0.11,-0.9626758694648743,-1.858091115951538,0.8399026989936829,1747219539.6406507,-2.7990615367889404,58
57,0.7426976561546326,58,0.75,-0.9959217309951782,1.202451467514038,1062.904173185,1.3949,7.751075267791748,0.48577165603637695,0,-1.5428727865219116,0.11,-0.9191372394561768,-1.5175564289093018,0.9195076823234558,1747219556.8422017,-2.0033280849456787,59
58,0.8058199882507324,59,0.5,-1.017166018486023,1.2551100254058838,1080.077186062,1.3847,9.12118148803711,0.39987409114837646,0,-1.4814653396606445,0.11,-0.9178531169891357,-1.9494681358337402,0.8985799551010132,1747219574.015211,-2.3493423461914062,60
59,0.627966046333313,60,0.75,-1.1398780345916748,1.084524393081665,1097.510146121,1.1974,8.253772735595703,0.6869326829910278,0,-1.583216667175293,0.12,-0.8524765968322754,-1.024045467376709,0.9131168127059937,1747219591.4481244,-1.7109781503677368,61
60,1.10731840133667,61,0.25,-1.1534348726272583,1.6322047710418701,1114.924161464,1.2853,7.744277477264404,-0.24077266454696655,0,-1.4737855195999146,0.12,-0.9120956659317017,-1.8628566265106201,1.0497726202011108,1747219608.862596,-1.6220839023590088,62
61,0.5777124166488647,62,1.0,-1.1592978239059448,1.08638596534729,1132.520090513,1.3216,10.21816635131836,0.8595498204231262,0,-1.5638902187347412,0.12,-0.9823353886604309,-1.6350445747375488,1.0173472166061401,1747219626.4977376,-2.4945943355560303,63
62,0.5463570356369019,63,0.75,-1.1461364030838013,1.0496740341186523,1150.656132787,1.312,9.027604103088379,0.9885712265968323,0,-1.6249754428863525,0.12,-0.9760386347770691,-1.9131423234939575,1.0066341161727905,1747219644.593974,-2.9017133712768555,64
63,0.6710221767425537,64,0.75,-0.9643222093582153,1.0353666543960571,1168.543182252,1.4179,8.697827339172363,0.9023392200469971,0,-1.3627004623413086,0.12,-0.8914839029312134,-1.065878987312317,0.7286889553070068,1747219662.481424,-1.968218207359314,65
64,1.0902161598205566,65,0.25,-1.0168726444244385,1.6613669395446777,1185.930190343,1.376,8.146435737609863,-0.07894065976142883,0,-1.3468519449234009,0.12,-0.9101449847221375,-2.0656561851501465,1.1423016786575317,1747219679.8681328,-1.9867154359817505,66
65,0.5445471405982971,66,1.0,-1.0682828426361084,0.9421788454055786,1203.246132529,1.3584,9.102511405944824,0.8344384431838989,0,-1.429389238357544,0.13,-0.9462560415267944,-1.374632716178894,0.7952634692192078,1747219697.1892192,-2.209071159362793,67
66,0.8091570138931274,67,0.75,-1.1424968242645264,1.3767551183700562,1220.629341165,1.4341,9.587494850158691,0.33515796065330505,0,-1.6787078380584717,0.13,-1.0440562963485718,-2.2572994232177734,1.1351962089538574,1747219714.6070116,-2.5924572944641113,68
67,0.7605412006378174,68,0.5,-0.951400876045227,1.235895037651062,1238.554203324,1.5232,10.02920150756836,0.4949616491794586,0,-1.496225118637085,0.13,-0.9622980952262878,-1.3793349266052246,0.9507076144218445,1747219732.4923756,-1.8742966651916504,69
68,0.902287483215332,69,0.75,-1.1121327877044678,1.3977700471878052,1256.735221619,1.3747,8.989778518676758,0.42795008420944214,0,-1.5501344203948975,0.13,-0.9548998475074768,-1.623399019241333,0.9909651279449463,1747219750.6734476,-2.05134916305542,70
69,0.9409354329109192,70,0.5,-1.0411009788513184,1.4987859725952148,1274.114182041,1.4559,8.543294906616211,0.10895290970802307,0,-1.5585014820098877,0.13,-0.993699848651886,-2.2229690551757812,1.1157010793685913,1747219768.0519352,-2.3319220542907715,71
70,1.436983346939087,71,0.0,-1.1051011085510254,2.0720221996307373,1291.827182253,1.4943,8.171018600463867,-0.7261924147605896,0,-1.721855640411377,0.14,-1.0629298686981201,-2.5627617835998535,1.2700778245925903,1747219785.7653372,-1.8365693092346191,72
71,1.2008750438690186,72,0.5,-1.1181309223175049,1.7881348133087158,1309.347852888,1.3759,8.110587120056152,-0.3827176094055176,0,-1.608900785446167,0.14,-0.9990750551223755,-1.9673093557357788,1.1745195388793945,1747219803.3255072,-1.5845917463302612,73
72,0.5357149839401245,73,1.0,-1.0610803365707397,0.9828982353210449,1326.806194206,1.389,8.961957931518555,0.872292160987854,0,-1.3948482275009155,0.14,-0.9583272337913513,-1.3879146575927734,0.8943665623664856,1747219820.7439024,-2.260206699371338,74
73,0.739025354385376,74,0.75,-1.0231716632843018,1.1826756000518799,1344.706271154,1.4795,8.394478797912598,0.5129162073135376,0,-1.710437536239624,0.14,-0.9934661388397217,-1.6671992540359497,0.8873003721237183,1747219838.645347,-2.1801154613494873,75
74,0.9733520150184631,75,0.5,-0.988800048828125,1.5072100162506104,1362.111180431,1.467,10.237863540649414,0.03520151972770691,0,-1.3436081409454346,0.14,-0.932076632976532,-1.9547619819641113,1.067716121673584,1747219856.0493565,-1.9899635314941406,76
75,1.0622529983520508,76,0.25,-0.9908415079116821,1.5745055675506592,1379.660201748,1.4093,8.773104667663574,-0.14762303233146667,0,-1.4231117963790894,0.15,-0.9070250988006592,-2.1323728561401367,1.0245052576065063,1747219873.5991235,-1.9847499132156372,77
76,0.7281280159950256,77,1.0,-1.1313302516937256,1.2633049488067627,1397.288202166,1.3,8.276071548461914,0.5400301218032837,0,-1.3341535329818726,0.15,-0.9149290919303894,-1.3365917205810547,1.0703538656234741,1747219891.2275057,-1.876621961593628,78
77,0.8449625968933105,78,0.5,-1.2492618560791016,1.3335976600646973,1414.409270014,1.2068,9.230979919433594,0.2884073555469513,0,-1.4348490238189697,0.15,-0.9407172203063965,-2.024646282196045,0.9772700667381287,1747219908.3868513,-2.313053607940674,79
78,0.7117114067077637,79,1.0,-0.9538383483886719,1.1115901470184326,1432.380848786,1.283,7.270938873291016,0.5158545970916748,0,-1.4045507907867432,0.15,-0.7885584831237793,-1.2966716289520264,0.7997574210166931,1747219926.3584113,-1.8125262260437012,80
79,0.9878025650978088,80,0.5,-1.0553507804870605,1.4189751148223877,1450.061152588,1.3118,10.879386901855469,-0.014102429151535034,0,-1.3830986022949219,0.15,-0.9035626649856567,-2.0720458030700684,0.8623452186584473,1747219944.001103,-2.057943344116211,81
80,1.1197657585144043,81,0.5,-1.0601727962493896,1.5060420036315918,1468.18414802,1.4158,8.840914726257324,-0.08056750893592834,0,-1.496809720993042,0.16,-0.9443037509918213,-1.725985050201416,0.7725525498390198,1747219962.1218522,-1.6454174518585205,82
81,0.812942385673523,82,0.75,-1.2311086654663086,1.3167545795440674,1485.52416748,1.4122,10.807450294494629,0.2872317433357239,0,-1.5789433717727661,0.16,-1.0922267436981201,-1.57137131690979,1.0076242685317993,1747219979.4624355,-1.8586030006408691,83
82,0.6656728982925415,83,0.75,-1.1163016557693481,1.2110635042190552,1503.248159462,1.4604,11.159186363220215,0.6521400213241577,0,-1.5979208946228027,0.16,-1.0327556133270264,-1.832068681716919,1.0907812118530273,1747219997.1865356,-2.484208583831787,84
83,0.7882298231124878,84,0.75,-1.064802646636963,1.1899003982543945,1520.769942083,1.2961,7.62235689163208,0.34868136048316956,0,-1.6115467548370361,0.16,-0.8873181343078613,-1.3329057693481445,0.803341269493103,1747220014.7475886,-1.6815871000289917,85
84,0.9956934452056885,85,0.5,-1.1406853199005127,1.5971968173980713,1538.451183121,1.225,9.553175926208496,0.044630616903305054,0,-1.625558614730835,0.16,-0.8724619150161743,-2.0607991218566895,1.2030068635940552,1747220032.3910723,-2.1054296493530273,86
85,0.7098861336708069,86,1.0,-1.135495901107788,1.1167018413543701,1555.799191751,1.2438,7.964875221252441,0.47752809524536133,0,-1.4748928546905518,0.16,-0.900566816329956,-1.6503175497055054,0.8136314153671265,1747220049.7378762,-2.127845525741577,87
86,0.5919179916381836,87,1.0,-1.0320638418197632,0.9871600866317749,1573.674151972,1.5071,8.652518272399902,0.8254914879798889,0,-1.597746729850769,0.17,-1.004390835762024,-1.0586285591125488,0.7904842495918274,1747220067.6129606,-1.8841201066970825,88
87,0.9190372824668884,88,0.5,-1.1875303983688354,1.3850898742675781,1591.541147765,1.308,8.257610321044922,0.3237440586090088,0,-1.62068510055542,0.17,-0.9902375340461731,-1.9169580936431885,0.932105302810669,1747220085.4800315,-2.2407021522521973,89
88,0.7533383369445801,89,0.75,-1.0821373462677002,1.2436754703521729,1609.428838026,1.3748,7.972413539886475,0.663643479347229,0,-1.6873774528503418,0.17,-0.9475090503692627,-1.8617171049118042,0.980674147605896,1747220103.4064975,-2.525360584259033,90
89,1.0381828546524048,90,0.75,-1.0409374237060547,1.5829664468765259,1627.587180396,1.4656,9.690443992614746,-0.0937831699848175,0,-1.5515466928482056,0.17,-1.0021473169326782,-1.6851696968078613,1.0895671844482422,1747220121.5248263,-1.5913865566253662,91
90,0.7047550678253174,91,0.75,-1.047805666923523,1.192491888999939,1645.077233617,1.4135,8.093222618103027,0.5544730424880981,0,-1.572943091392517,0.17,-0.9593148827552795,-1.6715561151504517,0.9754735827445984,1747220139.015892,-2.22602915763855,92
91,1.0109708309173584,92,0.25,-1.0729000568389893,1.523146152496338,1662.636157046,1.2649,8.468387603759766,-0.06784957647323608,0,-1.402433156967163,0.18,-0.8227657079696655,-1.389344573020935,1.024350643157959,1747220156.575111,-1.3214948177337646,93
92,0.8571845889091492,93,0.75,-1.071907877922058,1.2591935396194458,1680.048151136,1.4191,8.034153938293457,0.20711103081703186,0,-1.6749753952026367,0.18,-0.9947329163551331,-1.5418182611465454,0.8040179014205933,1747220173.9870646,-1.7489292621612549,94
93,1.115598201751709,94,0.0,-1.116591453552246,1.6095523834228516,1698.238156206,1.3828,7.682329177856445,-0.2647782564163208,0,-1.5485939979553223,0.18,-0.9915769696235657,-2.053907871246338,0.9879083633422852,1747220192.1771429,-1.7891297340393066,95
94,0.8055111169815063,95,0.5,-1.0547178983688354,1.2476807832717896,1716.105192343,1.2942,10.759570121765137,0.36958712339401245,0,-1.3509316444396973,0.18,-0.9009944200515747,-1.5546538829803467,0.8843393921852112,1747220210.0434108,-1.9242409467697144,96
95,1.2639753818511963,96,0.5,-1.0159709453582764,1.8354885578155518,1734.037149321,1.5075,10.71065616607666,-0.4354059100151062,0,-1.6104629039764404,0.18,-0.9982424974441528,-1.9701008796691895,1.143026351928711,1747220228.0148087,-1.534695029258728,97
96,0.7665194272994995,97,0.5,-0.9607313871383667,1.2472403049468994,1751.701139369,1.3972,7.887452125549316,0.49500465393066406,0,-1.4804728031158447,0.19,-0.865544319152832,-1.2265007495880127,0.9614417552947998,1747220245.6400793,-1.7215054035186768,98
97,1.094221591949463,98,0.25,-1.1206810474395752,1.5368975400924683,1769.818142297,1.3324,7.824471473693848,-0.18874040246009827,0,-1.5136268138885498,0.19,-0.9408588409423828,-1.791383981704712,0.8853518962860107,1747220263.7574518,-1.602643609046936,99
98,0.6645849943161011,100,0.75,-1.033320665359497,1.2433756589889526,1804.809265511,1.4721,9.725787162780762,0.7540574669837952,0,-1.4581193923950195,0.19,-0.9786604642868042,-1.9080735445022583,1.1575813293457031,1747220298.786825,-2.662130832672119,101
99,0.7260599732398987,101,0.75,-1.1703258752822876,1.21444833278656,1822.404612053,1.2823,9.310908317565918,0.48979341983795166,0,-1.620267391204834,0.19,-0.9579471945762634,-1.829817533493042,0.9767767190933228,1747220316.3821864,-2.319611072540283,102
100,0.41803646087646484,102,1.0,-1.1996667385101318,0.7739551663398743,1840.945204181,1.2257,8.982192993164062,1.2796529531478882,0,-1.4970002174377441,0.19,-0.9312385320663452,-1.3518126010894775,0.7118374109268188,1747220334.8836932,-2.631465435028076,103
101,0.5517456531524658,103,1.0,-1.1115998029708862,0.9969699382781982,1858.537173214,1.4433,9.533265113830566,0.9422413110733032,0,-1.6126196384429932,0.2,-1.0212829113006592,-1.2795305252075195,0.8904485702514648,1747220352.475844,-2.221771717071533,104
102,1.106727123260498,104,0.5,-0.9646522998809814,1.5595277547836304,1877.198124241,1.4116,8.088764190673828,-0.1943385899066925,0,-1.7094004154205322,0.2,-0.9071306586265564,-1.6424221992492676,0.9056013226509094,1747220371.1367106,-1.4480836391448975,105
103,0.7763442993164062,105,0.75,-1.0907976627349854,1.2243136167526245,1894.723882518,1.2686,7.756877422332764,0.4282199442386627,0,-1.3823720216751099,0.2,-0.8669499158859253,-1.306933879852295,0.8959386944770813,1747220388.7014227,-1.7351537942886353,106
104,0.6913496255874634,106,0.5,-1.0654559135437012,1.1340281963348389,1912.356134743,1.2203,8.378077507019043,0.7062103748321533,0,-1.384429693222046,0.2,-0.8327741026878357,-1.2929389476776123,0.8853570222854614,1747220406.3337822,-1.9991493225097656,107
105,1.0365688800811768,107,0.5,-0.9769418239593506,1.5749082565307617,1930.890164028,1.4909,10.052812576293945,0.08838587999343872,0,-1.4037076234817505,0.2,-0.9436607360839844,-1.799346923828125,1.07667875289917,1747220424.8275197,-1.8877328634262085,108
106,1.0924237966537476,108,0.25,-0.9748300909996033,1.5400909185409546,1949.095188435,1.4093,8.306649208068848,-0.21746936440467834,0,-1.35392427444458,0.21,-0.918470025062561,-1.1716535091400146,0.8953342437744141,1747220443.0343857,-0.9541842341423035,109
107,0.8528138399124146,109,0.75,-1.0351111888885498,1.2686728239059448,1967.29713389,1.3965,7.968822479248047,0.23575825989246368,0,-1.4476488828659058,0.21,-0.9330213665962219,-1.3099141120910645,0.8317179083824158,1747220461.2363923,-1.5456722974777222,110
108,1.2286356687545776,110,0.5,-1.0388152599334717,1.6443183422088623,1985.17425175,1.5297,9.625720977783203,-0.372340589761734,0,-1.5374066829681396,0.21,-1.023664116859436,-1.7371621131896973,0.8313654661178589,1747220479.1124263,-1.364821434020996,111
109,0.9002411365509033,111,0.5,-0.9704734683036804,1.330888032913208,2003.787487588,1.3288,8.114261627197266,0.13804031908512115,0,-1.3945852518081665,0.21,-0.835120439529419,-1.2182037830352783,0.8612936735153198,1747220497.7651246,-1.3562440872192383,112
110,0.5870231986045837,112,0.75,-1.2062896490097046,0.9561624526977539,2021.935174244,1.1693,6.8095784187316895,0.8298100233078003,0,-1.5652716159820557,0.21,-0.8818608522415161,-1.4461023807525635,0.7382785677909851,1747220515.8742647,-2.275912284851074,113
111,0.7014921307563782,113,0.75,-1.0457226037979126,1.2313852310180664,2039.802147861,1.3874,7.7856268882751465,0.5899513959884644,0,-1.4270780086517334,0.22,-0.9418060779571533,-1.51375412940979,1.0597862005233765,1747220533.74109,-2.103705644607544,114
112,0.664342999458313,114,1.0,-0.9906512498855591,1.1362543106079102,2057.733209298,1.3884,8.592524528503418,0.6359352469444275,0,-1.6563427448272705,0.22,-0.9063359498977661,-1.6551060676574707,0.9438226222991943,1747220551.6715236,-2.291041374206543,115
113,1.1617317199707031,115,0.5,-1.0839581489562988,1.7011072635650635,2074.866762185,1.44,10.43944263458252,-0.3254455029964447,0,-1.4651410579681396,0.22,-0.9871529340744019,-2.141185760498047,1.0787509679794312,1747220568.8444161,-1.8157403469085693,116
114,0.8936623930931091,116,0.25,-1.1076935529708862,1.3071374893188477,2092.979394834,1.2822,7.895617961883545,0.16809813678264618,0,-1.5566892623901367,0.22,-0.930875301361084,-1.1142807006835938,0.8269502520561218,1747220586.957046,-1.2823787927627563,117
115,0.9316143989562988,117,0.5,-0.9714082479476929,1.3903157711029053,2110.349214256,1.5151,8.372345924377441,0.06994859874248505,0,-1.6905057430267334,0.22,-0.9730679392814636,-1.7704505920410156,0.9174028038978577,1747220604.28764,-1.8403992652893066,118
116,0.9777680039405823,118,0.5,-1.0804270505905151,1.4889342784881592,2127.914231322,1.6354,8.993297576904297,-0.020532414317131042,0,-1.638047456741333,0.22,-1.099818468093872,-1.8660540580749512,1.0223326683044434,1747220621.8529508,-1.8455216884613037,119
117,0.9404891133308411,119,0.25,-1.0468335151672363,1.4011696577072144,2145.086142432,1.2859,11.018536567687988,0.06526288390159607,0,-1.535423994064331,0.23,-0.8894749283790588,-1.6479125022888184,0.9213611483573914,1747220639.0272992,-1.7131755352020264,120
118,0.9903507828712463,120,0.25,-1.0696158409118652,1.4121649265289307,2163.060163019,1.3593,9.589919090270996,-0.022114142775535583,0,-1.583820104598999,0.23,-0.9487916231155396,-1.6429270505905151,0.8436281681060791,1747220656.9974651,-1.6208128929138184,121
119,1.5382585525512695,121,0.0,-1.0993907451629639,2.128775119781494,2180.671047179,1.3872,8.189859390258789,-0.8351854085922241,0,-1.57468581199646,0.23,-0.9624680280685425,-2.7698981761932373,1.1810331344604492,1747220674.648664,-1.9347127676010132,122
120,0.6854636669158936,122,1.0,-1.1945385932922363,1.163647174835205,2198.357172145,1.389,9.064532279968262,0.5994558334350586,0,-1.549837589263916,0.23,-1.02181077003479,-1.7442375421524048,0.956367015838623,1747220692.2963746,-2.343693256378174,123
121,0.7474608421325684,123,1.0,-0.9874978065490723,1.119699239730835,2216.56715644,1.3342,7.658088207244873,0.4084174931049347,0,-1.5268467664718628,0.23,-0.8760239481925964,-1.0413265228271484,0.7444767355918884,1747220710.5052829,-1.4497439861297607,124
122,1.007894515991211,124,0.5,-1.166778326034546,1.6467655897140503,2233.690149927,1.39,9.751382827758789,-0.065593421459198,0,-1.6117888689041138,0.24,-1.0089330673217773,-2.349806308746338,1.2777421474456787,1747220727.628867,-2.284212827682495,125
123,1.2091435194015503,125,0.0,-1.1350061893463135,1.8085267543792725,2251.103149754,1.3006,8.737192153930664,-0.41748443245887756,0,-1.6855344772338867,0.24,-0.9546723365783691,-2.2647762298583984,1.1987664699554443,1747220745.0419571,-1.8472918272018433,126
124,0.7116930484771729,126,1.0,-1.0998711585998535,1.1074647903442383,2269.319399716,1.2181,7.3490729331970215,0.47674497961997986,0,-1.505155086517334,0.24,-0.8656815886497498,-1.2279038429260254,0.7915434241294861,1747220763.2970834,-1.704648733139038,127
125,1.1385843753814697,127,0.5,-1.0478874444961548,1.6333410739898682,2286.680191596,1.4536,9.24925422668457,-0.153281569480896,0,-1.5455145835876465,0.24,-0.9897285103797913,-2.1131653785705566,0.9895134568214417,1747220780.618659,-1.9598838090896606,128
126,0.9458516836166382,128,0.5,-1.0161103010177612,1.4236695766448975,2304.496449851,1.4172,8.991358757019043,0.17643913626670837,0,-1.3701692819595337,0.24,-0.9333322048187256,-1.812536358833313,0.955635666847229,1747220798.4740903,-1.9889756441116333,129
127,1.1639530658721924,129,0.25,-1.0779348611831665,1.6991033554077148,2322.109181796,1.3781,8.458722114562988,-0.31993624567985535,0,-1.5411152839660645,0.25,-0.9460914731025696,-2.1793670654296875,1.070300579071045,1747220816.0472772,-1.8594307899475098,130
128,0.8259499073028564,130,0.75,-1.0885841846466064,1.3402597904205322,2339.392194717,1.4791,9.082453727722168,0.38412269949913025,0,-1.6549385786056519,0.25,-1.028357982635498,-1.619734287261963,1.028619647026062,1747220833.330003,-2.003856897354126,131
129,0.7554219365119934,131,0.75,-1.0534783601760864,1.196503758430481,2357.290322219,1.4444,8.480001449584961,0.5965016484260559,0,-1.6109399795532227,0.25,-0.9919298887252808,-1.43251633644104,0.8821635842323303,1747220851.2291987,-2.029017925262451,132
130,0.7799965143203735,132,0.75,-1.0656657218933105,1.2739973068237305,2374.731413325,1.3737,9.632840156555176,0.38823479413986206,0,-1.5958006381988525,0.25,-0.9443447589874268,-1.9512572288513184,0.9880016446113586,1747220868.7089484,-2.339491844177246,133
131,0.7500554323196411,133,0.75,-1.068444013595581,1.1870384216308594,2392.852276398,1.4853,9.036084175109863,0.41167908906936646,0,-1.4730396270751953,0.25,-0.9933916926383972,-1.770248293876648,0.873965859413147,1747220886.8298686,-2.18192720413208,134
132,0.8619008660316467,134,0.75,-1.0250520706176758,1.2727484703063965,2411.089168508,1.3214,10.624360084533691,0.2247750163078308,0,-1.512171983718872,0.26,-0.9016813039779663,-1.5231742858886719,0.8216952085494995,1747220905.0284111,-1.7479493618011475,135
133,0.5902197360992432,136,0.75,-0.9436544179916382,1.0239731073379517,2446.899146097,1.4492,9.269584655761719,0.892137885093689,0,-1.566683292388916,0.26,-0.8967694640159607,-0.9121249914169312,0.867506742477417,1747220940.8365738,-1.8042627573013306,137
134,0.7639220952987671,137,0.5,-0.9992358684539795,1.1146475076675415,2464.993350838,1.453,8.939043045043945,0.5102182030677795,0,-1.574505090713501,0.26,-0.955798327922821,-1.4164537191390991,0.7014508843421936,1747220958.9707997,-1.9266719818115234,138
135,0.8006870746612549,138,0.75,-0.9739423990249634,1.165632724761963,2482.123951639,1.3866,9.205899238586426,0.3343871831893921,0,-1.484187126159668,0.26,-0.9032748341560364,-1.3972952365875244,0.7298914194107056,1747220976.1016057,-1.731682538986206,139
136,0.9822457432746887,139,0.5,-1.1202744245529175,1.4570696353912354,2500.578140236,1.3313,7.957498073577881,0.11110728979110718,0,-1.4123404026031494,0.26,-0.9445412755012512,-1.7800605297088623,0.9496479034423828,1747220994.517293,-1.8911678791046143,140
137,0.6398134231567383,140,0.75,-1.094533920288086,1.0359783172607422,2517.905148676,1.3665,8.396032333374023,0.7482467293739319,0,-1.484282374382019,0.27,-0.955181896686554,-1.5368247032165527,0.7923297882080078,1747221011.8434412,-2.28507137298584,141
138,0.7194737195968628,141,0.75,-1.062833309173584,1.0870144367218018,2536.039162529,1.2732,7.668884754180908,0.6261508464813232,0,-1.4012737274169922,0.27,-0.8935008645057678,-1.522848129272461,0.7350814342498779,1747221029.9777186,-2.1489992141723633,142
139,0.6054644584655762,142,1.0,-1.1730812788009644,1.0241515636444092,2553.156203724,1.4178,9.55798625946045,0.8928594589233398,0,-1.5031452178955078,0.27,-1.0348553657531738,-1.3321471214294434,0.837374210357666,1747221047.0950408,-2.225006580352783,143
140,1.2099671363830566,143,0.25,-1.0943818092346191,1.7108341455459595,2570.846976945,1.3074,9.458809852600098,-0.3864458203315735,0,-1.3494713306427002,0.27,-0.9150771498680115,-1.5989787578582764,1.0017340183258057,1747221064.8246334,-1.2125327587127686,144
141,0.9183356761932373,144,0.75,-1.3478519916534424,1.435778021812439,2588.301202186,1.4448,9.254703521728516,0.10037031769752502,0,-1.5963122844696045,0.27,-1.0547411441802979,-1.7262678146362305,1.0348846912384033,1747221082.2393377,-1.8266382217407227,145
142,0.8758717775344849,145,0.75,-1.1155145168304443,1.3511707782745361,2605.549146163,1.2944,11.545845985412598,0.1729789823293686,0,-1.499878168106079,0.28,-0.9319660663604736,-1.7407947778701782,0.9505980014801025,1747221099.4876037,-1.913773775100708,146
143,1.5014832019805908,146,0.0,-0.994676411151886,2.1742331981658936,2623.652142752,1.5068,8.357349395751953,-0.8434576988220215,0,-1.4839465618133545,0.28,-0.9718598127365112,-2.877027988433838,1.3454999923706055,1747221117.5910666,-2.0335702896118164,147
144,0.8565022945404053,147,0.5,-1.0462520122528076,1.3633748292922974,2641.526177697,1.369,9.586755752563477,0.2118130624294281,0,-1.5050015449523926,0.28,-0.9095286130905151,-1.330977439880371,1.0137450695037842,1747221135.466222,-1.5427905321121216,148
145,0.644605278968811,148,1.0,-1.2248151302337646,1.184161901473999,2658.705164104,1.2277,8.449066162109375,0.6403828263282776,0,-1.439819097518921,0.28,-0.9352473020553589,-2.0007262229919434,1.079113245010376,1747221152.647345,-2.641108989715576,149
146,1.0141925811767578,149,0.25,-1.0730372667312622,1.4575153589248657,2676.3721773,1.5922,8.829771041870117,0.038015902042388916,0,-1.6496217250823975,0.28,-1.1006121635437012,-1.836097240447998,0.8866456151008606,1747221170.3098423,-1.8741132020950317,150
147,1.2163398265838623,150,0.25,-0.9914754629135132,1.7506319284439087,2693.895336923,1.4794,9.005180358886719,-0.4223986864089966,0,-1.3939697742462158,0.29,-0.9708800911903381,-2.228381633758545,1.0685842037200928,1747221187.8729687,-1.8059828281402588,151
148,1.09047269821167,151,0.25,-1.0917953252792358,1.6431512832641602,2711.639136921,1.366,8.278706550598145,-0.2144024521112442,0,-1.4792733192443848,0.29,-0.9612191915512085,-1.8742868900299072,1.10535728931427,1747221205.5779917,-1.6598843336105347,152
149,0.774065375328064,152,0.75,-1.0519225597381592,1.2350918054580688,2729.756176302,1.265,8.258301734924316,0.44820186495780945,0,-1.3983114957809448,0.29,-0.8331248164176941,-1.379411220550537,0.9220529198646545,1747221223.6949437,-1.827613115310669,153
150,0.8804761171340942,153,0.75,-0.9992982149124146,1.4119915962219238,2747.064144628,1.4522,9.162308692932129,0.3769981563091278,0,-1.4628407955169678,0.29,-0.9406367540359497,-2.095959186553955,1.0630308389663696,1747221241.0031621,-2.4729576110839844,154
151,0.6301883459091187,154,0.75,-1.1215107440948486,1.1738696098327637,2764.659895095,1.528,9.121588706970215,0.7408192157745361,0,-1.6168239116668701,0.29,-1.0526151657104492,-1.9550540447235107,1.0873626470565796,1747221258.6374507,-2.695873260498047,155
152,0.7011708617210388,155,1.0,-1.0038864612579346,1.161484718322754,2782.241996066,1.3737,8.345871925354004,0.5430938005447388,0,-1.5245543718338013,0.29,-0.8968833684921265,-1.3745173215866089,0.9206275939941406,1747221276.2196367,-1.9176111221313477,156
153,1.3914521932601929,156,0.5,-1.000647783279419,1.878363847732544,2799.833150704,1.5942,10.343095779418945,-0.5736547708511353,0,-1.5281933546066284,0.3,-1.042198657989502,-2.3027055263519287,0.9738234281539917,1747221293.771386,-1.7290507555007935,157
154,0.8200049996376038,157,0.5,-1.0828139781951904,1.199228286743164,2817.216174639,1.4645,9.352856636047363,0.37532129883766174,0,-1.614707112312317,0.3,-1.0451467037200928,-1.4711942672729492,0.7584465146064758,1747221311.155563,-1.8465156555175781,158
155,0.647669792175293,158,0.75,-1.1856722831726074,1.0992047786712646,2834.534188444,1.1264,9.46965217590332,0.6425192952156067,0,-1.4478340148925781,0.3,-0.8591193556785583,-1.6526315212249756,0.9030698537826538,1747221328.473407,-2.2951507568359375,159
156,0.7850256562232971,159,0.5,-1.0650231838226318,1.206743597984314,2852.122143588,1.3304,9.332143783569336,0.4813917875289917,0,-1.5734585523605347,0.3,-0.9213283061981201,-1.4986828565597534,0.8434358239173889,1747221346.0600555,-1.9800746440887451,160
157,0.7974079847335815,160,0.75,-1.0685546398162842,1.2158483266830444,2870.19763193,1.3509,8.198097229003906,0.3427325487136841,0,-1.457611083984375,0.3,-0.9318993091583252,-1.238686203956604,0.8368806838989258,1747221364.1752105,-1.581418752670288,161
158,0.6163982152938843,161,0.75,-1.2363662719726562,1.1960992813110352,2887.367173124,1.3006,7.900820732116699,0.8689924478530884,0,-1.518570899963379,0.31,-1.0107905864715576,-1.81508469581604,1.1594021320343018,1747221381.304608,-2.684077262878418,162
159,0.9488673210144043,163,0.75,-1.1053078174591064,1.413978099822998,2923.409189885,1.4653,9.002643585205078,0.1584281623363495,0,-1.5118107795715332,0.31,-1.0388436317443848,-1.41354501247406,0.9302216172218323,1747221417.348299,-1.571973204612732,164
160,1.2312407493591309,164,0.25,-1.0856730937957764,1.7150851488113403,2940.842156636,1.324,7.5681304931640625,-0.4162474274635315,0,-1.58512282371521,0.31,-0.9079875349998474,-1.962625503540039,0.967688798904419,1747221434.7803712,-1.5463781356811523,165
161,1.1348767280578613,165,0.5,-1.0085334777832031,1.714233636856079,2958.391153384,1.611,9.650409698486328,-0.2803843915462494,0,-1.7159112691879272,0.31,-1.057187557220459,-2.051718235015869,1.1587138175964355,1747221452.3296335,-1.7713336944580078,166
162,1.1307364702224731,166,0.5,-1.0169718265533447,1.5157427787780762,2976.603151606,1.5168,8.574348449707031,-0.13174182176589966,0,-1.7456796169281006,0.32,-1.0096355676651,-1.694103717803955,0.7700126767158508,1747221470.5416892,-1.5623619556427002,167
163,0.643221378326416,167,1.0,-1.2084622383117676,1.082533359527588,2994.277605932,1.2052,10.137115478515625,0.681321382522583,0,-1.5721466541290283,0.32,-0.9037430286407471,-1.5497797727584839,0.8786238431930542,1747221488.2552128,-2.2311010360717773,168
164,0.7964185476303101,168,0.5,-1.054665446281433,1.2717671394348145,3011.479192771,1.2653,8.528911590576172,0.43870505690574646,0,-1.5485183000564575,0.32,-0.8652268648147583,-1.901231288909912,0.950697124004364,1747221505.4174128,-2.3399362564086914,169
165,0.9932293891906738,169,0.75,-1.069838047027588,1.568026065826416,3029.668164874,1.4275,8.648321151733398,0.018239915370941162,0,-1.4977893829345703,0.32,-0.9797744750976562,-2.3719637393951416,1.149593472480774,1747221523.6059492,-2.3902037143707275,170
166,0.9961954355239868,170,0.75,-1.0145292282104492,1.4138882160186768,3047.10011495,1.3921,10.141766548156738,-0.03347371518611908,0,-1.4362516403198242,0.32,-0.9243446588516235,-1.3871419429779053,0.8353855013847351,1747221541.038198,-1.353668212890625,171
167,0.5745590925216675,171,1.0,-1.0999661684036255,0.9860022068023682,3064.481472526,1.27,8.266456604003906,0.7630099654197693,0,-1.4577058553695679,0.33,-0.879282534122467,-1.2785356044769287,0.8228862285614014,1747221558.459079,-2.0415456295013428,172
168,1.0404267311096191,172,0.5,-1.1088180541992188,1.5457216501235962,3082.110100399,1.518,10.847631454467773,-0.12462067604064941,0,-1.5380704402923584,0.33,-1.0825133323669434,-2.2322378158569336,1.010589838027954,1747221576.0877416,-2.1076173782348633,173
169,0.6275790929794312,173,1.0,-0.9785749316215515,1.2051382064819336,3100.304154605,1.4,8.041152954101562,0.6503485441207886,0,-1.4122486114501953,0.33,-0.8726485371589661,-1.4188416004180908,1.1551183462142944,1747221594.242385,-2.069190263748169,174
170,0.8045410513877869,174,0.75,-0.9766625165939331,1.2925587892532349,3117.886229214,1.3204,7.712431907653809,0.37681126594543457,0,-1.555840015411377,0.33,-0.8436744213104248,-1.4004818201065063,0.9760354161262512,1747221611.8241413,-1.7772932052612305,175
171,0.8723306059837341,175,0.5,-1.1035075187683105,1.3425711393356323,3135.825164272,1.3973,8.15561580657959,0.2868756651878357,0,-1.6586838960647583,0.33,-1.0061269998550415,-1.8512237071990967,0.9404810070991516,1747221629.7630687,-2.138099431991577,176
172,0.7279336452484131,176,0.5,-1.0113229751586914,1.1322134733200073,3153.94913092,1.3547,7.649652481079102,0.5450144410133362,0,-1.3530793190002441,0.33,-0.870002031326294,-0.8354916572570801,0.8085597157478333,1747221647.8913093,-1.3805060386657715,177
173,1.0019714832305908,177,0.25,-0.9625982046127319,1.4225273132324219,3171.861430752,1.3859,8.971256256103516,0.1940014362335205,0,-1.5393785238265991,0.34,-0.8852401971817017,-1.4797242879867554,0.8411116600036621,1747221665.8390665,-1.6737257242202759,178
174,0.8675470948219299,178,0.5,-0.8933266401290894,1.3538641929626465,3189.791194397,1.4185,11.702546119689941,0.19899694621562958,0,-1.2053334712982178,0.34,-0.8607345819473267,-1.0959504842758179,0.9726342558860779,1747221683.7289002,-1.2949473857879639,179
175,0.6165393590927124,179,1.0,-1.00825834274292,0.9744071960449219,3208.060156444,1.3812,8.51266860961914,0.6990392208099365,0,-1.438645601272583,0.34,-0.9053970575332642,-1.2601532936096191,0.715735673904419,1747221701.998611,-1.9591925144195557,180
176,1.0191078186035156,180,0.5,-1.15274977684021,1.5144307613372803,3225.638136643,1.4137,8.624580383300781,0.04349552094936371,0,-1.5617889165878296,0.34,-0.9672908782958984,-1.5878525972366333,0.9906459450721741,1747221719.5764382,-1.6313481330871582,181
177,0.955377459526062,181,0.5,-1.0908310413360596,1.3806623220443726,3243.36615073,1.3583,8.511330604553223,0.025368526577949524,0,-1.520139217376709,0.34,-0.9626374244689941,-1.5974245071411133,0.8505696654319763,1747221737.304378,-1.6227929592132568,182
178,1.1811268329620361,182,0.5,-1.0727546215057373,1.6228570938110352,3260.50683116,1.3917,9.394695281982422,-0.33239105343818665,0,-1.392789363861084,0.35,-0.9547969102859497,-2.0065393447875977,0.8834605813026428,1747221754.4844544,-1.6741485595703125,183
179,0.8922948837280273,183,0.5,-1.0977275371551514,1.2786235809326172,3278.413176901,1.3007,8.590754508972168,0.1664220690727234,0,-1.5132555961608887,0.35,-0.9496008157730103,-1.587937831878662,0.7726575136184692,1747221772.3515253,-1.7543599605560303,184
180,0.7843660116195679,184,0.75,-0.9718564748764038,1.2362788915634155,3295.708907253,1.2771,7.8073906898498535,0.33704662322998047,0,-1.6461352109909058,0.35,-0.809039831161499,-1.6028714179992676,0.9038258194923401,1747221789.6865427,-1.939918041229248,185
181,0.957499086856842,185,0.5,-1.0924906730651855,1.5276280641555786,3313.087217369,1.3817,8.144445419311523,0.017836004495620728,0,-1.4720656871795654,0.35,-0.9761271476745605,-1.9661303758621216,1.1402579545974731,1747221807.025769,-1.98396635055542,186
182,0.54496830701828,186,1.0,-1.127910852432251,0.9574267864227295,3330.257155639,1.2254,8.633358001708984,0.8505609035491943,0,-1.335205078125,0.35,-0.8400108218193054,-1.1162583827972412,0.8249168992042542,1747221824.1947975,-1.9668192863464355,187
183,1.0277390480041504,187,0.25,-1.0935041904449463,1.541587233543396,3347.380205237,1.3687,9.29819393157959,-0.05847129225730896,0,-1.457529067993164,0.36,-0.9515640735626221,-2.0239548683166504,1.0276963710784912,1747221841.318103,-1.965483546257019,188
184,0.8074121475219727,188,0.75,-1.0197501182556152,1.4263769388198853,3364.880398405,1.4777,10.391266822814941,0.3191179037094116,0,-1.3911736011505127,0.36,-0.9841238260269165,-2.01448130607605,1.2379295825958252,1747221858.8580563,-2.333599328994751,189
185,0.7967857122421265,189,0.75,-1.0187170505523682,1.3063806295394897,3382.077012567,1.4705,9.159130096435547,0.3851402997970581,0,-1.4523978233337402,0.36,-0.9723894596099854,-1.6692566871643066,1.0191898345947266,1747221876.054576,-2.054396867752075,190
186,1.1955068111419678,190,0.25,-1.0109537839889526,1.6758500337600708,3400.048130509,1.5922,8.739396095275879,-0.36827170848846436,0,-1.6251556873321533,0.36,-1.0523953437805176,-1.6470966339111328,0.960686445236206,1747221893.9865196,-1.2788249254226685,191
187,1.0550332069396973,191,0.25,-1.0785361528396606,1.6358861923217773,3417.156149646,1.4109,9.967537879943848,-0.14767146110534668,0,-1.6717441082000732,0.36,-0.9870824813842773,-2.4322257041931152,1.1617060899734497,1747221911.095136,-2.2845540046691895,192
188,0.6913071870803833,192,0.75,-1.128792405128479,1.2152146100997925,3435.032165793,1.5097,8.139471054077148,0.5832173824310303,0,-1.732490062713623,0.36,-1.0601402521133423,-1.385756254196167,1.0478148460388184,1747221928.970434,-1.9689736366271973,193
189,0.8185506463050842,193,0.75,-1.1086814403533936,1.2252637147903442,3452.222176575,1.369,8.867487907409668,0.2935082018375397,0,-1.5545426607131958,0.37,-0.9737676382064819,-1.6866765022277832,0.8134261965751648,1747221946.1611836,-1.98018479347229,194
190,0.9188845157623291,194,0.75,-1.0681202411651611,1.4506934881210327,3469.345165538,1.4019,9.655915260314941,0.13139785826206207,0,-1.5138182640075684,0.37,-0.9525095224380493,-1.8444604873657227,1.0636179447174072,1747221963.2889528,-1.975858211517334,195
191,0.7223047018051147,195,1.0,-1.1291923522949219,1.0760691165924072,3487.775256347,1.2827,8.79748249053955,0.5473589897155762,0,-1.537550926208496,0.37,-0.9147414565086365,-0.8848391175270081,0.7075288891792297,1747221981.712715,-1.432198166847229,196
192,1.4448459148406982,196,0.25,-1.0568337440490723,1.9715569019317627,3505.874268039,1.3886,8.876972198486328,-0.44087597727775574,0,-1.5843316316604614,0.37,-0.9325240850448608,-1.8877067565917969,1.053421974182129,1747221999.813444,-1.4468307495117188,197
193,0.8950010538101196,197,0.5,-0.9767133593559265,1.4059948921203613,3523.586163315,1.3803,8.455270767211914,0.1897897720336914,0,-1.591736078262329,0.37,-0.9034844636917114,-1.8617743253707886,1.021987795829773,1747222017.5237415,-2.0515642166137695,198
194,1.0739076137542725,198,0.5,-1.0071821212768555,1.5202136039733887,3540.980247597,1.3982,9.64700984954834,-0.18386560678482056,0,-1.4912660121917725,0.38,-0.9555362462997437,-1.6755766868591309,0.8926119208335876,1747222034.9191625,-1.491711139678955,199
195,1.1340409517288208,199,0.25,-1.0518364906311035,1.7431316375732422,3558.10217434,1.5228,8.751412391662598,-0.2672281563282013,0,-1.5504684448242188,0.38,-1.0059888362884521,-2.4270029067993164,1.2181813716888428,1747222052.0402174,-2.1597747802734375,200
196,0.4034690260887146,200,1.0,-1.1042876243591309,0.7746220231056213,3575.707556908,1.2641,9.39328384399414,1.2411832809448242,0,-1.5501132011413574,0.38,-0.8731436729431152,-1.3525691032409668,0.7423059940338135,1747222069.6852736,-2.593752384185791,201
197,0.8504129648208618,201,0.75,-1.0122113227844238,1.2446454763412476,3593.364732704,1.4315,9.303269386291504,0.21041841804981232,0,-1.4210140705108643,0.38,-0.948091983795166,-1.3077175617218018,0.7884650826454163,1747222087.3423834,-1.518135905265808,202
198,1.064042329788208,202,0.5,-1.0677059888839722,1.4817560911178589,3610.824179735,1.2892,8.891752243041992,-0.044967398047447205,0,-1.3792567253112793,0.38,-0.8983216881752014,-1.4316632747650146,0.8354275822639465,1747222104.762371,-1.3866958618164062,203
199,1.218698263168335,203,0.5,-0.9814553260803223,1.7624870538711548,3628.567158508,1.5155,9.639280319213867,-0.4080326557159424,0,-1.5671133995056152,0.39,-0.9725790023803711,-2.239849090576172,1.0875775814056396,1747222122.5054111,-1.8318164348602295,204
200,0.9065827131271362,204,0.5,-1.057570457458496,1.3871991634368896,3646.302243745,1.3192,7.385880470275879,0.16961821913719177,0,-1.4379655122756958,0.39,-0.8765583038330078,-1.838526725769043,0.9612329006195068,1747222140.240081,-2.0081448554992676,205
201,1.2400959730148315,205,0.5,-1.0321929454803467,1.7741172313690186,3663.483189412,1.3935,8.992744445800781,-0.42268723249435425,0,-1.4499439001083374,0.39,-0.9290362596511841,-2.0818636417388916,1.068042516708374,1747222157.421407,-1.6591765880584717,206
202,1.005737543106079,206,0.5,-1.0349857807159424,1.522709608078003,3680.86846053,1.3949,8.40179443359375,-0.05783724784851074,0,-1.541412353515625,0.39,-0.933447003364563,-1.8877403736114502,1.0339441299438477,1747222174.8461518,-1.8299031257629395,207
203,0.650777280330658,207,0.75,-1.0890958309173584,1.2017581462860107,3698.547226036,1.3785,8.680272102355957,0.6474547386169434,0,-1.5778694152832031,0.39,-0.9713777899742126,-1.9032924175262451,1.1019617319107056,1747222192.484874,-2.5507471561431885,208
204,0.9332034587860107,208,0.5,-0.9657377600669861,1.4308269023895264,3716.070724218,1.3858,9.095858573913574,0.1679830253124237,0,-1.4217126369476318,0.4,-0.8677935600280762,-1.645224928855896,0.9952468872070312,1747222210.0483575,-1.813207983970642,209
205,0.8456056118011475,209,0.5,-1.206870675086975,1.3023957014083862,3733.300152475,1.3039,7.888258457183838,0.24288983643054962,0,-1.4646759033203125,0.4,-0.9485510587692261,-1.1701470613479614,0.9135801196098328,1747222227.2397447,-1.4130369424819946,210
206,0.906586766242981,210,0.5,-0.9488906860351562,1.3552764654159546,3751.477193088,1.5075,7.510584354400635,0.11132976412773132,0,-1.6075878143310547,0.4,-0.9353966116905212,-1.3651272058486938,0.897379457950592,1747222245.4162972,-1.476456880569458,211
207,0.9347026348114014,211,0.5,-1.0027693510055542,1.2684823274612427,3768.649176034,1.4341,8.852503776550293,0.0639624148607254,0,-1.4564235210418701,0.4,-0.939261794090271,-0.8719996809959412,0.6675593256950378,1747222262.5867777,-0.9359620809555054,212
208,0.6676838994026184,212,0.75,-1.1327075958251953,1.082221508026123,3786.354209623,1.3176,8.3978853225708,0.5856592059135437,0,-1.5612032413482666,0.4,-0.9252709150314331,-1.4669748544692993,0.8290753364562988,1747222280.2928247,-2.0526340007781982,213
209,1.2325291633605957,213,0.25,-0.9960663914680481,1.762129306793213,3803.629810526,1.4994,9.193184852600098,-0.4023984968662262,0,-1.4466462135314941,0.4,-0.9709643125534058,-2.309237003326416,1.059200406074524,1747222297.6074698,-1.9068381786346436,214
210,1.2486047744750977,214,0.25,-1.0069142580032349,1.8440334796905518,3821.401154705,1.5714,9.822185516357422,-0.47568362951278687,0,-1.735108733177185,0.41,-1.0518651008605957,-2.226707935333252,1.1908574104309082,1747222315.340014,-1.7510241270065308,215
211,0.7542398571968079,215,0.5,-0.9719188213348389,1.1841014623641968,3838.602223289,1.5443,8.929821968078613,0.5802696943283081,0,-1.5649242401123047,0.41,-0.988109827041626,-1.5569052696228027,0.8597231507301331,1747222332.5396383,-2.1371750831604004,216
212,1.293911337852478,216,0.25,-0.9096701145172119,1.8032457828521729,3856.236170297,1.4851,8.708179473876953,-0.4072524905204773,0,-1.5317573547363281,0.41,-0.8963570594787598,-1.886061668395996,1.0186687707901,1747222350.1753385,-1.4788092374801636,217
213,0.8005688190460205,217,0.25,-1.002416968345642,1.241109013557434,3874.116171746,1.3791,7.759789943695068,0.42377352714538574,0,-1.5058836936950684,0.41,-0.9052221775054932,-1.1264257431030273,0.8810804486274719,1747222368.055728,-1.550199270248413,218
214,0.9518933296203613,218,0.5,-0.9577779173851013,1.5302497148513794,3892.335460812,1.543,9.319724082946777,0.039014995098114014,0,-1.6712158918380737,0.41,-0.9731392860412598,-1.4107122421264648,1.1567127704620361,1747222386.3130763,-1.449727177619934,219
215,0.9835498332977295,219,0.75,-1.0288193225860596,1.4386391639709473,3910.074255864,1.3641,7.754190444946289,-0.015952065587043762,0,-1.582932710647583,0.42,-0.9120824337005615,-1.5426905155181885,0.910178542137146,1747222404.0129921,-1.5267384052276611,220
216,1.0082361698150635,220,0.5,-1.1971876621246338,1.5012247562408447,3928.576110914,1.27,8.548649787902832,-0.047511667013168335,0,-1.7258793115615845,0.42,-0.961819052696228,-1.8869426250457764,0.9859772324562073,1747222422.5140603,-1.8394309282302856,221
217,1.2020914554595947,221,0.5,-0.9836503267288208,1.614436149597168,3947.537236025,1.3318,7.922291278839111,-0.3567040264606476,0,-1.4559940099716187,0.42,-0.8524458408355713,-1.3553708791732788,0.8246893286705017,1747222441.4766738,-0.9986668825149536,222
218,0.826227068901062,222,0.75,-1.2156511545181274,1.323549747467041,3965.058033968,1.4221,8.402636528015137,0.37294527888298035,0,-1.60709810256958,0.42,-1.0477280616760254,-2.218000888824463,0.994645357131958,1747222459.0356886,-2.5909461975097656,223
219,1.0013337135314941,223,0.5,-1.0368478298187256,1.404463768005371,3983.552500393,1.3094,9.886066436767578,-0.05685257911682129,0,-1.422926664352417,0.42,-0.872130811214447,-1.2992818355560303,0.8062599897384644,1747222477.5301847,-1.242429256439209,224
220,0.9278941750526428,224,0.75,-1.130021572113037,1.2938238382339478,4001.534296513,1.3405,8.458192825317383,0.07571897655725479,0,-1.5942463874816895,0.43,-0.9808535575866699,-1.5708905458450317,0.7318593263626099,1747222495.4722333,-1.6466095447540283,225
221,0.8071918487548828,225,0.5,-0.9553506374359131,1.373429536819458,4018.854148648,1.4385,8.968493461608887,0.33684682846069336,0,-1.5023478269577026,0.43,-0.899774432182312,-1.6388620138168335,1.1324753761291504,1747222512.7926345,-1.9757087230682373,226
222,0.9262081980705261,226,0.5,-1.084560513496399,1.4101697206497192,4036.576171511,1.3414,10.328289985656738,0.10810412466526031,0,-1.5906319618225098,0.43,-0.9171358942985535,-1.6361266374588013,0.9679229855537415,1747222530.513799,-1.7442307472229004,227
223,1.2454829216003418,227,0.0,-1.070072889328003,1.6356744766235352,4055.165244366,1.4856,8.570273399353027,-0.4492835998535156,0,-1.6500434875488281,0.43,-1.0039126873016357,-1.3655879497528076,0.7803831100463867,1747222549.1428175,-0.9163042902946472,228
224,0.6578681468963623,228,1.0,-1.1191809177398682,1.1042953729629517,4072.815314079,1.2601,7.691083908081055,0.622370719909668,0,-1.3827917575836182,0.43,-0.9098720550537109,-1.5350303649902344,0.8928544521331787,1747222566.7928872,-2.1574010848999023,229
225,1.0757250785827637,229,0.5,-1.0532673597335815,1.6586236953735352,4090.58515433,1.5708,8.409711837768555,-0.0991639494895935,0,-1.7097244262695312,0.43,-1.0742485523223877,-2.175222873687744,1.1657973527908325,1747222584.5232913,-2.076058864593506,230
226,0.8618024587631226,230,0.5,-1.0941729545593262,1.4203212261199951,4108.141168034,1.3316,8.09382152557373,0.21263092756271362,0,-1.561261534690857,0.44,-0.9488136172294617,-2.1334266662597656,1.1170376539230347,1747222602.0792842,-2.346057653427124,231
227,0.8024201989173889,231,0.75,-0.9530465602874756,1.2576944828033447,4125.22215989,1.4776,10.70815372467041,0.30266493558883667,0,-1.3916484117507935,0.44,-0.9337573051452637,-1.6957930326461792,0.9105486869812012,1747222619.1608555,-1.998457908630371,232
228,0.8285648226737976,232,0.75,-1.0331040620803833,1.2839250564575195,4142.652129414,1.3359,9.10619068145752,0.25760045647621155,0,-1.569220781326294,0.44,-0.9121235609054565,-1.8260060548782349,0.9107205271720886,1747222636.5896397,-2.083606481552124,233
229,0.8918669819831848,233,0.5,-1.0896096229553223,1.350319266319275,4161.64975251,1.3594,9.173529624938965,0.16084639728069305,0,-1.489961862564087,0.44,-0.960883617401123,-1.198775053024292,0.9169045686721802,1747222655.62735,-1.359621524810791,234
230,1.1662216186523438,234,0.25,-1.0302019119262695,1.7541565895080566,4179.164174624,1.3551,8.18200397491455,-0.3220996558666229,0,-1.4605028629302979,0.44,-0.9065583944320679,-1.9939922094345093,1.1758700609207153,1747222673.102555,-1.671892523765564,235
231,0.9628176689147949,235,0.5,-1.056607961654663,1.4690017700195312,4197.896142608,1.2822,8.438953399658203,0.10950413346290588,0,-1.4464107751846313,0.45,-0.885290265083313,-1.3273961544036865,1.012368083000183,1747222691.8344543,-1.4369003772735596,236
232,0.9889547824859619,236,0.5,-1.0465277433395386,1.4587836265563965,4215.759200021,1.4022,8.785804748535156,0.12609407305717468,0,-1.5013740062713623,0.45,-0.9514342546463013,-1.4815317392349243,0.9396575689315796,1747222709.697806,-1.6076257228851318,237
233,1.161462664604187,237,0.25,-1.0597655773162842,1.7218098640441895,4233.183224858,1.4885,9.79106330871582,-0.2903416156768799,0,-1.6438730955123901,0.45,-1.014000654220581,-2.0303778648376465,1.1206942796707153,1747222727.1216826,-1.7400360107421875,238
234,1.009509801864624,238,0.5,-1.1203930377960205,1.5856823921203613,4250.401905269,1.4027,9.12551498413086,0.002183467149734497,0,-1.6540875434875488,0.45,-1.0164519548416138,-2.159165859222412,1.152345061302185,1747222744.3795161,-2.161349296569824,239
235,0.7589360475540161,239,0.75,-1.0881658792495728,1.1666406393051147,4267.758151814,1.2453,9.47943115234375,0.61187344789505,0,-1.3148233890533447,0.45,-0.8744967579841614,-1.4387589693069458,0.8154091835021973,1747222761.6961396,-2.0506324768066406,240
236,0.9548388123512268,240,0.5,-1.1380243301391602,1.5450990200042725,4285.292849594,1.2952,8.802924156188965,0.05550265312194824,0,-1.4762394428253174,0.46,-0.930998682975769,-2.0847973823547363,1.1805205345153809,1747222779.2705128,-2.1403002738952637,241
237,1.0047669410705566,241,0.5,-0.977986216545105,1.4526009559631348,4303.833181238,1.3438,8.074176788330078,-0.04284870624542236,0,-1.4254817962646484,0.46,-0.8614665269851685,-1.1165474653244019,0.8956679105758667,1747222797.7709339,-1.0736987590789795,242
238,0.9964945316314697,242,0.5,-1.122847557067871,1.4692039489746094,4322.266141182,1.2826,7.2168803215026855,0.07433915138244629,0,-1.6940200328826904,0.46,-0.9294974207878113,-2.002448081970215,0.9454187750816345,1747222816.2043078,-2.076786994934082,243
239,0.994127631187439,243,0.5,-1.069265604019165,1.4018901586532593,4341.222486955,1.3258,9.740741729736328,-0.04768335074186325,0,-1.4042978286743164,0.46,-0.905392050743103,-1.2738956212997437,0.8155250549316406,1747222835.2001321,-1.2262122631072998,244
240,0.9962594509124756,244,0.5,-1.0263005495071411,1.568343162536621,4358.90814517,1.3511,7.962034225463867,-0.044292181730270386,0,-1.5290545225143433,0.46,-0.9069551229476929,-1.8467676639556885,1.144167423248291,1747222852.8472552,-1.8024756908416748,245
241,0.8874415159225464,245,0.75,-1.016446828842163,1.3073903322219849,4375.992318953,1.3516,7.937456130981445,0.2066410481929779,0,-1.601874828338623,0.47,-0.8882063627243042,-1.736209511756897,0.8398976922035217,1747222869.9698722,-1.9428504705429077,246
242,1.3180718421936035,246,0.0,-1.0985037088394165,1.9067261219024658,4393.907153713,1.4509,7.694324493408203,-0.5692678689956665,0,-1.5118318796157837,0.47,-0.9999931454658508,-2.193444013595581,1.1773085594177246,1747222887.844887,-1.6241761445999146,247
243,0.8159705400466919,247,0.5,-0.9514356851577759,1.20704984664917,4412.412111254,1.3093,7.3868818283081055,0.3116973042488098,0,-1.4233598709106445,0.47,-0.8318175673484802,-1.1174612045288086,0.7821585536003113,1747222906.3498511,-1.4291585683822632,248
244,1.2757723331451416,248,0.0,-1.0922703742980957,1.7543644905090332,4430.666651953,1.4471,8.039548873901367,-0.5095542669296265,0,-1.5778465270996094,0.47,-1.0149354934692383,-1.5744829177856445,0.9571844339370728,1747222924.64433,-1.0649285316467285,249
245,1.0199867486953735,249,0.5,-1.1615054607391357,1.553912878036499,4448.129278777,1.3577,9.329773902893066,-0.09199389815330505,0,-1.6584540605545044,0.47,-0.9021933674812317,-1.8965702056884766,1.0678523778915405,1747222942.0670445,-1.8045761585235596,250
246,0.7044792771339417,250,0.75,-1.0523217916488647,1.135373592376709,4465.979563451,1.4359,7.992887496948242,0.5516963005065918,0,-1.474124789237976,0.47,-0.9934002161026001,-1.6904456615447998,0.8617885112762451,1747222959.9570057,-2.2421419620513916,251
247,0.6941611766815186,251,0.5,-1.09116792678833,1.147931694984436,4483.893143373,1.3962,8.104774475097656,0.8028285503387451,0,-1.463115930557251,0.48,-0.9892415404319763,-1.5950291156768799,0.9075410962104797,1747222977.8332126,-2.397857666015625,252
248,0.9885820150375366,252,0.75,-1.0598480701446533,1.4094958305358887,4501.319152816,1.3546,8.35469913482666,0.02412751317024231,0,-1.568439245223999,0.48,-0.9518048763275146,-1.6340525150299072,0.8418277502059937,1747222995.2576482,-1.6581799983978271,253
249,0.7439348697662354,253,0.75,-1.1092966794967651,1.090079665184021,4519.212156176,1.2587,7.8926496505737305,0.4432969093322754,0,-1.4871906042099,0.48,-0.9000096321105957,-1.2232561111450195,0.6922895908355713,1747223013.1503706,-1.666553020477295,254
250,1.0946133136749268,254,0.25,-1.073189616203308,1.5805039405822754,4536.837266825,1.279,9.541571617126465,-0.19205735623836517,0,-1.5761504173278809,0.48,-0.8591200709342957,-1.7637827396392822,0.9717811346054077,1747223030.7767513,-1.5717253684997559,255
251,0.6849597692489624,255,0.75,-1.0311155319213867,1.128592848777771,4554.344753866,1.5036,9.182726860046387,0.6928353905677795,0,-1.5708163976669312,0.48,-0.9909372329711914,-1.351280927658081,0.8872660994529724,1747223048.3224173,-2.044116258621216,256
252,0.9728716015815735,256,0.25,-1.0316636562347412,1.4613721370697021,4571.709182136,1.3019,6.813693523406982,0.01483018696308136,0,-1.4094982147216797,0.49,-0.8754189014434814,-1.7074263095855713,0.9770010709762573,1747223065.6469223,-1.7222565412521362,257
253,0.8311783671379089,257,0.75,-0.983957827091217,1.3636142015457153,4590.202269095,1.5857,8.559011459350586,0.337004154920578,0,-1.6095792055130005,0.49,-1.0286451578140259,-2.002993583679199,1.0648716688156128,1747223084.1401544,-2.3399977684020996,258
254,1.1048705577850342,258,0.25,-0.9666897058486938,1.7623300552368164,4607.761189281,1.4768,8.238485336303711,-0.1787463128566742,0,-1.3763775825500488,0.49,-0.9018471837043762,-2.0365333557128906,1.3149189949035645,1747223101.6998782,-1.857787013053894,259
255,0.9184207916259766,259,0.5,-1.1014087200164795,1.3779830932617188,4625.281784655,1.4265,9.36799430847168,0.11891087889671326,0,-1.6003056764602661,0.49,-1.0145533084869385,-1.9120192527770996,0.9191247224807739,1747223119.2593715,-2.0309300422668457,260
256,0.5945851802825928,260,1.0,-1.1465578079223633,1.084843397140503,4642.468568621,1.3229,9.178729057312012,0.7655216455459595,0,-1.5967543125152588,0.49,-0.9839723110198975,-1.8316785097122192,0.9805163145065308,1747223136.4462247,-2.5972001552581787,261
257,0.8083886504173279,261,0.75,-1.1111137866973877,1.3168790340423584,4659.683141004,1.3796,8.224681854248047,0.4932253062725067,0,-1.4873034954071045,0.5,-0.974195659160614,-1.8576099872589111,1.0169808864593506,1747223153.6225247,-2.3508353233337402,262
258,0.734681248664856,262,0.75,-1.0993787050247192,1.1658530235290527,4677.563152396,1.2287,9.304278373718262,0.5309395790100098,0,-1.4799330234527588,0.5,-0.8876459002494812,-1.2891817092895508,0.8623435497283936,1747223171.5023482,-1.820121169090271,263
259,0.98481684923172,263,0.5,-1.0384159088134766,1.3723145723342896,4694.759137218,1.3992,9.286905288696289,-0.01751236617565155,0,-1.5200390815734863,0.5,-0.9460041522979736,-1.5002310276031494,0.7749954462051392,1747223188.6973386,-1.482718586921692,264
260,1.0105984210968018,264,0.5,-1.0490038394927979,1.5268412828445435,4713.053224372,1.4529,9.05663776397705,0.096037358045578,0,-1.4568731784820557,0.5,-1.0004009008407593,-2.045499324798584,1.0324857234954834,1747223206.99099,-2.1415367126464844,265
261,1.2066566944122314,265,0.25,-1.0927094221115112,1.7247819900512695,4730.657934357,1.4404,9.04206371307373,-0.37480783462524414,0,-1.6712493896484375,0.5,-1.0203675031661987,-1.9352550506591797,1.0362505912780762,1747223224.6355684,-1.560447096824646,266
262,0.698189377784729,266,0.75,-1.0613605976104736,1.1839358806610107,4748.410149775,1.4167,7.726467609405518,0.6046513319015503,0,-1.3715293407440186,0.5,-0.9508824348449707,-1.2385174036026,0.9714929461479187,1747223242.3483474,-1.8431687355041504,267
263,0.6929452419281006,267,0.5,-1.1494381427764893,1.1087520122528076,4765.545740079,1.315,8.175158500671387,0.7420924305915833,0,-1.4847395420074463,0.51,-0.9475209712982178,-1.5484590530395508,0.8316136598587036,1747223259.5233974,-2.2905514240264893,268
264,0.5324804186820984,268,1.0,-1.0992738008499146,0.987784743309021,4783.159187915,1.4301,8.865788459777832,1.0135653018951416,0,-1.517703652381897,0.51,-0.9921802878379822,-1.4983513355255127,0.9106086492538452,1747223277.0974863,-2.5119166374206543,269
265,0.7020028233528137,269,0.75,-1.056833028793335,1.1137831211090088,4800.793169462,1.3065,8.527737617492676,0.5674914121627808,0,-1.4943442344665527,0.51,-0.9126361012458801,-1.2737598419189453,0.8235605359077454,1747223294.7316551,-1.8412513732910156,270
266,1.0277025699615479,270,0.5,-1.1123905181884766,1.5976170301437378,4818.141124239,1.4319,11.485468864440918,0.02069246768951416,0,-1.4971448183059692,0.51,-1.0062668323516846,-2.372809410095215,1.1398289203643799,1747223312.0786045,-2.3935017585754395,271
267,0.5223112106323242,271,1.0,-1.1297047138214111,0.9456846714019775,4836.730490608,1.393,9.272469520568848,1.0850281715393066,0,-1.6708502769470215,0.51,-0.9990890622138977,-1.0734279155731201,0.8467469811439514,1747223330.7081592,-2.1584558486938477,272
268,0.8530998826026917,272,0.5,-1.1624629497528076,1.3779758214950562,4854.645714818,1.3574,9.271206855773926,0.25048279762268066,0,-1.5677688121795654,0.52,-0.9998949766159058,-1.8262174129486084,1.049751877784729,1747223348.6233647,-2.076700210571289,273
269,0.7096965312957764,273,0.5,-1.1062238216400146,1.2333714962005615,4872.241151669,1.3579,7.634716510772705,0.6893382668495178,0,-1.4617961645126343,0.52,-0.952960729598999,-1.8368487358093262,1.0473500490188599,1747223366.1790538,-2.526186943054199,274
270,0.7743371725082397,274,0.75,-1.1349577903747559,1.2371119260787964,4889.984136175,1.2273,7.60529899597168,0.38674336671829224,0,-1.5842633247375488,0.52,-0.8944584727287292,-1.8927147388458252,0.9255494475364685,1747223383.9222314,-2.2794580459594727,275
271,0.8824535608291626,275,0.75,-1.1801731586456299,1.5325453281402588,4907.686157971,1.4401,9.462167739868164,0.1767498403787613,0,-1.6342777013778687,0.52,-1.0624563694000244,-2.03583025932312,1.300183653831482,1747223401.6256192,-2.2125802040100098,276
272,0.8031693696975708,276,0.75,-1.0371971130371094,1.3241662979125977,4925.512535295,1.3773,8.464298248291016,0.35841628909111023,0,-1.6260497570037842,0.52,-0.9214785099029541,-1.660426378250122,1.0419939756393433,1747223419.4901452,-2.0188426971435547,277
273,0.936902642250061,277,0.5,-1.0478198528289795,1.4570019245147705,4943.069205782,1.535,10.550480842590332,0.09871096909046173,0,-1.6001060009002686,0.53,-1.040563941001892,-2.0888309478759766,1.0401984453201294,1747223437.046788,-2.187542200088501,278
274,0.6711186170578003,278,0.75,-1.1664565801620483,1.143223524093628,4960.847198376,1.3674,11.582137107849121,0.7145689725875854,0,-1.599057674407959,0.53,-1.0235378742218018,-1.5573354959487915,0.9442099332809448,1747223454.7858229,-2.271904468536377,279
275,0.5998592972755432,279,1.0,-1.128960371017456,0.8219294548034668,4979.358155343,1.353,8.251811981201172,0.9035090208053589,0,-1.5591500997543335,0.53,-0.9812769889831543,-1.3780101537704468,0.4441402554512024,1747223473.2969646,-2.2815194129943848,280
276,1.0114705562591553,280,0.25,-0.9816058874130249,1.4290313720703125,4997.47920263,1.4059,7.350990295410156,-0.0765722393989563,0,-1.7625325918197632,0.53,-0.9234240055084229,-1.4056423902511597,0.8351216316223145,1747223491.417469,-1.3290700912475586,281
277,0.9128598570823669,281,0.75,-1.0218794345855713,1.3962541818618774,5015.544180646,1.3874,8.497612953186035,0.19969993829727173,0,-1.5003513097763062,0.53,-0.9256066679954529,-1.7084078788757324,0.9667887091636658,1747223509.521743,-1.9081077575683594,282
278,0.7122550010681152,282,0.75,-1.0864570140838623,1.0180878639221191,5033.816449711,1.3066,8.206460952758789,0.7157800197601318,0,-1.4652163982391357,0.53,-0.9166630506515503,-1.0254954099655151,0.6116657257080078,1747223527.7940004,-1.7412755489349365,283
279,0.7089021801948547,283,0.75,-1.1301076412200928,1.158324956893921,5051.519161248,1.3127,7.173529148101807,0.5012755393981934,0,-1.6848278045654297,0.54,-0.925316572189331,-1.4331789016723633,0.8988454341888428,1747223545.4580698,-1.9344544410705566,284
280,0.8757544755935669,284,0.75,-1.0520546436309814,1.3775362968444824,5069.191149188,1.3288,8.734657287597656,0.2071564495563507,0,-1.4774935245513916,0.54,-0.903754711151123,-1.9462559223175049,1.0035635232925415,1747223563.1287847,-2.153412342071533,285
281,0.894761323928833,285,0.75,-1.170149326324463,1.3714728355407715,5086.772140083,1.3001,7.577697277069092,0.13033655285835266,0,-1.4780645370483398,0.54,-0.9710337519645691,-1.9109828472137451,0.953423023223877,1747223580.7110488,-2.0413193702697754,286
282,0.9857742786407471,287,0.5,-1.1574450731277466,1.5605278015136719,5121.913413608,1.3746,8.990233421325684,-0.004697173833847046,0,-1.5641981363296509,0.54,-1.025169014930725,-2.32395076751709,1.1495070457458496,1747223615.8910213,-2.31925368309021,288
283,0.911518931388855,288,0.75,-1.125396490097046,1.413277268409729,5139.290216446,1.4075,8.518017768859863,0.14765943586826324,0,-1.6406323909759521,0.55,-0.9857646822929382,-1.6558837890625,1.003516674041748,1747223633.229074,-1.803543210029602,289
284,0.5995148420333862,289,0.75,-1.0581769943237305,1.0047132968902588,5156.661414305,1.403,8.728242874145508,0.8218154311180115,0,-1.447042465209961,0.55,-0.9472783803939819,-1.0692765712738037,0.8103969097137451,1747223650.639024,-1.8910918235778809,290
285,0.8921664953231812,290,0.75,-1.1901915073394775,1.4093446731567383,5174.052157584,1.2907,8.819889068603516,0.15456968545913696,0,-1.4142627716064453,0.55,-0.9686630368232727,-2.123180866241455,1.0343564748764038,1747223667.9900744,-2.2777504920959473,291
286,0.8358955383300781,291,0.75,-1.1484529972076416,1.4329257011413574,5191.402164114,1.4215,9.330660820007324,0.24551308155059814,0,-1.6016464233398438,0.55,-1.0449520349502563,-2.39180588722229,1.1940604448318481,1747223685.339718,-2.6373190879821777,292
287,0.6728357076644897,292,0.5,-1.0396794080734253,1.129684567451477,5209.526162801,1.396,8.890445709228516,0.9332353472709656,0,-1.5498484373092651,0.55,-0.9082680344581604,-1.4076999425888062,0.9136976599693298,1747223703.466406,-2.340935230255127,293
288,0.6695418953895569,293,1.0,-1.0470390319824219,1.0843324661254883,5227.255225488,1.3313,7.952298164367676,0.7467706799507141,0,-1.6033629179000854,0.56,-0.8928703665733337,-1.4713340997695923,0.8295811414718628,1747223721.1939914,-2.218104839324951,294
289,0.6849780678749084,294,0.75,-1.2313941717147827,1.1953908205032349,5244.44380478,1.2729,8.41637897491455,2.790436267852783,0,-1.370649814605713,0.56,-0.8917113542556763,-1.6430509090423584,1.0208255052566528,1747223738.4214578,-4.433487415313721,295
290,1.1084617376327515,295,0.0,-1.0554239749908447,1.6913139820098877,5261.777203742,1.5284,8.956435203552246,-0.24769088625907898,0,-1.6056194305419922,0.56,-1.0339577198028564,-2.2242016792297363,1.165704369544983,1747223755.715071,-1.976511001586914,296
291,0.7807356119155884,296,0.75,-1.0922460556030273,1.2478344440460205,5279.727155749,1.3307,7.422206401824951,0.36546728014945984,0,-1.512747049331665,0.56,-0.9498729705810547,-1.5629444122314453,0.934197723865509,1747223773.665025,-1.928411602973938,297
292,0.8786619305610657,297,0.75,-0.9543454051017761,1.3269239664077759,5298.188209641,1.4243,8.159597396850586,0.18198589980602264,0,-1.3532769680023193,0.56,-0.8949680328369141,-1.3559309244155884,0.8965240120887756,1747223792.1259654,-1.5379167795181274,298
293,0.9870957136154175,298,0.5,-1.0457693338394165,1.3984506130218506,5316.350285013,1.3542,8.446690559387207,-0.032977595925331116,0,-1.498002052307129,0.57,-0.9257965087890625,-1.5750118494033813,0.8227097392082214,1747223810.3278756,-1.5420341491699219,299
294,1.0136616230010986,299,0.25,-1.0430748462677002,1.568816900253296,5333.767382257,1.4329,9.998605728149414,-0.0318429172039032,0,-1.5370758771896362,0.57,-0.9620286822319031,-2.0131924152374268,1.110310435295105,1747223827.7450318,-1.9813495874404907,300
295,0.7085791826248169,300,0.75,-1.2140920162200928,1.245062232017517,5351.682139545,1.4094,9.08199405670166,0.5776249170303345,0,-1.6725671291351318,0.57,-1.0890140533447266,-1.6528000831604004,1.0729660987854004,1747223845.6199415,-2.2304251194000244,301
296,0.8162304162979126,301,0.5,-1.1139235496520996,1.3172215223312378,5369.329164292,1.3914,9.493929862976074,0.39532968401908875,0,-1.4811501502990723,0.57,-0.9781888723373413,-1.7721009254455566,1.0019822120666504,1747223863.2670639,-2.1674306392669678,302
297,0.7577224969863892,302,0.75,-1.0440212488174438,1.122235894203186,5387.058140755,1.5355,8.695581436157227,0.4780830144882202,0,-1.5023478269577026,0.57,-1.0372987985610962,-1.5531715154647827,0.7290268540382385,1747223880.9958956,-2.031254291534424,303
298,0.5990453958511353,303,1.0,-1.0194350481033325,1.0345139503479004,5404.934141518,1.4132,8.53589916229248,0.8132997751235962,0,-1.3244516849517822,0.57,-0.9133691787719727,-1.2423627376556396,0.8709369897842407,1747223898.876234,-2.0556623935699463,304
299,0.8539398312568665,304,0.5,-1.1111814975738525,1.2982676029205322,5422.616281345,1.4263,9.367236137390137,0.21689558029174805,0,-1.5805854797363281,0.58,-1.0072472095489502,-1.724335789680481,0.8886554837226868,1747223916.5939293,-1.941231369972229,305
300,0.865910530090332,305,0.75,-1.05637526512146,1.234525203704834,5441.451155177,1.3138,10.14653205871582,0.20678025484085083,0,-1.5286281108856201,0.58,-0.9305328726768494,-1.2405788898468018,0.7372292876243591,1747223935.3899276,-1.4473590850830078,306
301,0.9961654543876648,306,0.5,-1.0721620321273804,1.564014196395874,5459.717157498,1.4699,9.365803718566895,-0.05040648579597473,0,-1.4011107683181763,0.58,-1.0023586750030518,-1.826554775238037,1.135697603225708,1747223953.6554859,-1.7761483192443848,307
302,1.514204978942871,307,0.25,-0.9745435118675232,1.9869956970214844,5477.643129476,1.5449,10.187162399291992,-0.6185156106948853,0,-1.6326839923858643,0.58,-0.9709452390670776,-2.0314199924468994,0.9455815553665161,1747223971.58209,-1.4129042625427246,308
303,0.9389273524284363,308,0.75,-1.0762923955917358,1.3966751098632812,5495.388128714,1.3701,8.115221977233887,0.11875665187835693,0,-1.5168893337249756,0.58,-0.9617804288864136,-1.9516044855117798,0.9154954552650452,1747223989.3305705,-2.0703611373901367,309
304,0.6700021028518677,309,1.0,-1.0734751224517822,1.0800797939300537,5512.744214703,1.4077,8.897748947143555,0.5782928466796875,0,-1.5136363506317139,0.59,-0.9758236408233643,-1.4869730472564697,0.8201554417610168,1747224006.7218359,-2.0652658939361572,310
305,1.2747920751571655,310,0.0,-1.0671552419662476,1.847823143005371,5530.347187383,1.461,9.237638473510742,-0.5249954462051392,0,-1.4992204904556274,0.59,-0.991437554359436,-2.228832483291626,1.1460621356964111,1747224024.2862566,-1.7038370370864868,311
306,0.6843594312667847,311,0.75,-1.0591247081756592,1.1234078407287598,5547.533442567,1.3312,8.793719291687012,0.8258351683616638,0,-1.5046801567077637,0.59,-0.8911640048027039,-1.033211588859558,0.8780966997146606,1747224041.5110824,-1.8590466976165771,312
307,1.0704939365386963,312,0.25,-1.0011308193206787,1.5250648260116577,5566.304180521,1.4959,8.148755073547363,0.023918092250823975,0,-1.5230722427368164,0.59,-0.984757125377655,-1.6216260194778442,0.9091417193412781,1747224060.242388,-1.6455440521240234,313
308,0.9410169124603271,313,0.5,-1.0892484188079834,1.4526968002319336,5583.63113979,1.2609,7.4779534339904785,0.13613279163837433,0,-1.3727630376815796,0.59,-0.8783391714096069,-1.9284040927886963,1.023359775543213,1747224077.5696487,-2.0645368099212646,314
309,0.5254830121994019,314,1.0,-1.1386144161224365,0.9402105808258057,5600.997142121,1.2386,8.751974105834961,0.982201099395752,0,-1.448141098022461,0.6,-0.8972926139831543,-1.5641322135925293,0.8294551372528076,1747224094.9748113,-2.5463333129882812,315
310,1.0138331651687622,315,0.5,-1.0003660917282104,1.394097924232483,5618.660157724,1.395,8.701582908630371,0.01722775399684906,0,-1.4492301940917969,0.6,-0.913377046585083,-1.567106008529663,0.7605294585227966,1747224112.5992842,-1.5843337774276733,316
311,0.750048816204071,316,0.5,-1.2421092987060547,1.2600075006484985,5636.319319218,1.3594,8.261015892028809,0.7614729404449463,0,-1.5774447917938232,0.6,-1.0023422241210938,-1.6244820356369019,1.019917368888855,1747224130.296963,-2.3859548568725586,317
312,0.6100393533706665,317,1.0,-1.2099955081939697,0.9303230047225952,5654.654135707,1.2637,9.47958755493164,0.771455705165863,0,-1.5259703397750854,0.6,-0.9796501398086548,-1.260640025138855,0.6405673027038574,1747224148.5935812,-2.0320956707000732,318
313,0.7355614900588989,318,0.5,-1.0694379806518555,1.1399078369140625,5672.533156668,1.3466,9.126842498779297,0.5223828554153442,0,-1.4939203262329102,0.6,-0.922211766242981,-1.0159308910369873,0.8086927533149719,1747224166.472277,-1.5383137464523315,319
314,0.7282637357711792,319,0.75,-1.1071478128433228,1.2057417631149292,5689.689172481,1.3526,8.880911827087402,0.5337480902671814,0,-1.4558485746383667,0.6,-0.8600680828094482,-1.5621174573898315,0.9549561142921448,1747224183.6265972,-2.095865488052368,320
315,0.919769823551178,320,0.75,-1.101036787033081,1.3436825275421143,5707.28274325,1.3373,7.142758369445801,0.08755281567573547,0,-1.6407451629638672,0.61,-0.9604462385177612,-1.6426491737365723,0.8478254079818726,1747224201.260326,-1.7302019596099854,321
316,0.6997887492179871,321,0.75,-1.0160307884216309,1.0701535940170288,5725.241210362,1.3514,7.787621021270752,0.6622462272644043,0,-1.4491076469421387,0.61,-0.8850729465484619,-1.099388837814331,0.7407296895980835,1747224219.2188387,-1.7616350650787354,322
317,0.7963453531265259,322,0.5,-1.1345899105072021,1.1776617765426636,5743.50517754,1.2409,7.65676736831665,0.42923951148986816,0,-1.3296430110931396,0.61,-0.8570413589477539,-1.2697737216949463,0.7626329064369202,1747224237.4437082,-1.6990132331848145,323
318,1.1402692794799805,323,0.25,-1.0294855833053589,1.4756247997283936,5762.160138205,1.2831,7.840578079223633,-0.29652249813079834,0,-1.5774106979370117,0.61,-0.862239420413971,-1.1199699640274048,0.6707109212875366,1747224256.0987704,-0.8234474658966064,324
319,1.2718992233276367,324,0.0,-1.0078339576721191,1.8210992813110352,5780.273133685,1.3891,8.477727890014648,-0.49402740597724915,0,-1.528733253479004,0.61,-0.9193985462188721,-1.8815501928329468,1.0984002351760864,1747224274.2127628,-1.3875229358673096,325
320,1.2071013450622559,325,0.25,-1.0452630519866943,1.7032829523086548,5798.759159855,1.2242,7.184421539306641,-0.3140930235385895,0,-1.3712174892425537,0.62,-0.8217997550964355,-1.9773544073104858,0.9923632740974426,1747224292.6969688,-1.6632614135742188,326
321,0.9827240109443665,326,0.5,-1.2298333644866943,1.4762386083602905,5816.284351484,1.3425,9.471338272094727,-0.019263237714767456,0,-1.661705732345581,0.62,-1.03416109085083,-2.0463368892669678,0.9870291948318481,1747224310.2619047,-2.027073621749878,327
322,1.4448367357254028,327,0.25,-0.9852087497711182,1.9480667114257812,5833.953144935,1.6323,9.457493782043457,-0.7611615657806396,0,-1.654659628868103,0.62,-1.0616364479064941,-2.239095687866211,1.0064600706100464,1747224327.8921235,-1.4779343605041504,328
323,0.9236218929290771,328,0.75,-0.9323221445083618,1.2963788509368896,5852.153094761,1.4416,9.490426063537598,0.192594975233078,0,-1.4940507411956787,0.62,-0.8868080973625183,-1.3948664665222168,0.745513916015625,1747224346.092463,-1.5874614715576172,329
324,0.5810321569442749,329,1.0,-1.116653561592102,1.0279953479766846,5869.319170786,1.3134,9.45161247253418,0.8693074584007263,0,-1.3941967487335205,0.62,-0.9431257843971252,-1.4934718608856201,0.8939265012741089,1747224363.2590492,-2.362779378890991,330
325,0.7736352682113647,330,0.5,-0.9865272641181946,0.9105920791625977,5890.937306487,1.275,8.380334854125977,0.5302965641021729,0,-1.542818546295166,0.63,-0.8418605327606201,-1.1741455793380737,0.27391356229782104,1747224384.8766332,-1.7044421434402466,331
326,0.9770470857620239,331,0.5,-1.0702464580535889,1.3594650030136108,5908.880168764,1.4655,8.113706588745117,-0.01237538456916809,0,-1.5886321067810059,0.63,-1.0195025205612183,-1.8560640811920166,0.764835774898529,1747224402.8187969,-1.843688726425171,332
327,0.589508056640625,332,0.75,-1.0589607954025269,1.067944884300232,5927.399192908,1.3685,7.241248607635498,0.8957539796829224,0,-1.427017331123352,0.63,-0.9282447099685669,-1.4879682064056396,0.9568735957145691,1747224421.33801,-2.3837223052978516,333
328,0.6940956115722656,333,1.0,-1.0241948366165161,1.1219892501831055,5945.265187867,1.2952,7.143471717834473,0.5659120082855225,0,-1.5002202987670898,0.63,-0.8279080390930176,-1.4376375675201416,0.8557873964309692,1747224439.2034798,-2.003549575805664,334
329,0.9165951013565063,334,0.25,-1.0702298879623413,1.3215880393981934,5964.280287581,1.3931,7.583610534667969,0.13030114769935608,0,-1.4203259944915771,0.63,-0.9868937730789185,-1.213395118713379,0.8099859952926636,1747224458.2579377,-1.3436962366104126,335
330,1.0198116302490234,335,0.75,-1.1275808811187744,1.5332518815994263,5981.708149118,1.311,8.898551940917969,-0.06242901086807251,0,-1.5206754207611084,0.64,-0.9149898290634155,-1.7428721189498901,1.0268805027008057,1747224475.6466885,-1.6804431676864624,336
331,0.9222182035446167,337,0.5,-1.1436502933502197,1.427391767501831,6017.146115488,1.3945,8.526570320129395,0.15865203738212585,0,-1.5405439138412476,0.64,-1.0159507989883423,-1.8428658246994019,1.0103470087051392,1747224511.0853245,-2.0015180110931396,338
332,0.7230769395828247,338,0.75,-0.9874833822250366,1.194090723991394,6034.581156499,1.4266,9.823004722595215,0.5070479512214661,0,-1.3547253608703613,0.64,-0.9265214800834656,-1.6512452363967896,0.9420276284217834,1747224528.5201359,-2.1582932472229004,339
333,0.8217310905456543,339,0.5,-1.0486456155776978,1.2328424453735352,6052.82210869,1.2998,10.406611442565918,0.28641676902770996,0,-1.5223453044891357,0.64,-0.8813607692718506,-1.2571687698364258,0.8222225904464722,1747224546.7996273,-1.5435855388641357,340
334,1.0306425094604492,340,0.25,-0.9316773414611816,1.4148114919662476,6070.721141837,1.378,7.735293865203857,-0.10994820296764374,0,-1.6083862781524658,0.64,-0.8450713157653809,-1.2717008590698242,0.7683379650115967,1747224564.6604893,-1.161752700805664,341
335,0.6286959648132324,341,0.75,-1.117307424545288,1.0340726375579834,6087.894143799,1.4018,9.644159317016602,0.897004246711731,0,-1.4600789546966553,0.65,-1.0157074928283691,-1.227053165435791,0.8107534050941467,1747224581.8331118,-2.1240572929382324,342
336,0.8821128606796265,342,0.75,-1.1059229373931885,1.357883095741272,6105.622199947,1.4379,9.1690092086792,0.2076224684715271,0,-1.6954057216644287,0.65,-1.0312652587890625,-1.8234138488769531,0.9515404105186462,1747224599.5615346,-2.031036376953125,343
337,0.9342079162597656,343,0.5,-1.0013927221298218,1.4058592319488525,6123.875154303,1.4578,7.693347454071045,0.19941923022270203,0,-1.4651598930358887,0.65,-0.9475198984146118,-1.6649706363677979,0.943302571773529,1747224617.813536,-1.8643900156021118,344
338,0.751879096031189,344,0.5,-1.114164113998413,1.208669900894165,6142.039770049,1.2678,7.161538124084473,0.4762932062149048,0,-1.4037684202194214,0.65,-0.8926814794540405,-1.2592496871948242,0.9135817289352417,1747224636.017387,-1.7355430126190186,345
339,0.9607976675033569,345,0.5,-1.1979670524597168,1.555495262145996,6159.711226416,1.2949,8.680312156677246,0.11297786235809326,0,-1.5289201736450195,0.65,-0.9575019478797913,-2.392397880554199,1.1893950700759888,1747224653.6503258,-2.505375623703003,346
340,0.7546181678771973,346,0.5,-1.0500478744506836,1.2323877811431885,6177.10621869,1.5194,8.729365348815918,0.7999438047409058,0,-1.6646533012390137,0.66,-1.0209064483642578,-1.8321998119354248,0.9555392265319824,1747224671.083883,-2.632143497467041,347
341,1.0360774993896484,347,0.25,-1.0357056856155396,1.5630366802215576,6194.999185681,1.4444,7.943887710571289,-0.06790363788604736,0,-1.4870012998580933,0.66,-0.9434061646461487,-1.588027000427246,1.0539182424545288,1747224688.938286,-1.5201234817504883,348
342,0.7697445154190063,348,0.75,-1.0897204875946045,1.3174047470092773,6212.338150182,1.2819,9.751642227172852,0.4666445255279541,0,-1.432478427886963,0.66,-0.8699131011962891,-1.8660376071929932,1.095320463180542,1747224706.2771397,-2.3326821327209473,349
343,0.9182553887367249,349,0.75,-1.1187307834625244,1.3824563026428223,6230.039154916,1.2039,9.05451774597168,0.1130400002002716,0,-1.6448187828063965,0.66,-0.8574910163879395,-1.7789435386657715,0.92840176820755,1747224723.9781346,-1.8919836282730103,350
344,0.7452870607376099,350,0.75,-1.0010247230529785,1.2068661451339722,6247.192896731,1.5352,8.702445030212402,0.6496905088424683,0,-1.5264053344726562,0.66,-1.0046303272247314,-1.6758015155792236,0.9231581091880798,1747224741.1705546,-2.3254919052124023,351
345,0.918444037437439,351,0.5,-1.110251545906067,1.3040411472320557,6264.909884459,1.3602,8.515913009643555,0.09771324694156647,0,-1.5366284847259521,0.67,-0.9915523529052734,-1.2756552696228027,0.771194338798523,1747224758.8875213,-1.3733683824539185,352
346,0.6791484951972961,352,0.75,-1.0613713264465332,0.979854941368103,6283.449140496,1.4951,8.45492935180664,0.5903216600418091,0,-1.4558731317520142,0.67,-1.0225954055786133,-0.7066409587860107,0.6014129519462585,1747224777.3867745,-1.2969626188278198,353
347,0.6631718277931213,353,0.75,-0.9589686393737793,1.0130454301834106,6301.163165007,1.3875,8.695915222167969,0.6201353669166565,0,-1.548911690711975,0.67,-0.8741135001182556,-1.1361771821975708,0.6997471451759338,1747224795.1010573,-1.756312370300293,354
348,0.9373870491981506,354,0.75,-1.1136691570281982,1.3469247817993164,6318.811154261,1.3686,9.027396202087402,0.19498473405838013,0,-1.4010558128356934,0.67,-0.9767911434173584,-2.16680645942688,0.8190755844116211,1747224812.7509542,-2.3617911338806152,355
349,0.8019202351570129,355,0.5,-1.064255714416504,1.2624608278274536,6336.648426666,1.4789,8.285675048828125,0.4512198269367218,0,-1.6472480297088623,0.67,-0.9917802214622498,-1.4753191471099854,0.9210812449455261,1747224830.626007,-1.9265389442443848,356
350,0.8774340152740479,356,0.5,-1.1247532367706299,1.289297103881836,6354.914896958,1.1751,7.22286319732666,0.24625828862190247,0,-1.554736852645874,0.67,-0.8729770183563232,-1.6069130897521973,0.8237261176109314,1747224848.8925831,-1.853171467781067,357
351,1.051137089729309,357,0.5,-0.9858806133270264,1.58451247215271,6372.054170291,1.4226,8.360411643981934,-0.1410016417503357,0,-1.3273842334747314,0.68,-0.8904225826263428,-1.7506344318389893,1.0667506456375122,1747224865.992268,-1.6096328496932983,358
352,0.8673791885375977,358,0.75,-1.149311900138855,1.4147508144378662,6389.369148133,1.4587,8.651631355285645,0.2711305320262909,0,-1.6659622192382812,0.68,-1.0779564380645752,-2.227686643600464,1.094743251800537,1747224883.3069596,-2.498816967010498,359
353,0.728683590888977,359,0.75,-1.0521917343139648,1.1684765815734863,6406.539150015,1.2417,9.374520301818848,0.5465419292449951,0,-1.4547996520996094,0.68,-0.8292205333709717,-1.6304880380630493,0.8795859217643738,1747224900.4769394,-2.177029848098755,360
354,1.0851973295211792,360,0.75,-1.1571581363677979,1.5301774740219116,6425.032199197,1.3486,7.823765754699707,-0.013600170612335205,0,-1.5621459484100342,0.68,-0.980919361114502,-1.6181392669677734,0.8899602293968201,1747224918.9699998,-1.6045390367507935,361
355,1.109891414642334,361,0.5,-1.0075552463531494,1.495023488998413,6442.930686663,1.4306,8.185133934020996,-0.22310563921928406,0,-1.619577169418335,0.68,-0.9535424709320068,-1.8052974939346313,0.7702642679214478,1747224936.9083443,-1.5821919441223145,362
356,0.5062941312789917,362,1.0,-1.0724529027938843,1.034266710281372,6461.71813379,1.4289,8.674928665161133,1.2116059064865112,0,-1.570754885673523,0.69,-0.9523670673370361,-1.0185725688934326,1.0559452772140503,1747224955.6564574,-2.2301783561706543,363
357,0.7307703495025635,363,1.0,-1.0581055879592896,1.222077488899231,6479.377109344,1.2864,8.106230735778809,0.4461001753807068,0,-1.5717322826385498,0.69,-0.8888111114501953,-1.9304291009902954,0.982614278793335,1747224973.3166769,-2.3765292167663574,364
358,0.8850832581520081,364,0.5,-1.0675926208496094,1.3325237035751343,6497.183112023,1.4328,8.268750190734863,0.21890875697135925,0,-1.6944329738616943,0.69,-1.0111184120178223,-1.936617136001587,0.8948809504508972,1747224991.1207404,-2.1555259227752686,365
359,0.7372286915779114,365,1.0,-1.1439628601074219,1.36246657371521,6514.180158963,1.2804,8.70703411102295,0.4378196895122528,0,-1.479232668876648,0.69,-0.9307459592819214,-2.2496895790100098,1.2504757642745972,1747225008.1187205,-2.687509059906006,366
360,0.9687107801437378,366,0.75,-1.0227410793304443,1.46719229221344,6531.231451675,1.4186,9.231758117675781,0.019851014018058777,0,-1.5488910675048828,0.69,-0.9734858870506287,-1.9845285415649414,0.9969630241394043,1747225025.2090685,-2.0043795108795166,367
361,0.6602128148078918,367,0.75,-1.1237581968307495,1.244929552078247,6548.942184599,1.4048,8.595484733581543,0.771587610244751,0,-1.6958329677581787,0.7,-0.9942286610603333,-1.66410493850708,1.169433355331421,1747225042.880887,-2.43569278717041,368
362,0.9968652725219727,368,0.75,-0.9682879447937012,1.44534432888031,6566.846202814,1.4691,8.475029945373535,-0.04751010239124298,0,-1.520812749862671,0.7,-0.9344164133071899,-1.619860291481018,0.89695805311203,1747225060.8238292,-1.572350263595581,369
363,0.8690569400787354,369,0.75,-1.1389760971069336,1.3228119611740112,6584.660212672,1.2719,7.349791049957275,0.19341716170310974,0,-1.4031240940093994,0.7,-0.8637139797210693,-1.473954200744629,0.9075100421905518,1747225078.5977793,-1.6673712730407715,370
364,0.9409699440002441,370,0.5,-1.1551721096038818,1.5769706964492798,6602.095109376,1.3694,9.291361808776855,0.07627041637897491,0,-1.7821307182312012,0.7,-0.9793753623962402,-1.5249381065368652,1.2720015048980713,1747225096.0336092,-1.6012084484100342,371
365,0.7474389672279358,371,0.75,-1.061999797821045,1.270097255706787,6619.303135449,1.561,8.920437812805176,0.4903102219104767,0,-1.565794825553894,0.7,-1.0703229904174805,-1.6590237617492676,1.0453166961669922,1747225113.2421741,-2.149333953857422,372
366,0.7696679830551147,372,0.75,-1.1203172206878662,1.078332781791687,6637.475417191,1.2833,7.496308326721191,0.3904140293598175,0,-1.5020625591278076,0.71,-0.9578871726989746,-1.5424704551696777,0.6173296570777893,1747225131.4530914,-1.9328844547271729,373
367,0.802099347114563,373,1.0,-0.9844247698783875,1.2418897151947021,6654.60224402,1.4621,8.101899147033691,0.3005991578102112,0,-1.3486831188201904,0.71,-0.9475049376487732,-1.6435047388076782,0.8795808553695679,1747225148.5799048,-1.9441039562225342,374
368,0.7172670364379883,374,1.0,-1.0260404348373413,1.1736831665039062,6672.344144759,1.4164,8.74909496307373,0.47989410161972046,0,-1.6195026636123657,0.71,-0.9399088025093079,-1.4898779392242432,0.9128323793411255,1747225166.2829242,-1.9697721004486084,375
369,0.711489737033844,375,0.75,-1.0611345767974854,1.031563639640808,6690.543122524,1.4189,7.936690330505371,0.58632892370224,0,-1.6279188394546509,0.71,-0.9808427095413208,-1.5996719598770142,0.640147864818573,1747225184.4823864,-2.1860008239746094,376
370,0.8416763544082642,376,0.75,-1.0855852365493774,1.2772012948989868,6708.662230951,1.3421,8.74659538269043,0.23033125698566437,0,-1.4219328165054321,0.71,-0.9319798946380615,-1.292028784751892,0.8710498809814453,1747225202.600133,-1.52236008644104,377
371,0.7389400005340576,377,0.75,-1.1371631622314453,0.9816122651100159,6727.935153,1.4071,8.415955543518066,0.5732698440551758,0,-1.7066477537155151,0.71,-1.0249054431915283,-1.1266512870788574,0.4853444993495941,1747225221.8731127,-1.6999211311340332,378
372,0.9573432207107544,378,0.25,-0.9603927135467529,1.3514201641082764,6745.850614392,1.4886,8.150364875793457,0.025734588503837585,0,-1.5227575302124023,0.72,-0.9303115606307983,-1.371208906173706,0.7881538271903992,1747225239.828283,-1.3969435691833496,379
373,0.5581374168395996,379,1.0,-1.166445016860962,0.9930692911148071,6763.109160821,1.2932,8.797405242919922,0.895905613899231,0,-1.398870825767517,0.72,-0.9625099897384644,-1.5320055484771729,0.8698638081550598,1747225257.0479774,-2.4279112815856934,380
374,0.5667787790298462,380,1.0,-1.0666033029556274,0.9556752443313599,6781.549127946,1.2665,7.8232598304748535,1.0107061862945557,0,-1.4951092004776,0.72,-0.8444352746009827,-0.5441710948944092,0.7777928709983826,1747225275.4872105,-1.5548772811889648,381
375,1.220229148864746,381,0.25,-1.0861620903015137,1.7837715148925781,6798.965213422,1.355,8.458850860595703,-0.3431634306907654,0,-1.4561634063720703,0.72,-0.959637463092804,-2.5074028968811035,1.1270848512649536,1747225292.9039328,-2.1642394065856934,382
376,0.6227117776870728,382,1.0,-1.2663655281066895,1.033164381980896,6817.038175645,1.143,8.337723731994629,0.665749192237854,0,-1.3641067743301392,0.72,-0.8959144949913025,-1.2936437129974365,0.8209052085876465,1747225311.015789,-1.9593929052352905,383
377,0.9580368399620056,383,0.5,-1.0703787803649902,1.4601709842681885,6834.165657834,1.5109,8.31635856628418,0.06742547452449799,0,-1.5653537511825562,0.73,-1.0376877784729004,-1.7748942375183105,1.0042682886123657,1747225328.1433206,-1.8423196077346802,384
378,1.1209907531738281,384,0.5,-1.090543508529663,1.6146141290664673,6851.796234161,1.5016,7.999638080596924,-0.10751572251319885,0,-1.673529028892517,0.73,-1.069581151008606,-2.0520358085632324,0.9872467517852783,1747225345.735187,-1.9445202350616455,385
379,0.8534467220306396,385,0.75,-1.1115734577178955,1.321184515953064,6869.733210257,1.3092,7.876543998718262,0.25296255946159363,0,-1.4714566469192505,0.73,-0.9142902493476868,-1.542684555053711,0.9354755282402039,1747225363.6707842,-1.795647144317627,386
380,0.69248366355896,386,0.75,-1.0726338624954224,1.0984485149383545,6887.841171443,1.3985,10.530055046081543,0.559113621711731,0,-1.5899020433425903,0.73,-0.9716636538505554,-1.1555525064468384,0.8119296431541443,1747225381.778511,-1.7146661281585693,387
381,0.7008270025253296,387,0.75,-1.1456489562988281,1.2680271863937378,6905.547242335,1.3107,7.827724933624268,0.7090451717376709,0,-1.5473201274871826,0.73,-0.9376882314682007,-1.8889682292938232,1.1344003677368164,1747225399.4906523,-2.598013401031494,388
382,0.9104208946228027,388,0.5,-1.1538211107254028,1.3675225973129272,6922.718080094,1.4595,8.369759559631348,0.1034284234046936,0,-1.6421570777893066,0.74,-1.0508406162261963,-1.6344890594482422,0.914203405380249,1747225416.6956716,-1.737917423248291,389
383,1.0019919872283936,389,0.5,-1.029595136642456,1.4351863861083984,6940.367209043,1.3834,8.33906078338623,-0.06163951754570007,0,-1.3704330921173096,0.74,-0.9290295243263245,-1.798774003982544,0.8663888573646545,1747225434.305386,-1.7371344566345215,390
384,1.0844030380249023,390,0.25,-1.1450645923614502,1.557592511177063,6957.521554389,1.2373,8.079279899597168,-0.17263567447662354,0,-1.6048550605773926,0.74,-0.9060890078544617,-2.099517822265625,0.9463790059089661,1747225451.4991524,-1.926882266998291,391
385,1.2039930820465088,391,0.25,-0.9725062847137451,1.7233619689941406,6974.971163338,1.5024,8.699061393737793,-0.3826013505458832,0,-1.5686438083648682,0.74,-0.9710808992385864,-2.029448986053467,1.0387377738952637,1747225468.9094853,-1.6468474864959717,392
386,1.1852455139160156,392,0.5,-1.0188905000686646,1.6721038818359375,6992.170118564,1.5011,8.443249702453613,-0.2973058819770813,0,-1.452172040939331,0.74,-1.0156667232513428,-2.084475517272949,0.9737167358398438,1747225486.1085904,-1.7871695756912231,393
387,1.0939507484436035,393,0.25,-1.1390782594680786,1.6786855459213257,7009.50415673,1.4225,8.013875961303711,-0.21421536803245544,0,-1.7189621925354004,0.74,-1.0400363206863403,-2.084658145904541,1.1694695949554443,1747225503.4425325,-1.8704428672790527,394
388,1.483957290649414,394,0.25,-1.0950778722763062,2.057003974914551,7026.550128123,1.5412,9.830755233764648,-0.738933801651001,0,-1.5134961605072021,0.75,-1.0803475379943848,-2.4940872192382812,1.1460936069488525,1747225520.527803,-1.7551532983779907,395
389,0.7200667262077332,395,0.75,-1.228224277496338,1.2005605697631836,7044.254266451,1.3294,10.517778396606445,0.5569420456886292,0,-1.5856261253356934,0.75,-1.030425786972046,-1.9385360479354858,0.9609877467155457,1747225538.2319186,-2.4954779148101807,396
390,0.6577091813087463,396,0.75,-1.1220773458480835,1.0657827854156494,7061.708185558,1.3184,8.435098648071289,1.01305091381073,0,-1.4868438243865967,0.75,-0.9296251535415649,-1.258176326751709,0.8161473274230957,1747225555.6464036,-2.2712273597717285,397
391,0.9045254588127136,397,0.5,-1.1005316972732544,1.5068918466567993,7079.138147499,1.3097,9.787440299987793,0.15200501680374146,0,-1.4673060178756714,0.75,-0.9259244203567505,-2.2495315074920654,1.2047327756881714,1747225573.0762973,-2.401536464691162,398
392,1.3213481903076172,398,0.0,-1.0486881732940674,1.9014604091644287,7096.775165394,1.6837,8.557841300964355,-0.5818666219711304,0,-1.6910185813903809,0.75,-1.150139331817627,-2.2516214847564697,1.1602243185043335,1747225590.7125955,-1.669754981994629,399
393,1.1038105487823486,399,0.5,-1.0340805053710938,1.5891002416610718,7114.083155194,1.6279,10.118891716003418,-0.2082737684249878,0,-1.6040321588516235,0.76,-1.0930012464523315,-1.887972116470337,0.9705793261528015,1747225608.0216966,-1.6796982288360596,400
394,0.6860632300376892,400,0.75,-1.0532705783843994,1.0534967184066772,7131.979957837,1.2928,8.543147087097168,0.559831440448761,0,-1.4906543493270874,0.76,-0.890688419342041,-0.9345822334289551,0.7348670363426208,1747225625.9576457,-1.4944136142730713,401
395,1.1551179885864258,401,0.5,-1.0433228015899658,1.5381489992141724,7149.439247892,1.3218,9.09088134765625,-0.28128764033317566,0,-1.4713928699493408,0.76,-0.899666428565979,-1.5571362972259521,0.7660619616508484,1747225643.3771787,-1.275848627090454,402
396,1.435971736907959,402,0.0,-1.0672318935394287,1.9102554321289062,7167.096378493,1.3855,10.381804466247559,-0.7539634108543396,0,-1.6615614891052246,0.76,-0.9521622061729431,-1.9759854078292847,0.948567271232605,1747225661.0739732,-1.2220219373703003,403
397,0.9866072535514832,403,0.75,-1.1503756046295166,1.4981062412261963,7184.256142578,1.3082,8.389633178710938,0.03755757212638855,0,-1.5031448602676392,0.76,-0.9657038450241089,-2.2318668365478516,1.0229980945587158,1747225678.1936865,-2.2694244384765625,404
398,0.9657782316207886,404,0.5,-1.0588420629501343,1.5080987215042114,7201.820168296,1.3864,9.380099296569824,0.08049911260604858,0,-1.6930546760559082,0.77,-0.9524438381195068,-2.271416187286377,1.0846409797668457,1747225695.7582707,-2.3519153594970703,405
399,0.9683742523193359,405,0.75,-1.022711157798767,1.4412028789520264,7219.368149079,1.4469,8.181757926940918,0.07494845986366272,0,-1.6574311256408691,0.77,-0.9621281623840332,-1.7849931716918945,0.9456571340560913,1747225713.3070538,-1.8599416017532349,406
400,1.0077567100524902,406,0.5,-1.0493779182434082,1.541348934173584,7237.20921413,1.3726,8.686332702636719,-0.017383337020874023,0,-1.468775749206543,0.77,-0.9266642332077026,-1.883847951889038,1.067184567451477,1747225731.1868355,-1.866464614868164,407
401,0.8241266012191772,407,0.75,-1.073758840560913,1.2516082525253296,7254.855939035,1.4446,8.478944778442383,0.27455031871795654,0,-1.7627747058868408,0.77,-1.0155367851257324,-1.6272375583648682,0.8549633026123047,1747225748.8335903,-1.9017878770828247,408
402,1.105696678161621,408,0.5,-1.222782850265503,1.5722074508666992,7272.610167392,1.3206,8.069602966308594,-0.09513035416603088,0,-1.5654194355010986,0.77,-0.9804404973983765,-1.8774560689926147,0.9330214858055115,1747225766.5483208,-1.7823257446289062,409
403,0.8830382823944092,409,0.75,-0.9792104959487915,1.2938690185546875,7290.577224675,1.3416,10.175875663757324,0.18793964385986328,0,-1.4540596008300781,0.78,-0.8567219376564026,-1.1467337608337402,0.8216615915298462,1747225784.5163627,-1.3346734046936035,410
404,0.5917330980300903,410,1.0,-1.1038460731506348,1.1268653869628906,7308.789110684,1.3496,8.270145416259766,0.779853105545044,0,-1.748703956604004,0.78,-0.9558674097061157,-1.0692212581634521,1.0702646970748901,1747225802.7268205,-1.8490742444992065,411
405,0.4220939874649048,411,1.0,-1.239410161972046,0.8684204816818237,7325.955177486,1.2741,9.189457893371582,1.4167485237121582,0,-1.4109736680984497,0.78,-0.941326916217804,-1.5222783088684082,0.8926530480384827,1747225819.8991065,-2.9390268325805664,412
406,0.842623233795166,412,0.75,-1.0525152683258057,1.2997419834136963,7343.332895899,1.4126,8.336185455322266,0.2332168072462082,0,-1.3476922512054443,0.78,-0.9290598630905151,-1.6477916240692139,0.9142376184463501,1747225837.310546,-1.881008505821228,413
407,0.7704926133155823,413,0.75,-1.1423680782318115,1.2589080333709717,7360.707163034,1.27,9.71707534790039,0.39489418268203735,0,-1.2889184951782227,0.78,-0.8903011679649353,-1.7491189241409302,0.976830780506134,1747225854.64615,-2.144012928009033,414
408,0.6232891082763672,414,1.0,-0.9738879203796387,1.0366573333740234,7377.852602803,1.4897,9.677783012390137,0.7351042032241821,0,-1.3905596733093262,0.78,-0.9479936361312866,-1.5138068199157715,0.8267364501953125,1747225871.830274,-2.248911142349243,415
409,0.9340181946754456,415,0.5,-0.9970549941062927,1.463291883468628,7395.303141535,1.3662,8.413207054138184,0.07674844563007355,0,-1.5118534564971924,0.79,-0.8942824006080627,-1.6945770978927612,1.0585472583770752,1747225889.2416584,-1.7713255882263184,416
410,0.9655814170837402,416,0.5,-1.0843396186828613,1.4253082275390625,7413.174183324,1.3266,7.569957256317139,0.05307456851005554,0,-1.7214686870574951,0.79,-0.9635081887245178,-2.029378652572632,0.9194535613059998,1747225907.1121557,-2.0824532508850098,417
411,1.2614797353744507,417,0.25,-0.948840320110321,1.7183032035827637,7430.565204234,1.5068,8.482358932495117,-0.4675196409225464,0,-1.6254431009292603,0.79,-0.9751671552658081,-1.9068011045455933,0.9136469960212708,1747225924.5046775,-1.4392814636230469,418
412,0.9481117129325867,418,0.5,-1.1033717393875122,1.453216314315796,7447.624136527,1.2982,7.676745891571045,0.048152655363082886,0,-1.3513710498809814,0.79,-0.8610314130783081,-1.7537107467651367,1.010209083557129,1747225941.6017706,-1.801863431930542,419
413,0.9583744406700134,419,0.5,-1.027229905128479,1.3660640716552734,7466.385796281,1.377,7.929205894470215,0.1280100792646408,0,-1.5439571142196655,0.79,-0.9325833320617676,-1.5673115253448486,0.8153792023658752,1747225960.3634605,-1.6953216791152954,420
414,0.7370591163635254,420,0.75,-1.1639330387115479,1.2840813398361206,7484.548274781,1.3694,7.96900749206543,0.4641489088535309,0,-1.7400563955307007,0.8,-1.026567816734314,-1.9384269714355469,1.0940444469451904,1747225978.4872804,-2.402575969696045,421
415,0.6174349784851074,421,1.0,-1.098181962966919,1.017769694328308,7502.282153012,1.2757,7.9162774085998535,0.7021714448928833,0,-1.630037546157837,0.8,-0.904153048992157,-1.4805991649627686,0.8006693720817566,1747225996.2197309,-2.1827707290649414,422
416,1.2232681512832642,422,0.25,-0.9977633953094482,1.831404209136963,7519.493150625,1.4629,8.640917778015137,-0.4238055348396301,0,-1.5613481998443604,0.8,-0.955843448638916,-2.204301595687866,1.216272234916687,1747226013.4318414,-1.7804961204528809,423
417,0.6921372413635254,423,0.75,-1.077192783355713,1.1288659572601318,7537.635607868,1.3677,7.098361492156982,0.8940036296844482,0,-1.6422854661941528,0.8,-0.9221301674842834,-1.605936050415039,0.8734573721885681,1747226031.61328,-2.4999399185180664,424
418,1.4263473749160767,424,0.25,-1.1383237838745117,1.8105378150939941,7555.5262376,1.3937,8.995939254760742,-0.6828412413597107,0,-1.6247587203979492,0.8,-0.9948553442955017,-1.899228572845459,0.7683809399604797,1747226049.5038807,-1.2163872718811035,425
419,0.3742944300174713,425,1.0,-1.190028429031372,0.8084958791732788,7572.886154053,1.2732,8.603590965270996,1.76055908203125,0,-1.627078652381897,0.81,-0.9399619102478027,-1.4189521074295044,0.868402898311615,1747226066.8251882,-3.179511070251465,426
420,0.9322845935821533,426,0.5,-1.0691967010498047,1.4576185941696167,7590.063281029,1.3044,7.986079216003418,0.12235453724861145,0,-1.3582251071929932,0.81,-0.8657172322273254,-1.476653814315796,1.0506680011749268,1747226084.0015192,-1.599008321762085,427
421,0.9881900548934937,427,0.25,-0.9998050332069397,1.5481061935424805,7607.472148001,1.4345,9.690508842468262,-0.029102325439453125,0,-1.3577446937561035,0.81,-0.9312145709991455,-2.127817153930664,1.1198322772979736,1747226101.4115076,-2.098714828491211,428
422,0.8457505702972412,428,0.5,-1.12094247341156,1.3482980728149414,7625.20413808,1.3553,7.277768611907959,0.412402868270874,0,-1.6158815622329712,0.81,-0.9445850849151611,-1.7233004570007324,1.00509512424469,1747226119.143421,-2.1357033252716064,429
423,0.41779667139053345,429,1.0,-1.2575011253356934,0.7961479425430298,7643.425975961,1.2194,7.822996139526367,1.2271337509155273,0,-1.6527118682861328,0.81,-0.9502312541007996,-1.3770182132720947,0.7567024827003479,1747226137.4036038,-2.604151964187622,430
424,0.9118654131889343,430,0.75,-1.0019923448562622,1.3976351022720337,7661.115184418,1.376,10.859541893005371,0.10556107759475708,0,-1.5182510614395142,0.81,-0.8933359384536743,-1.7918891906738281,0.9715393781661987,1747226155.052709,-1.89745032787323,431
425,0.8950339555740356,431,0.75,-1.0238252878189087,1.270890235900879,7679.117142055,1.4089,10.194348335266113,0.1743689477443695,0,-1.6443670988082886,0.82,-0.9296386241912842,-1.519308090209961,0.7517125010490417,1747226173.0559473,-1.6936769485473633,432
426,0.6902183294296265,432,0.75,-1.1011021137237549,1.1421515941619873,7697.098128979,1.2827,7.688992500305176,0.6146601438522339,0,-1.700667381286621,0.82,-0.9087028503417969,-1.5580718517303467,0.9038665890693665,1747226191.036989,-2.172731876373291,433
427,0.8427335023880005,433,0.75,-0.9530177116394043,1.2884052991867065,7714.808154365,1.3336,9.318572044372559,0.32780539989471436,0,-1.387967586517334,0.82,-0.8306694030761719,-1.501060962677002,0.8913435339927673,1747226208.7472136,-1.8288663625717163,434
428,0.6262942552566528,434,0.75,-1.1153008937835693,1.1216566562652588,7732.352666584,1.3249,7.038540363311768,0.7846410870552063,0,-1.6979005336761475,0.82,-0.9525446891784668,-1.2445536851882935,0.9907248020172119,1747226226.330312,-2.0291948318481445,435
429,0.8253014087677002,435,0.5,-1.1603457927703857,1.2170056104660034,7750.660130128,1.2468,8.474099159240723,0.32107076048851013,0,-1.4220045804977417,0.82,-0.934192419052124,-1.35267972946167,0.7834084033966064,1747226244.5994654,-1.673750400543213,436
430,0.972423255443573,436,0.5,-0.9560503959655762,1.4314658641815186,7768.347158203,1.4315,9.311232566833496,0.010205090045928955,0,-1.5184351205825806,0.83,-0.9170961380004883,-1.6332499980926514,0.9180851578712463,1747226262.2859297,-1.6434550285339355,437
431,1.158073902130127,437,0.25,-1.0393869876861572,1.6610021591186523,7785.991155559,1.493,9.775873184204102,-0.3059737980365753,0,-1.5771689414978027,0.83,-0.9881433844566345,-1.550105094909668,1.0058563947677612,1747226279.9301114,-1.244131326675415,438
432,0.8900306820869446,438,0.5,-1.1078755855560303,1.39689302444458,7803.318149259,1.4792,9.450179100036621,0.14035892486572266,0,-1.5406668186187744,0.83,-1.0528390407562256,-1.5903348922729492,1.0137248039245605,1747226297.257448,-1.7306936979293823,439
433,1.3489396572113037,439,0.0,-0.9846305251121521,1.9473919868469238,7820.408135918,1.4935,9.801876068115234,-0.6433210372924805,0,-1.6019823551177979,0.83,-0.9653627276420593,-2.265989065170288,1.1969046592712402,1747226314.3470678,-1.6226682662963867,440
434,0.7330314517021179,440,0.75,-1.078963279724121,1.2376831769943237,7837.805235167,1.3401,7.9210286140441895,0.5008426904678345,0,-1.6704847812652588,0.83,-0.9481869339942932,-2.0485517978668213,1.0093034505844116,1747226331.7828994,-2.5493946075439453,441
435,0.6247990131378174,441,0.75,-1.2071141004562378,1.1393663883209229,7857.761961655,1.3804,9.165294647216797,1.4999408721923828,0,-1.6614160537719727,0.84,-1.0184166431427002,-1.8246726989746094,1.0291346311569214,1747226351.7394946,-3.324613332748413,442
436,1.2193021774291992,442,0.25,-1.0183318853378296,1.811477541923523,7875.19514092,1.3377,8.43814468383789,-0.42625921964645386,0,-1.421738624572754,0.84,-0.8746228218078613,-1.7960094213485718,1.1843507289886475,1747226369.1337602,-1.3697502613067627,443
437,0.876803457736969,443,0.5,-1.029489517211914,1.3043168783187866,7893.155156057,1.3573,8.050037384033203,0.1867114007472992,0,-1.499069333076477,0.84,-0.8967403173446655,-0.9414923191070557,0.8550268411636353,1747226387.0940273,-1.1282036304473877,444
438,0.9207499027252197,444,0.75,-1.1439971923828125,1.366802453994751,7910.799149604,1.3038,8.614638328552246,0.11768665909767151,0,-1.5923268795013428,0.84,-0.9833692312240601,-1.7319271564483643,0.892104983329773,1747226404.7382734,-1.8496136665344238,445
439,0.7266494035720825,445,0.75,-0.99940025806427,1.1698931455612183,7928.427162347,1.3131,9.587060928344727,0.49541381001472473,0,-1.3522952795028687,0.84,-0.855658233165741,-1.562730312347412,0.8864874839782715,1747226422.3658483,-2.0581440925598145,446
440,0.7845035791397095,446,0.75,-1.0254507064819336,1.183241844177246,7946.041472846,1.4396,8.10511302947998,0.43297985196113586,0,-1.4190950393676758,0.84,-0.9698915481567383,-1.4986016750335693,0.7974764704704285,1747226440.0190637,-1.9315816164016724,447
441,1.0450700521469116,447,0.5,-1.003185749053955,1.575485110282898,7963.24616808,1.4197,9.425371170043945,-0.08453236520290375,0,-1.4877815246582031,0.85,-0.941560685634613,-2.046298027038574,1.0608301162719727,1747226457.1846857,-1.9617657661437988,448
442,0.6554943323135376,448,0.75,-0.99634850025177,1.0376296043395996,7982.543151227,1.3624,6.648139476776123,0.6575609445571899,0,-1.5192756652832031,0.85,-0.9036264419555664,-1.1342368125915527,0.7642706036567688,1747226476.4807134,-1.7917978763580322,449
443,0.8980805277824402,449,0.75,-1.1647746562957764,1.4210338592529297,7999.882118305,1.2809,7.948721885681152,0.16443300247192383,0,-1.6032480001449585,0.85,-0.9489607214927673,-2.0236001014709473,1.0459065437316895,1747226493.8206968,-2.188033103942871,450
444,0.9629466533660889,451,0.5,-1.1876929998397827,1.4427528381347656,8035.89133368,1.3486,7.731473922729492,0.03233340382575989,0,-1.5211231708526611,0.85,-1.014182209968567,-2.2172842025756836,0.9596123099327087,1747226529.8688016,-2.249617576599121,452
445,0.8301448822021484,452,0.5,-1.0637131929397583,1.3005974292755127,8053.906125684,1.4639,6.924229621887207,0.36716675758361816,0,-1.4415417909622192,0.86,-0.9773494005203247,-1.3976383209228516,0.940904974937439,1747226547.8442452,-1.7648050785064697,453
446,0.9676929712295532,453,0.25,-1.0659618377685547,1.463001012802124,8071.003148284,1.3975,9.261457443237305,0.09221950173377991,0,-1.4912313222885132,0.86,-0.949415385723114,-2.0588507652282715,0.9906162023544312,1747226564.9411426,-2.1510701179504395,454
447,0.7944708466529846,454,0.5,-1.0646761655807495,1.2416749000549316,8088.10911323,1.4349,9.154645919799805,0.5204696655273438,0,-1.3774911165237427,0.86,-0.9411920309066772,-1.5511382818222046,0.8944082260131836,1747226582.0468984,-2.071607828140259,455
448,0.7148006558418274,455,0.5,-0.9929806590080261,1.2801804542541504,8105.52415765,1.3809,10.254887580871582,1.2216624021530151,0,-1.2882734537124634,0.86,-0.8633737564086914,-1.5610923767089844,1.1307594776153564,1747226599.462514,-2.782754898071289,456
449,1.1558418273925781,456,0.25,-1.088012456893921,1.754241704940796,8122.717688316,1.5096,7.935993671417236,-0.28128671646118164,0,-1.678098440170288,0.86,-1.047818660736084,-2.5404276847839355,1.196799874305725,1747226616.6953337,-2.259140968322754,457
450,1.0011072158813477,457,0.5,-1.1260193586349487,1.417554497718811,8139.86514198,1.3016,8.810861587524414,0.5165332555770874,0,-1.4587931632995605,0.87,-0.8844548463821411,-1.3119269609451294,0.832894504070282,1747226633.8041592,-1.8284602165222168,458
451,0.9026683568954468,458,0.75,-1.0360658168792725,1.368811845779419,8157.419167889,1.3745,7.595821380615234,0.442006915807724,0,-1.4267444610595703,0.87,-0.9043059349060059,-1.6512216329574585,0.9322869777679443,1747226651.3968074,-2.093228578567505,459
452,1.2786966562271118,459,0.25,-1.0809688568115234,1.7943272590637207,8175.574399549,1.3353,7.532286643981934,-0.38938093185424805,0,-1.4844781160354614,0.87,-0.909911572933197,-1.7784852981567383,1.0312610864639282,1747226669.5133636,-1.3891043663024902,460
453,0.8181832432746887,460,0.5,-1.0545835494995117,1.2013579607009888,8193.679167,1.4116,8.205618858337402,0.4264813959598541,0,-1.4936177730560303,0.87,-0.9429166913032532,-1.470412015914917,0.7663494348526001,1747226687.6177096,-1.8968935012817383,461
454,1.1470829248428345,461,0.5,-1.0360954999923706,1.4755297899246216,8211.883593145,1.3857,7.953585624694824,-0.296714723110199,0,-1.5091712474822998,0.87,-0.9299500584602356,-1.2625958919525146,0.656893789768219,1747226705.8612654,-0.9658811092376709,462
455,0.9682297706604004,462,0.5,-1.0194098949432373,1.439139723777771,8229.543172289,1.3063,7.526861190795898,0.0232829749584198,0,-1.378906488418579,0.88,-0.8481718301773071,-1.6761727333068848,0.9418199062347412,1747226723.4805834,-1.699455738067627,463
456,0.7557350397109985,463,0.5,-1.116214632987976,1.2637430429458618,8247.923582659,1.3698,9.34156608581543,0.5416474938392639,0,-1.4037861824035645,0.88,-0.9693083763122559,-1.7290420532226562,1.0160160064697266,1747226741.901243,-2.2706894874572754,464
457,0.701032817363739,464,1.0,-1.0329138040542603,1.197242021560669,8265.694155891,1.3695,8.3737211227417,0.5519569516181946,0,-1.6569617986679077,0.88,-0.9196459054946899,-1.8123047351837158,0.9924184679985046,1747226759.6336036,-2.3642616271972656,465
458,0.980441689491272,465,0.75,-1.0083614587783813,1.4256168603897095,8284.092165759,1.3842,9.894588470458984,0.03275597095489502,0,-1.7746191024780273,0.88,-0.9232960939407349,-1.959026575088501,0.8903502821922302,1747226778.0313423,-1.991782546043396,466
459,0.9652420282363892,466,0.5,-1.0625876188278198,1.36067795753479,8301.262171739,1.5143,9.083718299865723,0.015535682439804077,0,-1.6599175930023193,0.88,-1.0514771938323975,-1.6179461479187012,0.7908717393875122,1747226795.2038033,-1.6334819793701172,467
460,0.744975209236145,467,0.5,-1.1059949398040771,1.2144660949707031,8319.197125201,1.288,9.739803314208984,0.6380753517150879,0,-1.4493496417999268,0.88,-0.8743007779121399,-1.1703184843063354,0.938981831073761,1747226813.136448,-1.8083938360214233,468
461,0.8307557106018066,468,0.75,-0.9859728813171387,1.3232159614562988,8336.738267145,1.4702,8.135199546813965,0.2645054757595062,0,-1.541029691696167,0.89,-0.9666142463684082,-1.720082402229309,0.9849204421043396,1747226830.7158482,-1.9845879077911377,469
462,1.0430059432983398,469,0.25,-0.953016996383667,1.6460144519805908,8354.18511854,1.3929,8.330891609191895,-0.13591903448104858,0,-1.3160182237625122,0.89,-0.8802663683891296,-2.242345094680786,1.206017017364502,1747226848.1233358,-2.106426239013672,470
463,0.8665165305137634,470,0.75,-1.1049604415893555,1.3391151428222656,8371.817145984,1.4644,8.297478675842285,0.2991301715373993,0,-1.6121180057525635,0.89,-1.073036789894104,-2.061924934387207,0.9451972842216492,1747226865.7555172,-2.361055374145508,471
464,0.8450115919113159,471,0.5,-1.090057611465454,1.3697092533111572,8389.162170069,1.3957,8.594456672668457,0.2590087056159973,0,-1.6183408498764038,0.89,-0.9904686808586121,-1.636014461517334,1.0493953227996826,1747226883.0995615,-1.8950231075286865,472
465,0.739082932472229,472,0.5,-1.0509462356567383,1.222221851348877,8406.879140551,1.475,10.862723350524902,0.5569955110549927,0,-1.3975729942321777,0.89,-0.9905660152435303,-1.2359577417373657,0.9662777185440063,1747226900.8221447,-1.7929532527923584,473
466,0.5987300872802734,473,0.75,-1.0282199382781982,1.1404263973236084,8424.162535716,1.428,8.156487464904785,0.9344949722290039,0,-1.450003981590271,0.9,-0.9511491060256958,-1.448965072631836,1.0833925008773804,1747226918.1402066,-2.38346004486084,474
467,0.709041953086853,474,0.75,-1.0610073804855347,1.107649803161621,8442.155167204,1.4861,8.171154022216797,0.5672823190689087,0,-1.4877243041992188,0.9,-1.0292611122131348,-1.501802682876587,0.7972155809402466,1747226936.093468,-2.069084882736206,475
468,1.0140981674194336,475,0.5,-1.0950543880462646,1.4899389743804932,8459.51710492,1.3124,8.81242561340332,-0.02339118719100952,0,-1.5654295682907104,0.9,-0.8934158682823181,-2.240333318710327,0.9516817331314087,1747226953.4556198,-2.216942071914673,476
469,0.596767783164978,476,1.0,-1.0171620845794678,1.1095235347747803,8477.251117373,1.3825,8.298673629760742,0.8483543395996094,0,-1.504331111907959,0.9,-0.9015068411827087,-1.5564329624176025,1.025511384010315,1747226971.1895087,-2.404787302017212,477
470,1.4579025506973267,477,0.5,-1.059419870376587,2.0735249519348145,8494.577150748,1.3875,9.243257522583008,-0.6500706672668457,0,-1.4273279905319214,0.9,-0.942325234413147,-2.655581474304199,1.2312448024749756,1747226988.5162883,-2.0055108070373535,478
471,1.1030420064926147,478,0.25,-1.0838630199432373,1.5982942581176758,8511.657125328,1.4101,9.08667278289795,-0.20815584063529968,0,-1.5442653894424438,0.91,-0.9760290384292603,-1.8639869689941406,0.9905045628547668,1747227005.594819,-1.6558313369750977,479
472,0.8425204753875732,479,0.75,-1.0213758945465088,1.2773197889328003,8529.767117853,1.2575,8.533973693847656,0.25712141394615173,0,-1.4125938415527344,0.91,-0.8517169952392578,-1.8033719062805176,0.8695985674858093,1747227023.70545,-2.060493230819702,480
473,1.0512123107910156,480,0.25,-1.0933934450149536,1.6580750942230225,8547.068475276,1.523,9.200258255004883,-0.14584466814994812,0,-1.5419566631317139,0.91,-1.0780746936798096,-2.3477561473846436,1.2137255668640137,1747227041.0461378,-2.201911449432373,481
474,0.7042206525802612,481,0.75,-1.0827105045318604,1.223755121231079,8564.525163593,1.3772,9.213605880737305,0.65804523229599,0,-1.7720798254013062,0.91,-0.9621514081954956,-1.6877706050872803,1.0390688180923462,1747227058.4629757,-2.345815896987915,482
475,0.8636910915374756,482,0.75,-1.1069386005401611,1.4196529388427734,8581.948194013,1.4236,9.16136360168457,0.2674447298049927,0,-1.6090166568756104,0.91,-1.031818151473999,-2.199594020843506,1.1119238138198853,1747227075.8862965,-2.467038869857788,483
476,0.682161808013916,483,0.5,-1.2104942798614502,1.0486255884170532,8600.475163292,1.3016,8.812846183776855,0.645396888256073,0,-1.7807561159133911,0.91,-0.980474054813385,-1.1448872089385986,0.7329275608062744,1747227094.4127142,-1.7902841567993164,484
477,0.6028434634208679,484,1.0,-1.1078464984893799,1.1455509662628174,8618.57716937,1.3073,10.486822128295898,0.7972581386566162,0,-1.6053422689437866,0.92,-0.9231895208358765,-1.554060697555542,1.085415005683899,1747227112.5158727,-2.351318836212158,485
478,0.7277804613113403,485,0.75,-1.036895990371704,1.2141165733337402,8636.399150625,1.3504,8.460586547851562,0.5371175408363342,0,-1.6219115257263184,0.92,-0.9123547077178955,-1.6000158786773682,0.9726721048355103,1747227130.3767014,-2.1371333599090576,486
479,0.6779692769050598,486,0.75,-0.9680814743041992,1.0486212968826294,8653.723146663,1.457,9.796360969543457,0.6659466028213501,0,-1.5483059883117676,0.92,-0.9024683833122253,-1.1440024375915527,0.7413039803504944,1747227147.6615074,-1.8099491596221924,487
480,0.6704531311988831,487,0.75,-1.0445904731750488,1.1014949083328247,8671.120130297,1.4032,8.334468841552734,0.6255842447280884,0,-1.5529981851577759,0.92,-0.9710712432861328,-1.752368450164795,0.8620836138725281,1747227165.058741,-2.3779525756835938,488
481,0.9911993145942688,488,0.75,-1.1398006677627563,1.4366769790649414,8688.212176851,1.3345,10.96502685546875,-0.03775981068611145,0,-1.6298671960830688,0.92,-0.9814862608909607,-2.0035858154296875,0.8909552693367004,1747227182.1501756,-1.9658260345458984,489
482,1.0272691249847412,489,0.5,-1.093719720840454,1.6208281517028809,8705.427181747,1.4169,8.003789901733398,0.025981128215789795,0,-1.6135430335998535,0.93,-1.020416498184204,-2.5436084270477295,1.1871180534362793,1747227199.3651946,-2.569589614868164,490
483,0.98980712890625,490,0.25,-1.1319817304611206,1.5172759294509888,8723.277652495,1.3085,8.380854606628418,0.005346506834030151,0,-1.5473804473876953,0.93,-0.9544979929924011,-1.7099486589431763,1.0549376010894775,1747227217.2552948,-1.7152950763702393,491
484,0.9161149263381958,491,0.5,-1.2170783281326294,1.4610217809677124,8740.982138103,1.4475,9.370320320129395,0.09440448880195618,0,-1.564993143081665,0.93,-1.0818464756011963,-1.8081011772155762,1.0898137092590332,1747227234.9196079,-1.90250563621521,492
485,0.9283522367477417,492,0.5,-1.0294549465179443,1.3581690788269043,8758.100264572,1.416,9.175714492797852,0.09970131516456604,0,-1.4634777307510376,0.93,-0.9492018818855286,-1.6772987842559814,0.8596336841583252,1747227252.0778925,-1.777000069618225,493
486,1.002025842666626,493,0.5,-1.151234745979309,1.509045124053955,8775.330074185,1.3292,8.51443099975586,-0.0046743303537368774,0,-1.586289882659912,0.93,-0.9702532291412354,-1.5918889045715332,1.0140385627746582,1747227269.2688017,-1.5872145891189575,494
487,0.9807090759277344,494,0.5,-1.122806191444397,1.4563136100769043,8792.973207716,1.3613,8.849461555480957,-0.011171728372573853,0,-1.526942491531372,0.94,-0.9907146692276001,-1.6552915573120117,0.9512091875076294,1747227286.9119983,-1.6441197395324707,495
488,0.8737629652023315,495,0.75,-1.0370792150497437,1.3399842977523804,8811.234138022,1.3801,7.716493129730225,0.17383354902267456,0,-1.5409350395202637,0.94,-0.923826277256012,-1.3084899187088013,0.9324427247047424,1747227305.1723156,-1.482323408126831,496
489,0.5357959270477295,496,1.0,-1.0713763236999512,1.0022857189178467,8828.924159807,1.2745,8.773024559020996,0.8765548467636108,0,-1.5819504261016846,0.94,-0.8789986968040466,-1.8804552555084229,0.9329795837402344,1747227322.8622282,-2.757009983062744,497
490,0.8125144243240356,497,0.75,-1.1157654523849487,1.3445597887039185,8846.065057462,1.5422,13.109748840332031,0.5117236375808716,0,-1.561461091041565,0.94,-1.0748136043548584,-2.0080437660217285,1.0640907287597656,1747227340.0426836,-2.5197675228118896,498
491,0.5977795720100403,498,1.0,-1.1378382444381714,1.1029975414276123,8863.991127126,1.3754,8.924102783203125,0.8496547341346741,0,-1.470041275024414,0.94,-0.9840989708900452,-1.7706018686294556,1.010435938835144,1747227357.9301004,-2.6202564239501953,499
492,1.0153403282165527,499,0.5,-1.027418851852417,1.4495184421539307,8881.143121028,1.4086,8.162028312683105,-0.0745638906955719,0,-1.491182565689087,0.95,-0.9324355721473694,-1.8891394138336182,0.8683562278747559,1747227375.0819423,-1.814575433731079,500
493,0.7462142705917358,500,0.75,-1.1203535795211792,1.0771993398666382,8899.018127379,1.3443,8.917043685913086,0.765066385269165,0,-1.5450754165649414,0.95,-0.9561475515365601,-1.423870325088501,0.6619701385498047,1747227392.9557588,-2.188936710357666,501
494,1.0268574953079224,501,0.5,-1.0096399784088135,1.4735000133514404,8916.593122541,1.342,7.552435398101807,0.18115967512130737,0,-1.5473690032958984,0.95,-0.8803101181983948,-1.700636386871338,0.8932849168777466,1747227410.531152,-1.88179612159729,502
495,0.7672470808029175,502,0.5,-1.1472887992858887,1.2603201866149902,8934.824325119,1.352,8.677989959716797,0.46041321754455566,0,-1.5491173267364502,0.95,-0.9838943481445312,-2.0696020126342773,0.9861463308334351,1747227428.8019357,-2.530015468597412,503
496,0.7789642810821533,503,0.5,-1.0552657842636108,1.2582776546478271,8952.515223912,1.433,8.813139915466309,0.4117441773414612,0,-1.7292381525039673,0.95,-0.9774761199951172,-1.5074975490570068,0.9586266875267029,1747227446.4532528,-1.9192417860031128,504
497,0.6438299417495728,504,1.0,-1.0134567022323608,1.0159122943878174,8970.619173006,1.3487,7.689810276031494,0.7094918489456177,0,-1.5311498641967773,0.95,-0.8853400349617004,-1.1233694553375244,0.744164764881134,1747227464.5579345,-1.8328611850738525,505
498,1.2046873569488525,505,0.25,-1.0883934497833252,1.68427312374115,8988.269133739,1.4646,9.397204399108887,-0.37949883937835693,0,-1.5202205181121826,0.96,-1.0515398979187012,-2.0021798610687256,0.9591715335845947,1747227482.2070725,-1.6226810216903687,506
499,0.8328064680099487,506,0.75,-0.995919942855835,1.3251430988311768,9005.456135687,1.3656,9.388279914855957,0.26366886496543884,0,-1.4345965385437012,0.96,-0.8902596235275269,-1.9751032590866089,0.984673261642456,1747227499.3943534,-2.238771915435791,507
