,train/losses/dpo,_step,train/rewards/accuracies,train/logps/rejected,train/losses/total,_runtime,train/loss,train/grad_norm,train/rewards/margins,train/learning_rate,train/logps/answer,train/epoch,train/logps/chosen,train/rewards/chosen,train/losses/sft,_timestamp,train/rewards/rejected,train/global_step
0,2.5454483032226562,0,0.0,-0.6804602146148682,3.4981465339660645,32.898674458,3.1078,23.514925003051758,-2.2065539360046387,0,-1.6186763048171997,0.0,-1.6186763048171997,-3.558411121368408,1.9053966999053955,1747228622.872914,-1.3518571853637695,1
1,2.661752700805664,1,0.0,-0.7422193288803101,3.600430965423584,50.087764172,2.909,27.028160095214844,-2.3581953048706055,0,-1.5596988201141357,0.0,-1.5596988201141357,-3.6997292041778564,1.8773565292358398,1747228640.0876713,-1.34153413772583,2
2,2.0133156776428223,2,0.25,-0.8248223066329956,2.7030439376831055,71.864514795,2.9228,25.059555053710938,-1.4271115064620972,0,-1.5639526844024658,0.01,-1.5639526844024658,-2.542816638946533,1.379456639289856,1747228661.826214,-1.1157052516937256,3
3,2.534029006958008,3,0.0,-0.7537569999694824,3.303769588470459,89.917556455,2.7878,27.801467895507812,-2.1926651000976562,0,-1.4704420566558838,0.01,-1.4704420566558838,-3.1625685691833496,1.5394809246063232,1747228679.8793836,-0.9699034094810486,4
4,2.4514756202697754,4,0.25,-0.7165607810020447,3.190965175628662,107.106524399,2.9173,20.23666000366211,-2.0311684608459473,0,-1.4671722650527954,0.01,-1.4671722650527954,-2.8123350143432617,1.4789791107177734,1747228697.0678031,-0.7811665534973145,5
5,2.0981521606445312,5,0.0,-0.6846786737442017,2.814044952392578,124.624554463,3.1608,23.235803604125977,-1.5957106351852417,0,-1.6315457820892334,0.01,-1.6315457820892334,-2.502044200897217,1.4317857027053833,1747228714.585974,-0.9063336253166199,6
6,2.718928337097168,6,0.0,-0.7018957734107971,3.5354952812194824,142.106373327,2.8686,27.670747756958008,-2.3977065086364746,0,-1.5111117362976074,0.01,-1.5111117362976074,-3.5153417587280273,1.633134126663208,1747228732.106548,-1.1176352500915527,7
7,1.8047845363616943,7,0.25,-0.7703920006752014,2.4925930500030518,159.299488699,2.3289,17.780181884765625,-1.2225830554962158,0,-1.2272593975067139,0.02,-1.2272593975067139,-2.494025945663452,1.3756170272827148,1747228749.2598467,-1.2714428901672363,8
8,3.188655138015747,8,0.0,-0.6033624410629272,4.17946720123291,176.494480493,3.0318,20.76435089111328,-2.956693649291992,0,-1.482480764389038,0.02,-1.482480764389038,-4.001557350158691,1.9816237688064575,1747228766.4553957,-1.0448637008666992,9
9,2.485949993133545,9,0.0,-0.6717167496681213,3.206230401992798,193.764527542,2.8727,23.920827865600586,-2.122248649597168,0,-1.4817534685134888,0.02,-1.4817534685134888,-3.0777695178985596,1.4405606985092163,1747228783.7250123,-0.9555206298828125,10
10,1.784249186515808,10,0.0,-0.6297877430915833,2.5782651901245117,210.845507263,3.0718,22.78885269165039,-1.1840548515319824,0,-1.54496169090271,0.02,-1.54496169090271,-2.5084824562072754,1.5880318880081177,1747228800.807306,-1.3244277238845825,11
11,1.8528194427490234,11,0.25,-0.7205723524093628,2.5948638916015625,228.00029121,2.8294,22.33694839477539,-0.8445751667022705,0,-1.5035603046417236,0.02,-1.5035603046417236,-2.8585660457611084,1.484088659286499,1747228818.0004857,-2.013991117477417,12
12,2.0531299114227295,12,0.0,-0.6907194256782532,2.799576759338379,245.661490846,3.3163,27.451313018798828,-1.5497145652770996,0,-1.7021890878677368,0.02,-1.7021890878677368,-2.7753031253814697,1.4928934574127197,1747228835.6220825,-1.2255885601043701,13
13,2.0604920387268066,13,0.0,-0.7383038997650146,2.742114305496216,262.752516168,2.9342,22.441131591796875,-1.6190218925476074,0,-1.5719273090362549,0.03,-1.5719273090362549,-2.8422749042510986,1.363244652748108,1747228852.7128243,-1.2232530117034912,14
14,2.302725315093994,14,0.0,-0.633605420589447,3.1665403842926025,280.08546939,3.1373,24.957468032836914,-1.904158353805542,0,-1.584648609161377,0.03,-1.584648609161377,-3.0936455726623535,1.7276300191879272,1747228870.0458362,-1.1894874572753906,15
15,2.5260746479034424,15,0.0,-0.7001706957817078,3.3644521236419678,297.303461379,2.8377,26.305295944213867,-2.1830432415008545,0,-1.4797711372375488,0.03,-1.4797711372375488,-3.320864200592041,1.6767548322677612,1747228887.2635758,-1.1378209590911865,16
16,2.3495864868164062,16,0.25,-0.7005362510681152,3.2568440437316895,314.55449412,2.7911,22.246782302856445,-1.8655099868774414,0,-1.4608120918273926,0.03,-1.4608120918273926,-3.4063830375671387,1.8145153522491455,1747228904.5163362,-1.5408731698989868,17
17,1.9735013246536255,17,0.0,-0.6553051471710205,2.6637773513793945,331.731511075,2.9173,20.041702270507812,-1.5129098892211914,0,-1.4925134181976318,0.03,-1.4925134181976318,-2.940558910369873,1.3805519342422485,1747228921.693531,-1.4276490211486816,18
18,2.332810878753662,18,0.0,-0.6627320051193237,3.114027976989746,348.832067864,2.7424,22.069704055786133,-1.9485485553741455,0,-1.4143023490905762,0.04,-1.4143023490905762,-2.9068961143493652,1.5624343156814575,1747228938.8323383,-0.9583477973937988,19
19,1.976136565208435,19,0.0,-0.6587122678756714,2.7510526180267334,366.437481069,3.353,24.793184280395508,-1.5315064191818237,0,-1.6809428930282593,0.04,-1.6809428930282593,-2.9067482948303223,1.5498321056365967,1747228956.399217,-1.375241994857788,20
20,2.657102584838867,20,0.0,-0.6713252663612366,3.6035072803497314,383.855481296,2.9713,24.60748863220215,-2.314358949661255,0,-1.5215578079223633,0.04,-1.5215578079223633,-3.4139838218688965,1.892809271812439,1747228973.8188043,-1.0996251106262207,21
21,2.374112129211426,21,0.0,-0.6238462328910828,3.1385374069213867,401.011513438,2.8827,23.723613739013672,-2.004382371902466,0,-1.4497848749160767,0.04,-1.4497848749160767,-3.0028076171875,1.5288504362106323,1747228990.9720356,-0.9984251260757446,22
22,1.9102070331573486,22,0.0,-0.7339626550674438,2.6998043060302734,418.122482721,2.7666,23.02115821838379,-1.428189992904663,0,-1.436659336090088,0.04,-1.436659336090088,-2.6570115089416504,1.5791943073272705,1747229008.0829492,-1.2288215160369873,23
23,1.7519148588180542,23,0.0,-0.6999165415763855,2.5863590240478516,435.40248964,2.7265,22.987674713134766,-1.1501338481903076,0,-1.4286116361618042,0.05,-1.4286116361618042,-2.9165539741516113,1.6688884496688843,1747229025.3625948,-1.7664201259613037,24
24,2.030224084854126,24,0.25,-0.8081918954849243,2.71944260597229,452.719503203,2.725,24.505138397216797,0.03708004951477051,0,-1.4716873168945312,0.05,-1.4716873168945312,-3.097984790802002,1.3784369230270386,1747229042.6861136,-3.1350646018981934,25
25,2.174145221710205,25,0.0,-0.5889197587966919,2.8895461559295654,469.853703133,2.8698,22.65704917907715,-1.763343095779419,0,-1.425144910812378,0.05,-1.425144910812378,-2.858207941055298,1.4308018684387207,1747229059.8538198,-1.094864845275879,26
26,1.6236040592193604,26,0.0,-0.716384768486023,2.288593292236328,487.087484151,2.612,19.40020179748535,-1.031303882598877,0,-1.3860682249069214,0.05,-1.3860682249069214,-2.3303213119506836,1.3299787044525146,1747229077.0478985,-1.299017310142517,27
27,1.6174201965332031,27,0.25,-0.7238057255744934,2.307525634765625,504.278460261,3.3011,31.634122848510742,-0.9806618690490723,0,-1.736764907836914,0.05,-1.736764907836914,-2.7310116291046143,1.3802107572555542,1747229094.239604,-1.750349760055542,28
28,2.6933658123016357,28,0.0,-0.7044202089309692,3.6603760719299316,521.596517405,2.9539,28.438156127929688,-2.39670467376709,0,-1.5360132455825806,0.05,-1.5360132455825806,-3.892930269241333,1.9340206384658813,1747229111.5564299,-1.4962254762649536,29
29,2.4331886768341064,29,0.0,-0.7768713235855103,3.246682643890381,538.979470532,3.016,24.771745681762695,-2.0915262699127197,0,-1.6373732089996338,0.06,-1.6373732089996338,-3.140049457550049,1.6269879341125488,1747229128.9417367,-1.0485233068466187,30
30,1.9154481887817383,30,0.0,-0.6928427219390869,2.6680448055267334,556.088510576,2.7008,24.591659545898438,-1.4336782693862915,0,-1.4192625284194946,0.06,-1.4192625284194946,-3.178783893585205,1.5051933526992798,1747229146.0502074,-1.7451053857803345,31
31,1.715114951133728,31,0.0,-0.6461265087127686,2.302192449569702,573.268512394,2.8794,27.584810256958008,-1.1834752559661865,0,-1.4869093894958496,0.06,-1.4869093894958496,-2.240713119506836,1.1741551160812378,1747229163.2341278,-1.0572377443313599,32
32,2.7787489891052246,32,0.0,-0.6863025426864624,3.64687180519104,590.452677101,3.1598,23.523359298706055,-2.5087146759033203,0,-1.629443883895874,0.06,-1.629443883895874,-3.561305522918701,1.7362456321716309,1747229180.452901,-1.05259108543396,33
33,2.938020706176758,33,0.0,-0.6836365461349487,3.91624116897583,608.370809288,3.1204,20.340639114379883,-2.6983017921447754,0,-1.6079694032669067,0.06,-1.6079694032669067,-3.8849411010742188,1.9564411640167236,1747229198.3710685,-1.1866395473480225,34
34,2.0396087169647217,34,0.0,-0.6208308935165405,2.720750570297241,625.732503592,2.809,22.30417251586914,-1.5688875913619995,0,-1.4189317226409912,0.07,-1.4189317226409912,-2.5369510650634766,1.362283706665039,1747229215.6929305,-0.968063235282898,35
35,1.7749625444412231,35,0.0,-0.726872980594635,2.5105762481689453,643.058527373,2.9814,30.824609756469727,-1.1889764070510864,0,-1.5867725610733032,0.07,-1.5867725610733032,-2.918612003326416,1.4712274074554443,1747229233.02029,-1.7296357154846191,36
36,1.7747180461883545,36,0.0,-0.72174471616745,2.550273895263672,660.236485182,3.075,34.87779235839844,-1.2058508396148682,0,-1.6165623664855957,0.07,-1.6165623664855957,-2.9393317699432373,1.5511115789413452,1747229250.1965709,-1.7334810495376587,37
37,1.8026248216629028,37,0.0,-0.7079776525497437,2.465519666671753,677.326544074,2.8624,24.99172019958496,-1.2515004873275757,0,-1.5141040086746216,0.07,-1.5141040086746216,-2.5915186405181885,1.3257898092269897,1747229267.2870235,-1.3400180339813232,38
38,2.384401321411133,38,0.0,-0.7024462223052979,3.2160792350769043,694.421340989,2.6898,23.146381378173828,-2.017636775970459,0,-1.4311753511428833,0.07,-1.4311753511428833,-3.2351717948913574,1.663355827331543,1747229284.4214778,-1.2175350189208984,39
39,1.6758195161819458,39,0.5,-0.691250205039978,2.3199687004089355,711.741854025,2.5904,24.60382080078125,-0.945965588092804,0,-1.3686537742614746,0.08,-1.3686537742614746,-2.4023730754852295,1.2882986068725586,1747229301.7421284,-1.4564075469970703,40
40,2.6788926124572754,40,0.0,-0.785345196723938,3.676128625869751,728.880500949,2.844,26.766407012939453,-2.405609607696533,0,-1.5569289922714233,0.08,-1.5569289922714233,-3.826417922973633,1.9944719076156616,1747229318.840923,-1.42080819606781,41
41,1.8769609928131104,41,0.0,-0.6909891366958618,2.56024169921875,746.03447185,2.745,19.850818634033203,-1.3635237216949463,0,-1.4303545951843262,0.08,-1.4303545951843262,-2.2517521381378174,1.3665614128112793,1747229335.9952793,-0.8882284760475159,42
42,1.9418259859085083,42,0.25,-0.7234708070755005,2.5911736488342285,763.213481263,2.9813,24.49028205871582,-1.3153557777404785,0,-1.5487772226333618,0.08,-1.5487772226333618,-2.5018062591552734,1.2986950874328613,1747229353.174342,-1.186450481414795,43
43,2.122500419616699,43,0.0,-0.6195967793464661,2.7809040546417236,780.921517481,3.2132,28.08359718322754,-1.712497591972351,0,-1.622804045677185,0.08,-1.622804045677185,-2.6848950386047363,1.3168072700500488,1747229370.8819547,-0.9723974466323853,44
44,1.1481744050979614,44,0.5,-0.9922012090682983,1.8828370571136475,798.060498134,2.9348,28.505830764770508,1.0942730903625488,0,-1.6207084655761719,0.09,-1.6207084655761719,-2.9443769454956055,1.4693251848220825,1747229388.0216777,-4.038650035858154,45
45,2.1777100563049316,45,0.0,-0.6704093813896179,2.931769609451294,815.14250423,2.9467,22.895740509033203,-1.7764008045196533,0,-1.5182486772537231,0.09,-1.5182486772537231,-2.935398817062378,1.508118987083435,1747229405.102508,-1.1589980125427246,46
46,2.4718871116638184,46,0.0,-0.6134358048439026,3.2976748943328857,832.275078978,3.2538,27.161455154418945,-2.1404976844787598,0,-1.62047278881073,0.09,-1.62047278881073,-3.1056652069091797,1.6515756845474243,1747229422.2752676,-0.9651676416397095,47
47,2.0995535850524902,47,0.0,-0.6910848021507263,2.9519011974334717,849.86149323,2.9658,25.854021072387695,-1.6412924528121948,0,-1.5472263097763062,0.09,-1.5472263097763062,-2.8471121788024902,1.7046953439712524,1747229439.8215628,-1.205819845199585,48
48,2.2509765625,48,0.0,-0.7176382541656494,3.038027048110962,867.033483132,2.9937,25.383155822753906,-1.8788892030715942,0,-1.5996496677398682,0.09,-1.5996496677398682,-3.132680892944336,1.5741010904312134,1747229456.9941087,-1.2537916898727417,49
49,2.4297966957092285,49,0.0,-0.6375500559806824,3.1880736351013184,884.434551194,3.0312,27.363248825073242,-2.086491584777832,0,-1.5410864353179932,0.09,-1.5410864353179932,-2.9227161407470703,1.5165539979934692,1747229474.3947527,-0.8362244963645935,50
50,2.0225703716278076,50,0.0,-0.962241530418396,2.8544483184814453,902.132624797,2.8696,22.992977142333984,-1.5757288932800293,0,-1.5839438438415527,0.1,-1.5839438438415527,-3.386244297027588,1.6637558937072754,1747229492.093029,-1.8105155229568481,51
51,2.050238609313965,51,0.0,-0.6096631288528442,2.786450147628784,919.222897738,2.9312,23.9800968170166,-1.632981777191162,0,-1.4754204750061035,0.1,-1.4754204750061035,-2.8734729290008545,1.4724230766296387,1747229509.2231357,-1.2404911518096924,52
52,1.6790940761566162,52,0.25,-0.7584522366523743,2.373770236968994,936.44353082,2.9023,29.440505981445312,-1.052840232849121,0,-1.5516090393066406,0.1,-1.5516090393066406,-2.6855762004852295,1.3893520832061768,1747229526.404014,-1.6327359676361084,53
53,2.04899263381958,53,0.0,-0.7833234071731567,2.8685050010681152,953.698579745,3.0755,30.91248321533203,-1.5938355922698975,0,-1.6230319738388062,0.1,-1.6230319738388062,-3.0747358798980713,1.6390247344970703,1747229543.6586928,-1.4809004068374634,54
54,2.612682819366455,54,0.0,-0.6680135726928711,3.5083227157592773,970.887506241,3.338,31.763357162475586,-2.3257126808166504,0,-1.7089087963104248,0.1,-1.7089087963104248,-3.546868324279785,1.7912800312042236,1747229560.8476713,-1.2211556434631348,55
55,1.9569367170333862,55,0.0,-0.6735209226608276,2.7424583435058594,988.064485589,2.7337,22.69333267211914,-1.5079360008239746,0,-1.4234678745269775,0.11,-1.4234678745269775,-3.2934584617614746,1.5710431337356567,1747229578.0252242,-1.7855225801467896,56
56,1.3845009803771973,56,0.0,-0.7073253393173218,1.8093241453170776,1005.701540463,2.6871,22.84642219543457,-0.6981261372566223,0,-1.420433759689331,0.11,-1.420433759689331,-1.8303804397583008,0.849646270275116,1747229595.6655264,-1.1322542428970337,57
57,1.8222920894622803,57,0.0,-0.6333547830581665,2.452477216720581,1023.397523419,3.1716,31.907184600830078,-1.2804900407791138,0,-1.613412857055664,0.11,-1.613412857055664,-2.4757494926452637,1.2603703737258911,1747229613.362499,-1.1952593326568604,58
58,2.296560287475586,58,0.25,-0.6874123811721802,3.0625734329223633,1040.991561316,3.0725,26.91657066345215,-1.8412501811981201,0,-1.5828449726104736,0.11,-1.5828449726104736,-2.8828015327453613,1.5320264101028442,1747229630.9918118,-1.0415513515472412,59
59,1.683967113494873,59,0.0,-0.6174371242523193,2.2797839641571045,1058.129498688,2.8667,25.976398468017578,-1.1248859167099,0,-1.457993507385254,0.11,-1.457993507385254,-2.3659355640411377,1.1916338205337524,1747229648.0895333,-1.2410497665405273,60
60,3.171865940093994,60,0.0,-0.61653733253479,4.160215854644775,1075.300511985,3.1561,26.08446502685547,-2.959352731704712,0,-1.5871272087097168,0.12,-1.5871272087097168,-3.7958438396453857,1.9767001867294312,1747229665.2604694,-0.8364912271499634,61
61,1.6219439506530762,61,0.0,-0.7132872343063354,2.2708163261413574,1092.486541243,2.6212,24.18989372253418,-1.039367914199829,0,-1.36210036277771,0.12,-1.36210036277771,-2.390775680541992,1.2977445125579834,1747229682.4471235,-1.3514080047607422,62
62,2.0082106590270996,62,0.0,-0.7181404829025269,2.7809948921203613,1109.865478477,3.0045,22.163484573364258,-1.5304737091064453,0,-1.5787314176559448,0.12,-1.5787314176559448,-3.2314982414245605,1.5455682277679443,1747229699.8255022,-1.7010245323181152,63
63,2.3944151401519775,63,0.0,-0.7062373757362366,3.2193474769592285,1127.059502636,3.081,30.515722274780273,-2.0032618045806885,0,-1.6399478912353516,0.12,-1.6399478912353516,-3.1919028759002686,1.649864673614502,1747229717.020174,-1.1886409521102905,64
64,1.8502321243286133,64,0.0,-0.5558304786682129,2.5032148361206055,1143.977493565,2.8108,20.780132293701172,-1.3480570316314697,0,-1.3788707256317139,0.12,-1.3788707256317139,-2.4388418197631836,1.3059653043746948,1747229733.9428391,-1.0907849073410034,65
65,1.5615146160125732,65,0.0,-0.6373013257980347,2.393097400665283,1161.484408641,2.862,22.53677749633789,-0.900307297706604,0,-1.4240813255310059,0.12,-1.4240813255310059,-2.321725845336914,1.6631653308868408,1747229751.4845371,-1.4214186668395996,66
66,2.255833148956299,66,0.0,-0.691949725151062,3.0737321376800537,1178.785908402,2.6923,25.225324630737305,-1.8599193096160889,0,-1.4241089820861816,0.13,-1.4241089820861816,-3.046703338623047,1.6357979774475098,1747229768.786116,-1.186784029006958,67
67,1.6130765676498413,67,0.25,-0.6882550716400146,2.338359832763672,1195.989464039,3.1586,26.146041870117188,-0.9589793682098389,0,-1.648136854171753,0.13,-1.648136854171753,-2.524718761444092,1.4505666494369507,1747229785.9497645,-1.565739393234253,68
68,1.8772921562194824,68,0.0,-0.6618057489395142,2.5510480403900146,1213.633457531,2.8352,24.988380432128906,-1.3924541473388672,0,-1.4863917827606201,0.13,-1.4863917827606201,-2.5501136779785156,1.347511649131775,1747229803.5952296,-1.1576595306396484,69
69,2.0889720916748047,69,0.5,-0.712212324142456,3.017693042755127,1230.833493077,2.9655,22.480119705200195,-1.4637038707733154,0,-1.5495238304138184,0.13,-1.5495238304138184,-3.3081440925598145,1.8574421405792236,1747229820.793633,-1.844440221786499,70
70,1.7175180912017822,70,0.0,-0.7106267213821411,2.3664140701293945,1248.165458918,2.8637,31.051029205322266,-1.1286823749542236,0,-1.5327448844909668,0.13,-1.5327448844909668,-2.5704245567321777,1.2977917194366455,1747229838.1262808,-1.4417424201965332,71
71,2.8495779037475586,71,0.0,-0.7558689713478088,3.8743791580200195,1265.342515225,3.1984,26.512968063354492,-2.60564923286438,0,-1.7243835926055908,0.14,-1.7243835926055908,-3.891009569168091,2.049602508544922,1747229855.3027315,-1.285360336303711,72
72,3.0391132831573486,72,0.0,-0.6565065383911133,4.10780143737793,1282.632868116,3.109,27.00641632080078,-2.814234733581543,0,-1.5772085189819336,0.14,-1.5772085189819336,-4.015462875366211,2.137376308441162,1747229872.6331282,-1.2012284994125366,73
73,2.3152647018432617,73,0.0,-0.7166022062301636,3.1330599784851074,1300.032751031,2.6384,23.75226593017578,-1.879586935043335,0,-1.4068211317062378,0.14,-1.4068211317062378,-2.89951491355896,1.6355907917022705,1747229890.0330083,-1.019927978515625,74
74,2.0793213844299316,74,0.0,-0.6757991909980774,2.7539849281311035,1317.135456338,3.3009,26.927730560302734,-1.6276984214782715,0,-1.710437536239624,0.14,-1.710437536239624,-2.8770360946655273,1.3493272066116333,1747229907.0958195,-1.2493374347686768,75
75,1.6784684658050537,75,0.0,-0.649233877658844,2.327249526977539,1334.543454023,2.7701,21.379812240600586,-1.1015795469284058,0,-1.3966915607452393,0.14,-1.3966915607452393,-2.2367489337921143,1.2975621223449707,1747229924.5041168,-1.135169267654419,76
76,2.138561725616455,76,0.0,-0.6962205171585083,2.937687635421753,1351.651480295,2.7811,25.114168167114258,-1.7341452836990356,0,-1.4558196067810059,0.15,-1.4558196067810059,-3.1507511138916016,1.5982519388198853,1747229941.6119678,-1.416605830192566,77
77,1.3969964981079102,77,0.5,-1.1108853816986084,2.270117998123169,1368.97854934,2.3374,19.65032958984375,0.8279178142547607,0,-1.2042202949523926,0.15,-1.2042202949523926,-2.5727710723876953,1.7462431192398071,1747229958.9387617,-3.400689125061035,78
78,1.4058752059936523,78,0.25,-0.6908985376358032,1.9939639568328857,1386.081498388,2.7508,19.675079345703125,-0.3378966450691223,0,-1.41898512840271,0.15,-1.41898512840271,-2.305417060852051,1.1761776208877563,1747229976.0445864,-1.9675204753875732,79
79,1.9013715982437134,79,0.25,-0.6965640783309937,2.6715030670166016,1407.712533346,2.7302,22.272605895996094,-0.08076530694961548,0,-1.3610478639602661,0.15,-1.3610478639602661,-2.8776986598968506,1.5402628183364868,1747229997.674562,-2.796933174133301,80
80,1.812666416168213,80,0.0,-0.6549806594848633,2.4040770530700684,1424.883505834,2.71,23.81415367126465,-1.3034828901290894,0,-1.409387469291687,0.15,-1.409387469291687,-2.402599334716797,1.1828211545944214,1747230014.8439429,-1.099116325378418,81
81,2.2993593215942383,81,0.0,-0.6196962594985962,3.0801491737365723,1443.142480302,2.9857,25.232114791870117,-1.9229090213775635,0,-1.4962177276611328,0.16,-1.4962177276611328,-2.88742995262146,1.5615795850753784,1747230033.1031685,-0.964521050453186,82
82,1.7993981838226318,82,0.25,-0.6792311668395996,2.359755754470825,1464.707939432,3.0127,26.721406936645508,-1.238518238067627,0,-1.5748891830444336,0.16,-1.5748891830444336,-2.111574649810791,1.1207152605056763,1747230054.7081738,-0.8730565309524536,83
83,2.0492444038391113,83,0.0,-0.7211946249008179,2.8967669010162354,1482.081521574,3.015,24.133695602416992,-1.5008721351623535,0,-1.5839201211929321,0.16,-1.5839201211929321,-2.766190528869629,1.6950448751449585,1747230072.042188,-1.2653183937072754,84
84,2.3690812587738037,84,0.0,-0.7649834156036377,3.142852783203125,1499.403498854,3.0175,28.625503540039062,-2.0209383964538574,0,-1.5919082164764404,0.16,-1.5919082164764404,-3.17378568649292,1.5475428104400635,1747230089.3644295,-1.1528472900390625,85
85,1.6958729028701782,85,0.0,-0.8833478689193726,2.343574047088623,1516.755519594,2.9051,23.502735137939453,-1.1270804405212402,0,-1.5583239793777466,0.16,-1.5583239793777466,-2.2604875564575195,1.2954022884368896,1747230106.7159123,-1.1334072351455688,86
86,2.1182119846343994,86,0.0,-0.6395495533943176,3.0395619869232178,1533.928516243,2.9542,24.969371795654297,-1.6114797592163086,0,-1.505190134048462,0.16,-1.505190134048462,-3.082686424255371,1.8426998853683472,1747230123.8889973,-1.4712066650390625,87
87,2.104123115539551,87,0.0,-0.7485681772232056,2.8018317222595215,1551.050184482,2.9416,22.35970687866211,-1.665640115737915,0,-1.5805020332336426,0.17,-1.5805020332336426,-3.192981243133545,1.395417332649231,1747230141.050333,-1.5273410081863403,88
88,2.5707974433898926,88,0.0,-0.7697077989578247,3.639230251312256,1568.260541332,2.934,27.037721633911133,-2.2466330528259277,0,-1.5989128351211548,0.17,-1.5989128351211548,-4.035274505615234,2.1368656158447266,1747230158.2231042,-1.7886412143707275,89
89,3.4785947799682617,89,0.0,-0.5765759944915771,4.43721342086792,1585.5854871,3.3525,31.80877685546875,-3.2853775024414062,0,-1.6651020050048828,0.17,-1.6651020050048828,-4.407621383666992,1.9172371625900269,1747230175.5461822,-1.1222440004348755,90
90,2.0664942264556885,90,0.0,-0.7313493490219116,2.84478759765625,1602.771445797,3.0746,23.99850082397461,-1.605240821838379,0,-1.6151999235153198,0.17,-1.6151999235153198,-2.9289331436157227,1.5565866231918335,1747230192.7315807,-1.3236923217773438,91
91,2.143028497695923,91,0.0,-0.5759601593017578,2.714528799057007,1619.89949485,3.2501,31.075193405151367,-1.7496519088745117,0,-1.605345606803894,0.17,-1.605345606803894,-2.4867963790893555,1.1430007219314575,1747230209.8599524,-0.737144410610199,92
92,2.5632524490356445,92,0.0,-0.6201554536819458,3.4875011444091797,1637.613526557,2.9875,24.463956832885742,-2.2529661655426025,0,-1.495408535003662,0.18,-1.495408535003662,-3.652296304702759,1.8484975099563599,1747230227.573582,-1.3993301391601562,93
93,1.8165714740753174,93,0.0,-0.6935274600982666,2.429920196533203,1655.175585639,2.9425,24.181692123413086,-1.2933874130249023,0,-1.5494070053100586,0.18,-1.5494070053100586,-2.4767632484436035,1.2266974449157715,1747230245.1366959,-1.1833760738372803,94
94,2.6534173488616943,94,0.0,-1.2170555591583252,3.517819404602051,1672.846576829,2.779,19.94874382019043,-2.3389108180999756,0,-1.5390276908874512,0.18,-1.5390276908874512,-3.3274343013763428,1.7288039922714233,1747230262.8468084,-0.9885234236717224,95
95,1.9029881954193115,95,0.25,-0.907141923904419,2.8031320571899414,1690.038529951,2.7115,22.308696746826172,2.2563977241516113,0,-1.4094065427780151,0.18,-1.4094065427780151,-3.3264362812042236,1.8002876043319702,1747230279.9985723,-5.582834243774414,96
96,2.698457717895508,96,0.0,-0.689812183380127,3.714111566543579,1707.214487371,3.1406,27.752418518066406,-2.4163436889648438,0,-1.628316879272461,0.18,-1.628316879272461,-3.6014935970306396,2.0313076972961426,1747230297.1749632,-1.185149908065796,97
97,2.1827807426452637,97,0.0,-0.6329114437103271,3.0646896362304688,1724.305514592,2.9497,28.4432430267334,-1.7283716201782227,0,-1.4860427379608154,0.19,-1.4860427379608154,-3.0339133739471436,1.7638179063796997,1747230314.2659905,-1.3055419921875,98
98,1.9892592430114746,98,0.0,-0.8875671029090881,2.8560373783111572,1741.461548157,2.8733,28.41791343688965,-1.4862852096557617,0,-1.5571603775024414,0.19,-1.5571603775024414,-2.7067275047302246,1.7335563898086548,1747230331.4222178,-1.220442533493042,99
99,2.036158561706543,99,0.0,-0.696656346321106,2.8500728607177734,1758.754536531,2.8629,29.015003204345703,-1.5908997058868408,0,-1.5116698741912842,0.19,-1.5116698741912842,-2.9323348999023438,1.62782883644104,1747230348.7153552,-1.341435432434082,100
100,2.119410514831543,100,0.0,-0.6666280627250671,2.9661777019500732,1775.901547133,2.8906,20.20293617248535,-1.6560354232788086,0,-1.4863600730895996,0.19,-1.4863600730895996,-3.2714076042175293,1.69353449344635,1747230365.8632467,-1.6153720617294312,101
101,2.6314942836761475,101,0.0,-0.7034149169921875,3.5894980430603027,1793.482565881,3.0082,25.970205307006836,-2.2706077098846436,0,-1.5680675506591797,0.19,-1.5680675506591797,-3.264162302017212,1.9160075187683105,1747230383.4828281,-0.9935545921325684,102
102,2.3322367668151855,102,0.0,-0.7725407481193542,3.293699026107788,1811.369543192,2.7295,19.118854522705078,-1.966381311416626,0,-1.513799786567688,0.19,-1.513799786567688,-3.4373817443847656,1.922924518585205,1747230401.329847,-1.47100031375885,103
103,2.124607563018799,103,0.0,-0.6915137767791748,2.8493235111236572,1828.451531608,2.9791,28.22281265258789,-1.7001383304595947,0,-1.5543476343154907,0.2,-1.5543476343154907,-3.0854413509368896,1.4494318962097168,1747230418.415172,-1.385303020477295,104
104,2.235924243927002,104,0.25,-0.7248250246047974,2.896601915359497,1849.99762787,3.3542,29.984466552734375,-0.6279093623161316,0,-1.7241318225860596,0.2,-1.7241318225860596,-2.770963191986084,1.3213552236557007,1747230439.9977553,-2.1430537700653076,105
105,1.8219573497772217,105,0.25,-0.7170145511627197,2.5682170391082764,1867.373550531,2.8507,27.64942741394043,-0.9466356635093689,0,-1.4788357019424438,0.2,-1.4788357019424438,-2.4938695430755615,1.4925192594528198,1747230457.335299,-1.5472338199615479,106
106,1.804848074913025,106,0.25,-0.6629350185394287,2.4678359031677246,1884.467278794,2.7436,23.445110321044922,-1.2314095497131348,0,-1.3956176042556763,0.2,-1.3956176042556763,-2.44276762008667,1.325975775718689,1747230474.4674633,-1.2113580703735352,107
107,2.566810131072998,107,0.0,-0.6706693172454834,3.5127034187316895,1901.812479695,2.6506,22.75188636779785,-2.25400972366333,0,-1.3735482692718506,0.2,-1.3735482692718506,-3.4855539798736572,1.8917864561080933,1747230491.7754402,-1.2315444946289062,108
108,1.8855211734771729,108,0.0,-0.677884042263031,2.66768217086792,1918.960537264,2.5912,21.177104949951172,-1.4138617515563965,0,-1.3425111770629883,0.21,-1.3425111770629883,-2.6500067710876465,1.5643219947814941,1747230508.9209137,-1.23614501953125,109
109,2.0256972312927246,109,0.25,-0.6978113651275635,2.8708949089050293,1936.259540377,2.9007,21.24582290649414,-1.4702966213226318,0,-1.4304105043411255,0.21,-1.4304105043411255,-2.8902363777160645,1.6903955936431885,1747230526.219711,-1.4199395179748535,110
110,2.149036407470703,110,0.0,-0.6426775455474854,2.93304443359375,1953.569493154,3.021,26.11000633239746,-1.643872618675232,0,-1.5408575534820557,0.21,-1.5408575534820557,-2.848755121231079,1.5680159330368042,1747230543.5313392,-1.2048826217651367,111
111,2.850649833679199,112,0.0,-0.7756296396255493,3.5842690467834473,1988.087499515,2.8837,28.141281127929688,-2.486020088195801,0,-1.5905048847198486,0.21,-1.5905048847198486,-3.8318848609924316,1.4672383069992065,1747230578.047882,-1.3458645343780518,113
112,1.5224478244781494,113,0.0,-0.6875902414321899,2.0741488933563232,2005.386481372,2.7514,24.190587997436523,-0.8597615957260132,0,-1.4417634010314941,0.22,-1.4417634010314941,-2.076768398284912,1.1034021377563477,1747230595.346893,-1.2170069217681885,114
113,2.175051212310791,114,0.0,-0.6851906180381775,2.8878817558288574,2022.674492657,3.172,25.655771255493164,-1.786525011062622,0,-1.6462109088897705,0.22,-1.6462109088897705,-2.855966567993164,1.425661325454712,1747230612.6347609,-1.069441318511963,115
114,2.1105387210845947,115,0.0,-0.7829619646072388,2.946124315261841,2040.074504586,2.8358,24.039520263671875,-1.6754701137542725,0,-1.5136730670928955,0.22,-1.5136730670928955,-2.97149658203125,1.6711710691452026,1747230630.036167,-1.2960264682769775,116
115,1.9136666059494019,116,0.0,-0.6826115250587463,2.7127413749694824,2057.266483815,2.9983,25.80133628845215,-1.4071669578552246,0,-1.550208568572998,0.22,-1.550208568572998,-3.1462326049804688,1.5981494188308716,1747230647.227386,-1.7390657663345337,117
116,2.1232266426086426,117,0.0,-0.6682099103927612,2.857452392578125,2074.939949724,3.1093,22.66535758972168,-1.7043631076812744,0,-1.614859700202942,0.22,-1.614859700202942,-2.681455612182617,1.4684513807296753,1747230664.9402165,-0.9770925641059875,118
117,2.5495543479919434,118,0.0,-0.6866480708122253,3.571369171142578,2092.070125694,3.1825,22.261123657226562,-2.1602578163146973,0,-1.6265044212341309,0.22,-1.6265044212341309,-3.612828254699707,2.0436296463012695,1747230682.070304,-1.4525701999664307,119
118,1.432758092880249,119,0.25,-0.8588278889656067,2.1814022064208984,2109.279510267,2.78,28.208532333374023,0.2774708867073059,0,-1.550291657447815,0.23,-1.550291657447815,-3.0691184997558594,1.497288465499878,1747230699.2400866,-3.3465893268585205,120
119,1.6643805503845215,120,0.25,-0.7425699234008789,2.482621192932129,2126.541475309,3.0469,26.927837371826172,-0.648503839969635,0,-1.6168408393859863,0.23,-1.6168408393859863,-2.9064557552337646,1.6364811658859253,1747230716.501522,-2.2579517364501953,121
120,2.766177177429199,121,0.0,-0.8241322040557861,3.7622711658477783,2143.866458349,2.9123,24.69949722290039,-2.5064172744750977,0,-1.51022469997406,0.23,-1.51022469997406,-3.570143222808838,1.9921878576278687,1747230733.827046,-1.0637257099151611,122
121,1.7359709739685059,122,0.25,-0.7450599670410156,2.4658050537109375,2161.00849876,2.9036,29.958627700805664,-1.1406573057174683,0,-1.5609965324401855,0.23,-1.5609965324401855,-2.746189594268799,1.4596681594848633,1747230750.9689202,-1.6055324077606201,123
122,2.849339723587036,123,0.0,-0.6400933265686035,3.655148983001709,2182.553916124,3.1318,32.064090728759766,-2.4590444564819336,0,-1.5898085832595825,0.23,-1.5898085832595825,-3.0040411949157715,1.6116186380386353,1747230772.5541914,-0.5449968576431274,124
123,2.475038528442383,124,0.0,-0.7647000551223755,3.348134994506836,2199.782534606,3.0646,30.205446243286133,-2.158175468444824,0,-1.6227304935455322,0.24,-1.6227304935455322,-3.4352669715881348,1.7461928129196167,1747230789.7436037,-1.2770912647247314,125
124,1.9486594200134277,125,0.0,-0.8144269585609436,2.6732161045074463,2217.321510918,2.9476,33.19605255126953,-1.4418003559112549,0,-1.6453754901885986,0.24,-1.6453754901885986,-2.959934711456299,1.4491132497787476,1747230807.2820752,-1.518134593963623,126
125,2.1276416778564453,126,0.0,-0.766567587852478,2.903792381286621,2234.430489551,2.8414,22.77107810974121,-1.6784272193908691,0,-1.5227108001708984,0.24,-1.5227108001708984,-3.178835153579712,1.5523014068603516,1747230824.3912113,-1.5004079341888428,127
126,1.6938366889953613,127,0.25,-0.6727955937385559,2.289365291595459,2256.016516448,2.9942,26.062259674072266,-1.0675371885299683,0,-1.5612151622772217,0.24,-1.5612151622772217,-2.3446950912475586,1.1910569667816162,1747230845.976795,-1.2771580219268799,128
127,2.1430211067199707,128,0.0,-0.650032639503479,2.8714394569396973,2273.356349554,2.8085,24.261188507080078,-1.6615029573440552,0,-1.4408154487609863,0.24,-1.4408154487609863,-2.9193942546844482,1.4568367004394531,1747230863.356595,-1.2578911781311035,129
128,2.1647942066192627,129,0.0,-0.6515457630157471,3.033491611480713,2290.541488314,3.0887,31.91731834411621,-1.700048565864563,0,-1.5875499248504639,0.25,-1.5875499248504639,-3.151130199432373,1.7373946905136108,1747230880.5017774,-1.4510817527770996,130
129,1.9811599254608154,130,0.25,-0.6669497489929199,2.839806079864502,2307.715555327,3.232,26.964298248291016,-1.4430441856384277,0,-1.6684165000915527,0.25,-1.6684165000915527,-3.1535112857818604,1.717292308807373,1747230897.6772037,-1.7104672193527222,131
130,2.7343876361846924,131,0.0,-0.6447734832763672,3.600443124771118,2324.864490315,2.9785,22.4854793548584,-2.468904972076416,0,-1.507167100906372,0.25,-1.507167100906372,-3.5279972553253174,1.732110857963562,1747230914.824836,-1.0590922832489014,132
131,2.8709940910339355,132,0.0,-0.668764591217041,3.7490878105163574,2342.395517138,3.0918,29.74443817138672,-2.555575370788574,0,-1.598670482635498,0.25,-1.598670482635498,-3.5558338165283203,1.7561875581741333,1747230932.357051,-1.000258445739746,133
132,2.218364715576172,133,0.0,-0.6870176196098328,3.0488951206207275,2359.571620021,2.8611,27.937780380249023,-1.750398874282837,0,-1.4777015447616577,0.25,-1.4777015447616577,-3.3573312759399414,1.6610609292984009,1747230949.5358138,-1.606932520866394,134
133,1.939497470855713,134,0.25,-0.7381311655044556,2.704622745513916,2377.183552468,2.731,21.192567825317383,-1.3743796348571777,0,-1.4596598148345947,0.26,-1.4596598148345947,-2.853848457336426,1.5302506685256958,1747230967.1441069,-1.4794687032699585,135
134,2.08748459815979,135,0.0,-0.5600156784057617,2.8475232124328613,2394.238705485,2.9345,23.481918334960938,-1.6630369424819946,0,-1.4343736171722412,0.26,-1.4343736171722412,-2.644197463989258,1.5200773477554321,1747230984.23893,-0.9811606407165527,136
135,3.116701126098633,136,0.0,-0.5974059104919434,4.271277904510498,2411.459492798,3.2295,25.82366180419922,-2.915827751159668,0,-1.592440128326416,0.26,-1.592440128326416,-4.466731548309326,2.3091537952423096,1747231001.4207568,-1.5509040355682373,137
136,2.2665514945983887,137,0.25,-0.6754628419876099,3.2946207523345947,2428.852535828,3.03,28.66251564025879,-1.7489620447158813,0,-1.5548675060272217,0.26,-1.5548675060272217,-3.1462957859039307,2.056138515472412,1747231018.8132744,-1.3973338603973389,138
137,1.7856290340423584,138,0.0,-0.6646908521652222,2.43526291847229,2445.940483004,2.8023,22.735549926757812,-1.2505171298980713,0,-1.4456639289855957,0.26,-1.4456639289855957,-2.4550909996032715,1.2992678880691528,1747231035.9010117,-1.2045739889144897,139
138,2.1008083820343018,139,0.0,-0.5715944766998291,2.9975767135620117,2463.631488783,2.9289,19.16555404663086,-1.600315809249878,0,-1.4277297258377075,0.26,-1.4277297258377075,-2.7190020084381104,1.793536901473999,1747231053.5921495,-1.1186861991882324,140
139,2.3124284744262695,140,0.0,-0.6679695844650269,3.1673293113708496,2480.586660687,2.7774,24.483591079711914,-1.9489496946334839,0,-1.437819004058838,0.27,-1.437819004058838,-3.528505325317383,1.7098015546798706,1747231070.5868955,-1.5795557498931885,141
140,2.382741928100586,141,0.0,-0.6907110810279846,3.252624988555908,2498.471462434,2.7939,21.067785263061523,-1.985577940940857,0,-1.4832406044006348,0.27,-1.4832406044006348,-3.2238926887512207,1.7397661209106445,1747231088.4330432,-1.2383146286010742,142
141,2.8021512031555176,142,0.0,-0.7064552307128906,3.8669424057006836,2515.611339825,2.8549,22.819032669067383,-2.5242457389831543,0,-1.5197244882583618,0.27,-1.5197244882583618,-4.05470085144043,2.129582405090332,1747231105.6115875,-1.5304547548294067,143
142,2.3625407218933105,143,0.0,-0.5815219283103943,3.2919888496398926,2532.74652763,2.7407,19.150712966918945,-1.9589331150054932,0,-1.35419499874115,0.27,-1.35419499874115,-3.4843833446502686,1.8588963747024536,1747231122.7075667,-1.5254502296447754,144
143,1.6769500970840454,144,0.25,-0.7590047121047974,2.414557695388794,2549.829472537,2.8279,21.305538177490234,0.06490451097488403,0,-1.4709608554840088,0.27,-1.4709608554840088,-2.818713665008545,1.475215196609497,1747231139.7902322,-2.883618116378784,145
144,2.143564224243164,145,0.0,-0.6603693962097168,2.974644660949707,2567.059490494,2.9793,24.29560089111328,-1.737529993057251,0,-1.5117192268371582,0.28,-1.5117192268371582,-2.7707936763763428,1.6621606349945068,1747231157.0208917,-1.0332638025283813,146
145,2.0058302879333496,146,0.0,-0.585395872592926,2.8394744396209717,2584.162514316,2.9341,24.417844772338867,-1.5474612712860107,0,-1.4666681289672852,0.28,-1.4666681289672852,-2.9631547927856445,1.6672884225845337,1747231174.1238775,-1.4156936407089233,147
146,2.177929401397705,149,0.0,-0.6531150341033936,2.8467283248901367,2640.685447486,2.999,22.255199432373047,-1.6816755533218384,0,-1.5124882459640503,0.28,-1.5124882459640503,-2.845303535461426,1.3375978469848633,1747231230.6470563,-1.1636282205581665,150
147,1.836393117904663,150,0.0,-0.747104287147522,2.581113815307617,2657.980467898,2.6487,23.04024314880371,-1.2982499599456787,0,-1.4254884719848633,0.29,-1.4254884719848633,-2.879474639892578,1.4894415140151978,1747231247.941442,-1.5812245607376099,151
148,2.3030872344970703,151,0.0,-0.7086312770843506,3.083646774291992,2675.127680925,2.7878,23.149578094482422,-1.914275884628296,0,-1.484412670135498,0.29,-1.484412670135498,-3.1276423931121826,1.5611191987991333,1747231265.0921726,-1.2133662700653076,152
149,2.490422487258911,152,0.0,-0.5900558233261108,3.255683660507202,2692.247351114,2.8806,30.14056968688965,-2.1601951122283936,0,-1.4177191257476807,0.29,-1.4177191257476807,-3.075622320175171,1.5305222272872925,1747231282.247597,-0.9154270887374878,153
150,2.2625207901000977,153,0.25,-0.6486188769340515,3.14206600189209,2710.522502994,2.8583,23.786285400390625,-1.7313745021820068,0,-1.4482574462890625,0.29,-1.4482574462890625,-3.036243200302124,1.759090542793274,1747231300.482639,-1.3048685789108276,154
151,1.5984467267990112,154,0.25,-0.778632402420044,2.3197548389434814,2728.038550778,3.1047,21.457656860351562,-0.8936681151390076,0,-1.6286876201629639,0.29,-1.6286876201629639,-2.1523776054382324,1.4426162242889404,1747231317.9995465,-1.25870943069458,155
152,2.3515584468841553,155,0.0,-0.7615737915039062,3.088958501815796,2745.133472696,2.7329,26.84187889099121,-1.9464292526245117,0,-1.475705623626709,0.29,-1.475705623626709,-3.2954049110412598,1.4747999906539917,1747231335.0949368,-1.348975419998169,156
153,2.762708902359009,156,0.0,-0.5697997212409973,3.560025215148926,2766.736476744,3.1075,25.604961395263672,-2.4865763187408447,0,-1.5390865802764893,0.3,-1.5390865802764893,-3.1861572265625,1.594632863998413,1747231356.696775,-0.6995810866355896,157
154,2.4077558517456055,157,0.0,-0.7105066180229187,3.2173380851745605,2783.981917435,2.9967,25.57659149169922,-2.06709623336792,0,-1.5998015403747559,0.3,-1.5998015403747559,-3.1037557125091553,1.6191644668579102,1747231373.9822023,-1.0366594791412354,158
155,1.300271987915039,158,0.5,-0.7699667811393738,1.9618425369262695,2801.453545511,2.7461,25.19861602783203,-0.41340410709381104,0,-1.490195870399475,0.3,-1.490195870399475,-2.2070226669311523,1.3231412172317505,1747231391.4151437,-1.7936184406280518,159
156,2.1819005012512207,159,0.0,-0.6810644865036011,2.9473090171813965,2818.606505626,3.1125,22.84783172607422,-1.7045204639434814,0,-1.586639165878296,0.3,-1.586639165878296,-2.9823334217071533,1.5308172702789307,1747231408.5669138,-1.277813196182251,160
157,2.3116421699523926,160,0.0,-0.6176882386207581,3.094654083251953,2835.924490569,2.9364,26.831829071044922,-1.945942759513855,0,-1.473581075668335,0.3,-1.473581075668335,-2.8901524543762207,1.5660240650177002,1747231425.885954,-0.944209635257721,161
158,2.1243436336517334,161,0.0,-0.7690461874008179,3.1021714210510254,2853.317641404,2.7946,29.0205020904541,-1.6874947547912598,0,-1.5203794240951538,0.31,-1.5203794240951538,-3.913771629333496,1.9556553363800049,1747231443.277567,-2.2262771129608154,162
159,1.8800854682922363,163,0.0,-0.7422597408294678,2.626537322998047,2887.562548548,2.8952,19.932979583740234,-1.3730223178863525,0,-1.5653823614120483,0.31,-1.5653823614120483,-2.854984998703003,1.4929035902023315,1747231477.522927,-1.4819626808166504,164
160,2.478349208831787,164,0.0,-0.6452420949935913,3.4634060859680176,2904.619671964,2.9907,27.92781639099121,-2.131223201751709,0,-1.527048110961914,0.31,-1.527048110961914,-3.4474194049835205,1.970113754272461,1747231494.6199243,-1.3161962032318115,165
161,2.3789563179016113,165,0.0,-0.7672296166419983,3.2410573959350586,2921.747493363,3.2012,24.123777389526367,-1.9636398553848267,0,-1.6949506998062134,0.31,-1.6949506998062134,-3.3053107261657715,1.7242019176483154,1747231511.7111306,-1.3416707515716553,166
162,3.046584129333496,166,0.25,-0.6933490037918091,4.010727405548096,2938.909492564,3.4005,25.926620483398438,-2.6638965606689453,0,-1.7611414194107056,0.32,-1.7611414194107056,-3.8058714866638184,1.9282869100570679,1747231528.870295,-1.1419748067855835,167
163,1.9315272569656372,167,0.0,-0.7170363068580627,2.5895581245422363,2956.201672907,2.9432,19.073841094970703,-1.4418398141860962,0,-1.5653103590011597,0.32,-1.5653103590011597,-2.3264241218566895,1.3160619735717773,1747231546.1617503,-0.8845841288566589,168
164,2.095123529434204,168,0.0,-0.6711541414260864,2.9873604774475098,2973.370601652,3.1553,26.287128448486328,-1.6403913497924805,0,-1.6118446588516235,0.32,-1.6118446588516235,-3.3311822414398193,1.7844737768173218,1747231563.3306627,-1.6907908916473389,169
165,2.533360481262207,169,0.0,-0.7000588178634644,3.3680717945098877,2990.506550033,3.0297,26.274280548095703,-2.2075791358947754,0,-1.5861220359802246,0.32,-1.5861220359802246,-3.464226245880127,1.6694226264953613,1747231580.47418,-1.2566468715667725,170
166,1.7373706102371216,170,0.25,-0.6606013774871826,2.419827938079834,3008.044574377,2.8727,19.618972778320312,-1.1527899503707886,0,-1.4709930419921875,0.32,-1.4709930419921875,-2.195736885070801,1.3649144172668457,1747231598.0055165,-1.0429468154907227,171
167,2.335068702697754,171,0.25,-0.7223013639450073,3.2673988342285156,3025.184945853,2.7873,26.140317916870117,-1.77672278881073,0,-1.4702739715576172,0.33,-1.4702739715576172,-3.348935127258301,1.8646600246429443,1747231615.185204,-1.5722122192382812,172
168,2.0789997577667236,172,0.25,-0.8347599506378174,2.834893226623535,3042.394528524,2.8287,28.45613670349121,-1.5429185628890991,0,-1.5392767190933228,0.33,-1.5392767190933228,-2.7831456661224365,1.5117870569229126,1747231632.3547208,-1.240227222442627,173
169,2.7139596939086914,173,0.0,-0.5695832371711731,3.566293239593506,3059.69957549,2.9527,26.980628967285156,-2.439892530441284,0,-1.434475302696228,0.33,-1.434475302696228,-3.2604963779449463,1.7046672105789185,1747231649.6600578,-0.8206039071083069,174
170,2.3857789039611816,174,0.25,-0.7499995231628418,3.213447093963623,3081.245175926,3.0483,27.082212448120117,-1.1225858926773071,0,-1.587505578994751,0.33,-1.587505578994751,-3.106598138809204,1.6553363800048828,1747231671.2454274,-1.984012246131897,175
171,2.399580240249634,175,0.0,-0.6943328380584717,3.1669981479644775,3098.661488782,3.1098,23.423402786254883,-2.04984712600708,0,-1.624806523323059,0.33,-1.624806523323059,-3.1227641105651855,1.5348358154296875,1747231688.622436,-1.0729167461395264,176
172,1.5392382144927979,176,0.25,-0.6662478446960449,2.22221302986145,3115.897053619,2.4178,19.195985794067383,-0.7307291626930237,0,-1.2556509971618652,0.33,-1.2556509971618652,-2.0030925273895264,1.3659497499465942,1747231705.8972864,-1.272363305091858,177
173,1.7782809734344482,177,0.0,-0.6739487648010254,2.464353084564209,3133.123758335,3.135,27.80013656616211,-1.2364791631698608,0,-1.5999531745910645,0.34,-1.5999531745910645,-2.5092287063598633,1.3721442222595215,1747231723.085088,-1.2727495431900024,178
174,1.7072229385375977,178,0.25,-0.641766369342804,2.3001794815063477,3150.441547252,2.5154,24.7286434173584,-1.1056642532348633,0,-1.296334981918335,0.34,-1.296334981918335,-2.3794755935668945,1.1859130859375,1747231740.4015088,-1.2738113403320312,179
175,2.0287137031555176,179,0.0,-0.6613780856132507,2.8077311515808105,3167.838485011,2.8741,26.595905303955078,-1.5722987651824951,0,-1.4951200485229492,0.34,-1.4951200485229492,-2.905949115753174,1.5580346584320068,1747231757.799132,-1.3336503505706787,180
176,2.505451202392578,180,0.0,-0.646658182144165,3.338045120239258,3184.927496344,2.8704,26.33218765258789,-2.1361405849456787,0,-1.4709208011627197,0.34,-1.4709208011627197,-3.169611692428589,1.6651877164840698,1747231774.8879437,-1.0334709882736206,181
177,2.5822081565856934,181,0.0,-0.6249592304229736,3.448047637939453,3203.648731516,3.0235,32.97435760498047,-2.250247001647949,0,-1.5376628637313843,0.34,-1.5376628637313843,-3.3743340969085693,1.7316787242889404,1747231793.6488802,-1.124086856842041,182
178,1.8176522254943848,182,0.25,-0.8158480525016785,2.4927990436553955,3220.869484308,2.7331,23.661806106567383,1.2076581716537476,0,-1.410938024520874,0.35,-1.410938024520874,-2.3709795475006104,1.3502936363220215,1747231810.8294978,-3.5786375999450684,183
179,1.721130609512329,183,0.0,-0.7295738458633423,2.3826332092285156,3238.17846195,2.8031,22.000469207763672,-1.1930474042892456,0,-1.5030661821365356,0.35,-1.5030661821365356,-2.4919369220733643,1.3230053186416626,1747231828.139476,-1.2988895177841187,184
180,2.779770851135254,184,0.0,-0.7381052374839783,3.72343373298645,3255.495621443,3.2375,31.322525024414062,-2.4834578037261963,0,-1.7302836179733276,0.35,-1.7302836179733276,-3.900527000427246,1.8873258829116821,1747231845.4561422,-1.4170689582824707,185
181,1.6564595699310303,185,0.25,-0.6810031533241272,2.472348213195801,3272.793511152,2.8727,28.460641860961914,-0.9761017560958862,0,-1.4844577312469482,0.35,-1.4844577312469482,-2.7085509300231934,1.631777048110962,1747231862.754438,-1.7324491739273071,186
182,2.118091583251953,186,0.0,-0.6749212741851807,2.8254361152648926,3289.933506217,2.6307,23.53635597229004,-1.7130846977233887,0,-1.3216681480407715,0.35,-1.3216681480407715,-2.7222514152526855,1.4146888256072998,1747231879.893693,-1.009166955947876,187
183,2.0803723335266113,187,0.0,-0.7102290391921997,2.823216676712036,3307.08153513,2.7157,20.682315826416016,-1.642950177192688,0,-1.4295454025268555,0.36,-1.4295454025268555,-2.9148411750793457,1.4856888055801392,1747231897.041871,-1.2718909978866577,188
184,2.108849048614502,188,0.0,-0.649980902671814,2.8595786094665527,3328.658527452,2.7501,18.38993263244629,-1.5760624408721924,0,-1.3789448738098145,0.36,-1.3789448738098145,-2.0697600841522217,1.5014592409133911,1747231918.618982,-0.4936975836753845,189
185,1.9980601072311401,189,0.0,-0.5909964442253113,2.7646937370300293,3345.941488069,2.896,25.26603889465332,-1.5509684085845947,0,-1.4523978233337402,0.36,-1.4523978233337402,-3.12600040435791,1.5332671403884888,1747231935.9048145,-1.5750318765640259,190
186,2.069364070892334,190,0.0,-0.6996665000915527,2.85335111618042,3363.01647588,2.9955,23.42091941833496,-1.5720040798187256,0,-1.5725629329681396,0.36,-1.5725629329681396,-2.9273738861083984,1.567974328994751,1747231952.9785552,-1.3553698062896729,191
187,2.432936906814575,191,0.0,-0.7422870397567749,3.2615301609039307,3380.325567553,3.2083,30.844898223876953,-2.094475507736206,0,-1.7045735120773315,0.36,-1.7045735120773315,-3.094923496246338,1.6571863889694214,1747231970.2864056,-1.0004479885101318,192
188,2.1202774047851562,193,0.25,-0.7027807235717773,2.810293197631836,3415.049732919,2.9613,25.087074279785156,-1.5774184465408325,0,-1.5427117347717285,0.37,-1.5427117347717285,-2.705840826034546,1.3800313472747803,1747232005.049963,-1.1284222602844238,194
189,1.4939079284667969,194,0.0,-0.7032783627510071,2.0361721515655518,3432.504490654,2.8064,23.43201446533203,-0.8661820888519287,0,-1.4719911813735962,0.37,-1.4719911813735962,-2.142462730407715,1.0845285654067993,1747232022.4663253,-1.2762806415557861,195
190,1.8579097986221313,195,0.25,-0.6273845434188843,2.588115692138672,3449.826482427,3.1707,28.451406478881836,-1.2054115533828735,0,-1.5863103866577148,0.37,-1.5863103866577148,-2.4510512351989746,1.4604116678237915,1747232039.7864304,-1.2456395626068115,196
191,2.198286771774292,196,0.0,-0.7686375975608826,3.080514669418335,3466.971555518,2.9511,21.895309448242188,-1.7235873937606812,0,-1.6038676500320435,0.37,-1.6038676500320435,-3.0379176139831543,1.7644556760787964,1747232056.9315758,-1.3143301010131836,197
192,2.8566126823425293,197,0.0,-0.6541312336921692,3.928269386291504,3484.291534549,3.2715,27.351654052734375,-2.6060171127319336,0,-1.6575254201889038,0.37,-1.6575254201889038,-3.7672524452209473,2.14331316947937,1747232074.2517025,-1.1612350940704346,198
193,2.4920873641967773,198,0.0,-0.7165939211845398,3.3317391872406006,3501.570067889,2.9504,29.898221969604492,-2.125725746154785,0,-1.5587232112884521,0.38,-1.5587232112884521,-3.563751220703125,1.679303765296936,1747232091.5703168,-1.4380253553390503,199
194,1.7546091079711914,199,0.0,-0.7134653925895691,2.558371067047119,3518.807493408,3.1275,29.776002883911133,-1.155043601989746,0,-1.6017930507659912,0.38,-1.6017930507659912,-2.554044723510742,1.6075239181518555,1747232108.7673454,-1.3990012407302856,200
195,1.927793264389038,200,0.0,-0.5746883153915405,2.564425468444824,3535.929067846,2.8336,27.169361114501953,-1.391658067703247,0,-1.390708088874817,0.38,-1.390708088874817,-2.208340644836426,1.2732642889022827,1747232125.9293604,-0.8166826963424683,201
196,1.9268150329589844,201,0.0,-0.633227527141571,2.6396632194519043,3553.123541866,2.7918,20.976421356201172,-1.401350736618042,0,-1.4243371486663818,0.38,-1.4243371486663818,-2.6666412353515625,1.4256962537765503,1747232143.0837145,-1.2652904987335205,202
197,2.103285551071167,202,0.0,-0.6376688480377197,2.8310699462890625,3570.237480984,2.6957,19.613567352294922,-1.670367956161499,0,-1.385010004043579,0.38,-1.385010004043579,-2.7020435333251953,1.4555686712265015,1747232160.1981587,-1.0316755771636963,203
198,1.8368477821350098,204,0.0,-0.7150329351425171,2.52201771736145,3605.023588292,2.7592,25.185583114624023,-1.2953517436981201,0,-1.4690754413604736,0.39,-1.4690754413604736,-2.7786316871643066,1.3703399896621704,1747232194.9843016,-1.483279824256897,205
199,2.374256134033203,206,0.0,-0.6647264957427979,3.130197525024414,3639.942526253,3.1409,23.822227478027344,-1.9009369611740112,0,-1.5976648330688477,0.39,-1.5976648330688477,-3.2883012294769287,1.511883020401001,1747232229.9026337,-1.387364387512207,207
200,2.076904773712158,208,0.0,-0.6172398328781128,2.780447244644165,3674.404497151,2.834,25.18246841430664,-1.6083831787109375,0,-1.4190013408660889,0.4,-1.4190013408660889,-2.901604652404785,1.4070849418640137,1747232264.3650546,-1.2932214736938477,209
201,2.451927661895752,209,0.0,-0.6681869029998779,3.227546215057373,3691.556506501,2.8996,23.465167999267578,-2.1179399490356445,0,-1.505236029624939,0.4,-1.505236029624939,-3.1464850902557373,1.5512369871139526,1747232281.5170047,-1.0285452604293823,210
202,2.860934019088745,210,0.0,-0.6935071349143982,3.9646811485290527,3708.952437266,3.1274,26.01075553894043,-2.5598063468933105,0,-1.6075878143310547,0.4,-1.6075878143310547,-4.132621765136719,2.2074944972991943,1747232298.9124992,-1.57281494140625,211
203,2.0897343158721924,211,0.0,-0.5692243576049805,2.919919729232788,3726.093526051,3.1516,24.19753646850586,-1.5945110321044922,0,-1.5117206573486328,0.4,-1.5117206573486328,-2.73189115524292,1.660370945930481,1747232316.0589292,-1.1373801231384277,212
204,1.7610472440719604,212,0.0,-0.7151147127151489,2.558225631713867,3743.396463557,2.9529,30.2135066986084,-1.194601058959961,0,-1.5611557960510254,0.4,-1.5611557960510254,-2.578261613845825,1.5943565368652344,1747232333.3565798,-1.3836605548858643,213
205,2.0849456787109375,213,0.0,-0.6340234279632568,2.692009210586548,3947.231700804,2.8824,19.2573299407959,-1.6651511192321777,0,-1.4712696075439453,0.4,-1.4712696075439453,-2.396958351135254,1.2141270637512207,1747232350.4765081,-0.7318073511123657,214
206,3.0778682231903076,214,0.0,-0.859495997428894,4.1210832595825195,3947.231979477,3.2437,29.429637908935547,-2.8732569217681885,0,-1.6960573196411133,0.41,-1.6960573196411133,-4.227483749389648,2.0864298343658447,1747232367.6688435,-1.3542273044586182,215
207,2.452146291732788,215,0.0,-0.6902481317520142,3.303840160369873,3947.232274318,3.0071,27.3765869140625,-2.065397024154663,0,-1.576867938041687,0.41,-1.576867938041687,-3.2659802436828613,1.7033874988555908,1747232384.837715,-1.2005829811096191,216
208,3.3895459175109863,216,0.0,-0.6162378787994385,4.392947196960449,3947.232796424,3.1677,28.990873336791992,-3.2118101119995117,0,-1.5989649295806885,0.41,-1.5989649295806885,-4.127415180206299,2.006802558898926,1747232402.0261927,-0.9156049489974976,217
209,2.3074281215667725,218,0.0,-0.6370738744735718,3.105792999267578,3947.292296589,3.4096,28.897695541381836,-1.9457025527954102,0,-1.7452878952026367,0.41,-1.7452878952026367,-3.2232561111450195,1.5967298746109009,1747232436.2822268,-1.2775535583496094,219
210,2.4186038970947266,219,0.0,-0.6788995265960693,3.333653450012207,3947.292624984,3.053,25.972139358520508,-2.027552366256714,0,-1.5665051937103271,0.42,-1.5665051937103271,-3.4329490661621094,1.8300992250442505,1747232453.2887475,-1.405396580696106,220
211,2.9382004737854004,220,0.0,-0.6635876893997192,3.8388991355895996,3947.292823849,3.3143,22.955562591552734,-2.677473783493042,0,-1.7005009651184082,0.42,-1.7005009651184082,-4.015841484069824,1.8013972043991089,1747232470.4624276,-1.3383677005767822,221
212,2.2194747924804688,222,0.0,-0.6894551515579224,3.0695197582244873,3947.293579982,3.0968,32.03253173828125,-1.8434357643127441,0,-1.6053224802017212,0.42,-1.6053224802017212,-3.3478848934173584,1.7000898122787476,1747232504.6195512,-1.5044491291046143,223
213,2.1870765686035156,223,0.0,-0.6322882771492004,3.035439968109131,3947.430433301,2.8714,25.27075958251953,-1.7622065544128418,0,-1.4576834440231323,0.42,-1.4576834440231323,-3.3578343391418457,1.6967270374298096,1747232521.7131777,-1.5956275463104248,224
214,1.922780156135559,224,0.0,-0.7100507616996765,2.692636013031006,3948.911074704,2.9806,31.57575035095215,-1.383767008781433,0,-1.5713468790054321,0.43,-1.5713468790054321,-2.638888359069824,1.5397119522094727,1747232538.9113278,-1.2551213502883911,225
215,2.3387043476104736,225,0.0,-0.630233108997345,3.1972787380218506,3966.114607605,2.9578,27.493085861206055,-1.9422810077667236,0,-1.503553032875061,0.43,-1.503553032875061,-3.252389430999756,1.717148780822754,1747232556.0751078,-1.3101086616516113,226
216,2.788745164871216,226,0.0,-0.6838940978050232,3.7086477279663086,3983.391785685,3.0661,22.807008743286133,-2.5265650749206543,0,-1.5806093215942383,0.43,-1.5806093215942383,-3.49212908744812,1.8398048877716064,1747232573.392067,-0.9655638933181763,227
217,2.5055127143859863,227,0.0,-0.7074402570724487,3.405338764190674,4000.728473916,3.2625,28.209957122802734,-2.1866908073425293,0,-1.7119076251983643,0.43,-1.7119076251983643,-3.8284645080566406,1.799652338027954,1747232590.6885142,-1.6417738199234009,228
218,1.9277781248092651,228,0.0,-0.6957608461380005,2.6823651790618896,4017.903439219,2.6765,25.035358428955078,-1.4203399419784546,0,-1.4097568988800049,0.43,-1.4097568988800049,-2.7110204696655273,1.509174108505249,1747232607.8635464,-1.2906804084777832,229
219,2.706632614135742,229,0.0,-0.7524024248123169,3.681985378265381,4035.057484878,3.1993,21.565092086791992,-2.437743902206421,0,-1.7246248722076416,0.43,-1.7246248722076416,-3.9076671600341797,1.9507055282592773,1747232625.017593,-1.4699233770370483,230
220,2.8539655208587646,230,0.0,-0.6624810099601746,3.8569798469543457,4052.223492681,3.1155,25.314130783081055,-2.6020870208740234,0,-1.5798859596252441,0.44,-1.5798859596252441,-3.5526938438415527,2.006028890609741,1747232642.1843278,-0.9506069421768188,231
221,1.6111538410186768,231,0.0,-0.6493143439292908,2.2786285877227783,4069.396461619,2.558,18.73979949951172,-1.0196884870529175,0,-1.3115171194076538,0.44,-1.3115171194076538,-2.5206241607666016,1.3349496126174927,1747232659.357099,-1.5009355545043945,232
222,2.0278215408325195,232,0.0,-0.6587365865707397,2.6396164894104004,4090.993523571,2.9712,28.302080154418945,-1.562182903289795,0,-1.528517246246338,0.44,-1.528517246246338,-2.229398012161255,1.2235900163650513,1747232680.95347,-0.6672150492668152,233
223,1.9098033905029297,233,0.0,-0.6459465026855469,2.6044812202453613,4108.312487253,2.7704,25.451290130615234,-1.3588688373565674,0,-1.398513674736023,0.44,-1.398513674736023,-2.4458439350128174,1.3893555402755737,1747232698.2729468,-1.0869752168655396,234
224,2.0406579971313477,234,0.25,-0.687768816947937,2.6445505619049072,4125.868537491,2.8933,26.824338912963867,-1.4422130584716797,0,-1.4852337837219238,0.44,-1.4852337837219238,-2.7767791748046875,1.2077852487564087,1747232715.8290577,-1.334566354751587,235
225,2.3027572631835938,235,0.0,-0.6824354529380798,3.0365922451019287,4143.054608943,2.8281,23.74302864074707,-1.9236935377120972,0,-1.4809318780899048,0.45,-1.4809318780899048,-3.266406297683716,1.4676700830459595,1747232733.0144908,-1.3427128791809082,236
226,1.7853857278823853,236,0.0,-0.9266042113304138,2.432404041290283,4160.22852295,2.6938,21.965810775756836,-1.2654439210891724,0,-1.4696640968322754,0.45,-1.4696640968322754,-2.5872552394866943,1.2940367460250854,1747232750.1884315,-1.3218111991882324,237
227,2.0704147815704346,237,0.25,-0.7422192096710205,3.0358893871307373,4177.41146804,3.2179,31.320919036865234,-1.072106122970581,0,-1.6718679666519165,0.45,-1.6718679666519165,-3.5487704277038574,1.930949330329895,1747232767.3731859,-2.4766640663146973,238
228,1.999295949935913,238,0.25,-0.7565310001373291,2.6752231121063232,4194.678824862,3.0097,28.924442291259766,-1.488266110420227,0,-1.6338813304901123,0.45,-1.6338813304901123,-2.7770113945007324,1.3518544435501099,1747232784.678974,-1.2887451648712158,239
229,1.307237982749939,239,0.5,-0.7036304473876953,1.9522361755371094,4212.032491363,2.6332,19.66592788696289,-0.47768959403038025,0,-1.3936305046081543,0.45,-1.3936305046081543,-2.1292855739593506,1.2899965047836304,1747232801.9934957,-1.6515958309173584,240
230,1.7419683933258057,240,0.25,-0.7703461050987244,2.4968786239624023,4229.433481799,2.6906,25.101198196411133,-1.1301759481430054,0,-1.4667575359344482,0.46,-1.4667575359344482,-2.7876086235046387,1.5098202228546143,1747232819.3949823,-1.6574327945709229,241
231,2.232567548751831,241,0.25,-0.7413555383682251,3.1635031700134277,4246.834465985,2.8106,25.231367111206055,0.42194294929504395,0,-1.4027976989746094,0.46,-1.4027976989746094,-3.0862650871276855,1.8618710041046143,1747232836.7952516,-3.5082077980041504,242
232,1.3300751447677612,242,0.25,-0.7235093116760254,2.050293445587158,4263.948586785,3.2673,31.36823844909668,-0.5863757133483887,0,-1.726083755493164,0.46,-1.726083755493164,-2.851365566253662,1.4404367208480835,1747232853.9084802,-2.2649898529052734,243
233,2.45786452293396,243,0.0,-0.7833583354949951,3.4516663551330566,4281.027507575,2.6494,25.32973289489746,-2.096437931060791,0,-1.4381287097930908,0.46,-1.4381287097930908,-3.7497053146362305,1.9876036643981934,1747232870.9880822,-1.653267741203308,244
234,2.381258010864258,244,0.0,-0.6659855842590332,3.243518114089966,4298.720503819,3.2236,25.721721649169922,-1.9903454780578613,0,-1.649871826171875,0.46,-1.649871826171875,-3.122518539428711,1.724520206451416,1747232888.6806567,-1.1321730613708496,245
235,2.2193593978881836,245,0.0,-0.588158130645752,3.013611316680908,4316.068489112,3.1104,28.007352828979492,-1.7031418085098267,0,-1.5296332836151123,0.47,-1.5296332836151123,-2.6783828735351562,1.5885037183761597,1747232906.06869,-0.9752411842346191,246
236,2.804987668991089,246,0.0,-0.6868192553520203,3.789020299911499,4333.415504905,2.9838,23.980382919311523,-2.5019092559814453,0,-1.547573447227478,0.47,-1.547573447227478,-3.6603355407714844,1.9680652618408203,1747232923.377007,-1.158426284790039,247
237,1.8279047012329102,247,0.0,-0.8025449514389038,2.6417720317840576,4351.11946889,2.5176,26.04069709777832,-1.289104700088501,0,-1.3525311946868896,0.47,-1.3525311946868896,-2.7859416007995605,1.627734661102295,1747232941.0800586,-1.4968370199203491,248
238,2.063009262084961,249,0.0,-0.6027821898460388,2.8108537197113037,4385.382530043,3.312,26.089128494262695,-1.6492087841033936,0,-1.635628581047058,0.47,-1.635628581047058,-2.935067653656006,1.495688796043396,1747232975.3441138,-1.2858589887619019,250
239,1.8671340942382812,250,0.0,-0.749466598033905,2.6242470741271973,4402.526972266,2.8236,27.963579177856445,-1.3417885303497314,0,-1.5310046672821045,0.47,-1.5310046672821045,-3.1700830459594727,1.5142260789871216,1747232992.5271878,-1.8282945156097412,251
240,1.8138986825942993,251,0.0,-0.7766643166542053,2.5127334594726562,4419.803566582,2.5896,25.461854934692383,-1.324088215827942,0,-1.4367101192474365,0.48,-1.4367101192474365,-2.6292028427124023,1.3976693153381348,1747233009.7635305,-1.305114507675171,252
241,2.8586769104003906,252,0.0,-0.6977099180221558,3.8885979652404785,4436.998494269,2.8683,22.3622989654541,-2.5655698776245117,0,-1.4815095663070679,0.48,-1.4815095663070679,-3.9232418537139893,2.059842109680176,1747233026.959277,-1.3576719760894775,253
242,1.8120808601379395,253,0.25,-0.6572861075401306,2.515450954437256,4454.200525904,2.9024,29.541929244995117,-1.2276477813720703,0,-1.4946483373641968,0.48,-1.4946483373641968,-2.420492649078369,1.4067401885986328,1747233044.1611826,-1.1928449869155884,254
243,1.7731845378875732,254,0.5,-0.7409677505493164,2.565281867980957,4471.589484853,3.0294,22.02467155456543,-0.9573317766189575,0,-1.601184368133545,0.48,-1.601184368133545,-2.214916229248047,1.5841944217681885,1747233061.550796,-1.257584571838379,255
244,1.6433167457580566,256,0.25,-0.7626978158950806,2.4977149963378906,4506.155470193,2.5168,22.403366088867188,-1.0153989791870117,0,-1.3731796741485596,0.49,-1.3731796741485596,-2.827505588531494,1.7087963819503784,1747233096.1163828,-1.8121063709259033,257
245,2.4249658584594727,257,0.0,-0.7192646265029907,3.278007984161377,4523.229522013,3.0337,26.49073028564453,-2.0771830081939697,0,-1.6119316816329956,0.49,-1.6119316816329956,-3.274505138397217,1.7060842514038086,1747233113.229764,-1.1973223686218262,258
246,2.0967326164245605,258,0.0,-0.6672180891036987,2.9349918365478516,4540.58455407,2.7845,25.941478729248047,-1.6311683654785156,0,-1.414497971534729,0.49,-1.414497971534729,-2.686378002166748,1.6765183210372925,1747233130.5449805,-1.0552095174789429,259
247,1.7251077890396118,259,0.0,-0.6237800717353821,2.4976935386657715,4562.272591723,3.2546,21.543901443481445,-1.1653897762298584,0,-1.6353909969329834,0.49,-1.6353909969329834,-2.6090140342712402,1.5451714992523193,1747233152.2327302,-1.4436243772506714,260
248,1.7619318962097168,260,0.0,-0.712598979473114,2.4946861267089844,4579.472477378,2.9384,25.735736846923828,-1.2440478801727295,0,-1.5592217445373535,0.49,-1.5592217445373535,-2.77848219871521,1.4655086994171143,1747233169.4328954,-1.5344343185424805,261
249,2.190992832183838,261,0.0,-0.6304095983505249,2.8774213790893555,4596.615474376,2.9978,22.876922607421875,-1.7985968589782715,0,-1.522141695022583,0.5,-1.522141695022583,-2.87668776512146,1.3728572130203247,1747233186.5807738,-1.078090786933899,262
250,2.410501480102539,262,0.0,-0.6255059242248535,3.2848758697509766,4613.807078327,2.8927,30.516366958618164,-2.0366125106811523,0,-1.4629387855529785,0.5,-1.4629387855529785,-3.1079494953155518,1.7487486600875854,1747233203.807311,-1.0713367462158203,263
251,2.207246780395508,263,0.0,-0.6470848917961121,2.980501413345337,4630.796451903,3.1561,24.713817596435547,-1.8183581829071045,0,-1.6258556842803955,0.5,-1.6258556842803955,-2.823590040206909,1.5465092658996582,1747233220.7564912,-1.0052318572998047,264
252,1.4541898965835571,264,0.5,-0.7543646097183228,2.099652051925659,4648.498545985,2.8284,21.655750274658203,0.1739063858985901,0,-1.469572901725769,0.5,-1.469572901725769,-2.6951606273651123,1.290924310684204,1747233238.4594877,-2.8690671920776367,265
253,2.2964954376220703,265,0.0,-0.7167572975158691,3.2054355144500732,4665.592574983,3.0609,31.6549072265625,-1.855010747909546,0,-1.6150104999542236,0.5,-1.6150104999542236,-3.3385109901428223,1.8178802728652954,1747233255.5536516,-1.483500361442566,266
254,1.5651929378509521,266,0.0,-0.7351993918418884,2.186896800994873,4682.761534769,2.7102,25.764400482177734,-0.9449125528335571,0,-1.4438867568969727,0.5,-1.4438867568969727,-2.390946388244629,1.2434076070785522,1747233272.7223492,-1.4460339546203613,267
255,1.9059479236602783,267,0.0,-0.6873669028282166,2.544914960861206,4700.15550601,2.8016,26.335025787353516,-1.3891421556472778,0,-1.4734306335449219,0.51,-1.4734306335449219,-2.3638534545898438,1.277933955192566,1747233290.1156888,-0.9747114777565002,268
256,2.508237838745117,268,0.0,-0.6611818671226501,3.447701930999756,4717.453499262,2.9009,25.781862258911133,-2.129438877105713,0,-1.4997894763946533,0.51,-1.4997894763946533,-3.7945427894592285,1.8789281845092773,1747233307.4136121,-1.665103793144226,269
257,1.9824223518371582,269,0.0,-0.6260251998901367,2.7582409381866455,4734.703998259,3.0177,26.29340171813965,-1.497592806816101,0,-1.5218195915222168,0.51,-1.5218195915222168,-2.902618169784546,1.551637053489685,1747233324.704208,-1.4050253629684448,270
258,1.6326498985290527,270,0.0,-0.7551584243774414,2.296743869781494,4751.892455771,2.6795,20.609806060791016,-1.0584965944290161,0,-1.4363006353378296,0.51,-1.4363006353378296,-2.380122423171997,1.3281877040863037,1747233341.853982,-1.3216259479522705,271
259,2.6636228561401367,271,0.0,-0.6781138181686401,3.385366201400757,4773.806503635,3.2398,27.919994354248047,-2.2793383598327637,0,-1.666198968887329,0.51,-1.666198968887329,-2.5515754222869873,1.4434866905212402,1747233363.7677183,-0.27223706245422363,272
260,2.577071189880371,272,0.0,-0.7989400625228882,3.476623296737671,4791.082542486,2.9246,24.333663940429688,-2.2776241302490234,0,-1.524472713470459,0.52,-1.524472713470459,-3.581928014755249,1.7991042137145996,1747233381.0430193,-1.3043038845062256,273
261,2.199613571166992,273,0.0,-0.7554370164871216,3.1796538829803467,4808.476576858,2.7743,29.4376220703125,-1.7369942665100098,0,-1.4888942241668701,0.52,-1.4888942241668701,-3.317423105239868,1.960080623626709,1747233398.4375925,-1.5804288387298584,274
262,1.1718428134918213,275,0.25,-0.8276245594024658,1.8404245376586914,4842.807489946,2.9763,24.306325912475586,-0.03945428133010864,0,-1.5821888446807861,0.52,-1.5821888446807861,-2.234097480773926,1.3371633291244507,1747233432.7678487,-2.194643259048462,276
263,1.6655662059783936,276,0.0,-0.6967263221740723,2.311006784439087,4860.415497482,3.1,32.73991012573242,-1.0386755466461182,0,-1.611901044845581,0.52,-1.611901044845581,-2.370037078857422,1.2908811569213867,1747233450.3762522,-1.3313612937927246,277
264,2.24960994720459,277,0.0,-0.6668568253517151,2.9986655712127686,4877.529525576,3.0029,27.511049270629883,-1.7731411457061768,0,-1.552079439163208,0.53,-1.552079439163208,-2.9154281616210938,1.498111367225647,1747233467.491063,-1.142287015914917,278
265,2.6484951972961426,278,0.0,-0.7704498767852783,3.6201024055480957,4894.920489692,3.0767,26.533973693847656,-2.3485984802246094,0,-1.5936537981033325,0.53,-1.5936537981033325,-3.5210514068603516,1.9432141780853271,1747233484.8805857,-1.1724531650543213,279
266,1.8656929731369019,279,0.0,-0.759204626083374,2.486204147338867,4912.291401569,2.8771,29.039417266845703,-1.367505669593811,0,-1.5627256631851196,0.53,-1.5627256631851196,-2.3325328826904297,1.2410224676132202,1747233502.291615,-0.9650272130966187,280
267,2.6992409229278564,280,0.0,-0.680712103843689,3.620590925216675,4929.644555587,3.4583,28.234344482421875,-2.3193864822387695,0,-1.769203782081604,0.53,-1.769203782081604,-3.1991724967956543,1.8427000045776367,1747233519.6059225,-0.8797861337661743,281
268,1.7928154468536377,281,0.0,-0.6888601779937744,2.480525016784668,4946.783646333,2.828,25.00960922241211,-1.287931203842163,0,-1.5002756118774414,0.53,-1.5002756118774414,-2.573802947998047,1.3754189014434814,1747233536.7839248,-1.2858715057373047,282
269,2.1846399307250977,282,0.0,-0.676035463809967,3.037034034729004,4963.993554897,2.7084,24.82870101928711,-1.7221604585647583,0,-1.3965535163879395,0.53,-1.3965535163879395,-3.060457706451416,1.7047882080078125,1747233553.9541614,-1.3382971286773682,283
270,2.395517349243164,283,0.0,-0.6888698935508728,3.274834632873535,4981.103500231,3.2177,32.07510757446289,-2.016416072845459,0,-1.6723198890686035,0.54,-1.6723198890686035,-3.5863404273986816,1.7586348056793213,1747233571.0638304,-1.569924235343933,284
271,2.773193836212158,284,0.0,-0.7033623456954956,3.6334071159362793,4998.440526314,2.923,23.626375198364258,-2.5001845359802246,0,-1.513378620147705,0.54,-1.513378620147705,-3.4149017333984375,1.7204267978668213,1747233588.401124,-0.9147173166275024,285
272,2.332472085952759,287,0.0,-0.7207440137863159,3.126544713973999,5050.251516863,2.9104,24.453826904296875,-1.9724684953689575,0,-1.5626890659332275,0.54,-1.5626890659332275,-3.212984800338745,1.5881452560424805,1747233640.2114434,-1.2405163049697876,288
273,1.7984027862548828,288,0.0,-0.661297619342804,2.4716787338256836,5067.934513181,3.1579,24.05656623840332,-1.2420581579208374,0,-1.6240148544311523,0.55,-1.6240148544311523,-2.679159641265869,1.3465520143508911,1747233657.8948178,-1.4371013641357422,289
274,1.7239224910736084,289,0.0,-0.6479101181030273,2.3487749099731445,5085.016505864,2.7358,21.912199020385742,-1.1931116580963135,0,-1.4041160345077515,0.55,-1.4041160345077515,-2.3016738891601562,1.2497049570083618,1747233674.9773006,-1.1085621118545532,290
275,2.1879782676696777,291,0.25,-0.7293106913566589,3.081573009490967,5119.368499815,3.1196,20.880905151367188,-1.6553232669830322,0,-1.6170880794525146,0.55,-1.6170880794525146,-3.3439176082611084,1.7871893644332886,1747233709.3292332,-1.6885942220687866,292
276,2.275521755218506,292,0.0,-0.6755560636520386,3.0821990966796875,5136.538519845,3.0415,27.20754051208496,-1.8743276596069336,0,-1.553359031677246,0.55,-1.553359031677246,-3.0651485919952393,1.6133546829223633,1747233726.5004582,-1.1908209323883057,293
277,2.5752012729644775,293,0.0,-0.6536977291107178,3.4797420501708984,5153.680298931,3.172,30.48953628540039,-2.2766928672790527,0,-1.6317181587219238,0.56,-1.6317181587219238,-3.65315580368042,1.8090816736221313,1747233743.6804943,-1.3764629364013672,294
278,1.9123456478118896,294,0.0,-0.6358411312103271,2.533411979675293,5170.850499355,2.6774,20.43297576904297,-1.3839082717895508,0,-1.354306697845459,0.56,-1.354306697845459,-2.50075101852417,1.2421326637268066,1747233760.81113,-1.1168427467346191,295
279,1.6451761722564697,295,0.0,-0.6965920329093933,2.2437479496002197,5188.3835681,3.0059,26.624101638793945,-1.0767419338226318,0,-1.5672026872634888,0.56,-1.5672026872634888,-2.3376259803771973,1.1971435546875,1747233778.3439415,-1.2608839273452759,296
280,1.7592768669128418,296,0.0,-0.7020318508148193,2.433253288269043,5205.619486347,3.045,22.01181983947754,-1.1996746063232422,0,-1.5904579162597656,0.56,-1.5904579162597656,-2.3090109825134277,1.3479526042938232,1747233795.5810263,-1.109336256980896,297
281,1.6637396812438965,297,0.25,-0.6986663341522217,2.28568696975708,5222.702488238,2.5996,23.95212173461914,-0.9252681732177734,0,-1.3791898488998413,0.56,-1.3791898488998413,-2.2680907249450684,1.243894338607788,1747233812.6630888,-1.342822551727295,298
282,2.29522705078125,298,0.0,-0.6519577503204346,3.2555766105651855,5240.390507935,2.9288,25.28537940979004,-1.8674426078796387,0,-1.4944251775741577,0.57,-1.4944251775741577,-3.2478995323181152,1.9206992387771606,1747233830.350814,-1.3804571628570557,299
283,1.784407615661621,299,0.0,-0.7601488828659058,2.5852034091949463,5257.593723128,2.8873,26.543977737426758,-1.1897565126419067,0,-1.5659615993499756,0.57,-1.5659615993499756,-2.84968900680542,1.6015915870666504,1747233847.5939696,-1.6599326133728027,300
284,2.3971500396728516,300,0.0,-0.7006416916847229,3.2799322605133057,5274.739719171,3.2903,33.44603729248047,-2.058563470840454,0,-1.7331733703613281,0.57,-1.7331733703613281,-3.3351798057556152,1.7655645608901978,1747233864.7399108,-1.2766165733337402,301
285,2.025951623916626,301,0.0,-0.7635754346847534,2.819140672683716,5292.080490707,2.744,20.483234405517578,-1.555985927581787,0,-1.4739573001861572,0.57,-1.4739573001861572,-2.846222400665283,1.5863779783248901,1747233882.0409591,-1.2902363538742065,302
286,1.9716676473617554,303,0.0,-0.6522790193557739,2.540086269378662,5326.651470425,2.5828,20.86690902709961,-1.5267577171325684,0,-1.343146562576294,0.57,-1.343146562576294,-2.314204454421997,1.136837124824524,1747233916.6114516,-0.7874466180801392,304
287,2.3078582286834717,304,0.0,-0.7474068999290466,3.1300466060638428,5343.789480097,2.7978,19.72144889831543,-1.9347683191299438,0,-1.5121829509735107,0.58,-1.5121829509735107,-3.0959696769714355,1.6443768739700317,1747233933.7496996,-1.1612012386322021,305
288,2.5552845001220703,305,0.0,-0.6812506318092346,3.4792282581329346,5360.909569404,2.9312,28.616918563842773,-2.255103826522827,0,-1.5162572860717773,0.58,-1.5162572860717773,-3.648707866668701,1.847887396812439,1747233950.8700633,-1.393603801727295,306
289,2.1511707305908203,306,0.25,-0.6785019040107727,2.9323525428771973,5378.046732604,2.6289,26.129247665405273,-1.6317126750946045,0,-1.3650827407836914,0.58,-1.3650827407836914,-2.816953182220459,1.5623635053634644,1747233968.0469763,-1.185240387916565,307
290,1.8554744720458984,307,0.0,-0.5675970315933228,2.420958995819092,5395.592951558,3.3254,25.71837043762207,-1.3590657711029053,0,-1.643855333328247,0.58,-1.643855333328247,-2.1519675254821777,1.1309691667556763,1747233985.593104,-0.7929016351699829,308
291,1.945310115814209,308,0.0,-0.7043680548667908,2.688251256942749,5412.695514893,2.8566,30.012868881225586,-1.495103120803833,0,-1.518784523010254,0.58,-1.518784523010254,-3.0686895847320557,1.48588228225708,1747234002.6561756,-1.5735867023468018,309
292,1.8180701732635498,309,0.0,-0.7398911118507385,2.4677915573120117,5429.871895269,2.7682,22.3326416015625,-1.2874270677566528,0,-1.4891688823699951,0.59,-1.4891688823699951,-2.4723918437957764,1.2994427680969238,1747234019.8333676,-1.1849647760391235,310
293,1.964145302772522,310,0.0,-0.6658396124839783,2.545842409133911,5447.03654533,2.9578,25.952869415283203,-1.4197449684143066,0,-1.5353256464004517,0.59,-1.5353256464004517,-2.312607765197754,1.1633940935134888,1747234036.9976776,-0.8928626775741577,311
294,2.696718692779541,311,0.0,-0.6420319080352783,3.651798963546753,5464.194501588,2.9967,24.655519485473633,-2.4186055660247803,0,-1.5199832916259766,0.59,-1.5199832916259766,-3.771698474884033,1.9101604223251343,1747234054.156214,-1.353092908859253,312
295,1.4354159832000732,312,0.25,-0.670513927936554,1.9969035387039185,5481.831556738,2.9202,26.295490264892578,-0.725979208946228,0,-1.5059689283370972,0.59,-1.5059689283370972,-2.0057125091552734,1.1229751110076904,1747234071.796241,-1.279733419418335,313
296,1.670722484588623,313,0.0,-0.7268068790435791,2.2284724712371826,5499.370607654,2.6073,24.332233428955078,-1.100486397743225,0,-1.3863657712936401,0.59,-1.3863657712936401,-2.197330951690674,1.1154999732971191,1747234089.3311424,-1.0968444347381592,314
297,1.6241240501403809,314,0.0,-0.7298394441604614,2.2464916706085205,5516.932918097,2.6961,23.73890495300293,-1.029637098312378,0,-1.4310100078582764,0.6,-1.4310100078582764,-2.3297457695007324,1.2447352409362793,1747234106.9332016,-1.3001086711883545,315
298,2.2682676315307617,315,0.0,-0.5626966953277588,3.1141910552978516,5534.061504986,2.7951,23.208467483520508,-1.8414945602416992,0,-1.3793721199035645,0.6,-1.3793721199035645,-3.2112631797790527,1.6918466091156006,1747234124.02209,-1.369768738746643,316
299,1.6621724367141724,316,0.25,-0.6939592361450195,2.3250365257263184,5551.200510421,2.9974,25.663671493530273,-0.9776831269264221,0,-1.5749268531799316,0.6,-1.5749268531799316,-2.373326301574707,1.3257282972335815,1747234141.161119,-1.3956429958343506,317
300,2.052529811859131,317,0.0,-0.7454014420509338,2.6476311683654785,5569.663489788,3.012,25.879159927368164,-1.5930914878845215,0,-1.6053850650787354,0.6,-1.6053850650787354,-2.3998098373413086,1.1902028322219849,1747234159.6235173,-0.8067181706428528,318
301,1.8917275667190552,318,0.0,-0.6886024475097656,2.6494979858398438,5586.650499568,2.8199,23.5719051361084,-1.3799824714660645,0,-1.4587534666061401,0.6,-1.4587534666061401,-2.670423984527588,1.5155407190322876,1747234176.61075,-1.290441632270813,319
302,1.9689865112304688,319,0.5,-0.681685745716095,2.6741065979003906,5604.151067423,2.7764,23.628101348876953,-1.3378169536590576,0,-1.4372506141662598,0.6,-1.4372506141662598,-2.5193917751312256,1.4102399349212646,1747234194.1512218,-1.181574821472168,320
303,2.1397814750671387,320,0.0,-0.7495474815368652,2.9826197624206543,5621.542511481,3.1552,29.932981491088867,-1.6980711221694946,0,-1.6866823434829712,0.61,-1.6866823434829712,-3.1016526222229004,1.6856763362884521,1747234211.504016,-1.4035815000534058,321
304,3.012840986251831,321,0.0,-0.6792572736740112,3.947258710861206,5639.161531747,2.8235,22.530141830444336,-2.6952860355377197,0,-1.4648633003234863,0.61,-1.4648633003234863,-3.6129398345947266,1.8688353300094604,1747234229.1213768,-0.9176538586616516,322
305,2.310596466064453,323,0.25,-0.6087791323661804,3.2544937133789062,5673.624465215,3.2048,26.670570373535156,-1.6867079734802246,0,-1.5749801397323608,0.61,-1.5749801397323608,-2.888282299041748,1.8877947330474854,1747234263.5862205,-1.2015743255615234,324
306,2.1824235916137695,324,0.0,-0.7534525394439697,3.0705695152282715,5882.070022646,2.9098,24.15498161315918,-1.6576021909713745,0,-1.5314027070999146,0.61,-1.5314027070999146,-3.34183669090271,1.776292085647583,1747234281.1382856,-1.6842344999313354,325
307,1.4351344108581543,325,0.5,-1.0469152927398682,2.127204656600952,5882.07045876,2.6502,22.742324829101562,2.0518457889556885,0,-1.4357608556747437,0.62,-1.4357608556747437,-2.954141616821289,1.3841406106948853,1747234302.7172463,-5.005987167358398,326
308,2.9102680683135986,326,0.0,-0.7518908381462097,3.9823989868164062,5882.070932918,3.022,31.674631118774414,-2.6515140533447266,0,-1.6416339874267578,0.62,-1.6416339874267578,-4.138516426086426,2.144261598587036,1747234319.820172,-1.4870028495788574,327
309,1.832200527191162,327,0.25,-0.631794810295105,2.460658550262451,5882.071330184,3.213,30.75819206237793,-1.2123427391052246,0,-1.636078119277954,0.62,-1.636078119277954,-2.553217887878418,1.2569159269332886,1747234336.985095,-1.3408751487731934,328
310,2.114731550216675,328,0.0,-0.6643058061599731,3.035393714904785,5882.071858583,2.7812,17.665863037109375,-1.6179934740066528,0,-1.416703224182129,0.62,-1.416703224182129,-3.2034804821014404,1.8413243293762207,1747234354.2853703,-1.585486888885498,329
311,1.6988990306854248,329,0.0,-0.703179657459259,2.417111396789551,5882.136470146,2.6369,19.933218002319336,-1.140393853187561,0,-1.4092514514923096,0.62,-1.4092514514923096,-2.771893262863159,1.4364244937896729,1747234371.5123367,-1.6314994096755981,330
312,2.10267972946167,330,0.0,-0.7004494667053223,2.8317747116088867,5882.136671951,2.8381,22.695528030395508,-1.6796562671661377,0,-1.4747118949890137,0.63,-1.4747118949890137,-2.664766788482666,1.4581899642944336,1747234389.138768,-0.9851106405258179,331
313,2.361666679382324,331,0.0,-0.7294273376464844,3.1633825302124023,5882.137056521,3.0962,31.201379776000977,-1.9419574737548828,0,-1.6454758644104004,0.63,-1.6454758644104004,-3.4243297576904297,1.6034319400787354,1747234406.683037,-1.4823724031448364,332
314,1.8314356803894043,332,0.0,-0.7290106415748596,2.513867139816284,5882.137376875,2.8065,22.12030792236328,-1.2969146966934204,0,-1.4612314701080322,0.63,-1.4612314701080322,-2.797856330871582,1.3648630380630493,1747234423.7854917,-1.5009417533874512,333
315,2.302564859390259,333,0.0,-0.7185717225074768,3.227308750152588,5882.137678282,3.0081,27.064773559570312,-1.8402509689331055,0,-1.5019145011901855,0.63,-1.5019145011901855,-2.7061336040496826,1.849487543106079,1747234441.1689017,-0.8658824563026428,334
316,1.6980950832366943,334,0.25,-0.7338442206382751,2.3508152961730957,5882.278659171,2.5921,21.819358825683594,-1.0942013263702393,0,-1.3904821872711182,0.63,-1.3904821872711182,-2.6433072090148926,1.3054401874542236,1747234458.5015972,-1.5491058826446533,335
317,3.0278286933898926,335,0.0,-0.6521676182746887,3.962068557739258,5885.659553252,3.1109,27.766162872314453,-2.813979387283325,0,-1.5767459869384766,0.64,-1.5767459869384766,-3.539215564727783,1.8684794902801514,1747234475.6597385,-0.7252364754676819,336
318,2.1984918117523193,336,0.0,-0.69972163438797,2.982233762741089,5902.890313168,2.8731,28.231014251708984,-1.7927703857421875,0,-1.4993410110473633,0.64,-1.4993410110473633,-2.9436075687408447,1.567483901977539,1747234492.8905,-1.1508369445800781,337
319,2.345806837081909,337,0.0,-0.755696713924408,3.1315906047821045,5920.225531904,2.8969,25.434778213500977,-1.9112619161605835,0,-1.5510836839675903,0.64,-1.5510836839675903,-2.988438606262207,1.571567416191101,1747234510.1866202,-1.077176570892334,338
320,2.0335474014282227,338,0.0,-0.6018884181976318,2.6830666065216064,5937.896321314,2.9665,24.767732620239258,-1.6085313558578491,0,-1.4862556457519531,0.64,-1.4862556457519531,-2.616645336151123,1.2990384101867676,1747234527.8965356,-1.0081140995025635,339
321,2.603059768676758,340,0.0,-0.5862562656402588,3.5194902420043945,5972.219521675,3.2793,33.36597442626953,-2.261564254760742,0,-1.5981242656707764,0.64,-1.5981242656707764,-3.2099103927612305,1.8328608274459839,1747234562.179564,-0.9483461380004883,341
322,2.1549789905548096,341,0.0,-0.7525637745857239,2.983987808227539,5989.394503441,2.6491,23.36090087890625,-1.703120470046997,0,-1.4467376470565796,0.65,-1.4467376470565796,-3.3791093826293945,1.6580175161361694,1747234579.3547027,-1.6759885549545288,342
323,2.2666244506835938,342,0.0,-0.6670584678649902,2.927504539489746,6010.98846655,3.1705,29.224365234375,-1.8711802959442139,0,-1.6574368476867676,0.65,-1.6574368476867676,-2.8543701171875,1.3217604160308838,1747234600.9493732,-0.9831897020339966,343
324,1.591976523399353,343,0.25,-0.7551896572113037,2.3724887371063232,6028.328190873,2.7629,23.008663177490234,-0.9369671940803528,0,-1.4576350450515747,0.65,-1.4576350450515747,-2.5676236152648926,1.5610244274139404,1747234618.3284814,-1.6306564807891846,344
325,2.1470234394073486,344,0.0,-0.6531769633293152,3.0249953269958496,6045.474614552,2.7855,31.416425704956055,-1.6404997110366821,0,-1.4188262224197388,0.65,-1.4188262224197388,-2.8231160640716553,1.7559435367584229,1747234635.4362972,-1.1826164722442627,345
326,2.3126001358032227,345,0.0,-0.6990004777908325,3.144644260406494,6062.644488381,2.8884,27.374935150146484,-1.9240984916687012,0,-1.5301392078399658,0.65,-1.5301392078399658,-3.2947616577148438,1.6640881299972534,1747234652.605601,-1.3706632852554321,346
327,1.733552098274231,346,0.25,-0.8137169480323792,2.629129409790039,6080.500505626,3.0038,19.305805206298828,-0.424267053604126,0,-1.6255285739898682,0.66,-1.6255285739898682,-3.403597354888916,1.7911545038223267,1747234670.4613488,-2.97933030128479,347
328,2.4318418502807617,348,0.0,-0.5962175726890564,3.316283702850342,6114.949496763,2.9071,24.92693519592285,-2.0939998626708984,0,-1.4324783086776733,0.66,-1.4324783086776733,-3.2962067127227783,1.768883466720581,1747234704.9497101,-1.2022068500518799,349
329,2.5652763843536377,349,0.0,-0.7329978942871094,3.5712270736694336,6132.519497932,2.9736,27.427085876464844,-2.246786594390869,0,-1.5968265533447266,0.66,-1.5968265533447266,-3.586587905883789,2.011901617050171,1747234722.4794579,-1.3398010730743408,350
330,1.9942456483840942,350,0.0,-0.6319886445999146,2.7272133827209473,6149.702552117,2.936,25.136005401611328,-1.5011835098266602,0,-1.5079140663146973,0.66,-1.5079140663146973,-2.5973453521728516,1.4659355878829956,1747234739.663119,-1.0961618423461914,351
331,1.492931604385376,351,0.0,-0.6720597743988037,2.1319875717163086,6166.979553699,2.9564,25.937658309936523,-0.8454923629760742,0,-1.498349905014038,0.67,-1.498349905014038,-1.9759845733642578,1.2781121730804443,1747234756.9399724,-1.1304922103881836,352
332,1.8739972114562988,352,0.0,-0.6894036531448364,2.5403294563293457,6183.916535618,2.7395,27.18326187133789,-1.3358139991760254,0,-1.4402284622192383,0.67,-1.4402284622192383,-2.336801052093506,1.3326647281646729,1747234773.8776486,-1.0009870529174805,353
333,1.9878861904144287,353,0.0,-0.6633411645889282,2.963595151901245,6201.211503887,3.2431,29.058298110961914,-1.4405752420425415,0,-1.6454418897628784,0.67,-1.6454418897628784,-2.9589486122131348,1.9514180421829224,1747234791.171622,-1.5183732509613037,354
334,2.0771865844726562,354,0.0,-0.806124746799469,2.869386911392212,6218.187793847,2.5652,22.972152709960938,-1.646271824836731,0,-1.3636692762374878,0.67,-1.3636692762374878,-2.9008970260620117,1.5844007730484009,1747234808.1880066,-1.2546252012252808,355
335,1.7930734157562256,355,0.0,-0.7254675030708313,2.573620080947876,6235.487905585,3.0617,24.1760196685791,-1.2877614498138428,0,-1.6209452152252197,0.67,-1.6209452152252197,-2.8231663703918457,1.5610933303833008,1747234825.4881768,-1.535404920578003,356
336,3.070683240890503,356,0.0,-0.7201696634292603,4.110519886016846,6252.696549718,3.0255,36.273128509521484,-2.8442234992980957,0,-1.5962083339691162,0.67,-1.5962083339691162,-4.173916816711426,2.0796735286712646,1747234842.6564152,-1.3296934366226196,357
337,1.5520204305648804,357,0.25,-0.5697820782661438,2.048764705657959,6270.764468727,2.6559,18.98843765258789,-0.8688399791717529,0,-1.305645227432251,0.68,-1.305645227432251,-1.8145442008972168,0.9934883117675781,1747234860.7249484,-0.9457042217254639,358
338,1.8449766635894775,358,0.0,-0.6903951168060303,2.5863940715789795,6287.833518309,3.1873,28.86900520324707,-1.3425008058547974,0,-1.6790814399719238,0.68,-1.6790814399719238,-2.999497413635254,1.482834815979004,1747234877.79402,-1.656996488571167,359
339,2.6121976375579834,359,0.0,-0.6088635921478271,3.4961841106414795,6305.22454126,3.083,24.75823211669922,-2.3255980014801025,0,-1.550898551940918,0.68,-1.550898551940918,-3.391540288925171,1.7679729461669922,1747234895.1849787,-1.065942406654358,360
340,2.4979324340820312,360,0.25,-0.6619597673416138,3.3904619216918945,6322.539454826,3.1381,28.519424438476562,-2.0482354164123535,0,-1.6151530742645264,0.68,-1.6151530742645264,-3.4442129135131836,1.7850592136383057,1747234912.5003612,-1.39597749710083,361
341,1.9877029657363892,361,0.0,-0.6843441128730774,2.701157331466675,6339.654497156,3.0029,28.390220642089844,-1.5521628856658936,0,-1.5505887269973755,0.68,-1.5505887269973755,-2.728996992111206,1.4269088506698608,1747234929.6153045,-1.176834225654602,362
342,1.43308687210083,362,0.25,-0.7609120607376099,1.9825745820999146,6618.591598169,2.8922,28.499731063842773,-0.7188090085983276,0,-1.5266058444976807,0.69,-1.5266058444976807,-2.0372400283813477,1.098975419998169,1747234946.6834877,-1.31843101978302,363
343,2.131497859954834,363,0.0,-0.6637757420539856,2.907639741897583,6618.592010053,3.0656,31.691743850708008,-1.6872389316558838,0,-1.5836631059646606,0.69,-1.5836631059646606,-2.8471100330352783,1.5522836446762085,1747234963.875211,-1.1598711013793945,364
344,2.968950033187866,364,0.0,-0.6958239078521729,4.048220634460449,6618.592389176,3.3816,32.852394104003906,-2.731717109680176,0,-1.7521567344665527,0.69,-1.7521567344665527,-4.093197822570801,2.158541679382324,1747234981.033088,-1.3614805936813354,365
345,2.350954055786133,365,0.0,-0.8042750358581543,3.2223238945007324,6618.592821579,2.8356,29.85664939880371,-1.9793894290924072,0,-1.4850590229034424,0.69,-1.4850590229034424,-3.333313226699829,1.7427395582199097,1747234998.2041786,-1.3539235591888428,366
346,2.0849609375,366,0.0,-0.6826028823852539,2.842756986618042,6618.593233261,2.9612,25.99457550048828,-1.67847740650177,0,-1.5480270385742188,0.69,-1.5480270385742188,-2.8715686798095703,1.5155922174453735,1747235015.2915468,-1.1930912733078003,367
347,1.6521239280700684,367,0.25,-0.769492506980896,2.3435378074645996,6618.593718233,3.1831,24.96282196044922,-0.9826991558074951,0,-1.697370171546936,0.7,-1.697370171546936,-3.1042490005493164,1.382827639579773,1747235032.822824,-2.1215498447418213,368
348,1.7646843194961548,368,0.25,-0.6120743155479431,2.4936130046844482,6618.595830279,3.1956,29.97079849243164,-1.1214931011199951,0,-1.592687964439392,0.7,-1.592687964439392,-2.363567590713501,1.4578572511672974,1747235050.0088294,-1.2420744895935059,369
349,1.5144058465957642,369,0.0,-0.6108592748641968,2.1214582920074463,6618.656498592,2.6677,21.64775848388672,-0.8265945911407471,0,-1.3343815803527832,0.7,-1.3343815803527832,-1.9242020845413208,1.2141050100326538,1747235067.1690338,-1.0976076126098633,370
350,2.6983184814453125,370,0.25,-0.7495325207710266,3.774138927459717,6618.656806526,3.3834,31.333948135375977,-2.2728195190429688,0,-1.7768374681472778,0.7,-1.7768374681472778,-3.7027077674865723,2.1516411304473877,1747235084.472357,-1.4298882484436035,371
351,2.404179573059082,371,0.0,-0.6648358106613159,3.283315658569336,6618.657064055,2.9768,21.852432250976562,-1.981369972229004,0,-1.5390737056732178,0.7,-1.5390737056732178,-3.04567289352417,1.758272409439087,1747235101.649091,-1.0643031597137451,372
352,1.6587095260620117,372,0.0,-0.6688989400863647,2.350292682647705,6618.6574584,2.9643,23.351896286010742,-1.0813738107681274,0,-1.5168344974517822,0.71,-1.5168344974517822,-2.404365062713623,1.3831663131713867,1747235118.8272989,-1.322991132736206,373
353,1.6626660823822021,373,0.0,-0.605075478553772,2.1485438346862793,6618.657768918,2.6448,23.324722290039062,-1.0628740787506104,0,-1.3143644332885742,0.71,-1.3143644332885742,-1.8396292924880981,0.97175532579422,1747235140.3995886,-0.776755154132843,374
354,2.346647024154663,374,0.0,-0.7048968076705933,3.184645652770996,6618.799652621,3.183,25.971046447753906,-1.9644699096679688,0,-1.674696922302246,0.71,-1.674696922302246,-3.3478658199310303,1.6759971380233765,1747235157.4683561,-1.3833959102630615,375
355,3.1804070472717285,375,0.0,-0.6654863953590393,4.214889049530029,6618.80008471,3.0916,23.912397384643555,-2.9619898796081543,0,-1.5748775005340576,0.71,-1.5748775005340576,-4.132776260375977,2.0689640045166016,1747235174.645828,-1.170785903930664,376
356,1.8654693365097046,376,0.25,-0.7360415458679199,2.651228904724121,6618.80048738,2.7852,23.85500144958496,-0.6600742936134338,0,-1.428435206413269,0.71,-1.428435206413269,-2.813856601715088,1.5715192556381226,1747235192.0553172,-2.153782367706299,377
357,3.182974100112915,377,0.0,-0.7292947769165039,4.181978702545166,6619.496543599,3.3237,33.21488571166992,-2.9688422679901123,0,-1.7638227939605713,0.71,-1.7638227939605713,-4.5948991775512695,1.9980095624923706,1747235209.4567208,-1.6260570287704468,378
358,2.892256021499634,378,0.0,-0.6120712757110596,3.7547483444213867,6636.884511317,3.0579,27.383028030395508,-2.641589879989624,0,-1.534610629081726,0.72,-1.534610629081726,-3.8147778511047363,1.7249846458435059,1747235226.8503957,-1.1731880903244019,379
359,2.3538098335266113,379,0.0,-0.7150501608848572,3.2015340328216553,6654.038090833,2.6504,22.17607307434082,-2.006765842437744,0,-1.4284780025482178,0.72,-1.4284780025482178,-3.4105277061462402,1.695448398590088,1747235244.038197,-1.403761863708496,380
360,1.9753875732421875,380,0.0,-0.7748612761497498,2.639577865600586,6671.413550214,2.8561,26.005849838256836,-1.4801428318023682,0,-1.4967762231826782,0.72,-1.4967762231826782,-2.5048489570617676,1.3283805847167969,1747235261.3737667,-1.0247058868408203,381
361,1.801769733428955,381,0.0,-0.8454687595367432,2.522090196609497,6688.690432457,2.7453,27.757226943969727,-1.2709839344024658,0,-1.5247188806533813,0.72,-1.5247188806533813,-2.7945778369903564,1.4406408071517944,1747235278.690571,-1.5235939025878906,382
362,2.1099228858947754,382,0.0,-0.6043256521224976,2.885223865509033,6706.278475355,2.7551,21.34366798400879,-1.632001280784607,0,-1.3570075035095215,0.72,-1.3570075035095215,-2.639059066772461,1.5506020784378052,1747235296.2385712,-1.0070579051971436,383
363,2.4528403282165527,383,0.0,-0.7057175636291504,3.3708932399749756,6723.443522641,2.9053,21.258024215698242,-2.044098138809204,0,-1.5253678560256958,0.73,-1.5253678560256958,-3.4468634128570557,1.8361057043075562,1747235313.403936,-1.4027653932571411,384
364,1.7959846258163452,384,0.0,-0.7918732166290283,2.5524163246154785,6741.006538742,3.0578,22.595462799072266,-1.2495388984680176,0,-1.6735289096832275,0.73,-1.6735289096832275,-2.904153823852539,1.5128631591796875,1747235330.9676573,-1.6546151638031006,385
365,1.8866101503372192,385,0.0,-0.6502008438110352,2.665322780609131,6758.162750725,3.0196,25.920080184936523,-1.3718100786209106,0,-1.5410438776016235,0.73,-1.5410438776016235,-2.697206497192383,1.5574250221252441,1747235348.1628456,-1.3253962993621826,386
366,2.440387487411499,387,0.0,-0.727302610874176,3.316673994064331,6792.866476395,2.9707,27.162973403930664,-2.011368751525879,0,-1.5781623125076294,0.73,-1.5781623125076294,-3.5790977478027344,1.7525731325149536,1747235382.8267984,-1.5677287578582764,388
367,1.4311485290527344,388,0.25,-0.7323576807975769,2.139939785003662,6810.040552279,2.9792,28.69872283935547,-0.5251272916793823,0,-1.5751824378967285,0.74,-1.5751824378967285,-2.567023754119873,1.417582392692566,1747235400.0004632,-2.041896343231201,389
368,1.2998814582824707,389,0.5,-0.7465528249740601,1.991868019104004,6827.191509695,2.593,23.794994354248047,-0.4698547124862671,0,-1.39467453956604,0.74,-1.39467453956604,-2.103226661682129,1.3839731216430664,1747235417.1518383,-1.6333720684051514,390
369,1.8445241451263428,390,0.25,-0.7463089823722839,2.6304683685302734,6844.49754535,3.0997,29.085603713989258,-0.3969017267227173,0,-1.6070101261138916,0.74,-1.6070101261138916,-2.973628520965576,1.5718886852264404,1747235434.459816,-2.5767269134521484,391
370,1.3987458944320679,391,0.5,-0.6657750010490417,2.0859532356262207,6861.829561348,2.9921,26.716398239135742,-0.5712342858314514,0,-1.540487289428711,0.74,-1.540487289428711,-2.1278250217437744,1.3744148015975952,1747235451.7901924,-1.5565907955169678,392
371,1.784233570098877,392,0.0,-0.6609278917312622,2.480870246887207,6879.007462437,2.6437,26.384796142578125,-1.236079216003418,0,-1.3687200546264648,0.74,-1.3687200546264648,-2.313112258911133,1.3932733535766602,1747235468.9679852,-1.0770328044891357,393
372,2.6345133781433105,393,0.0,-0.9164671897888184,3.637518882751465,6896.138827078,3.1743,25.411590576171875,-2.29253888130188,0,-1.7321419715881348,0.74,-1.7321419715881348,-3.58126163482666,2.0060110092163086,1747235486.139107,-1.2887227535247803,394
373,1.988060712814331,394,0.0,-0.701972246170044,2.8432509899139404,6913.441471029,2.874,24.892244338989258,-1.5015358924865723,0,-1.4998500347137451,0.75,-1.4998500347137451,-2.962362289428711,1.7103804349899292,1747235503.4022417,-1.4608263969421387,395
374,2.5178515911102295,395,0.0,-0.6689181327819824,3.391209363937378,6930.770543676,2.9683,25.63663673400879,-2.198716163635254,0,-1.5454554557800293,0.75,-1.5454554557800293,-3.3799500465393066,1.7467154264450073,1747235520.7304814,-1.1812336444854736,396
375,2.18350887298584,396,0.25,-0.7129423022270203,3.009007453918457,6947.860461083,2.6236,29.553356170654297,-1.6676428318023682,0,-1.4004249572753906,0.75,-1.4004249572753906,-3.205935478210449,1.6509974002838135,1747235537.8207903,-1.5382925271987915,397
376,1.808819055557251,397,0.0,-0.6420547962188721,2.462571382522583,6964.996458783,2.8069,21.586252212524414,-1.265408992767334,0,-1.4444471597671509,0.75,-1.4444471597671509,-2.2575526237487793,1.3075045347213745,1747235554.9595225,-0.9921436309814453,398
377,2.1725029945373535,398,0.25,-0.7077150344848633,2.8819761276245117,6983.040902368,3.1782,29.33820915222168,-1.6569621562957764,0,-1.656348466873169,0.75,-1.656348466873169,-2.6935911178588867,1.4189465045928955,1747235573.0411673,-1.0366288423538208,399
378,3.3991589546203613,399,0.0,-0.6796989440917969,4.483667373657227,7000.266529288,3.0205,23.140487670898438,-3.235513210296631,0,-1.5510740280151367,0.76,-1.5510740280151367,-4.226652145385742,2.1690173149108887,1747235590.229624,-0.9911386966705322,400
379,1.3320434093475342,400,0.5,-0.7245631217956543,1.8822598457336426,7017.363732064,3.1203,29.97544288635254,-0.18608778715133667,0,-1.6166398525238037,0.76,-1.6166398525238037,-2.0749526023864746,1.1004329919815063,1747235607.3640258,-1.8888646364212036,401
380,2.648190498352051,401,0.0,-0.6628217697143555,3.457122564315796,7034.597503128,2.9434,24.05866241455078,-2.3665432929992676,0,-1.525102138519287,0.76,-1.525102138519287,-3.3476943969726562,1.6178641319274902,1747235624.558901,-0.9811511635780334,402
381,3.3455650806427,402,0.0,-0.692646324634552,4.302586555480957,7052.839487081,2.9647,28.41904067993164,-3.140801191329956,0,-1.5462467670440674,0.76,-1.5462467670440674,-4.0846099853515625,1.9140428304672241,1747235642.8005593,-0.9438084959983826,403
382,2.6874070167541504,404,0.0,-0.6436842083930969,3.5926127433776855,7087.075470189,3.3256,25.17586326599121,-2.393551826477051,0,-1.6932563781738281,0.77,-1.6932563781738281,-3.7058322429656982,1.8104112148284912,1747235677.0397887,-1.3122804164886475,405
383,2.5211915969848633,405,0.0,-0.6857894659042358,3.4199602603912354,7104.195106378,3.1826,27.054752349853516,-2.1989822387695312,0,-1.6464920043945312,0.77,-1.6464920043945312,-3.58242130279541,1.7975374460220337,1747235694.1953778,-1.3834391832351685,406
384,2.6480870246887207,406,0.0,-0.6826827526092529,3.5323574542999268,7121.426470026,3.0058,22.539560317993164,-2.3669240474700928,0,-1.5518866777420044,0.77,-1.5518866777420044,-3.459681272506714,1.7685407400131226,1747235711.3871624,-1.092757225036621,407
385,2.256474018096924,407,0.0,-0.6716777086257935,3.1751468181610107,7138.577306107,3.5183,31.512088775634766,-1.7739479541778564,0,-1.7886403799057007,0.77,-1.7886403799057007,-3.2061564922332764,1.8373456001281738,1747235728.5775697,-1.43220853805542,408
386,1.8960018157958984,408,0.0,-0.7735810875892639,2.58504056930542,7155.68644783,2.8252,25.56328582763672,-1.3790795803070068,0,-1.5587592124938965,0.77,-1.5587592124938965,-2.8650012016296387,1.3780773878097534,1747235745.647417,-1.4859215021133423,409
387,2.54714298248291,410,0.0,-0.7205864787101746,3.562333106994629,7191.446535532,3.3306,25.148164749145508,-2.148812770843506,0,-1.748703956604004,0.78,-1.748703956604004,-3.4202489852905273,2.0303804874420166,1747235781.4069161,-1.2714359760284424,411
388,1.533050298690796,411,0.25,-0.8007756471633911,2.2866873741149902,7209.074516402,2.8713,22.308786392211914,-0.2350095510482788,0,-1.5215446949005127,0.78,-1.5215446949005127,-2.6772093772888184,1.5072741508483887,1747235799.034896,-2.442199945449829,412
389,2.4382212162017822,412,0.0,-0.6371973752975464,3.30126953125,7226.183511747,2.9657,26.776107788085938,-2.1063835620880127,0,-1.5046515464782715,0.78,-1.5046515464782715,-3.4178075790405273,1.7260963916778564,1747235816.1837318,-1.3114240169525146,413
390,1.9159934520721436,413,0.25,-0.646132230758667,2.509340286254883,7247.799555714,2.7282,21.323942184448242,-1.3298956155776978,0,-1.387892246246338,0.78,-1.387892246246338,-2.036059856414795,1.1866934299468994,1747235837.760468,-0.7061643004417419,414
391,1.8191996812820435,414,0.0,-0.6853377819061279,2.4181346893310547,7265.185511129,2.6223,26.82842445373535,-1.3097790479660034,0,-1.3628301620483398,0.78,-1.3628301620483398,-2.385619640350342,1.1978702545166016,1747235855.1456542,-1.0758404731750488,415
392,2.5193352699279785,416,0.0,-0.7089910507202148,3.315793991088867,7304.083533335,3.3412,25.445695877075195,-2.1353211402893066,0,-1.7359122037887573,0.79,-1.7359122037887573,-2.9186644554138184,1.5929172039031982,1747235894.0442202,-0.7833431959152222,417
393,2.7673723697662354,417,0.0,-0.6690024137496948,3.847557544708252,7321.267503815,3.1189,29.05185317993164,-2.497821569442749,0,-1.6012849807739258,0.79,-1.6012849807739258,-3.6769230365753174,2.160370111465454,1747235911.2293797,-1.1791014671325684,418
394,1.4285087585449219,418,0.25,-0.7921649217605591,1.975358009338379,7338.256509146,2.5479,23.64084243774414,-0.750004231929779,0,-1.3169505596160889,0.79,-1.3169505596160889,-2.1693038940429688,1.093698501586914,1747235928.2173324,-1.4192997217178345,419
395,2.329235553741455,419,0.0,-0.7543639540672302,3.3175275325775146,7355.350474686,2.9161,27.29894256591797,-1.8697187900543213,0,-1.5790398120880127,0.79,-1.5790398120880127,-3.9183058738708496,1.9765840768814087,1747235945.3104565,-2.048586845397949,420
396,2.065980911254883,420,0.0,-0.7119102478027344,2.8078372478485107,7372.652578845,3.1748,32.449886322021484,-1.6452453136444092,0,-1.6777222156524658,0.8,-1.6777222156524658,-2.9933266639709473,1.4837125539779663,1747235962.617539,-1.348081350326538,421
397,1.9825971126556396,421,0.0,-0.7270240783691406,2.7672719955444336,7389.935522461,3.0803,24.525074005126953,-1.474738597869873,0,-1.617068886756897,0.8,-1.617068886756897,-2.838953971862793,1.5693496465682983,1747235979.8962495,-1.36421537399292,422
398,2.565980911254883,422,0.0,-0.708141565322876,3.4547934532165527,7407.008616961,2.8681,24.070222854614258,-2.255732536315918,0,-1.4866081476211548,0.8,-1.4866081476211548,-3.649801731109619,1.7776250839233398,1747235997.0088434,-1.3940691947937012,423
399,2.097400188446045,423,0.0,-0.6845365762710571,2.872840642929077,7424.524539966,3.0461,25.070693969726562,-1.6375560760498047,0,-1.5755155086517334,0.8,-1.5755155086517334,-3.0850045680999756,1.550881028175354,1747236014.4849696,-1.447448492050171,424
400,2.2456064224243164,424,0.0,-0.6141566038131714,2.9862728118896484,7441.829510067,3.1421,25.124500274658203,-1.854870080947876,0,-1.5852208137512207,0.8,-1.5852208137512207,-3.0515360832214355,1.481332778930664,1747236031.7896004,-1.1966662406921387,425
401,1.19684636592865,425,0.5,-0.7753549218177795,1.818563461303711,7459.372457421,2.8366,25.53388214111328,-0.2242370843887329,0,-1.536914348602295,0.81,-1.536914348602295,-1.9164671897888184,1.243434190750122,1747236049.3330445,-1.692229986190796,426
402,2.0759544372558594,426,0.0,-0.7687436938285828,2.831228494644165,7476.536476107,2.7909,20.53278923034668,-1.638310194015503,0,-1.4054995775222778,0.81,-1.4054995775222778,-2.6829452514648438,1.5105479955673218,1747236066.4964626,-1.0446349382400513,427
403,2.475071430206299,427,0.0,-0.6557657122612,3.3261842727661133,7493.6622325,2.6326,18.400632858276367,-2.146901845932007,0,-1.345665693283081,0.81,-1.345665693283081,-3.2708277702331543,1.702225923538208,1747236083.6624975,-1.1239259243011475,428
404,2.164639472961426,429,0.0,-0.7898271083831787,2.9553518295288086,7528.586092285,3.0338,30.238773345947266,-1.7099581956863403,0,-1.6076536178588867,0.81,-1.6076536178588867,-3.3861799240112305,1.5814248323440552,1747236118.5863616,-1.6762216091156006,430
405,2.127047538757324,430,0.0,-0.6408465504646301,2.6227481365203857,7550.218740109,2.9759,24.025163650512695,-1.6932189464569092,0,-1.5084171295166016,0.81,-1.5084171295166016,-1.9840648174285889,0.9914010763168335,1747236140.1789744,-0.2908458709716797,431
406,3.0252251625061035,431,0.0,-0.6438916325569153,3.9972164630889893,7567.511471417,3.2984,30.836454391479492,-2.8134031295776367,0,-1.6674319505691528,0.82,-1.6674319505691528,-3.816323757171631,1.943982720375061,1747236157.4714541,-1.0029205083847046,432
407,2.146048069000244,432,0.0,-0.6933187246322632,3.0076212882995605,7584.876673652,3.2723,33.114601135253906,-1.6989519596099854,0,-1.6919939517974854,0.82,-1.6919939517974854,-3.150467872619629,1.7231463193893433,1747236174.87679,-1.451515793800354,433
408,2.433424472808838,433,0.0,-0.6937629580497742,3.3126354217529297,7602.107562376,2.7543,22.716981887817383,-2.0889711380004883,0,-1.4414037466049194,0.82,-1.4414037466049194,-3.7823939323425293,1.7584216594696045,1747236192.0684175,-1.693422794342041,434
409,1.3132928609848022,434,0.25,-0.6813241243362427,1.9828922748565674,7619.663528397,3.1411,27.717098236083984,-0.4763789176940918,0,-1.6245980262756348,0.82,-1.6245980262756348,-1.6463942527770996,1.3391987085342407,1747236209.624038,-1.1700153350830078,435
410,2.297776699066162,435,0.25,-0.624884843826294,3.2786855697631836,7636.837505604,2.8141,24.025999069213867,-1.8254022598266602,0,-1.4064972400665283,0.82,-1.4064972400665283,-3.208545207977295,1.9618178606033325,1747236226.7981782,-1.3831429481506348,436
411,2.17329740524292,436,0.0,-0.6339989304542542,3.1015100479125977,7653.939506144,3.0671,24.86418342590332,-1.7525229454040527,0,-1.5502934455871582,0.83,-1.5502934455871582,-3.1327409744262695,1.856425166130066,1747236243.8996875,-1.380218267440796,437
412,2.2255802154541016,437,0.0,-0.6279692649841309,2.9732534885406494,7671.234507998,3.0325,23.090320587158203,-1.8427175283432007,0,-1.5315302610397339,0.83,-1.5315302610397339,-2.9906349182128906,1.4953464269638062,1747236261.195261,-1.147917628288269,438
413,1.9897444248199463,438,0.0,-0.7138065099716187,2.6716887950897217,7688.319927939,2.9204,30.54692840576172,-1.5455856323242188,0,-1.5470811128616333,0.83,-1.5470811128616333,-2.5686426162719727,1.3638886213302612,1747236278.3201506,-1.023056983947754,439
414,2.7024524211883545,439,0.0,-0.6956727504730225,3.5565550327301025,7705.576147964,3.0374,25.419326782226562,-2.3648550510406494,0,-1.5906251668930054,0.83,-1.5906251668930054,-3.641439437866211,1.708205223083496,1747236295.5763721,-1.276584506034851,440
415,2.3993477821350098,440,0.25,-0.7094565629959106,3.2211101055145264,7722.912485251,3.1061,23.695417404174805,-1.9060344696044922,0,-1.6139509677886963,0.83,-1.6139509677886963,-3.439230442047119,1.6435246467590332,1747236312.873333,-1.5331960916519165,441
416,1.5427157878875732,441,0.0,-0.689405083656311,2.1297006607055664,7740.051473713,3.2983,23.654205322265625,-0.9145529270172119,0,-1.7080016136169434,0.84,-1.7080016136169434,-2.15061354637146,1.1739698648452759,1747236330.0114455,-1.236060619354248,442
417,1.809516191482544,442,0.25,-0.7718324661254883,2.6032159328460693,7757.210481395,2.613,21.16415786743164,-1.1585137844085693,0,-1.4140665531158447,0.84,-1.4140665531158447,-2.7005343437194824,1.5873993635177612,1747236347.1712546,-1.542020559310913,443
418,1.8175063133239746,443,0.0,-0.682494044303894,2.558218479156494,7774.511482364,2.6361,23.614866256713867,-1.2815358638763428,0,-1.372886061668396,0.84,-1.372886061668396,-2.763035774230957,1.4814244508743286,1747236364.4717286,-1.4814999103546143,444
419,2.2532920837402344,444,0.0,-0.7383599281311035,3.06561279296875,7791.703471264,2.8935,26.98427963256836,-1.8744187355041504,0,-1.5577919483184814,0.84,-1.5577919483184814,-3.1786293983459473,1.6246414184570312,1747236381.663901,-1.3042105436325073,445
420,1.9698905944824219,445,0.0,-0.5820471048355103,2.8058724403381348,7808.655645643,2.6566,22.258241653442383,-1.4554063081741333,0,-1.3036301136016846,0.84,-1.3036301136016846,-2.770214080810547,1.6719639301300049,1747236398.6558936,-1.3148078918457031,446
421,2.1163716316223145,446,0.25,-0.7512049674987793,2.830669641494751,7825.805860685,2.6887,24.69468879699707,-1.5761140584945679,0,-1.450674057006836,0.84,-1.450674057006836,-3.03166127204895,1.428596019744873,1747236415.8061166,-1.4555472135543823,447
422,2.251990795135498,447,0.0,-0.659118115901947,2.9995017051696777,7842.907499293,2.9841,24.24366569519043,-1.7935855388641357,0,-1.5406222343444824,0.85,-1.5406222343444824,-3.4645700454711914,1.495021939277649,1747236432.8678844,-1.6709843873977661,448
423,1.793661117553711,449,0.0,-0.6267030835151672,2.624117851257324,7877.437494763,3.2324,26.25243377685547,-1.1769397258758545,0,-1.603248119354248,0.85,-1.603248119354248,-2.564990997314453,1.6609132289886475,1747236467.3977594,-1.3880512714385986,450
424,1.8288018703460693,450,0.0,-0.6759026050567627,2.4969799518585205,7894.776491617,2.9611,23.704336166381836,-1.324562907218933,0,-1.5385335683822632,0.85,-1.5385335683822632,-2.613400459289551,1.3363560438156128,1747236484.736463,-1.2888375520706177,451
425,1.6300584077835083,451,0.25,-0.7585753202438354,2.3930392265319824,7911.776489367,2.8715,26.205251693725586,-0.9765055775642395,0,-1.5287154912948608,0.85,-1.5287154912948608,-2.5183749198913574,1.5259617567062378,1747236501.7368448,-1.5418695211410522,452
426,2.0499062538146973,452,0.25,-0.6890197992324829,2.8103396892547607,7929.841444974,2.7906,24.793540954589844,-1.4537684917449951,0,-1.4500218629837036,0.86,-1.4500218629837036,-2.8344733715057373,1.5208669900894165,1747236519.841674,-1.3807048797607422,453
427,1.987773060798645,453,0.0,-0.7355921268463135,2.789064884185791,7947.139212898,2.8095,24.942096710205078,-1.5434470176696777,0,-1.491873860359192,0.86,-1.491873860359192,-3.1043524742126465,1.602583885192871,1747236537.139505,-1.5609054565429688,454
428,1.5796314477920532,454,0.0,-0.7645199298858643,2.195075035095215,7964.321558267,2.4752,24.1738338470459,-0.9812435507774353,0,-1.3743101358413696,0.86,-1.3743101358413696,-2.4567298889160156,1.2308872938156128,1747236554.2823627,-1.4754862785339355,455
429,2.4641952514648438,455,0.0,-0.6771461367607117,3.3935799598693848,7981.452506106,2.5457,30.478113174438477,-2.0134243965148926,0,-1.306257963180542,0.86,-1.306257963180542,-3.0262861251831055,1.858769178390503,1747236571.4126575,-1.012861728668213,456
430,2.174921989440918,456,0.25,-0.6932929158210754,2.905456781387329,7998.625456334,3.0592,30.08983612060547,-1.66265070438385,0,-1.5883703231811523,0.86,-1.5883703231811523,-2.8535428047180176,1.4610697031021118,1747236588.5854914,-1.190892219543457,457
431,1.7064034938812256,457,0.0,-0.6965515613555908,2.263984441757202,8015.936532504,2.8785,27.658748626708984,-1.143048882484436,0,-1.4838002920150757,0.87,-1.4838002920150757,-2.033630132675171,1.1151617765426636,1747236605.8973193,-0.8905812501907349,458
432,2.0459771156311035,458,0.25,-0.7016686201095581,2.757744789123535,8033.16449659,2.8058,25.457857131958008,-1.3387337923049927,0,-1.4575445652008057,0.87,-1.4575445652008057,-2.6394541263580322,1.4235352277755737,1747236623.1297002,-1.30072021484375,459
433,1.959604263305664,459,0.0,-0.7659025192260742,2.795262575149536,8050.794478306,2.8137,27.524723052978516,-1.4468743801116943,0,-1.464942455291748,0.87,-1.464942455291748,-3.2638463973999023,1.6713166236877441,1747236640.7548335,-1.816972017288208,460
434,3.4377830028533936,460,0.0,-0.6390244960784912,4.562186241149902,8068.393774043,3.1784,22.92568588256836,-3.2822704315185547,0,-1.5997921228408813,0.87,-1.5997921228408813,-4.472092151641846,2.2488067150115967,1747236658.39407,-1.189821481704712,461
435,2.411223888397217,461,0.0,-0.7154123187065125,3.273618698120117,8085.585645853,2.7874,22.887805938720703,-1.8928073644638062,0,-1.4734270572662354,0.87,-1.4734270572662354,-3.430586099624634,1.7247895002365112,1747236675.5473413,-1.537778615951538,462
436,1.985525369644165,462,0.0,-0.6101984977722168,2.819499969482422,8102.681482225,2.6775,21.649873733520508,-1.5255541801452637,0,-1.3433759212493896,0.88,-1.3433759212493896,-2.7480955123901367,1.6679489612579346,1747236692.6425326,-1.2225412130355835,463
437,2.8032593727111816,463,0.0,-0.6804317235946655,3.7496445178985596,8119.858469285,2.7636,25.08927345275879,-2.503933906555176,0,-1.4540674686431885,0.88,-1.4540674686431885,-3.7835519313812256,1.8927701711654663,1747236709.8187237,-1.2796181440353394,464
438,1.6186344623565674,464,0.25,-0.9817060232162476,2.346982955932617,8137.183456858,2.9394,25.778099060058594,0.17674237489700317,0,-1.6174890995025635,0.88,-1.6174890995025635,-2.6548514366149902,1.4566969871520996,1747236727.1437538,-2.8315939903259277,465
439,2.9005558490753174,465,0.0,-0.6275468468666077,3.931746244430542,8154.532496025,3.5307,28.330846786499023,-2.6451706886291504,0,-1.7746191024780273,0.88,-1.7746191024780273,-3.867088794708252,2.062380790710449,1747236744.5327253,-1.2219182252883911,466
440,2.092531442642212,466,0.25,-0.8102321028709412,2.922919511795044,8171.8994786,3.0114,26.6348876953125,-1.5638673305511475,0,-1.6406253576278687,0.88,-1.6406253576278687,-2.726515293121338,1.6607762575149536,1747236761.8599935,-1.1626479625701904,467
441,2.1652867794036865,467,0.0,-0.6058769226074219,2.949647903442383,8189.040557361,2.8299,20.516443252563477,-1.7801504135131836,0,-1.4175745248794556,0.88,-1.4175745248794556,-3.10390043258667,1.5687224864959717,1747236779.040822,-1.3237500190734863,468
442,2.0092742443084717,468,0.25,-0.8474497199058533,2.9886910915374756,8206.285623753,3.0952,23.485380172729492,0.7313553094863892,0,-1.6165757179260254,0.89,-1.6165757179260254,-3.271732807159424,1.9588335752487183,1747236796.2457087,-4.003087997436523,469
443,1.582524061203003,469,0.0,-0.7094742059707642,2.2290477752685547,8223.66053465,2.5106,22.13404655456543,-0.9778823256492615,0,-1.3346493244171143,0.89,-1.3346493244171143,-2.5190536975860596,1.293047547340393,1747236813.6212196,-1.5411713123321533,470
444,2.5912766456604004,470,0.0,-0.6752334833145142,3.473788261413574,8240.960527466,2.9258,26.69384002685547,-2.2477774620056152,0,-1.5153427124023438,0.89,-1.5153427124023438,-3.419651746749878,1.7650229930877686,1747236830.92044,-1.1718741655349731,471
445,2.2503256797790527,471,0.0,-0.8290137648582458,3.1532156467437744,8258.529564963,3.0036,23.806184768676758,-1.8718626499176025,0,-1.6584539413452148,0.89,-1.6584539413452148,-3.469669818878174,1.8057799339294434,1747236848.4940016,-1.5978072881698608,472
446,1.8620967864990234,473,0.0,-0.5795228481292725,2.3953332901000977,8293.850521006,2.9611,22.659963607788086,-1.3633008003234863,0,-1.4754862785339355,0.9,-1.4754862785339355,-2.221609592437744,1.0664732456207275,1747236883.8115811,-0.8583090305328369,474
447,2.0985865592956543,474,0.0,-0.625240683555603,2.8332912921905518,8311.711483846,2.9237,27.61014747619629,-1.6636821031570435,0,-1.4753007888793945,0.9,-1.4753007888793945,-2.708836317062378,1.4694093465805054,1747236901.6719537,-1.045154333114624,475
448,1.617011547088623,475,0.0,-0.6636718511581421,2.2237422466278076,8328.905537546,2.9358,22.096223831176758,-1.0107877254486084,0,-1.5189497470855713,0.9,-1.5189497470855713,-1.9985765218734741,1.2134615182876587,1747236918.8670063,-0.9877886772155762,476
449,1.8650522232055664,476,0.0,-0.6821629405021667,2.5768914222717285,8346.211541706,2.977,25.039718627929688,-1.3728981018066406,0,-1.5115443468093872,0.9,-1.5115443468093872,-2.5182278156280518,1.4236786365509033,1747236936.173159,-1.1453297138214111,477
450,1.6883811950683594,477,0.25,-0.6717351675033569,2.4089386463165283,8363.402515008,2.7924,25.156991958618164,-1.08734130859375,0,-1.4360804557800293,0.9,-1.4360804557800293,-2.600559711456299,1.4411147832870483,1747236953.3631883,-1.5132185220718384,478
451,1.593104600906372,478,0.25,-0.6783073544502258,2.1724939346313477,8380.519579056,2.9275,21.08915901184082,-0.9574797749519348,0,-1.526808261871338,0.91,-1.526808261871338,-2.2749361991882324,1.158778429031372,1747236970.4793394,-1.3174563646316528,479
452,1.7150346040725708,479,0.0,-0.6516704559326172,2.4103353023529053,8397.625692951,2.8375,27.22582244873047,-1.1470693349838257,0,-1.4577744007110596,0.91,-1.4577744007110596,-2.590008497238159,1.3906015157699585,1747236987.6259909,-1.442939043045044,480
453,1.4246485233306885,480,0.25,-0.867537796497345,2.217316150665283,8414.877568315,2.7638,22.811586380004883,0.8018599152565002,0,-1.523896336555481,0.91,-1.523896336555481,-3.1508727073669434,1.5853354930877686,1747237004.8380618,-3.952732563018799,481
454,2.6037111282348633,481,0.0,-0.7062277793884277,3.4567534923553467,8432.196583898,3.2937,29.055728912353516,-2.238480567932129,0,-1.726400375366211,0.91,-1.726400375366211,-3.351074695587158,1.7060847282409668,1747237022.156849,-1.1125943660736084,482
455,2.3598732948303223,482,0.0,-0.6562004685401917,3.2195262908935547,8450.132532929,3.1431,23.307273864746094,-1.993864893913269,0,-1.6145401000976562,0.91,-1.6145401000976562,-3.134340286254883,1.7193057537078857,1747237040.0927181,-1.1404751539230347,483
456,2.1307337284088135,484,0.25,-0.8167397975921631,3.101624011993408,8488.813582297,2.6739,23.766569137573242,-1.3965286016464233,0,-1.4752236604690552,0.92,-1.4752236604690552,-3.929513931274414,1.9417804479599,1747237078.8138127,-2.5329854488372803,485
457,2.134697914123535,485,0.0,-0.8052013516426086,2.986168146133423,8506.174465679,2.992,25.209936141967773,-1.7057263851165771,0,-1.5933289527893066,0.92,-1.5933289527893066,-3.2995100021362305,1.7029404640197754,1747237096.1352203,-1.5937834978103638,486
458,2.7376961708068848,486,0.0,-0.5958675742149353,3.6585934162139893,8523.79348506,3.1927,21.10718536376953,-2.3939826488494873,0,-1.5796951055526733,0.92,-1.5796951055526733,-3.4941468238830566,1.8417946100234985,1747237113.7564692,-1.1001641750335693,487
459,2.2586042881011963,487,0.0,-0.7210513949394226,2.983938217163086,8541.540496524,2.8099,27.1043758392334,-1.8712759017944336,0,-1.484650731086731,0.92,-1.484650731086731,-2.929394245147705,1.4506678581237793,1747237131.5010958,-1.0581183433532715,488
460,1.6801878213882446,488,0.0,-0.628490686416626,2.3545029163360596,8558.933616949,3.0463,28.852890014648438,-1.0909183025360107,0,-1.549090027809143,0.92,-1.549090027809143,-2.4621026515960693,1.3486301898956299,1747237148.8983088,-1.3711843490600586,489
461,1.6680117845535278,489,0.0,-0.695728600025177,2.350433826446533,8576.050690591,3.0041,22.93528938293457,-1.04288649559021,0,-1.5792961120605469,0.93,-1.5792961120605469,-2.2688040733337402,1.3648443222045898,1747237166.0509562,-1.2259175777435303,490
462,1.9083726406097412,490,0.25,-0.6951355934143066,2.718137264251709,8593.48948841,2.971,27.114103317260742,-1.3287224769592285,0,-1.554146409034729,0.93,-1.554146409034729,-2.842398166656494,1.619529128074646,1747237183.4508502,-1.5136756896972656,491
463,1.9857094287872314,491,0.0,-1.1260464191436768,2.8109517097473145,8610.595533378,2.715,27.308582305908203,-1.403274655342102,0,-1.5143274068832397,0.93,-1.5143274068832397,-2.6555745601654053,1.6504844427108765,1747237200.5559366,-1.2522999048233032,492
464,1.879235029220581,492,0.0,-0.6158565282821655,2.509830951690674,8627.673502071,2.8883,24.977664947509766,-1.3656730651855469,0,-1.466355323791504,0.93,-1.466355323791504,-2.3243799209594727,1.2611918449401855,1747237217.633597,-0.9587067365646362,493
465,2.195241928100586,493,0.0,-0.7170057892799377,3.0305628776550293,8644.859495978,2.9394,30.052959442138672,-1.7502453327178955,0,-1.5709068775177002,0.93,-1.5709068775177002,-2.9302659034729004,1.6706417798995972,1747237234.8196747,-1.1800203323364258,494
466,2.18715763092041,494,0.0,-0.7063295841217041,3.0098984241485596,8662.258475941,2.7967,24.13682746887207,-1.7630599737167358,0,-1.4892101287841797,0.94,-1.4892101287841797,-3.247145175933838,1.6454815864562988,1747237252.2193446,-1.4840850830078125,495
467,2.243180990219116,495,0.0,-0.7253976464271545,3.071802854537964,8680.167590764,2.8343,20.259675979614258,-1.8227627277374268,0,-1.5046470165252686,0.94,-1.5046470165252686,-3.000126838684082,1.6572438478469849,1747237270.1678727,-1.1773639917373657,496
468,1.6369342803955078,496,0.25,-0.7130160927772522,2.2695698738098145,8697.780436225,2.9991,22.35636329650879,-1.0317802429199219,0,-1.5804193019866943,0.94,-1.5804193019866943,-2.3778977394104004,1.2652714252471924,1747237287.78058,-1.3461174964904785,497
469,2.542508602142334,497,0.0,-0.7398120760917664,3.4417576789855957,8714.979473843,3.2067,25.11427116394043,-2.225379467010498,0,-1.6569089889526367,0.94,-1.6569089889526367,-3.386730194091797,1.7984979152679443,1747237304.9407191,-1.1613508462905884,498
470,1.8791680335998535,498,0.0,-0.6975583434104919,2.604186534881592,8732.175538888,2.7972,28.815204620361328,-1.3618453741073608,0,-1.4751859903335571,0.94,-1.4751859903335571,-2.4602584838867188,1.4500371217727661,1747237322.1361077,-1.098413109779358,499
471,2.4072623252868652,499,0.0,-0.6622359752655029,3.299099922180176,8749.32354629,2.7981,29.373855590820312,-2.0605969429016113,0,-1.442344069480896,0.95,-1.442344069480896,-3.675601005554199,1.7836753129959106,1747237339.2842524,-1.615004062652588,500
472,1.7377384901046753,500,0.0,-0.6541146636009216,2.5371828079223633,8766.688486993,2.837,22.414142608642578,-1.2005337476730347,0,-1.4586403369903564,0.95,-1.4586403369903564,-2.7935948371887207,1.5988885164260864,1747237356.6491096,-1.5930612087249756,501
473,2.1593241691589355,502,0.0,-0.7535338997840881,3.014467477798462,8801.262487719,2.8605,28.495567321777344,-1.7572758197784424,0,-1.5422587394714355,0.95,-1.5422587394714355,-3.2290492057800293,1.7102866172790527,1747237391.2255657,-1.471773386001587,503
474,2.268109083175659,503,0.0,-0.6593731641769409,2.9747767448425293,8818.432372412,3.3195,29.03355598449707,-1.9050531387329102,0,-1.6979488134384155,0.95,-1.6979488134384155,-2.9719882011413574,1.4133352041244507,1747237408.432629,-1.0669353008270264,504
475,1.1965657472610474,504,0.5,-0.7377510070800781,1.924558401107788,8835.670480224,2.8746,26.54584312438965,-0.14710232615470886,0,-1.500964879989624,0.95,-1.500964879989624,-2.354632616043091,1.4559853076934814,1747237425.6322002,-2.2075302600860596,505
476,2.354578733444214,505,0.0,-0.6000790596008301,3.1802706718444824,8852.99753705,3.0208,25.143606185913086,-1.9751532077789307,0,-1.5209083557128906,0.96,-1.5209083557128906,-3.1118011474609375,1.6513837575912476,1747237442.957925,-1.1366479396820068,506
477,1.96336030960083,506,0.0,-0.9290953278541565,2.73976993560791,8870.096511968,2.7024,22.985761642456055,-1.5009315013885498,0,-1.4241485595703125,0.96,-1.4241485595703125,-2.825672149658203,1.5528191328048706,1747237460.0575354,-1.3247406482696533,507
478,1.83095121383667,507,0.0,-0.781902551651001,2.6364388465881348,8887.289488322,2.8007,26.25799560546875,-1.2624698877334595,0,-1.5302743911743164,0.96,-1.5302743911743164,-2.952815055847168,1.6109750270843506,1747237477.2503502,-1.690345048904419,508
479,1.7067618370056152,508,0.25,-0.7185341119766235,2.4448375701904297,8904.381454656,3.027,30.491657257080078,-1.0320076942443848,0,-1.596697449684143,0.96,-1.596697449684143,-3.047898292541504,1.4761515855789185,1747237494.3461328,-2.015890598297119,509
480,1.8947062492370605,509,0.25,-0.7505905628204346,2.6237258911132812,8921.531451479,2.8293,17.55159568786621,-1.2487592697143555,0,-1.529089093208313,0.96,-1.529089093208313,-3.182741641998291,1.458039402961731,1747237511.4925153,-1.9339823722839355,510
481,2.421140670776367,510,0.0,-0.6505551338195801,3.2784414291381836,8938.669517119,3.1176,23.687641143798828,-2.0659570693969727,0,-1.5796077251434326,0.97,-1.5796077251434326,-3.046056032180786,1.7146015167236328,1747237528.6698062,-0.9800989627838135,511
482,2.1845951080322266,511,0.0,-0.684834361076355,2.9794094562530518,8955.878449982,2.8976,24.18056297302246,-1.796275019645691,0,-1.5187339782714844,0.97,-1.5187339782714844,-3.2716755867004395,1.5896286964416504,1747237545.8392453,-1.4754005670547485,512
483,2.469198226928711,512,0.0,-0.7064825296401978,3.168243885040283,8977.476580584,3.0764,25.57779312133789,-2.132829427719116,0,-1.6198489665985107,0.97,-1.6198489665985107,-2.7973575592041016,1.3980913162231445,1747237567.436703,-0.6645283102989197,513
484,2.309278964996338,513,0.0,-0.7622275352478027,3.256256103515625,8994.886473377,2.9623,26.428733825683594,-1.9347856044769287,0,-1.5997812747955322,0.97,-1.5997812747955322,-3.5428991317749023,1.8939542770385742,1747237584.8523183,-1.6081135272979736,514
485,2.3772075176239014,514,0.0,-0.6772021055221558,3.2867727279663086,9012.076564247,2.9558,24.78855323791504,-1.974562406539917,0,-1.5218745470046997,0.97,-1.5218745470046997,-3.4402964115142822,1.8191304206848145,1747237602.0362937,-1.4657340049743652,515
486,2.0092873573303223,515,0.0,-0.6843295097351074,2.7686192989349365,9030.149592961,2.6202,24.794681549072266,-1.4255084991455078,0,-1.3591128587722778,0.98,-1.3591128587722778,-2.176630973815918,1.5186638832092285,1747237620.149826,-0.7511224746704102,516
487,1.8324575424194336,516,0.0,-0.6961995959281921,2.5740160942077637,9047.762481694,2.6975,20.89104461669922,-1.3041062355041504,0,-1.4159482717514038,0.98,-1.4159482717514038,-2.680783271789551,1.4831171035766602,1747237637.723426,-1.3766770362854004,517
488,1.157890796661377,517,0.25,-0.8814016580581665,1.7232496738433838,9064.918452132,2.8624,27.630006790161133,2.2603437900543213,0,-1.5242702960968018,0.98,-1.5242702960968018,-2.278006076812744,1.1307176351547241,1747237654.8784626,-4.5383501052856445,518
489,2.0847175121307373,518,0.0,-0.6370676755905151,2.8982698917388916,9082.097444105,2.9477,23.14161491394043,-1.5775598287582397,0,-1.4780185222625732,0.98,-1.4780185222625732,-3.252626895904541,1.627104640007019,1747237672.0586858,-1.6750673055648804,519
490,2.683044195175171,519,0.0,-0.7212785482406616,3.5454280376434326,9099.743457218,3.2115,27.16840362548828,-2.3824801445007324,0,-1.6866669654846191,0.98,-1.6866669654846191,-3.580247163772583,1.7247676849365234,1747237689.7036457,-1.1977670192718506,520
491,1.1856136322021484,520,0.5,-0.8534575700759888,1.7833833694458008,9116.873409781,2.9663,30.30473518371582,2.3580689430236816,0,-1.5391885042190552,0.98,-1.5391885042190552,-2.486743450164795,1.1955393552780151,1747237706.8736866,-4.844812393188477,521
492,2.012800693511963,521,0.0,-0.7157816886901855,2.7451610565185547,9134.318611201,2.7638,21.49466323852539,-1.5820577144622803,0,-1.462573528289795,0.99,-1.462573528289795,-2.75933575630188,1.4647209644317627,1747237724.279156,-1.17727792263031,522
493,2.127666473388672,522,0.0,-0.7222241759300232,2.977745294570923,9151.410461608,3.3149,27.523941040039062,-1.693772315979004,0,-1.7465391159057617,0.99,-1.7465391159057617,-3.0300605297088623,1.7001575231552124,1747237741.3709073,-1.3362882137298584,523
494,1.826316237449646,523,0.25,-0.7061927318572998,2.425058364868164,9168.541485903,2.3734,22.093046188354492,-1.2350751161575317,0,-1.2584208250045776,0.99,-1.2584208250045776,-2.404505491256714,1.1974843740463257,1747237758.502034,-1.1694304943084717,524
495,2.3150105476379395,524,0.0,-0.6072921752929688,3.010007381439209,9186.393484802,2.9246,23.875858306884766,-1.9338939189910889,0,-1.459989309310913,0.99,-1.459989309310913,-2.878662347793579,1.389993667602539,1747237776.3541424,-0.9447681903839111,525
496,2.154697895050049,525,0.0,-0.6708284616470337,2.9350881576538086,9203.560537057,3.1041,24.9625301361084,-1.7479825019836426,0,-1.5888452529907227,0.99,-1.5888452529907227,-3.0388708114624023,1.560780644416809,1747237793.5207188,-1.2908885478973389,526
497,1.2426315546035767,526,0.5,-0.7222951650619507,1.7650742530822754,9220.963437232,3.1639,32.09783935546875,-0.3839189112186432,0,-1.6518628597259521,1.0,-1.6518628597259521,-1.8652727603912354,1.044885516166687,1747237810.9236822,-1.4813538789749146,527
498,2.0202040672302246,527,0.0,-0.6591520309448242,2.7916393280029297,9238.564073883,3.1073,25.955087661743164,-1.5924582481384277,0,-1.6058244705200195,1.0,-1.6058244705200195,-3.0152902603149414,1.5428706407546997,1747237828.5642715,-1.4228318929672241,528
499,1.7888374328613281,528,0.25,-0.6808413863182068,2.3158018589019775,9260.744631559,2.5199,22.847572326660156,-1.1706429719924927,0,-1.3320605754852295,1.0,-1.3320605754852295,-1.8737614154815674,1.0539288520812988,1747237850.7063916,-0.7031185030937195,529
