,train/losses/dpo,_step,train/rewards/accuracies,train/logps/rejected,train/losses/total,_runtime,train/loss,train/grad_norm,train/rewards/margins,train/learning_rate,train/logps/answer,train/epoch,train/logps/chosen,train/rewards/chosen,train/losses/sft,_timestamp,train/rewards/rejected,train/global_step
0,0.8372602462768555,0,0.75,-1.4433906078338623,1.57616126537323,30.406536,1.5449,13.283649444580078,0.25610995292663574,0,-1.559746265411377,0.0,-1.3005107641220093,-2.453444719314575,1.477802038192749,1747227700.8590984,-2.709554672241211,1
1,0.6532368659973145,1,0.75,-1.5333240032196045,1.2908971309661865,47.310466278,1.2989,9.866175651550293,0.6820975542068481,0,-1.5346027612686157,0.0,-1.1617321968078613,-2.641597270965576,1.2753204107284546,1747227717.7708907,-3.323694944381714,2
2,0.4806134104728699,2,1.0,-1.4285423755645752,1.0300483703613281,64.042472782,1.6709,11.2485933303833,1.0816841125488281,0,-1.5842888355255127,0.01,-1.337952733039856,-1.8369317054748535,1.098870038986206,1747227734.4854453,-2.9186158180236816,3
3,0.8436951637268066,3,0.5,-1.56447434425354,1.7066669464111328,80.688950056,1.5547,12.264493942260742,0.2701829969882965,0,-1.6150261163711548,0.01,-1.4138381481170654,-3.236231565475464,1.725943684577942,1747227751.1712253,-3.5064146518707275,4
4,0.7905617356300354,4,1.0,-1.3721188306808472,1.5155785083770752,97.441500835,1.5509,12.951189041137695,0.3367135524749756,0,-1.5116870403289795,0.01,-1.2239084243774414,-2.819453716278076,1.4500336647033691,1747227767.8854847,-3.156167507171631,5
5,0.9476127028465271,5,0.25,-1.4424381256103516,1.589399814605713,114.161501004,1.4142,11.073012351989746,0.09837758541107178,0,-1.515751600265503,0.01,-1.1832630634307861,-2.166586399078369,1.2835742235183716,1747227784.6055858,-2.2649638652801514,6
6,1.2313868999481201,6,0.25,-1.3694591522216797,1.9332432746887207,130.827444132,1.6643,14.301050186157227,-0.43078431487083435,0,-1.3998489379882812,0.01,-1.3455860614776611,-3.0745320320129395,1.4037127494812012,1747227801.2711205,-2.6437478065490723,7
7,0.5589748620986938,7,1.0,-1.4009171724319458,1.1474111080169678,147.514459367,1.5149,12.522767066955566,0.8037227988243103,0,-1.3715806007385254,0.02,-1.2643959522247314,-2.1746597290039062,1.1768724918365479,1747227817.9575188,-2.9783825874328613,8
8,1.246584415435791,8,0.25,-1.4650089740753174,2.0401246547698975,164.313447934,1.7481,14.298319816589355,-0.34011679887771606,0,-1.526733636856079,0.02,-1.4287996292114258,-3.3634839057922363,1.5870805978775024,1747227834.7565587,-3.023366928100586,9
9,1.121659278869629,9,0.5,-1.4437302350997925,1.7828559875488281,181.205415163,1.5258,11.0469388961792,-0.22218114137649536,0,-1.5907230377197266,0.02,-1.2880871295928955,-2.4333367347717285,1.3223932981491089,1747227851.6492407,-2.211155414581299,10
10,0.9420298337936401,10,0.75,-1.522428274154663,1.5889332294464111,197.971032458,1.531,14.755101203918457,0.13380536437034607,0,-1.5717380046844482,0.02,-1.3406882286071777,-2.4223976135253906,1.293806791305542,1747227868.4533844,-2.5562028884887695,11
11,0.9338337779045105,11,0.75,-1.4513719081878662,1.7672333717346191,214.698431618,1.7368,13.038788795471191,0.08380237221717834,0,-1.5235790014266968,0.02,-1.4300105571746826,-3.1791157722473145,1.6667991876602173,1747227885.141215,-3.262917995452881,12
12,1.0237025022506714,12,0.25,-1.5496301651000977,1.9288642406463623,231.300857629,1.538,12.402422904968262,0.020432651042938232,0,-1.4588947296142578,0.02,-1.3713347911834717,-3.743438720703125,1.8103233575820923,1747227901.783214,-3.763871431350708,13
13,0.8537591695785522,13,1.0,-1.4263482093811035,1.6407992839813232,248.210464932,1.4767,10.0518217086792,0.2063869833946228,0,-1.4053049087524414,0.03,-1.2479350566864014,-2.9123520851135254,1.574080228805542,1747227918.6534352,-3.118738889694214,14
14,0.583754301071167,14,1.0,-1.420939564704895,1.1320679187774658,264.87348873,1.5535,11.708646774291992,0.8624671101570129,0,-1.3095269203186035,0.03,-1.2621952295303345,-2.172555446624756,1.0966273546218872,1747227935.3165762,-3.035022497177124,15
15,0.8678045868873596,15,0.5,-1.3945796489715576,1.5924558639526367,281.597462031,1.5393,14.027569770812988,0.25390034914016724,0,-1.5218236446380615,0.03,-1.2632858753204346,-2.487290382385254,1.4493024349212646,1747227952.0400443,-2.7411906719207764,16
16,0.8662110567092896,16,0.75,-1.2668765783309937,1.589005470275879,298.387468552,1.7487,16.395448684692383,0.3670753538608551,0,-1.4507231712341309,0.03,-1.2852352857589722,-2.7392687797546387,1.4455888271331787,1747227968.8352954,-3.106344223022461,17
17,0.485975980758667,17,0.75,-1.5366865396499634,1.0123085975646973,315.065501201,1.5726,14.467869758605957,1.353154182434082,0,-1.549660325050354,0.03,-1.3554940223693848,-1.937751293182373,1.05266535282135,1747227985.5081308,-3.290905475616455,18
18,1.2955760955810547,18,0.0,-1.3180434703826904,2.0540103912353516,331.778516489,1.636,11.59290599822998,-0.537826418876648,0,-1.4108476638793945,0.04,-1.2746293544769287,-3.0251121520996094,1.5168683528900146,1747228002.2206671,-2.487285614013672,19
19,0.9353746175765991,19,0.5,-1.3845943212509155,1.6871514320373535,348.513491345,1.5589,12.042643547058105,0.3249002695083618,0,-1.3444818258285522,0.04,-1.2354247570037842,-2.7511940002441406,1.5035535097122192,1747228018.9958158,-3.076094150543213,20
20,1.0326552391052246,20,0.25,-1.3652682304382324,1.7502434253692627,365.270476912,1.7551,16.46148681640625,0.16310840845108032,0,-1.3866119384765625,0.04,-1.3584721088409424,-2.640141248703003,1.4351763725280762,1747228035.7128706,-2.8032498359680176,21
21,0.6873350739479065,21,1.0,-1.5500271320343018,1.1109390258789062,381.910047319,1.3783,12.04406452178955,0.8880013227462769,0,-1.36639404296875,0.04,-1.200594425201416,-1.3781585693359375,0.8472079634666443,1747228052.3923469,-2.266160011291504,22
22,1.0499955415725708,22,0.5,-1.4855068922042847,1.7511974573135376,398.610535848,1.5444,13.432202339172363,-0.002919912338256836,0,-1.6206146478652954,0.04,-1.3433018922805786,-2.8910634517669678,1.4024038314819336,1747228069.0552895,-2.888143539428711,23
23,0.615221381187439,23,1.0,-1.403477430343628,1.286081075668335,415.461443739,1.5511,10.566020011901855,0.723084032535553,0,-1.5024933815002441,0.05,-1.2525126934051514,-2.148444175720215,1.3417192697525024,1747228085.9037576,-2.871528148651123,24
24,0.8904352188110352,24,0.75,-1.4981483221054077,1.5518052577972412,432.258497258,1.4931,12.493066787719727,0.1640802025794983,0,-1.4440046548843384,0.05,-1.3115687370300293,-2.5529518127441406,1.3227399587631226,1747228102.7023766,-2.717031955718994,25
25,0.7504478693008423,25,0.75,-1.3997039794921875,1.3541699647903442,449.038499276,1.5151,13.257587432861328,0.49523577094078064,0,-1.3700761795043945,0.05,-1.2307276725769043,-2.2843332290649414,1.207444190979004,1747228119.4813964,-2.779568672180176,26
26,0.8884540796279907,26,0.5,-1.505920171737671,1.3211342096328735,465.717573404,1.5045,10.502187728881836,0.2075776755809784,0,-1.6586087942123413,0.05,-1.287048578262329,-2.074737787246704,0.8653602004051208,1747228136.1601803,-2.282315492630005,27
27,1.304539442062378,27,0.25,-1.4369066953659058,2.026076555252075,482.501441116,1.417,11.128479957580566,-0.44634807109832764,0,-1.4752293825149536,0.05,-1.177891492843628,-2.6871538162231445,1.443074345588684,1747228152.9487135,-2.2408056259155273,28
28,0.7603776454925537,28,0.75,-1.3323564529418945,1.3129165172576904,499.241014808,1.764,15.55174446105957,0.6223945021629333,0,-1.5155186653137207,0.05,-1.3444980382919312,-2.0824975967407227,1.1050776243209839,1747228169.7233617,-2.7048916816711426,29
29,0.805424690246582,29,0.75,-1.336255431175232,1.3633476495742798,515.9312029,1.6665,13.341856956481934,0.3171129822731018,0,-1.476363182067871,0.06,-1.2826566696166992,-1.8207392692565918,1.1158459186553955,1747228186.4135146,-2.137852191925049,30
30,0.9737160801887512,30,0.5,-1.539391040802002,1.7126011848449707,532.744552793,1.6463,12.240211486816406,0.023897528648376465,0,-1.7165626287460327,0.06,-1.414567470550537,-3.0340518951416016,1.4777700901031494,1747228203.1879835,-3.0579495429992676,31
31,0.7919908165931702,31,0.75,-1.5001298189163208,1.4012911319732666,549.519500148,1.3946,10.232930183410645,0.3322226405143738,0,-1.6139863729476929,0.06,-1.218972086906433,-2.176013708114624,1.2186007499694824,1747228219.9620357,-2.5082361698150635,32
32,0.7986533641815186,32,0.75,-1.5734673738479614,1.43782639503479,566.156465905,1.4522,11.921032905578613,0.5993078351020813,0,-1.5163648128509521,0.06,-1.2625155448913574,-2.1804418563842773,1.2783459424972534,1747228236.6000724,-2.779749870300293,33
33,0.9937986731529236,33,0.5,-1.3288099765777588,1.6080349683761597,582.944415307,1.6026,14.074402809143066,0.10659334063529968,0,-1.6458115577697754,0.06,-1.2273550033569336,-2.1035683155059814,1.2284725904464722,1747228253.3881993,-2.2101616859436035,34
34,1.000244140625,34,0.5,-1.4163625240325928,1.579453468322754,599.65045882,1.6089,11.094276428222656,0.10569396615028381,0,-1.4281795024871826,0.07,-1.2943000793457031,-2.0769753456115723,1.1584185361862183,1747228270.0940855,-2.182669162750244,35
35,1.047288179397583,35,0.75,-1.4977244138717651,1.759613275527954,616.318444103,1.3032,10.612995147705078,0.2077620029449463,0,-1.297748327255249,0.07,-1.1137813329696655,-2.6386561393737793,1.4246501922607422,1747228286.7621102,-2.8464181423187256,36
36,0.8076431155204773,36,0.5,-1.5251238346099854,1.4499537944793701,633.098486644,1.655,12.58870792388916,0.37541475892066956,0,-1.4736294746398926,0.07,-1.376449465751648,-1.8688201904296875,1.2846213579177856,1747228303.5454,-2.244235038757324,37
37,1.0226777791976929,37,0.5,-1.4406473636627197,1.7264996767044067,649.85747812,1.5759,11.145284652709961,-0.051726341247558594,0,-1.4750429391860962,0.07,-1.3112797737121582,-2.796145439147949,1.4076437950134277,1747228320.339781,-2.7444190979003906,38
38,1.063428521156311,38,0.75,-1.4138518571853638,1.8543387651443481,666.552484406,1.6393,11.66894817352295,-0.07369565963745117,0,-1.562682867050171,0.07,-1.3329108953475952,-2.9133195877075195,1.5818204879760742,1747228336.9956348,-2.8396239280700684,39
39,0.6093282699584961,39,1.0,-1.4490292072296143,1.330183506011963,683.276470048,1.5209,9.793977737426758,0.6921954154968262,0,-1.5053081512451172,0.08,-1.2842309474945068,-2.365687131881714,1.4417104721069336,1747228353.7197154,-3.057882308959961,40
40,1.0299367904663086,40,0.5,-1.3913016319274902,1.7359838485717773,700.057437379,1.4298,9.072299003601074,-0.0818932056427002,0,-1.4797372817993164,0.08,-1.1860674619674683,-2.547682285308838,1.412093997001648,1747228370.4993598,-2.4657890796661377,41
41,1.030472993850708,41,0.5,-1.1639807224273682,1.5619876384735107,716.836524206,1.6207,10.363838195800781,-0.08865931630134583,0,-1.5138825178146362,0.08,-1.1470973491668701,-2.1720285415649414,1.063029170036316,1747228387.2801094,-2.083369255065918,42
42,0.5541595220565796,42,0.75,-1.4893009662628174,1.1971714496612549,733.545466173,1.4858,10.558982849121094,0.9956796169281006,0,-1.3743183612823486,0.08,-1.2481426000595093,-2.1048974990844727,1.2860238552093506,1747228403.989437,-3.1005771160125732,43
43,0.5101445317268372,43,1.0,-1.586616039276123,1.0856654644012451,750.312470531,1.4693,13.430906295776367,0.9545745849609375,0,-1.5824763774871826,0.08,-1.346010684967041,-2.3229711055755615,1.1510419845581055,1747228420.7566469,-3.277545690536499,44
44,1.2127695083618164,44,0.25,-1.4490785598754883,1.909097671508789,767.121475647,1.3683,10.801409721374512,-0.38702550530433655,0,-1.6309159994125366,0.09,-1.17115318775177,-2.9298653602600098,1.3926563262939453,1747228437.5664508,-2.542840003967285,45
45,0.678489625453949,45,0.75,-1.4895790815353394,1.4484695196151733,783.780485398,1.6214,14.353739738464355,0.6965404152870178,0,-1.6328556537628174,0.09,-1.3738447427749634,-3.001347541809082,1.5399597883224487,1747228454.2231433,-3.697887897491455,46
46,0.9781554341316223,46,0.5,-1.4741363525390625,1.5347087383270264,800.514327333,1.6175,14.071507453918457,0.039870887994766235,0,-1.564077377319336,0.09,-1.3663849830627441,-2.039058208465576,1.1131064891815186,1747228470.9965858,-2.0789289474487305,47
47,1.246304988861084,47,0.5,-1.4149445295333862,2.109732151031494,817.233426595,1.7636,14.969451904296875,-0.05928206443786621,0,-1.5566006898880005,0.09,-1.3983862400054932,-3.308648109436035,1.7268545627593994,1747228487.6775336,-3.249366044998169,48
48,0.7527320981025696,48,1.0,-1.5821683406829834,1.47328782081604,834.018426867,1.6641,15.36347770690918,0.395892858505249,0,-1.7298293113708496,0.09,-1.4820330142974854,-2.742356300354004,1.441111445426941,1747228504.4609551,-3.138248920440674,49
49,1.0080879926681519,49,0.5,-1.4696416854858398,1.8031322956085205,850.750417253,1.6206,13.312302589416504,0.034675657749176025,0,-1.8186277151107788,0.09,-1.3448179960250854,-2.6819465160369873,1.5900884866714478,1747228521.1926963,-2.7166223526000977,50
50,0.8715957999229431,50,0.25,-1.4755412340164185,1.4990713596343994,867.534453612,1.7758,17.403982162475586,0.25584203004837036,0,-1.545194149017334,0.1,-1.482414960861206,-2.248236656188965,1.2549512386322021,1747228537.9779007,-2.5040788650512695,51
51,0.8238368630409241,51,0.5,-1.372000813484192,1.3474936485290527,884.200434432,1.9675,15.366958618164062,0.29418933391571045,0,-1.260648250579834,0.1,-1.4613077640533447,-1.647757887840271,1.0473134517669678,1747228554.6434507,-1.9419472217559814,52
52,1.0787115097045898,52,0.75,-1.3804218769073486,1.7960940599441528,900.872452115,1.5592,11.34190845489502,-0.15171009302139282,0,-1.567293643951416,0.1,-1.2823290824890137,-2.470869302749634,1.434765100479126,1747228571.315509,-2.3191592693328857,53
53,0.8229556679725647,53,0.75,-1.4536426067352295,1.4986701011657715,917.555453399,1.5925,13.356719970703125,0.2858557403087616,0,-1.7350966930389404,0.1,-1.3405040502548218,-2.6301708221435547,1.3514289855957031,1747228587.9976432,-2.9160265922546387,54
54,0.6953810453414917,54,0.75,-1.4474505186080933,1.256731629371643,934.218478469,1.3822,11.120806694030762,0.6379668116569519,0,-1.5383186340332031,0.1,-1.2003285884857178,-1.9468178749084473,1.1227011680603027,1747228604.661973,-2.584784746170044,55
55,0.7517160773277283,55,0.75,-1.4577425718307495,1.4253959655761719,951.017581962,1.2959,8.239212989807129,0.5488594174385071,0,-1.331709861755371,0.11,-1.1375296115875244,-2.1957454681396484,1.3473597764968872,1747228621.499841,-2.7446048259735107,56
56,1.3146175146102905,56,0.25,-1.2674927711486816,1.8248556852340698,967.733479157,1.5604,10.922496795654297,-0.5291579961776733,0,-1.5230095386505127,0.11,-1.1834412813186646,-1.9328954219818115,1.0204763412475586,1747228638.1761534,-1.4037373065948486,57
57,1.0554965734481812,57,0.25,-1.3136768341064453,1.696445345878601,984.427455022,1.7508,13.733453750610352,-0.1313343048095703,0,-1.5425348281860352,0.11,-1.325105905532837,-2.4091250896453857,1.2818975448608398,1747228654.869714,-2.2777907848358154,58
58,0.4878003001213074,58,1.0,-1.4086782932281494,1.0501735210418701,1001.198437084,1.6129,13.017321586608887,0.9824336767196655,0,-1.6623237133026123,0.11,-1.309033989906311,-2.1776623725891113,1.1247464418411255,1747228671.6405127,-3.1600961685180664,59
59,1.0635777711868286,59,0.0,-1.4478384256362915,1.8726497888565063,1017.954467427,1.5697,11.288511276245117,-0.17096269130706787,0,-1.2995400428771973,0.11,-1.3167932033538818,-3.413665771484375,1.6181440353393555,1747228688.3964922,-3.2427029609680176,60
60,0.921749472618103,60,0.5,-1.4350500106811523,1.6877529621124268,1034.634471755,1.666,14.260974884033203,0.15455904603004456,0,-1.6163592338562012,0.12,-1.3841025829315186,-2.8545382022857666,1.532007098197937,1747228705.0763595,-3.009097099304199,61
61,0.51231849193573,61,0.75,-1.5119855403900146,1.1864924430847168,1051.397467584,1.4188,12.48708724975586,1.1171637773513794,0,-1.3850231170654297,0.12,-1.216117024421692,-2.1068289279937744,1.3483479022979736,1747228721.8400311,-3.2239925861358643,62
62,1.0540523529052734,62,0.5,-1.4128016233444214,1.6735551357269287,1068.055443019,1.6147,16.036836624145508,-0.0026707053184509277,0,-1.6058505773544312,0.12,-1.314157247543335,-2.40580677986145,1.2390056848526,1747228738.497372,-2.4031360149383545,63
63,1.0172944068908691,63,0.5,-1.4486827850341797,1.8065540790557861,1084.905459555,1.8925,14.016239166259766,0.013869524002075195,0,-1.474606990814209,0.12,-1.5215539932250977,-3.1903069019317627,1.5785194635391235,1747228755.3481038,-3.204176425933838,64
64,0.5172539949417114,64,0.75,-1.5942468643188477,1.1799827814102173,1101.589242693,1.3385,8.7364501953125,1.4560623168945312,0,-1.4554574489593506,0.12,-1.2268863916397095,-2.093285322189331,1.3254575729370117,1747228772.0715733,-3.5493478775024414,65
65,1.0228936672210693,65,0.75,-1.4129050970077515,1.752668857574463,1118.585480466,1.7235,18.006338119506836,0.045395076274871826,0,-1.3987876176834106,0.12,-1.3947131633758545,-3.030822277069092,1.4595504999160767,1747228789.0289671,-3.0762174129486084,66
66,0.7889047861099243,66,0.5,-1.433122158050537,1.5201011896133423,1135.244522741,1.4797,10.066718101501465,0.5287363529205322,0,-1.5048942565917969,0.13,-1.2053210735321045,-2.316915988922119,1.462392807006836,1747228805.686641,-2.8456523418426514,67
67,0.7031584978103638,67,0.75,-1.5070942640304565,1.275942325592041,1152.030475418,1.44,11.208441734313965,0.6004757285118103,0,-1.3898837566375732,0.13,-1.2338225841522217,-1.8159396648406982,1.145567774772644,1747228822.4728127,-2.416415214538574,68
68,0.8680312633514404,68,0.75,-1.336211919784546,1.6201989650726318,1168.888473189,1.7195,11.67060375213623,0.36477959156036377,0,-1.484189748764038,0.13,-1.2919738292694092,-2.63252854347229,1.5043355226516724,1747228839.331638,-2.9973082542419434,69
69,1.4080297946929932,69,0.25,-1.377229928970337,2.0601260662078857,1185.537470569,1.6495,11.455527305603027,-0.4145972728729248,0,-1.3929927349090576,0.13,-1.2815837860107422,-2.5908069610595703,1.3041926622390747,1747228855.9810047,-2.1762099266052246,70
70,0.6783559918403625,70,0.5,-1.6820520162582397,1.3047516345977783,1202.379447875,1.5422,11.672932624816895,0.9093844294548035,0,-1.6696856021881104,0.13,-1.4336886405944824,-2.040276527404785,1.252791404724121,1747228872.822749,-2.9496607780456543,71
71,1.0819053649902344,71,0.25,-1.3817883729934692,1.7802398204803467,1219.128410183,1.7935,15.267416954040527,-0.09199446439743042,0,-1.5957274436950684,0.14,-1.4163291454315186,-2.4389493465423584,1.3966689109802246,1747228889.6107087,-2.346954822540283,72
72,0.7961505651473999,72,0.75,-1.4828548431396484,1.5748286247253418,1235.936491074,1.4272,9.649267196655273,0.34766772389411926,0,-1.6294841766357422,0.14,-1.229132890701294,-2.859525680541992,1.5573561191558838,1747228906.3789024,-3.207193374633789,73
73,0.5809130668640137,73,1.0,-1.5339609384536743,1.1761009693145752,1252.602346384,1.5094,13.776973724365234,0.7509810924530029,0,-1.4906790256500244,0.14,-1.275285005569458,-1.8876146078109741,1.190375804901123,1747228923.0846748,-2.6385955810546875,74
74,0.7861595153808594,74,0.75,-1.3659515380859375,1.4290251731872559,1269.297444993,1.5492,11.279186248779297,0.5978891253471375,0,-1.2969125509262085,0.14,-1.2234773635864258,-1.9770095348358154,1.2857311964035034,1747228939.7410789,-2.5748987197875977,75
75,1.463568091392517,75,0.0,-1.3931975364685059,2.235950469970703,1285.978515479,1.701,13.275762557983398,-0.7964112162590027,0,-1.4857568740844727,0.14,-1.355338454246521,-2.8441758155822754,1.5447649955749512,1747228956.420441,-2.047764539718628,76
76,0.4830690026283264,76,0.75,-1.499634861946106,1.0140424966812134,1302.657471409,1.5695,12.37710189819336,1.4720927476882935,0,-1.381173849105835,0.15,-1.3271310329437256,-1.871982216835022,1.061946988105774,1747228973.1004076,-3.3440747261047363,77
77,0.9478391408920288,77,0.5,-1.4486644268035889,1.7785617113113403,1319.311462809,1.5661,12.473840713500977,0.4335525631904602,0,-1.3941107988357544,0.15,-1.3302233219146729,-3.310849189758301,1.661445140838623,1747228989.7545192,-3.744401693344116,78
78,0.9319401979446411,78,0.5,-1.56099534034729,1.622401237487793,1335.963447072,1.6224,14.560503005981445,0.3236515522003174,0,-1.6779749393463135,0.15,-1.4238418340682983,-2.6997830867767334,1.3809221982955933,1747229006.4065259,-3.023434638977051,79
79,0.7098662853240967,79,0.5,-1.4122164249420166,1.4425969123840332,1352.876499073,1.7622,14.320682525634766,0.6340360641479492,0,-1.6468762159347534,0.15,-1.3981261253356934,-3.1063103675842285,1.4654611349105835,1747229023.320299,-3.7403464317321777,80
80,0.7884858846664429,80,0.75,-1.4736032485961914,1.4242115020751953,1369.501597851,1.4195,10.614768028259277,0.5085846781730652,0,-1.3639030456542969,0.15,-1.2313787937164307,-2.4363059997558594,1.2714513540267944,1747229039.983939,-2.9448907375335693,81
81,1.3472434282302856,81,0.5,-1.4509406089782715,1.961846113204956,1386.200494288,1.6008,9.90372371673584,-0.19915997982025146,0,-1.523176670074463,0.16,-1.3213441371917725,-2.4897613525390625,1.2292052507400513,1747229056.6442819,-2.2906012535095215,82
82,0.7145348787307739,82,0.75,-1.282740831375122,1.3441436290740967,1402.809352231,1.5195,10.937315940856934,0.5053035616874695,0,-1.392698049545288,0.16,-1.1705868244171143,-1.9435170888900757,1.259217619895935,1747229073.2916315,-2.4488205909729004,83
83,1.040911316871643,83,0.0,-1.4201040267944336,1.7369167804718018,1419.680423928,1.6186,13.184337615966797,-0.1300933063030243,0,-1.6155166625976562,0.16,-1.3369481563568115,-2.4858903884887695,1.392011046409607,1747229090.123801,-2.355797290802002,84
84,0.9257868528366089,84,0.25,-1.3666160106658936,1.512272834777832,1436.471530565,1.5819,10.960622787475586,0.08809372782707214,0,-1.628966212272644,0.16,-1.258190393447876,-1.9146528244018555,1.1729720830917358,1747229106.9151633,-2.00274658203125,85
85,0.9095754623413086,85,0.75,-1.4530177116394043,1.63240385055542,1453.260480396,1.4778,12.627998352050781,0.1012507975101471,0,-1.5792677402496338,0.16,-1.248642921447754,-2.860301971435547,1.4456568956375122,1747229123.7035937,-2.961552858352661,86
86,0.8180626630783081,86,0.5,-1.5395452976226807,1.4855095148086548,1469.938430832,1.4578,10.403592109680176,0.41240784525871277,0,-1.5830265283584595,0.16,-1.3021430969238281,-2.4072265625,1.3348937034606934,1747229140.381712,-2.819634437561035,87
87,0.7716073393821716,87,0.5,-1.3261151313781738,1.4814848899841309,1486.66843317,1.5602,12.75805377960205,0.8065252304077148,0,-1.5314959287643433,0.17,-1.2053059339523315,-2.2836809158325195,1.4197551012039185,1747229157.111778,-3.0902061462402344,88
88,1.0851378440856934,88,0.5,-1.5464438199996948,1.7910670042037964,1503.579479242,1.5429,15.430766105651855,-0.18528223037719727,0,-1.6705892086029053,0.17,-1.3776538372039795,-2.6909515857696533,1.411858320236206,1747229174.0258512,-2.505669355392456,89
89,0.7385349273681641,89,0.75,-1.3935102224349976,1.3817152976989746,1520.315982741,1.5822,13.770963668823242,0.539923906326294,0,-1.4942071437835693,0.17,-1.2775115966796875,-2.0007565021514893,1.2863606214523315,1747229190.7982988,-2.540680408477783,90
90,1.0005171298980713,90,0.5,-1.3769233226776123,1.560181975364685,1537.135453194,1.6924,13.822598457336426,-0.03473085165023804,0,-1.5760571956634521,0.17,-1.3395235538482666,-2.124685764312744,1.1193296909332275,1747229207.5785983,-2.0899550914764404,91
91,0.7910984754562378,91,0.5,-1.4471797943115234,1.339849829673767,1553.960705632,1.3875,12.087116241455078,0.5294191837310791,0,-1.5409777164459229,0.17,-1.2097043991088867,-2.043997049331665,1.0975027084350586,1747229224.4430633,-2.573416233062744,92
92,0.861912727355957,92,0.75,-1.653151273727417,1.5083189010620117,1570.791457095,1.4954,11.686212539672852,0.49854665994644165,0,-1.6471962928771973,0.18,-1.3738353252410889,-2.2122960090637207,1.292812466621399,1747229241.2349246,-2.7108426094055176,93
93,0.7050820589065552,93,1.0,-1.5548840761184692,1.436311960220337,1587.574494322,1.4201,10.581768989562988,0.5272880792617798,0,-1.6308174133300781,0.18,-1.3051893711090088,-2.6857428550720215,1.4624598026275635,1747229258.018087,-3.2130308151245117,94
94,0.715099573135376,94,0.75,-1.440605878829956,1.3537228107452393,1604.236448477,1.5154,13.534892082214355,0.5169885754585266,0,-1.485508680343628,0.18,-1.2529090642929077,-2.0723981857299805,1.2772465944290161,1747229274.679293,-2.5893869400024414,95
95,0.818976879119873,95,0.75,-1.4001047611236572,1.5912611484527588,1621.085433212,1.8113,11.879759788513184,0.270906925201416,0,-1.4952025413513184,0.18,-1.431374430656433,-2.773463726043701,1.544568657875061,1747229291.5285273,-3.044370412826538,96
96,0.8207535147666931,96,1.0,-1.41015625,1.4862570762634277,1637.797516792,1.6747,12.649009704589844,0.2624548375606537,0,-1.6429071426391602,0.18,-1.3453701734542847,-2.492912769317627,1.3310072422027588,1747229308.2406135,-2.7553675174713135,97
97,0.9759659767150879,97,0.5,-1.443852424621582,1.6636406183242798,1654.541414087,1.4091,12.652599334716797,-0.00642278790473938,0,-1.5160548686981201,0.19,-1.194328784942627,-2.643908739089966,1.3753492832183838,1747229325.0237494,-2.637485980987549,98
98,0.8139739036560059,98,0.75,-1.555405616760254,1.4829580783843994,1671.233994614,1.4612,10.755602836608887,0.3228691816329956,0,-1.7491960525512695,0.19,-1.3456785678863525,-2.4771170616149902,1.3379684686660767,1747229341.716353,-2.7999861240386963,99
99,0.48331737518310547,99,1.0,-1.542877197265625,1.0561587810516357,1688.106482041,1.4806,13.252514839172363,1.1694588661193848,0,-1.5312919616699219,0.19,-1.2759943008422852,-2.277033805847168,1.145682692527771,1747229358.5501828,-3.4464926719665527,100
100,0.8202735185623169,100,0.5,-1.436885118484497,1.5701103210449219,1704.937606629,1.662,11.005962371826172,0.28921812772750854,0,-1.5675101280212402,0.19,-1.3701328039169312,-2.1123852729797363,1.4996737241744995,1747229375.419879,-2.4016032218933105,101
101,0.5191313624382019,101,0.75,-1.4282691478729248,1.2121472358703613,1721.758463198,1.469,13.695611953735352,1.3245153427124023,0,-1.6205354928970337,0.19,-1.2305302619934082,-2.3739476203918457,1.3860318660736084,1747229392.2021854,-3.698462963104248,102
102,0.6181449890136719,102,1.0,-1.557973861694336,1.4289054870605469,1738.545526409,1.4625,9.673392295837402,0.8713002800941467,0,-1.5441539287567139,0.19,-1.3059251308441162,-2.9981820583343506,1.6215211153030396,1747229408.9887247,-3.8694822788238525,103
103,1.1260706186294556,103,0.5,-1.4710924625396729,1.9578731060028076,1755.205493903,1.558,13.279747009277344,-0.25958049297332764,0,-1.522716999053955,0.2,-1.2939648628234863,-3.132812261581421,1.6636048555374146,1747229425.6487257,-2.873231887817383,104
104,0.606213390827179,104,1.0,-1.4614858627319336,1.064334511756897,1772.002528813,1.3661,11.067545890808105,0.8010504245758057,0,-1.5307445526123047,0.2,-1.1956753730773926,-1.898691177368164,0.9162421822547913,1747229442.446133,-2.6997416019439697,105
105,0.8280414342880249,105,0.5,-1.646376371383667,1.5064880847930908,1788.674441814,1.5515,12.555753707885742,0.3128131031990051,0,-1.4932594299316406,0.2,-1.4111891984939575,-2.7876248359680176,1.3568931818008423,1747229459.1219907,-3.100438117980957,106
106,0.5913475751876831,106,0.75,-1.5001084804534912,1.061598777770996,1805.312416001,1.3268,12.694052696228027,0.9329946041107178,0,-1.42216956615448,0.2,-1.2063448429107666,-1.629643440246582,0.940502405166626,1747229475.7947402,-2.5626380443573,107
107,1.1658859252929688,107,0.25,-1.6223183870315552,1.868326187133789,1822.030450323,1.5544,12.66979694366455,-0.2995014488697052,0,-1.5678608417510986,0.2,-1.3703181743621826,-2.746673107147217,1.404880404472351,1747229492.4743593,-2.447171688079834,108
108,1.4012049436569214,108,0.25,-1.536046028137207,2.3000476360321045,1838.815459341,1.6666,14.57978630065918,-0.6780158281326294,0,-1.527437686920166,0.21,-1.4177643060684204,-3.118567705154419,1.7976855039596558,1747229509.2585719,-2.4405517578125,109
109,0.7612209320068359,109,1.0,-1.557023525238037,1.4203088283538818,1855.464457892,1.3695,11.451433181762695,0.4650225341320038,0,-1.4761954545974731,0.21,-1.2703065872192383,-2.659395694732666,1.3181756734848022,1747229525.9071841,-3.124418258666992,110
110,0.6482107043266296,110,0.5,-1.5586156845092773,1.3292820453643799,1872.257449098,1.4368,10.208078384399414,1.0682761669158936,0,-1.4755064249038696,0.21,-1.2848224639892578,-2.687650203704834,1.36214280128479,1747229542.7031572,-3.7559263706207275,111
111,1.3290464878082275,111,0.5,-1.447033405303955,2.216597318649292,1889.097486461,1.7793,12.40520191192627,-0.4991890490055084,0,-1.5447683334350586,0.21,-1.454378366470337,-3.6223936080932617,1.775101661682129,1747229559.5409505,-3.1232047080993652,112
112,0.498995840549469,112,1.0,-1.4855408668518066,1.0782139301300049,1905.797475521,1.4309,9.933853149414062,1.0398398637771606,0,-1.4696784019470215,0.21,-1.254624843597412,-2.431450843811035,1.1584362983703613,1747229576.2407484,-3.4712905883789062,113
113,0.9685940742492676,113,0.5,-1.4707131385803223,1.5181368589401245,1922.467489368,1.4842,14.096345901489258,0.07661676406860352,0,-1.3485641479492188,0.22,-1.2429261207580566,-2.1724514961242676,1.0990855693817139,1747229592.9100804,-2.24906849861145,114
114,0.7744506001472473,114,0.5,-1.465501308441162,1.5030943155288696,1939.093495223,1.5589,14.61194896697998,0.6790237426757812,0,-1.5085444450378418,0.22,-1.2744028568267822,-2.4435558319091797,1.4572874307632446,1747229609.540609,-3.122579574584961,115
115,0.45568975806236267,115,0.75,-1.4905352592468262,1.0709835290908813,1955.864130687,1.3526,10.684606552124023,1.2935924530029297,0,-1.5995742082595825,0.22,-1.182067632675171,-1.7162286043167114,1.2305876016616821,1747229626.3464656,-3.0098211765289307,116
116,0.7791304588317871,116,0.75,-1.5345535278320312,1.4260921478271484,1972.584470213,1.5334,10.752445220947266,0.5248942971229553,0,-1.6085917949676514,0.22,-1.3270187377929688,-2.313261032104492,1.293923258781433,1747229643.0275567,-2.8381552696228027,117
117,1.1497642993927002,117,0.5,-1.4912636280059814,1.8090286254882812,1989.424516933,1.6607,10.990233421325684,0.1486462950706482,0,-1.5204243659973145,0.22,-1.3634250164031982,-2.181809902191162,1.3185285329818726,1747229659.8669546,-2.330456256866455,118
118,0.9660025835037231,118,0.25,-1.455625057220459,1.6408787965774536,2006.118450293,1.496,10.850323677062988,0.011887073516845703,0,-1.675180435180664,0.22,-1.3002430200576782,-2.5679357051849365,1.349752426147461,1747229676.5605145,-2.5798230171203613,119
119,0.8231877684593201,119,0.5,-1.5254971981048584,1.556565523147583,2022.888446061,1.5082,12.22695541381836,0.3333515524864197,0,-1.6366608142852783,0.23,-1.3181695938110352,-2.647294521331787,1.4667553901672363,1747229693.3322468,-2.9806461334228516,120
120,1.3552277088165283,120,0.25,-1.4063935279846191,2.1688568592071533,2039.685472644,1.4053,9.33386516571045,-0.6127108931541443,0,-1.601870059967041,0.23,-1.1771525144577026,-2.8544342517852783,1.62725830078125,1747229710.1292975,-2.2417232990264893,121
121,0.8415102362632751,121,0.5,-1.5650193691253662,1.487022042274475,2056.483549242,1.4664,12.40372085571289,0.3038487434387207,0,-1.6524646282196045,0.23,-1.2794170379638672,-2.349246025085449,1.2910236120224,1747229726.925597,-2.65309476852417,122
122,0.8969447612762451,122,0.75,-1.422433853149414,1.5361328125,2073.165454643,1.47,13.590564727783203,0.15390443801879883,0,-1.478769063949585,0.23,-1.2082767486572266,-2.518754005432129,1.2783759832382202,1747229743.6091552,-2.672658681869507,123
123,0.8053760528564453,123,0.75,-1.1767807006835938,1.452632188796997,2089.857509234,1.7532,14.767351150512695,0.4688205420970917,0,-1.3280494213104248,0.23,-1.253800392150879,-2.2625789642333984,1.294512152671814,1747229760.3011646,-2.7313995361328125,124
124,0.4706052243709564,124,0.75,-1.4812302589416504,1.1517021656036377,2106.61668601,1.5648,13.828359603881836,1.7099138498306274,0,-1.5756938457489014,0.24,-1.3097944259643555,-2.1289851665496826,1.3621939420700073,1747229777.098957,-3.8388991355895996,125
125,0.6950753331184387,125,0.75,-1.6099700927734375,1.2700085639953613,2123.359441922,1.5935,15.132771492004395,0.554205596446991,0,-1.6362780332565308,0.24,-1.4639592170715332,-2.2144241333007812,1.1498663425445557,1747229793.802417,-2.768629550933838,126
126,0.5552146434783936,126,1.0,-1.5348511934280396,1.260354995727539,2140.203455287,1.3887,13.007269859313965,0.8221060037612915,0,-1.5641098022460938,0.24,-1.2355177402496338,-2.3608126640319824,1.4102808237075806,1747229810.6463356,-3.1829185485839844,127
127,0.6465884447097778,127,0.75,-1.4404702186584473,1.341612696647644,2157.004443251,1.6054,11.408965110778809,0.6581156253814697,0,-1.5535531044006348,0.24,-1.3259294033050537,-2.4890527725219727,1.3900485038757324,1747229827.4479265,-3.1471683979034424,128
128,1.2511484622955322,128,0.5,-1.4568569660186768,2.1271374225616455,2173.820448318,1.4645,11.7667875289917,-0.2695314884185791,0,-1.3161476850509644,0.24,-1.2546064853668213,-3.2155168056488037,1.751977801322937,1747229844.263451,-2.9459853172302246,129
129,1.0333638191223145,129,0.25,-1.4317348003387451,1.6710195541381836,2190.480444707,1.4913,13.507057189941406,-0.11141401529312134,0,-1.4172176122665405,0.25,-1.2775743007659912,-2.3728418350219727,1.2753114700317383,1747229860.9226186,-2.261427879333496,130
130,0.5033964514732361,130,1.0,-1.538852334022522,1.0080829858779907,2207.170500398,1.5324,13.296656608581543,1.0911006927490234,0,-1.5151431560516357,0.25,-1.3252723217010498,-1.6322556734085083,1.0093730688095093,1747229877.6126225,-2.7233564853668213,131
131,0.7597060799598694,131,0.75,-1.3778027296066284,1.4339752197265625,2223.876453107,1.8626,14.355951309204102,0.3949549198150635,0,-1.6482677459716797,0.25,-1.4444072246551514,-2.588223934173584,1.3485381603240967,1747229894.318665,-2.9831788539886475,132
132,0.5808426141738892,132,1.0,-1.4089916944503784,1.2433127164840698,2240.589462003,1.436,11.055288314819336,0.7619833946228027,0,-1.4797091484069824,0.25,-1.2006937265396118,-2.3651444911956787,1.3249402046203613,1747229911.0319963,-3.1271278858184814,133
133,0.7446203827857971,133,0.75,-1.5564281940460205,1.2698513269424438,2257.342567466,1.3246,9.552728652954102,0.7916465997695923,0,-1.5537137985229492,0.25,-1.1908507347106934,-1.8172858953475952,1.0504618883132935,1747229927.824864,-2.6089324951171875,134
134,0.798638641834259,134,0.5,-1.4782155752182007,1.524533748626709,2274.236417766,1.5936,12.738813400268555,0.5170943140983582,0,-1.600890874862671,0.26,-1.3457417488098145,-2.652182102203369,1.4517902135849,1747229944.6788266,-3.169276237487793,135
135,0.8131133317947388,135,0.75,-1.275099277496338,1.3899122476577759,2291.0754517,1.5141,10.768179893493652,0.3226657807826996,0,-1.5099509954452515,0.26,-1.1675617694854736,-2.0061044692993164,1.1535978317260742,1747229961.5173483,-2.328770160675049,136
136,1.1080987453460693,136,0.25,-1.4353270530700684,1.6899640560150146,2307.992416867,1.4874,12.616049766540527,-0.23173879086971283,0,-1.5057640075683594,0.26,-1.2567297220230103,-2.139295816421509,1.163730502128601,1747229978.4363494,-1.9075570106506348,137
137,0.8309575319290161,137,0.5,-1.4852700233459473,1.4293569326400757,2324.845468932,1.4599,10.728243827819824,0.8531044721603394,0,-1.5787577629089355,0.26,-1.2069182395935059,-2.2159979343414307,1.1967988014221191,1747229995.2875254,-3.0691025257110596,138
138,1.0176762342453003,138,0.75,-1.4257557392120361,1.7236814498901367,2341.632394404,1.7068,10.833230972290039,0.1602703034877777,0,-1.6194970607757568,0.26,-1.3701891899108887,-2.8197684288024902,1.4120103120803833,1747230012.0746887,-2.980038642883301,139
139,1.0348076820373535,139,0.25,-1.5063066482543945,1.673569917678833,2358.415466645,1.4331,9.145048141479492,0.025907695293426514,0,-1.511554479598999,0.26,-1.2619564533233643,-2.510829210281372,1.2775245904922485,1747230028.8585095,-2.5367369651794434,140
140,0.3671266436576843,140,1.0,-1.5601141452789307,0.9046778678894043,2375.146784895,1.4872,13.191473007202148,1.3448214530944824,0,-1.5329023599624634,0.27,-1.344185709953308,-1.9076476097106934,1.07510244846344,1747230045.629168,-3.252469062805176,141
141,0.5521942973136902,141,1.0,-1.5310128927230835,1.17698335647583,2391.836464923,1.6252,11.409706115722656,0.9344845414161682,0,-1.590437889099121,0.27,-1.407667875289917,-2.181522846221924,1.2495781183242798,1747230062.278455,-3.1160073280334473,142
142,0.5907187461853027,142,1.0,-1.4242697954177856,1.3140337467193604,2408.474603708,1.5653,13.197136878967285,0.795252799987793,0,-1.494336724281311,0.27,-1.3096528053283691,-2.824892044067383,1.4466300010681152,1747230078.9568977,-3.620144844055176,143
143,1.257833480834961,143,0.5,-1.4693264961242676,1.9649739265441895,2425.210535182,1.5775,12.302886962890625,-0.20015519857406616,0,-1.5526278018951416,0.27,-1.324995517730713,-3.0203239917755127,1.4142810106277466,1747230095.653856,-2.8201687335968018,144
144,0.9344631433486938,144,0.5,-1.5154976844787598,1.6600050926208496,2441.998478499,1.6969,12.535807609558105,0.05873453617095947,0,-1.6734591722488403,0.27,-1.435072422027588,-2.89918851852417,1.451084017753601,1747230112.4414473,-2.95792293548584,145
145,0.762028694152832,145,0.5,-1.4655095338821411,1.4648315906524658,2458.661466526,1.494,11.13868236541748,0.40938085317611694,0,-1.4876410961151123,0.28,-1.2860748767852783,-2.5196585655212402,1.4056057929992676,1747230129.1053436,-2.929039478302002,146
146,1.263352632522583,146,0.5,-1.2158472537994385,1.930999994277954,2475.437420975,1.5943,9.984638214111328,-0.3135778307914734,0,-1.3204832077026367,0.28,-1.170351505279541,-2.4366931915283203,1.3352947235107422,1747230145.880811,-2.1231155395507812,147
147,1.7899856567382812,147,0.25,-1.4286620616912842,2.6382195949554443,2492.21647171,1.5631,13.038839340209961,-1.1255865097045898,0,-1.497045874595642,0.28,-1.2882819175720215,-3.358292579650879,1.6964677572250366,1747230162.6584716,-2.232706308364868,148
148,0.955734133720398,149,0.5,-1.3695623874664307,1.6637849807739258,2525.61945846,1.5187,14.535900115966797,0.45195066928863525,0,-1.5245048999786377,0.28,-1.2021726369857788,-2.77053165435791,1.4161015748977661,1747230196.1016827,-3.222482204437256,150
149,0.5577852129936218,150,0.75,-1.4438589811325073,1.0832366943359375,2542.334455727,1.6616,14.667173385620117,0.9913100004196167,0,-1.5024199485778809,0.29,-1.3672646284103394,-1.4766288995742798,1.050903081893921,1747230212.7777376,-2.4679388999938965,151
150,0.597405731678009,151,1.0,-1.3407998085021973,1.071357250213623,2559.155918832,1.5951,12.448484420776367,0.743859052658081,0,-1.5369164943695068,0.29,-1.2719569206237793,-1.6116249561309814,0.9479030966758728,1747230229.6382298,-2.3554840087890625,152
151,0.6218742728233337,152,0.75,-1.594316005706787,1.2494118213653564,2576.065462291,1.4686,11.17617416381836,0.7623475790023804,0,-1.6373705863952637,0.29,-1.341923713684082,-2.4257214069366455,1.2550749778747559,1747230246.5080924,-3.1880688667297363,153
152,0.6129437685012817,153,0.75,-1.438570261001587,1.128706693649292,2592.866482035,1.4881,11.048300743103027,0.7796919345855713,0,-1.5902739763259888,0.29,-1.2409377098083496,-2.0627012252807617,1.031525731086731,1747230263.3088384,-2.842393159866333,154
153,0.5765038728713989,154,1.0,-1.3100237846374512,0.9431391954421997,2609.635451336,1.6247,13.076295852661133,0.8080276250839233,0,-1.3842027187347412,0.29,-1.2577775716781616,-1.2318446636199951,0.7332706451416016,1747230280.0782084,-2.039872169494629,155
154,0.5526354312896729,155,0.75,-1.4773855209350586,1.188868761062622,2626.411454097,1.3237,9.706981658935547,0.991723358631134,0,-1.4518508911132812,0.29,-1.1111736297607422,-2.2653307914733887,1.272466778755188,1747230296.853624,-3.257054090499878,156
155,0.6615399122238159,156,0.75,-1.480396032333374,1.2401556968688965,2643.259447722,1.4975,12.728650093078613,0.6190652847290039,0,-1.5390186309814453,0.3,-1.2909024953842163,-2.1784234046936035,1.1572316884994507,1747230313.702197,-2.7974886894226074,157
156,0.7542366981506348,157,0.75,-1.3670544624328613,1.2334836721420288,2659.876293118,1.5159,10.569388389587402,0.47090810537338257,0,-1.3221977949142456,0.3,-1.2137174606323242,-1.7782046794891357,0.9584940075874329,1747230330.3585806,-2.249112844467163,158
157,0.6209636926651001,158,0.75,-1.4622539281845093,1.353760838508606,2676.647105663,1.3463,10.101036071777344,0.9429784417152405,0,-1.5106472969055176,0.3,-1.1513397693634033,-2.648426055908203,1.4655942916870117,1747230347.1294053,-3.591404438018799,159
158,0.6831220984458923,159,0.75,-1.4095699787139893,1.353482961654663,2693.467481942,1.6347,13.480347633361816,0.7706136703491211,0,-1.4125518798828125,0.3,-1.302802562713623,-2.382744550704956,1.3407217264175415,1747230363.9110782,-3.153358221054077,160
159,0.7689054012298584,160,0.5,-1.559946060180664,1.5744434595108032,2710.101674763,1.4821,11.533724784851074,0.42114949226379395,0,-1.523481845855713,0.3,-1.3411424160003662,-3.094980001449585,1.6110761165618896,1747230380.5839887,-3.516129493713379,161
160,0.7672624588012695,161,0.75,-1.4685890674591064,1.4459176063537598,2726.916429461,1.4792,10.88525390625,0.37033703923225403,0,-1.4425640106201172,0.31,-1.2902884483337402,-2.452498197555542,1.35731041431427,1747230397.3603103,-2.8228352069854736,162
161,0.7140642404556274,162,0.5,-1.4652892351150513,1.3464694023132324,2743.688443826,1.6818,10.838264465332031,0.5783512592315674,0,-1.576919436454773,0.31,-1.3938775062561035,-2.199333906173706,1.2648104429244995,1747230414.1313655,-2.7776851654052734,163
162,0.7022730112075806,163,1.0,-1.443678379058838,1.384092092514038,2760.459462535,1.767,13.344128608703613,0.4946824908256531,0,-1.656660795211792,0.31,-1.4643595218658447,-2.834540843963623,1.3636380434036255,1747230430.902619,-3.329223155975342,164
163,1.2368428707122803,164,0.25,-1.418818712234497,2.0670886039733887,2777.233453032,1.6327,11.670256614685059,-0.3261104226112366,0,-1.5540213584899902,0.31,-1.2938048839569092,-3.003129005432129,1.6604912281036377,1747230447.676814,-2.677018642425537,165
164,0.5917658805847168,165,1.0,-1.4796619415283203,1.0412572622299194,2793.907443084,1.4188,13.631645202636719,0.7360047101974487,0,-1.558004379272461,0.31,-1.2479541301727295,-1.9551756381988525,0.89898282289505,1747230464.350111,-2.6911802291870117,166
165,0.5699472427368164,166,1.0,-1.3315987586975098,1.1870887279510498,2810.511336466,1.5675,11.308560371398926,1.076933741569519,0,-1.5303752422332764,0.32,-1.2093451023101807,-2.1186954975128174,1.2342828512191772,1747230480.993691,-3.195629119873047,167
166,0.46217966079711914,167,1.0,-1.548523187637329,1.072566270828247,2827.188898234,1.3314,10.580052375793457,1.1398541927337646,0,-1.5153095722198486,0.32,-1.1734789609909058,-2.3473029136657715,1.2207731008529663,1747230497.6712804,-3.4871573448181152,168
167,0.9438138008117676,168,0.5,-1.4768142700195312,1.538984775543213,2844.007508506,1.6567,11.451802253723145,0.06861796975135803,0,-1.4659838676452637,0.32,-1.4051549434661865,-2.1351075172424316,1.190341830253601,1747230514.4502811,-2.203725576400757,169
168,0.7670952677726746,169,0.75,-1.55332612991333,1.4636595249176025,2860.606756632,1.3997,15.007298469543457,0.3963060975074768,0,-1.6236023902893066,0.32,-1.26114821434021,-2.762399435043335,1.3931286334991455,1747230531.0890813,-3.158705472946167,170
169,0.6192371845245361,170,1.0,-1.4500857591629028,1.3841140270233154,2877.434509248,1.7829,12.177478790283203,0.9042481184005737,0,-1.5726819038391113,0.32,-1.4689407348632812,-2.8738389015197754,1.5297538042068481,1747230547.8773794,-3.7780871391296387,171
170,1.243725061416626,172,0.25,-1.4951800107955933,1.9296972751617432,2910.854474797,1.5515,13.380582809448242,-0.45212703943252563,0,-1.3982014656066895,0.33,-1.3204193115234375,-2.9901366233825684,1.3719443082809448,1747230581.297886,-2.5380096435546875,173
171,1.1053731441497803,173,0.25,-1.4258813858032227,1.9124672412872314,2927.712463803,1.7675,13.354293823242188,-0.15199387073516846,0,-1.6150805950164795,0.33,-1.4440462589263916,-2.8751745223999023,1.6141881942749023,1747230598.1560757,-2.7231807708740234,174
172,0.44487613439559937,175,1.0,-1.6432446241378784,1.1525903940200806,2961.006493819,1.4822,11.712258338928223,1.4295215606689453,0,-1.85556960105896,0.33,-1.3640532493591309,-2.6214160919189453,1.4154285192489624,1747230631.4887452,-4.050937652587891,176
173,0.3703714907169342,176,1.0,-1.39689302444458,0.8980962038040161,2977.826527769,1.5464,13.409371376037598,1.6035391092300415,0,-1.6336939334869385,0.33,-1.2478102445602417,-2.0325472354888916,1.055449366569519,1747230648.2686718,-3.6360862255096436,177
174,0.8538834452629089,177,0.75,-1.427574634552002,1.5558042526245117,2994.615462886,1.6272,11.625041961669922,0.20979218184947968,0,-1.6372766494750977,0.34,-1.3407158851623535,-2.694138526916504,1.4038416147232056,1747230665.0574722,-2.9039306640625,178
175,0.6371703147888184,178,0.75,-1.5986933708190918,1.3019328117370605,3011.386479036,1.6677,12.459688186645508,0.7585289478302002,0,-1.551745057106018,0.34,-1.4540126323699951,-2.485872268676758,1.3295248746871948,1747230681.8298364,-3.244401454925537,179
176,1.6376032829284668,179,0.25,-1.4841995239257812,2.5581016540527344,3028.167449891,1.6806,11.557600975036621,-1.032285213470459,0,-1.573232650756836,0.34,-1.3773568868637085,-3.2636959552764893,1.8409969806671143,1747230698.6104698,-2.2314107418060303,180
177,0.9506428241729736,180,0.75,-1.4776391983032227,1.5555479526519775,3044.830535692,1.5968,11.235661506652832,0.12922704219818115,0,-1.7327346801757812,0.34,-1.3605064153671265,-2.3064188957214355,1.2098101377487183,1747230715.2729528,-2.4356460571289062,181
178,0.8714733123779297,181,0.5,-1.288483738899231,1.378544807434082,3061.600454695,1.3708,8.991881370544434,0.19260981678962708,0,-1.3213258981704712,0.34,-1.0707807540893555,-1.85164475440979,1.0141428709030151,1747230732.043371,-2.0442543029785156,182
179,1.1859182119369507,182,0.25,-1.4131978750228882,1.9511183500289917,3078.451524801,1.4729,12.228965759277344,-0.36350876092910767,0,-1.4013417959213257,0.35,-1.221956729888916,-3.2976667881011963,1.530400276184082,1747230748.8948104,-2.9341578483581543,183
180,1.1625919342041016,183,0.25,-1.331073522567749,1.8652589321136475,3095.120476263,1.6407,11.19389533996582,-0.22011229395866394,0,-1.573313593864441,0.35,-1.2757940292358398,-2.8288161754608154,1.4053339958190918,1747230765.5640035,-2.608703851699829,184
181,0.8566662073135376,184,0.5,-1.2827622890472412,1.3638391494750977,3111.853567555,1.6226,11.658101081848145,0.33504748344421387,0,-1.4260649681091309,0.35,-1.2210464477539062,-1.810208797454834,1.0143460035324097,1747230782.3358877,-2.145256280899048,185
182,0.9697362184524536,185,0.75,-1.4641631841659546,1.4811952114105225,3128.553474284,1.4857,15.23475170135498,0.0554279088973999,0,-1.2198026180267334,0.35,-1.2362959384918213,-1.994138240814209,1.0229179859161377,1747230798.9968753,-2.0495662689208984,186
183,0.7260881662368774,186,0.5,-1.3930585384368896,1.420780897140503,3145.500515375,1.3858,11.981842994689941,0.539016842842102,0,-1.2498292922973633,0.35,-1.1348450183868408,-2.336805582046509,1.389385461807251,1747230815.9441826,-2.8758225440979004,187
184,1.0290122032165527,187,0.5,-1.4236748218536377,1.6224524974822998,3162.155438689,1.6588,16.183439254760742,-0.08931192755699158,0,-1.6336983442306519,0.36,-1.3194804191589355,-2.3768725395202637,1.1868807077407837,1747230832.598682,-2.28756046295166,188
185,0.9494060277938843,188,0.5,-1.4811122417449951,1.6531975269317627,3178.99547148,1.6744,11.244525909423828,0.05016171932220459,0,-1.547958493232727,0.36,-1.3922014236450195,-2.601900577545166,1.4075829982757568,1747230849.438649,-2.65206241607666,189
186,0.9390596747398376,189,0.5,-1.6304265260696411,1.649755597114563,3195.88349143,1.5322,10.966630935668945,0.24853789806365967,0,-1.5021133422851562,0.36,-1.396849513053894,-2.63649320602417,1.4213918447494507,1747230866.3272402,-2.885031223297119,190
187,0.7276513576507568,190,0.75,-1.4854846000671387,1.3364019393920898,3212.651476189,1.5634,12.607353210449219,0.4813816249370575,0,-1.5177655220031738,0.36,-1.3236815929412842,-2.4121387004852295,1.217501163482666,1747230883.0945323,-2.8935203552246094,191
188,0.5768576264381409,191,1.0,-1.4629020690917969,1.1171729564666748,3229.570477891,1.4507,11.600258827209473,0.812193751335144,0,-1.5258208513259888,0.36,-1.2461965084075928,-1.9013407230377197,1.0806307792663574,1747230900.0176706,-2.713534355163574,192
189,0.86741042137146,192,0.5,-1.6293587684631348,1.5088307857513428,3246.359556691,1.5468,14.228431701660156,0.26917847990989685,0,-1.728231430053711,0.36,-1.4080209732055664,-2.6714563369750977,1.282840609550476,1747230916.803468,-2.9406347274780273,193
190,0.8857517838478088,193,0.25,-1.3826415538787842,1.6038291454315186,3262.958766983,1.7919,16.69884490966797,0.28999000787734985,0,-1.5344676971435547,0.37,-1.4036648273468018,-2.607342004776001,1.4361546039581299,1747230933.4411128,-2.897331953048706,194
191,0.8110265731811523,194,0.75,-1.4119312763214111,1.4502482414245605,3279.642468097,1.5869,10.943243980407715,0.4264508783817291,0,-1.3927029371261597,0.37,-1.2835650444030762,-2.455718517303467,1.2784432172775269,1747230950.0849826,-2.882169246673584,195
192,0.9216128587722778,195,0.5,-1.2854149341583252,1.3565459251403809,3296.230889936,1.7444,12.18749713897705,0.15120452642440796,0,-1.614397644996643,0.37,-1.3055766820907593,-1.7988187074661255,0.8698660731315613,1747230966.7131853,-1.9500232934951782,196
193,0.9445436000823975,196,0.75,-1.395393967628479,1.6663541793823242,3312.906516153,1.6263,14.165769577026367,0.2689375877380371,0,-1.4642583131790161,0.37,-1.2975406646728516,-2.9458742141723633,1.443621039390564,1747230983.3490937,-3.2148118019104004,197
194,0.9238497614860535,197,0.5,-1.3170315027236938,1.554811954498291,3329.73853318,1.464,12.186966896057129,0.26356983184814453,0,-1.4052386283874512,0.37,-1.1496391296386719,-2.319920539855957,1.2619242668151855,1747231000.1812134,-2.5834903717041016,198
195,0.8786478042602539,198,0.75,-1.303688883781433,1.495448112487793,3346.680467778,1.7363,13.637174606323242,0.16095122694969177,0,-1.5553478002548218,0.38,-1.3340822458267212,-2.1484243869781494,1.2336007356643677,1747231017.1232452,-2.309375762939453,199
196,0.6012318134307861,199,1.0,-1.500875473022461,1.306782603263855,3363.34943006,1.612,15.417374610900879,0.8383129835128784,0,-1.521496057510376,0.38,-1.3974751234054565,-2.5340616703033447,1.4111015796661377,1747231033.7918518,-3.3723745346069336,200
197,0.6548551321029663,200,0.75,-1.398789405822754,1.3166931867599487,3380.041577662,1.4258,15.309913635253906,0.7708857655525208,0,-1.3519383668899536,0.38,-1.1929147243499756,-2.41802978515625,1.3236761093139648,1747231050.4880857,-3.188915252685547,201
198,0.8391327261924744,201,1.0,-1.5335338115692139,1.576720952987671,3396.721497336,1.5375,12.734198570251465,0.24315321445465088,0,-1.7475788593292236,0.38,-1.3456165790557861,-3.081307888031006,1.4751763343811035,1747231067.1643724,-3.324460983276367,202
199,0.5937690734863281,202,1.0,-1.4782638549804688,1.2963818311691284,3413.458853563,1.3663,14.896683692932129,0.73117995262146,0,-1.3334650993347168,0.38,-1.1958664655685425,-2.601844072341919,1.4052255153656006,1747231083.9411526,-3.333024024963379,203
200,0.9789425134658813,203,0.75,-1.5036882162094116,1.548349380493164,3430.184444768,1.434,14.231558799743652,0.021827921271324158,0,-1.7311922311782837,0.39,-1.2467514276504517,-2.1072821617126465,1.1388136148452759,1747231100.6271198,-2.129110097885132,204
201,1.2655866146087646,204,0.25,-1.4880571365356445,1.9789592027664185,3446.880466255,1.5644,12.582932472229004,-0.48892006278038025,0,-1.6083247661590576,0.39,-1.3454480171203613,-2.808501720428467,1.4267451763153076,1747231117.3232005,-2.3195815086364746,205
202,0.7007506489753723,206,0.75,-1.498351812362671,1.4436776638031006,3480.191538309,1.6241,12.624883651733398,0.520845353603363,0,-1.421757459640503,0.39,-1.402722716331482,-2.6784281730651855,1.485853910446167,1747231150.6336896,-3.1992733478546143,207
203,0.6222190856933594,207,1.0,-1.5664384365081787,1.3490650653839111,3496.868466815,1.461,14.090161323547363,0.6909598112106323,0,-1.5204603672027588,0.39,-1.3223652839660645,-2.774209976196289,1.4536919593811035,1747231167.3107207,-3.465169668197632,208
204,0.7420168519020081,208,0.75,-1.3560330867767334,1.261837124824524,3513.77144192,1.5361,13.664970397949219,0.45985305309295654,0,-1.534284234046936,0.4,-1.2115662097930908,-1.936105728149414,1.0396405458450317,1747231184.2135499,-2.39595890045166,209
205,0.5787162780761719,209,0.75,-1.4015910625457764,1.188234806060791,3530.72733439,1.5538,13.575413703918457,1.188693642616272,0,-1.3208545446395874,0.4,-1.2335569858551025,-1.8251744508743286,1.2190369367599487,1747231201.2095795,-3.0138680934906006,210
206,0.7189828157424927,210,0.75,-1.5379817485809326,1.5019493103027344,3547.447473865,1.472,13.507477760314941,0.6522778868675232,0,-1.6542658805847168,0.4,-1.3104511499404907,-2.5608103275299072,1.565933108329773,1747231217.889896,-3.213088274002075,211
207,1.1601145267486572,211,0.0,-1.4465055465698242,1.8364475965499878,3564.084549353,1.6843,14.75130558013916,-0.32621684670448303,0,-1.514999508857727,0.4,-1.376561164855957,-2.52630615234375,1.3526661396026611,1747231234.5669217,-2.200089454650879,212
208,1.0388693809509277,212,0.5,-1.4252657890319824,1.5566966533660889,3580.907476191,1.636,12.090442657470703,-0.053213298320770264,0,-1.4972238540649414,0.4,-1.319397211074829,-2.138899803161621,1.0356544256210327,1747231251.3496556,-2.085686445236206,213
209,0.8798857927322388,213,0.5,-1.3678221702575684,1.7252602577209473,3597.580449226,1.6425,11.589205741882324,0.4884319007396698,0,-1.432852029800415,0.4,-1.2813142538070679,-2.871040105819702,1.6907488107681274,1747231268.025926,-3.3594720363616943,214
210,0.8388932943344116,214,0.75,-1.3633333444595337,1.449011206626892,3614.431485966,1.7747,13.54641056060791,0.37765780091285706,0,-1.4680545330047607,0.41,-1.3738723993301392,-2.100280523300171,1.220235824584961,1747231284.8736615,-2.477938175201416,215
211,0.6613106727600098,215,0.75,-1.437917709350586,1.3595235347747803,3631.101633951,1.5449,10.841233253479004,1.044790267944336,0,-1.5433170795440674,0.41,-1.2642689943313599,-2.40079927444458,1.396425724029541,1747231301.543946,-3.445589542388916,216
212,0.7228190302848816,216,0.5,-1.3437857627868652,1.318698525428772,3647.740430337,1.5558,12.412997245788574,0.6068130731582642,0,-1.3181393146514893,0.41,-1.2241921424865723,-2.32735013961792,1.1917589902877808,1747231318.1826978,-2.9341630935668945,217
213,0.8199516534805298,217,0.5,-1.5041708946228027,1.5575292110443115,3664.389419975,1.5259,11.179588317871094,0.49807167053222656,0,-1.5517462491989136,0.41,-1.313050389289856,-2.911776542663574,1.475155234336853,1747231334.8316958,-3.409848213195801,218
214,0.4001111388206482,218,1.0,-1.4964406490325928,1.0792121887207031,3680.990089993,1.5157,13.050490379333496,1.3842658996582031,0,-1.4644497632980347,0.41,-1.286494255065918,-2.7688584327697754,1.3582022190093994,1747231351.472422,-4.15312385559082,219
215,0.5285500884056091,219,1.0,-1.541611671447754,1.182535171508789,3697.801636013,1.5278,14.229191780090332,0.9271970987319946,0,-1.6081788539886475,0.42,-1.3485370874404907,-2.3270065784454346,1.3079702854156494,1747231368.2444313,-3.2542037963867188,220
216,0.8780996799468994,220,0.25,-1.4191274642944336,1.479745626449585,3714.39676773,1.4982,14.025797843933105,0.21794065833091736,0,-1.5451997518539429,0.42,-1.2629144191741943,-2.4094998836517334,1.2032917737960815,1747231384.8790884,-2.6274404525756836,221
217,0.5390086770057678,221,1.0,-1.5257701873779297,1.2210078239440918,3731.10444962,1.4847,11.991915702819824,0.8626712560653687,0,-1.5364418029785156,0.42,-1.3145853281021118,-2.3058133125305176,1.3639981746673584,1747231401.5472686,-3.168484687805176,222
218,0.8980095386505127,222,0.75,-1.390464186668396,1.5029218196868896,3747.760785691,1.5561,12.858187675476074,0.23621568083763123,0,-1.5665839910507202,0.42,-1.2597424983978271,-2.3336973190307617,1.2098246812820435,1747231418.24317,-2.569912910461426,223
219,1.2429298162460327,223,0.25,-1.634806513786316,2.0292246341705322,3764.474515805,1.5607,11.916119575500488,-0.4358728229999542,0,-1.4898700714111328,0.42,-1.399651050567627,-2.9998362064361572,1.5725895166397095,1747231434.9169273,-2.5639634132385254,224
220,1.3313026428222656,224,0.25,-1.4088983535766602,2.2212424278259277,3781.268451587,1.6554,12.621088981628418,-0.5642834305763245,0,-1.492155909538269,0.43,-1.3200074434280396,-3.1184635162353516,1.7798794507980347,1747231451.7108629,-2.554180145263672,225
221,0.9605618715286255,225,0.75,-1.4427801370620728,1.5555258989334106,3798.040463644,1.5217,9.464984893798828,0.19616934657096863,0,-1.464206337928772,0.43,-1.2511975765228271,-1.8430280685424805,1.1899280548095703,1747231468.4833074,-2.0391972064971924,226
222,0.9248747825622559,226,0.75,-1.5341877937316895,1.801734209060669,3814.809450033,1.5691,14.875476837158203,0.46066951751708984,0,-1.6257579326629639,0.43,-1.3770015239715576,-3.7550463676452637,1.7537187337875366,1747231485.252143,-4.2157158851623535,227
223,0.7558144330978394,227,0.5,-1.3499369621276855,1.2921814918518066,3831.438872771,1.5438,11.725215911865234,0.4385056495666504,0,-1.4450998306274414,0.43,-1.197588324546814,-1.878927230834961,1.0727341175079346,1747231501.9211905,-2.3174331188201904,228
224,0.917994499206543,228,0.5,-1.3930408954620361,1.532571792602539,3848.269554204,1.5263,10.49323844909668,0.0998508632183075,0,-1.4374066591262817,0.43,-1.233267068862915,-2.0500130653381348,1.2291544675827026,1747231518.711965,-2.1498639583587646,229
225,0.8268575668334961,229,0.75,-1.5911656618118286,1.5927848815917969,3865.031134953,1.6022,12.682366371154785,0.46828386187553406,0,-1.550779104232788,0.43,-1.4150125980377197,-2.7472434043884277,1.5318546295166016,1747231535.513486,-3.215527296066284,230
226,0.6811322569847107,230,0.75,-1.333040714263916,1.237489104270935,3881.73955795,1.4258,12.202486991882324,0.6284644603729248,0,-1.448607325553894,0.44,-1.142052173614502,-1.9048311710357666,1.1127136945724487,1747231552.1816976,-2.5332956314086914,231
227,1.132144808769226,231,0.25,-1.3747777938842773,1.7850251197814941,3898.384469252,1.5344,11.938345909118652,-0.07409641146659851,0,-1.5486574172973633,0.44,-1.2469300031661987,-2.48496150970459,1.3057605028152466,1747231568.8275719,-2.41086483001709,232
228,0.7221623659133911,232,1.0,-1.26200532913208,1.162597417831421,3915.058470783,1.5808,11.922102928161621,0.4930453896522522,0,-1.5202131271362305,0.44,-1.199364423751831,-1.677298903465271,0.8808701634407043,1747231585.501849,-2.170344352722168,233
229,0.9404090642929077,233,0.75,-1.5312938690185547,1.531949758529663,3931.858515342,1.5462,13.22903823852539,0.22383004426956177,0,-1.5120744705200195,0.44,-1.3472063541412354,-2.4574599266052246,1.1830815076828003,1747231602.3009527,-2.6812901496887207,234
230,0.9427887201309204,234,0.75,-1.581628680229187,1.6677117347717285,3948.526452899,1.4951,13.298404693603516,0.13415277004241943,0,-1.496890902519226,0.44,-1.3423030376434326,-3.084667682647705,1.4498460292816162,1747231618.9691827,-3.218820571899414,235
231,0.6547352075576782,235,0.75,-1.334972858428955,1.2404448986053467,3965.206411558,1.6412,12.48259449005127,0.7593154907226562,0,-1.4104183912277222,0.45,-1.264536738395691,-2.1221354007720947,1.171419382095337,1747231635.6528635,-2.881450891494751,236
232,0.8042917847633362,236,0.75,-1.3194876909255981,1.436498999595642,3982.031765381,1.5448,10.708473205566406,0.40026116371154785,0,-1.4254193305969238,0.45,-1.1846064329147339,-1.7509963512420654,1.2644144296646118,1747231652.514111,-2.1512575149536133,237
233,0.7548388242721558,237,0.75,-1.4565670490264893,1.3149741888046265,3998.857473623,1.3632,10.51451301574707,0.4365558922290802,0,-1.5253221988677979,0.45,-1.2027091979980469,-2.2071242332458496,1.1202707290649414,1747231669.3003843,-2.6436800956726074,238
234,1.3259952068328857,238,0.5,-1.4044440984725952,1.9463069438934326,4015.488963006,1.7097,17.706174850463867,-0.49183398485183716,0,-1.5395662784576416,0.45,-1.3676114082336426,-2.2873382568359375,1.2406235933303833,1747231685.971241,-1.7955043315887451,239
235,0.5117114782333374,239,1.0,-1.4899213314056396,1.0665266513824463,4032.324444335,1.3152,11.109695434570312,0.9856512546539307,0,-1.4315427541732788,0.45,-1.1636470556259155,-2.7174410820007324,1.1096303462982178,1747231702.7681675,-3.703092098236084,240
236,0.7320795059204102,240,0.75,-1.486363172531128,1.2269361019134521,4049.119667995,1.5623,13.151473999023438,0.5562807321548462,0,-1.5998456478118896,0.46,-1.3464207649230957,-2.018782138824463,0.9897130727767944,1747231719.561676,-2.5750627517700195,241
237,0.5936251878738403,241,1.0,-1.405405044555664,1.1776180267333984,4065.964727906,1.5246,10.890829086303711,0.8203580379486084,0,-1.5336556434631348,0.46,-1.2625243663787842,-2.4199490547180176,1.1679855585098267,1747231736.4071674,-3.240306854248047,242
238,1.1497480869293213,242,0.5,-1.5481131076812744,1.9018683433532715,4082.648464917,1.672,12.217352867126465,-0.13555485010147095,0,-1.5666682720184326,0.46,-1.449817180633545,-2.9067583084106445,1.5042405128479004,1747231753.0908253,-2.7712037563323975,243
239,1.0496468544006348,243,0.75,-1.3658668994903564,1.7524722814559937,4099.294462308,1.8765,15.624018669128418,-0.11579316854476929,0,-1.6220906972885132,0.46,-1.4642696380615234,-2.9693918228149414,1.4056508541107178,1747231769.7382016,-2.8535985946655273,244
240,1.0432703495025635,244,0.75,-1.4356215000152588,1.7012341022491455,4116.042199574,1.6284,15.464397430419922,0.1236761212348938,0,-1.4975299835205078,0.46,-1.315639615058899,-2.310370922088623,1.315927505493164,1747231786.5245469,-2.434046745300293,245
241,1.149655818939209,245,0.25,-1.4252204895019531,1.7200453281402588,4132.839385138,1.6169,15.9562349319458,-0.31921616196632385,0,-1.4712045192718506,0.47,-1.328334093093872,-2.023407220840454,1.1407791376113892,1747231803.3217258,-1.704190969467163,246
242,0.6697548627853394,246,0.75,-1.4108439683914185,1.3917704820632935,4149.636681603,1.5429,14.10733413696289,0.5800436735153198,0,-1.4156262874603271,0.47,-1.3019886016845703,-2.656179428100586,1.4440312385559082,1747231820.0802586,-3.236222982406616,247
243,0.7097568511962891,247,0.5,-1.4285435676574707,1.2868847846984863,4166.268105522,1.4319,8.630781173706055,0.624203085899353,0,-1.336562991142273,0.47,-1.1830562353134155,-2.1064319610595703,1.1542558670043945,1747231836.750464,-2.730635166168213,248
244,0.7584497928619385,249,0.75,-1.2868924140930176,1.382763147354126,4200.067466918,1.4684,10.898467063903809,0.4407286047935486,0,-1.5411474704742432,0.47,-1.1319379806518555,-2.394761085510254,1.2486265897750854,1747231870.510679,-2.8354897499084473,250
245,1.2241754531860352,250,0.25,-1.6291295289993286,1.997212290763855,4216.701535408,1.5685,11.969880104064941,-0.3890596330165863,0,-1.5772074460983276,0.47,-1.4033679962158203,-2.9195151329040527,1.5460736751556396,1747231887.1450858,-2.5304555892944336,251
246,0.9305692911148071,251,0.25,-1.4236537218093872,1.7699731588363647,4233.473453544,1.4717,10.979232788085938,0.1291523277759552,0,-1.4318984746932983,0.48,-1.2085291147232056,-2.6329026222229004,1.6788077354431152,1747231903.9165928,-2.762054920196533,252
247,1.0725393295288086,252,0.25,-1.370112657546997,1.758043885231018,4250.307487882,1.5995,14.113598823547363,-0.18010079860687256,0,-1.6198184490203857,0.48,-1.2871944904327393,-2.5448946952819824,1.371009111404419,1747231920.7544029,-2.3647940158843994,253
248,0.704749345779419,253,0.75,-1.3923969268798828,1.2100870609283447,4266.955820994,1.5247,13.01062297821045,0.6534923911094666,0,-1.499697208404541,0.48,-1.207922101020813,-1.8304156064987183,1.010675311088562,1747231937.4381537,-2.48390793800354,254
249,0.8898289203643799,254,0.75,-1.3872431516647339,1.2812327146530151,4283.659492217,1.5921,15.700043678283691,0.2685697376728058,0,-1.457226276397705,0.48,-1.2888944149017334,-1.6099951267242432,0.7828075289726257,1747231954.103137,-1.8785650730133057,255
250,0.9038308262825012,255,0.75,-1.5347704887390137,1.511116862297058,4300.500489968,1.4084,10.711782455444336,0.4277949631214142,0,-1.3857359886169434,0.48,-1.274395227432251,-2.4471585750579834,1.2145720720291138,1747231970.9435523,-2.874953508377075,256
251,0.6203025579452515,256,0.75,-1.3980486392974854,1.275924563407898,4317.146437876,1.5906,16.948930740356445,0.9664861559867859,0,-1.5739967823028564,0.49,-1.260594367980957,-2.0814754962921143,1.311244010925293,1747231987.5887232,-3.047961473464966,257
252,0.6363826394081116,257,0.75,-1.437458872795105,1.112532377243042,4333.78144562,1.5508,10.713951110839844,0.9078440070152283,0,-1.3568849563598633,0.49,-1.3050122261047363,-1.877410888671875,0.9522995948791504,1747232004.224799,-2.785254955291748,258
253,0.667721152305603,258,0.75,-1.4461256265640259,1.3045704364776611,4350.46249168,1.5007,11.394124984741211,0.7884132266044617,0,-1.5101642608642578,0.49,-1.2824695110321045,-2.2779715061187744,1.2736984491348267,1747232020.9061499,-3.066384792327881,259
254,0.5027749538421631,259,1.0,-1.4896446466445923,1.2921485900878906,4367.310537997,1.5429,12.182270050048828,0.9636887907981873,0,-1.5145323276519775,0.49,-1.3061940670013428,-2.1780333518981934,1.5787471532821655,1747232037.7531092,-3.1417222023010254,260
255,0.6263580322265625,260,0.75,-1.5500870943069458,1.0947704315185547,4384.088442566,1.4429,10.933664321899414,0.8380745649337769,0,-1.5287225246429443,0.49,-1.304880142211914,-1.8068726062774658,0.9368247389793396,1747232054.531629,-2.644947052001953,261
256,1.205981731414795,261,0.25,-1.3910577297210693,1.8080947399139404,4400.924480125,1.5054,11.551655769348145,-0.29403039813041687,0,-1.399770975112915,0.5,-1.1866512298583984,-2.0136306285858154,1.204226016998291,1747232071.371238,-1.7196002006530762,262
257,1.0948998928070068,262,0.75,-1.4511454105377197,1.7607039213180542,4417.699299295,1.4494,11.571614265441895,-0.05166912078857422,0,-1.4926433563232422,0.5,-1.2202812433242798,-2.282496929168701,1.3316080570220947,1747232088.1816258,-2.230827808380127,263
258,0.9914474487304688,263,0.25,-1.4924771785736084,1.7423467636108398,4434.514472156,1.612,10.674826622009277,-0.0404672771692276,0,-1.4844920635223389,0.5,-1.3795650005340576,-2.3927950859069824,1.5017987489700317,1747232104.9568803,-2.352327823638916,264
259,0.7384745478630066,264,0.75,-1.4297680854797363,1.321981430053711,4451.163448714,1.36,9.840352058410645,0.49140846729278564,0,-1.376599907875061,0.5,-1.1774020195007324,-1.9180420637130737,1.1670137643814087,1747232121.6061292,-2.4094505310058594,265
260,0.5546340942382812,265,1.0,-1.3918745517730713,1.173649787902832,4467.827450411,1.5905,12.692435264587402,0.8214238882064819,0,-1.5011610984802246,0.5,-1.301133632659912,-2.5843796730041504,1.2380313873291016,1747232138.2707152,-3.405803680419922,266
261,1.1124898195266724,266,0.5,-1.474414587020874,1.885737419128418,4484.586605108,1.7647,15.81090259552002,-0.22055187821388245,0,-1.4385902881622314,0.5,-1.4119399785995483,-3.217506170272827,1.5464953184127808,1747232155.0301678,-2.9969544410705566,267
262,0.9099100828170776,267,0.5,-1.3899180889129639,1.5571467876434326,4501.256493254,1.468,10.935215950012207,0.10639625787734985,0,-1.3985698223114014,0.51,-1.1932659149169922,-2.132979393005371,1.29447340965271,1747232171.6994026,-2.239375591278076,268
263,0.5444473028182983,268,0.75,-1.4451723098754883,1.1403284072875977,4518.024446605,1.3864,9.49878215789795,0.9493343830108643,0,-1.6133677959442139,0.51,-1.186933159828186,-2.241020679473877,1.1917622089385986,1747232188.4669702,-3.190354824066162,269
264,0.8927712440490723,269,0.5,-1.553614616394043,1.5081613063812256,4534.805437876,1.5035,10.615903854370117,0.20651376247406006,0,-1.5716209411621094,0.51,-1.3533155918121338,-1.9937148094177246,1.2307801246643066,1747232205.2479305,-2.200228691101074,270
265,1.2405738830566406,270,0.5,-1.425180196762085,2.0533034801483154,4551.641488519,1.6629,11.409979820251465,-0.36767417192459106,0,-1.616694688796997,0.51,-1.3546323776245117,-3.0521512031555176,1.6254591941833496,1747232222.084799,-2.684476852416992,271
266,1.3478002548217773,272,0.25,-1.5529433488845825,2.2364563941955566,4585.069486598,1.6707,12.190648078918457,-0.43998029828071594,0,-1.6260509490966797,0.52,-1.4110959768295288,-3.095045566558838,1.7773125171661377,1747232255.511918,-2.6550652980804443,273
267,1.1565848588943481,273,0.5,-1.5480093955993652,1.7767060995101929,4601.853494698,1.6673,12.72376537322998,-0.10575032234191895,0,-1.5625131130218506,0.52,-1.4199811220169067,-2.468043088912964,1.2402424812316895,1747232272.296373,-2.362292766571045,274
268,0.7215667963027954,274,0.75,-1.4944679737091064,1.2507991790771484,4618.637473956,1.4658,13.652910232543945,0.5159677267074585,0,-1.5713045597076416,0.52,-1.2673059701919556,-1.9631677865982056,1.058464765548706,1747232289.08127,-2.479135513305664,275
269,0.7179949879646301,275,0.75,-1.5050244331359863,1.3481836318969727,4635.305449645,1.5691,14.243853569030762,0.674818754196167,0,-1.529340386390686,0.52,-1.3691954612731934,-2.545396327972412,1.2603774070739746,1747232305.748755,-3.220215082168579,276
270,0.9520869255065918,276,0.5,-1.5183532238006592,1.6474531888961792,4651.953492185,1.5467,10.582497596740723,0.055408626794815063,0,-1.6249791383743286,0.52,-1.3723152875900269,-2.7591285705566406,1.3907325267791748,1747232322.3968606,-2.8145370483398438,277
271,1.335567831993103,277,0.25,-1.5792460441589355,2.0782737731933594,4668.755448341,1.8046,14.794550895690918,-0.5060142278671265,0,-1.6640143394470215,0.53,-1.5514931678771973,-2.8886477947235107,1.4854116439819336,1747232339.1985087,-2.382633686065674,278
272,1.1229993104934692,278,0.5,-1.4198898077011108,1.7975579500198364,4685.542432476,1.6125,14.22305965423584,-0.14983880519866943,0,-1.5926306247711182,0.53,-1.3100687265396118,-2.8127684593200684,1.3491172790527344,1747232355.9861114,-2.6629295349121094,279
273,0.5684880018234253,279,0.75,-1.4947007894515991,1.0026369094848633,4702.428481682,1.535,12.235028266906738,0.9694299697875977,0,-1.5472394227981567,0.53,-1.3255023956298828,-1.6803032159805298,0.8682977557182312,1747232372.871216,-2.649733066558838,280
274,0.8075280785560608,280,0.75,-1.391599416732788,1.4401317834854126,4719.067691476,1.4477,10.839346885681152,0.361881285905838,0,-1.5101838111877441,0.53,-1.1773473024368286,-2.067318916320801,1.2652074098587036,1747232389.5500355,-2.4291999340057373,281
275,0.6943491101264954,281,0.75,-1.4603224992752075,1.358410120010376,4735.771463137,1.6199,13.774285316467285,0.6883513927459717,0,-1.5624096393585205,0.53,-1.3262138366699219,-2.550934314727783,1.3281221389770508,1747232406.2151759,-3.239285469055176,282
276,1.171684741973877,282,0.25,-1.4417927265167236,1.9025509357452393,4752.433513282,1.5676,13.567658424377441,-0.32835331559181213,0,-1.5023086071014404,0.53,-1.2926888465881348,-2.800684928894043,1.4617323875427246,1747232422.8760686,-2.4723315238952637,283
277,1.29208505153656,283,0.25,-1.4859131574630737,2.080065965652466,4769.361429171,1.675,14.173114776611328,-0.5024408102035522,0,-1.4802117347717285,0.54,-1.4297926425933838,-2.957455635070801,1.5759618282318115,1747232439.8051047,-2.455014705657959,284
278,1.1713588237762451,284,0.25,-1.4344147443771362,1.8503105640411377,4786.058473738,1.4886,10.908661842346191,0.027782797813415527,0,-1.4721078872680664,0.54,-1.2532927989959717,-2.62593936920166,1.3579035997390747,1747232456.5006063,-2.653722047805786,285
279,0.8401774168014526,285,0.5,-1.37933349609375,1.4592639207839966,4802.854498101,1.554,11.6044921875,0.3767681121826172,0,-1.4114974737167358,0.54,-1.239710807800293,-2.279322385787964,1.238173007965088,1747232473.2972815,-2.656090497970581,286
280,1.0751051902770996,286,0.5,-1.277679204940796,1.5630710124969482,4819.702468925,1.7876,12.739620208740234,-0.04901683330535889,0,-1.3691703081130981,0.54,-1.3216900825500488,-1.9871891736984253,0.9759315252304077,1747232490.1445975,-1.9381723403930664,287
281,0.6163649559020996,287,0.75,-1.4164286851882935,1.2010096311569214,4836.492449789,1.4707,11.007670402526855,0.7880238890647888,0,-1.4324102401733398,0.54,-1.2334644794464111,-1.8879890441894531,1.1692893505096436,1747232506.9385328,-2.6760127544403076,288
282,0.758904218673706,289,0.75,-1.3200421333312988,1.3916023969650269,4870.066979497,1.5278,10.966169357299805,0.418854296207428,0,-1.4045536518096924,0.55,-1.1860899925231934,-1.9368289709091187,1.2653963565826416,1747232540.5491889,-2.3556833267211914,290
283,1.3791499137878418,290,0.5,-1.4314440488815308,2.088017463684082,4886.78446353,1.735,14.08444595336914,-0.5221395492553711,0,-1.5592708587646484,0.55,-1.3795862197875977,-2.288177728652954,1.4177353382110596,1747232557.2264748,-1.766038179397583,291
284,0.5092483162879944,291,1.0,-1.5879956483840942,1.2329866886138916,4903.57647122,1.4529,11.343847274780273,1.003507137298584,0,-1.5214557647705078,0.55,-1.3426867723464966,-2.887669563293457,1.4474766254425049,1747232574.0187817,-3.891176462173462,292
285,1.3847306966781616,292,0.0,-1.3235759735107422,2.0936625003814697,4920.240435955,1.8474,12.218269348144531,-0.6891170740127563,0,-1.6350764036178589,0.55,-1.4020822048187256,-2.7310426235198975,1.4178634881973267,1747232590.6828327,-2.0419256687164307,293
286,0.5717766880989075,293,0.75,-1.4854775667190552,1.1991984844207764,4937.086427651,1.6798,11.397887229919434,1.0049258470535278,0,-1.5532937049865723,0.56,-1.3779345750808716,-2.440105438232422,1.2548435926437378,1747232607.5285132,-3.44503116607666,294
287,0.7618070244789124,294,0.5,-1.2662948369979858,1.364367961883545,4953.939464228,1.7243,11.822259902954102,0.5822575092315674,0,-1.4099595546722412,0.56,-1.2646245956420898,-1.9940757751464844,1.2051219940185547,1747232624.3823192,-2.576333522796631,295
288,0.9923719763755798,295,0.5,-1.5109150409698486,1.7860713005065918,4970.740454935,1.5824,13.997035026550293,0.04552960395812988,0,-1.5234549045562744,0.56,-1.308332920074463,-2.61283016204834,1.587398648262024,1747232641.1833036,-2.6583595275878906,296
289,0.7473263144493103,296,0.5,-1.3488434553146362,1.3545444011688232,4987.476459868,1.6132,15.873234748840332,0.6946969032287598,0,-1.4400157928466797,0.56,-1.286287784576416,-2.2581777572631836,1.2144362926483154,1747232657.9587548,-2.9528746604919434,297
290,1.055169701576233,297,0.25,-1.3573377132415771,1.8301138877868652,5004.221453414,1.5887,14.086295127868652,-0.05537554621696472,0,-1.576056957244873,0.56,-1.234020709991455,-2.7541542053222656,1.549888253211975,1747232674.664371,-2.6987786293029785,298
291,1.1961939334869385,298,0.25,-1.5255122184753418,2.1475257873535156,5021.026003501,1.8278,13.787933349609375,-0.3755832016468048,0,-1.7711867094039917,0.57,-1.5456268787384033,-3.440563678741455,1.9026638269424438,1747232691.5083184,-3.0649805068969727,299
292,1.1342129707336426,299,0.25,-1.3925315141677856,1.719366431236267,5037.84848497,1.62,15.544135093688965,-0.18111759424209595,0,-1.3422460556030273,0.57,-1.334599256515503,-2.5948925018310547,1.170306921005249,1747232708.2912333,-2.4137744903564453,300
293,0.7039331197738647,300,0.75,-1.381337285041809,1.1476397514343262,5054.499453273,1.4935,11.416136741638184,0.7872953414916992,0,-1.5648173093795776,0.57,-1.214287519454956,-1.5861880779266357,0.8874132633209229,1747232724.9422925,-2.373483180999756,301
294,0.737162709236145,301,0.75,-1.4649418592453003,1.4050241708755493,5071.1994372,1.2618,11.168830871582031,0.5026313662528992,0,-1.4573767185211182,0.57,-1.1386923789978027,-2.5673928260803223,1.3357229232788086,1747232741.6423244,-3.070024013519287,302
295,1.1189565658569336,302,0.25,-1.5847303867340088,1.8236427307128906,5087.906444178,1.5186,11.495097160339355,0.1663842797279358,0,-1.6692233085632324,0.57,-1.3438334465026855,-2.45487642288208,1.409372329711914,1747232758.3491042,-2.621260643005371,303
296,0.8727967739105225,303,0.5,-1.4519360065460205,1.5582910776138306,5104.672481365,1.5796,13.095773696899414,0.22193098068237305,0,-1.6230249404907227,0.57,-1.3156187534332275,-2.7769453525543213,1.3709886074066162,1747232775.1144521,-2.9988765716552734,304
297,1.2174146175384521,304,0.5,-1.4834709167480469,2.1010615825653076,5121.376465625,1.7045,14.57113265991211,-0.4072926938533783,0,-1.5917274951934814,0.58,-1.4228754043579102,-2.9394495487213135,1.7672938108444214,1747232791.8191125,-2.5321569442749023,305
298,0.7235935926437378,305,0.75,-1.434581995010376,1.2736396789550781,5138.100847729,1.5162,12.509891510009766,0.4860144257545471,0,-1.5117741823196411,0.58,-1.273643970489502,-2.1658973693847656,1.1000922918319702,1747232808.583185,-2.651911735534668,306
299,1.4515380859375,306,0.5,-1.504462480545044,2.3700058460235596,5154.98650095,1.6949,13.349976539611816,-0.5134360194206238,0,-1.621955394744873,0.58,-1.4357565641403198,-3.382564067840576,1.8369355201721191,1747232825.4286199,-2.8691282272338867,307
300,1.051533579826355,307,0.5,-1.3617396354675293,1.7135517597198486,5171.626033959,1.4796,12.513465881347656,-0.12369710206985474,0,-1.5037543773651123,0.58,-1.2078502178192139,-2.511672019958496,1.3240362405776978,1747232842.1084073,-2.387974739074707,308
301,0.7199444770812988,308,0.5,-1.4712591171264648,1.490598201751709,5188.458480055,1.5747,11.877623558044434,0.5145092010498047,0,-1.575127363204956,0.58,-1.3440847396850586,-2.9999711513519287,1.5413074493408203,1747232858.9021633,-3.5144803524017334,309
302,0.5333807468414307,309,0.75,-1.4322640895843506,1.2318195104599,5205.138504086,1.4665,12.016677856445312,1.2566473484039307,0,-1.404931902885437,0.59,-1.2155781984329224,-2.391606569290161,1.3968775272369385,1747232875.5823514,-3.648253917694092,310
303,1.0266132354736328,310,0.75,-1.4853366613388062,1.8069555759429932,5221.934468752,1.5094,14.270109176635742,-0.034939467906951904,0,-1.7044050693511963,0.59,-1.335221529006958,-3.0270752906799316,1.5606848001480103,1747232892.3776681,-2.992136001586914,311
304,0.6577615737915039,311,1.0,-1.6068536043167114,1.3155264854431152,5238.594472723,1.7474,15.08104133605957,0.6231359243392944,0,-1.7368192672729492,0.59,-1.5469677448272705,-2.1910064220428467,1.3155299425125122,1747232909.0383492,-2.8141422271728516,312
305,1.0462785959243774,312,0.5,-1.4787445068359375,1.734266757965088,5255.380495212,1.4247,11.074137687683105,-0.0668003261089325,0,-1.3921277523040771,0.59,-1.2368531227111816,-2.6986083984375,1.3759764432907104,1747232925.823859,-2.631807804107666,313
306,1.4740993976593018,313,0.75,-1.4777981042861938,2.4461262226104736,5272.116746664,1.7381,11.4247407913208,-0.6155260801315308,0,-1.5409789085388184,0.59,-1.4462790489196777,-3.9790923595428467,1.9440536499023438,1747232942.599088,-3.3635663986206055,314
307,1.068882703781128,314,0.25,-1.5751898288726807,1.8397247791290283,5288.800714227,1.5355,11.874605178833008,-0.1348091959953308,0,-1.6312980651855469,0.6,-1.3805960416793823,-2.946389675140381,1.5416840314865112,1747232959.2830663,-2.8115806579589844,315
308,0.8742212057113647,315,0.75,-1.2436978816986084,1.4481655359268188,5305.522469769,1.7449,12.051708221435547,0.2391466498374939,0,-1.5684921741485596,0.6,-1.2761988639831543,-2.2766661643981934,1.1478886604309082,1747232975.9649837,-2.515812873840332,316
309,0.6797454357147217,316,0.75,-1.4370660781860352,1.371241569519043,5322.263746092,1.462,12.83405590057373,0.6301883459091187,0,-1.41884446144104,0.6,-1.2455716133117676,-2.7428698539733887,1.3829922676086426,1747232992.7460718,-3.373058319091797,317
310,1.1189916133880615,317,0.5,-1.401944637298584,1.6872116327285767,5339.097483565,1.584,9.949119567871094,-0.15831109881401062,0,-1.4925780296325684,0.6,-1.2967076301574707,-2.076120138168335,1.1364400386810303,1747233009.540249,-1.9178091287612915,318
311,0.5002775192260742,318,1.0,-1.4704601764678955,0.9068807363510132,5355.884449978,1.4121,12.302509307861328,1.025014877319336,0,-1.415045142173767,0.6,-1.2268836498260498,-1.7169108390808105,0.8132064938545227,1747233026.3268309,-2.7419257164001465,319
312,0.662060558795929,319,0.75,-1.4828464984893799,1.4064576625823975,5372.677421017,1.4456,13.25203800201416,0.7073521614074707,0,-1.4580471515655518,0.6,-1.2469505071640015,-2.8438360691070557,1.488794207572937,1747233043.119846,-3.5511879920959473,320
313,1.009702205657959,320,0.5,-1.3523211479187012,1.7750270366668701,5389.461459849,1.675,12.395732879638672,0.024099200963974,0,-1.4136391878128052,0.61,-1.3256800174713135,-2.8914546966552734,1.5306496620178223,1747233059.9035628,-2.9155540466308594,321
314,1.3647656440734863,321,0.25,-1.460127353668213,2.0840847492218018,5406.238483927,1.601,10.410149574279785,-0.29994380474090576,0,-1.5160281658172607,0.61,-1.313124656677246,-2.5867018699645996,1.4386383295059204,1747233076.6805737,-2.2867579460144043,322
315,0.6200872659683228,322,1.0,-1.4739757776260376,1.2375476360321045,5422.982818507,1.4911,15.10667610168457,0.679796576499939,0,-1.5700364112854004,0.61,-1.3146798610687256,-2.1467180252075195,1.234920859336853,1747233093.4651482,-2.826514720916748,323
316,0.7341808080673218,323,0.75,-1.4098761081695557,1.3022589683532715,5439.77878119,1.598,12.91281795501709,0.5017545223236084,0,-1.4885985851287842,0.61,-1.3053724765777588,-2.0450119972229004,1.1361562013626099,1747233110.2610364,-2.546766757965088,324
317,1.0045651197433472,324,0.5,-1.3729956150054932,1.764594316482544,5456.493427082,1.6246,12.344666481018066,-0.0307980477809906,0,-1.5230960845947266,0.61,-1.3079748153686523,-2.6745495796203613,1.5200583934783936,1747233126.9361377,-2.643751382827759,325
318,0.79230797290802,325,0.75,-1.4625252485275269,1.617339849472046,5473.156848269,1.4731,10.732586860656738,0.3420865833759308,0,-1.4712730646133423,0.62,-1.2481180429458618,-2.9043526649475098,1.6500637531280518,1747233143.639181,-3.246439218521118,326
319,0.9406043291091919,326,0.75,-1.7176082134246826,1.691659927368164,5490.035451546,1.5177,10.844507217407227,0.0979810357093811,0,-1.5528595447540283,0.62,-1.4375847578048706,-2.7706186771392822,1.5021113157272339,1747233160.4781837,-2.8685998916625977,327
320,1.044419527053833,327,0.25,-1.5364890098571777,1.862898826599121,5506.829486353,1.6032,10.255887985229492,-0.1344085931777954,0,-1.6205456256866455,0.62,-1.3783698081970215,-2.8919930458068848,1.6369584798812866,1747233177.2714465,-2.757584571838379,328
321,0.8506371974945068,328,0.75,-1.436376690864563,1.541550874710083,5523.494489966,1.7245,13.18694019317627,0.2325320839881897,0,-1.5294913053512573,0.62,-1.3966920375823975,-2.5348994731903076,1.3818273544311523,1747233193.9366457,-2.7674314975738525,329
322,1.1368300914764404,329,0.25,-1.515609860420227,1.887353777885437,5540.169467048,1.688,17.974075317382812,0.23841673135757446,0,-1.565217137336731,0.62,-1.4139986038208008,-2.704172372817993,1.5010473728179932,1747233210.6116514,-2.942589282989502,330
323,0.7556493282318115,330,0.75,-1.4828768968582153,1.3636186122894287,5557.013460424,1.4547,11.31361198425293,0.4613769054412842,0,-1.3290016651153564,0.63,-1.254250407218933,-2.450540542602539,1.2159385681152344,1747233227.4606588,-2.911917209625244,331
324,0.7864238619804382,332,0.75,-1.4952279329299927,1.4725556373596191,5590.402440459,1.5961,12.581371307373047,0.41962411999702454,0,-1.5183056592941284,0.63,-1.3646609783172607,-2.600160598754883,1.3722635507583618,1747233260.8447235,-3.019784927368164,333
325,0.7709925174713135,333,0.5,-1.4499109983444214,1.416548728942871,5607.182427275,1.4133,10.441495895385742,0.48211678862571716,0,-1.5940663814544678,0.63,-1.2161405086517334,-2.557861328125,1.2911124229431152,1747233277.6249964,-3.03997802734375,334
326,1.216865062713623,334,0.5,-1.5218818187713623,2.00585675239563,5623.844468209,1.5492,13.341447830200195,-0.19720667600631714,0,-1.4444448947906494,0.63,-1.3427060842514038,-3.3135080337524414,1.5779832601547241,1747233294.2882645,-3.1163012981414795,335
327,0.7485384345054626,335,0.5,-1.4724513292312622,1.414162039756775,5640.619488699,1.6496,13.000615119934082,0.48449569940567017,0,-1.6080739498138428,0.64,-1.3700944185256958,-2.2820169925689697,1.3312472105026245,1747233311.063088,-2.766512870788574,336
328,1.0346078872680664,336,0.5,-1.504159927368164,1.6964201927185059,5657.407450829,1.4698,12.454768180847168,0.0966910719871521,0,-1.5304410457611084,0.64,-1.2754409313201904,-2.385525941848755,1.3236247301101685,1747233327.8507235,-2.4822168350219727,337
329,1.1916875839233398,337,0.25,-1.3337185382843018,1.81069815158844,5674.281452293,1.6771,12.853235244750977,-0.34792524576187134,0,-1.3671892881393433,0.64,-1.2757203578948975,-2.3987207412719727,1.2380211353302002,1747233344.7246542,-2.050795555114746,338
330,0.6281619071960449,338,1.0,-1.5356589555740356,1.2371426820755005,5691.643457406,1.2722,11.473044395446777,0.6634215116500854,0,-1.3983168601989746,0.64,-1.1655802726745605,-2.3752713203430176,1.2179615497589111,1747233362.0864365,-3.0386927127838135,339
331,0.9833584427833557,339,0.5,-1.5710628032684326,1.7525508403778076,5708.41845357,1.5396,15.551782608032227,-0.020753145217895508,0,-1.5985631942749023,0.64,-1.3683743476867676,-2.8726625442504883,1.5383849143981934,1747233378.86136,-2.8519091606140137,340
332,0.9735105037689209,340,0.5,-1.291630506515503,1.6849086284637451,5725.248819943,1.6339,13.791226387023926,-0.013191461563110352,0,-1.3882728815078735,0.64,-1.219760537147522,-2.72097110748291,1.4227961301803589,1747233395.7311103,-2.707779884338379,341
333,1.2615032196044922,341,0.5,-1.3987510204315186,1.811896800994873,5741.973449105,1.6925,12.922865867614746,-0.39665570855140686,0,-1.5211186408996582,0.65,-1.3710365295410156,-2.2079696655273438,1.1007871627807617,1747233412.4167385,-1.8113138675689697,342
334,0.7778160572052002,342,0.5,-1.57760488986969,1.4734735488891602,5758.748523788,1.532,10.053315162658691,0.878761887550354,0,-1.6051008701324463,0.65,-1.320920705795288,-2.1026206016540527,1.39131498336792,1747233429.1917698,-2.9813826084136963,343
335,0.9693399667739868,343,0.5,-1.42473304271698,1.5604026317596436,5775.66543102,1.546,15.453104019165039,0.04314461350440979,0,-1.4773352146148682,0.65,-1.3253962993621826,-2.2702836990356445,1.182125210762024,1747233446.1079633,-2.3134284019470215,344
336,1.0229263305664062,344,0.75,-1.3919750452041626,1.7604873180389404,5792.341457632,1.5641,12.658186912536621,0.012335717678070068,0,-1.36571204662323,0.65,-1.2614614963531494,-2.9724903106689453,1.4751218557357788,1747233462.784194,-2.98482608795166,345
337,0.7303824424743652,345,0.75,-1.405676007270813,1.3133232593536377,5809.114616779,1.6884,12.12083625793457,0.7220327258110046,0,-1.6697341203689575,0.65,-1.3704195022583008,-2.2820651531219482,1.165881633758545,1747233479.5583751,-3.0040979385375977,346
338,1.4172325134277344,346,0.25,-1.7092504501342773,2.4123260974884033,5825.803539402,1.5719,15.946749687194824,-0.5731335878372192,0,-1.645527720451355,0.66,-1.4569392204284668,-3.8840723037719727,1.9901870489120483,1747233496.2456758,-3.310938835144043,347
339,0.6265032291412354,347,1.0,-1.421173095703125,1.2340924739837646,5842.517531107,1.3408,10.566288948059082,0.6749111413955688,0,-1.3477522134780884,0.66,-1.118427038192749,-2.266268730163574,1.2151786088943481,1747233512.9643786,-2.9411799907684326,348
340,0.7045416235923767,348,0.75,-1.3553613424301147,1.282952070236206,5859.13775578,1.5301,12.406341552734375,1.1144728660583496,0,-1.3448975086212158,0.66,-1.1853375434875488,-2.100827217102051,1.1568207740783691,1747233529.620031,-3.2153000831604004,349
341,0.7470027208328247,349,0.5,-1.5287399291992188,1.491923451423645,5875.994402008,1.4967,13.29194450378418,0.5611063241958618,0,-1.4675712585449219,0.66,-1.2924307584762573,-2.3572888374328613,1.4898414611816406,1747233546.476601,-2.9183950424194336,350
342,0.5157583951950073,350,1.0,-1.4661272764205933,1.1407253742218018,5892.853530955,1.6323,14.19477367401123,0.9270418882369995,0,-1.463086724281311,0.66,-1.3539032936096191,-2.5594258308410645,1.2499339580535889,1747233563.3357923,-3.4864678382873535,351
343,0.8379786014556885,351,0.75,-1.6072062253952026,1.486253261566162,5909.667430839,1.408,16.412084579467773,0.4362623691558838,0,-1.5759446620941162,0.67,-1.2625666856765747,-2.2712411880493164,1.2965494394302368,1747233580.1107051,-2.707503318786621,352
344,0.6097002625465393,352,0.75,-1.6483958959579468,1.2819770574569702,5926.308765183,1.488,11.47574234008789,0.9094830751419067,0,-1.5521775484085083,0.67,-1.349915623664856,-2.2236838340759277,1.3445535898208618,1747233596.7910967,-3.133166790008545,353
345,0.6831760406494141,353,0.75,-1.360200047492981,1.2672488689422607,5943.157461309,1.5237,12.847919464111328,0.5884395837783813,0,-1.5338244438171387,0.67,-1.1853134632110596,-1.9496588706970215,1.1681455373764038,1747233613.5995753,-2.5380983352661133,354
346,0.7617146968841553,354,1.0,-1.2813639640808105,1.3851890563964844,5959.805439294,1.6042,11.803455352783203,0.3779262900352478,0,-1.3607730865478516,0.67,-1.2176778316497803,-2.2729735374450684,1.2469487190246582,1747233630.2488313,-2.650899648666382,355
347,0.5721536874771118,355,0.75,-1.474029779434204,1.1687445640563965,5976.464530066,1.3065,10.76573371887207,0.9609109163284302,0,-1.4770264625549316,0.67,-1.1319963932037354,-2.1063456535339355,1.1931816339492798,1747233646.9071856,-3.067256450653076,356
348,1.1766724586486816,356,0.5,-1.30902099609375,1.6984671354293823,5993.30295229,1.5067,12.038912773132324,-0.09891475737094879,0,-1.4672353267669678,0.67,-1.178579330444336,-2.372990608215332,1.0435893535614014,1747233663.785199,-2.274075984954834,357
349,1.3802857398986816,357,0.0,-1.450062870979309,2.368349552154541,6009.958751148,1.7246,13.559427261352539,-0.684993326663971,0,-1.6339232921600342,0.68,-1.4275813102722168,-3.9897689819335938,1.9761275053024292,1747233680.4410856,-3.3047757148742676,358
350,0.7827529907226562,358,0.75,-1.4510399103164673,1.1947542428970337,6026.944066255,1.557,11.455060958862305,0.3586796522140503,0,-1.5072002410888672,0.68,-1.3487040996551514,-1.4428527355194092,0.8240025043487549,1747233697.4263542,-1.801532506942749,359
351,0.8246933221817017,359,0.75,-1.4740468263626099,1.4460716247558594,6043.737754101,1.5004,10.482973098754883,0.650037407875061,0,-1.5447447299957275,0.68,-1.2763614654541016,-2.2473745346069336,1.2427566051483154,1747233714.2200491,-2.897412061691284,360
352,0.9520258903503418,360,0.5,-1.5819804668426514,1.6365602016448975,6060.452462987,1.4536,11.546398162841797,0.37502437829971313,0,-1.451209306716919,0.68,-1.304369568824768,-2.811034679412842,1.3690685033798218,1747233730.8946767,-3.18605899810791,361
353,0.6607850193977356,361,0.75,-1.4551548957824707,1.0340436697006226,6077.272754831,1.6083,12.17408275604248,0.7788280248641968,0,-1.4542782306671143,0.68,-1.3376601934432983,-1.581376075744629,0.7465172410011292,1747233747.755002,-2.3602042198181152,362
354,0.9395408034324646,362,0.5,-1.4587929248809814,1.6340765953063965,6094.178547607,1.615,11.607419967651367,0.06600990891456604,0,-1.6695590019226074,0.69,-1.331819772720337,-2.6953039169311523,1.3890714645385742,1747233764.6217031,-2.7613139152526855,363
355,0.33292195200920105,363,1.0,-1.5165519714355469,1.0499544143676758,6110.854486593,1.5182,12.969064712524414,1.660773515701294,0,-1.4522597789764404,0.69,-1.2749712467193604,-2.422515869140625,1.4340649843215942,1747233781.297785,-4.08328914642334,364
356,0.8862665891647339,364,0.5,-1.3908357620239258,1.6139334440231323,6127.622496682,1.5198,12.949432373046875,0.24470070004463196,0,-1.5900955200195312,0.69,-1.2256664037704468,-2.6868152618408203,1.4553337097167969,1747233798.071578,-2.931515693664551,365
357,0.9614370465278625,365,0.5,-1.2330927848815918,1.7422046661376953,6144.353323336,1.7667,11.391085624694824,0.0941336452960968,0,-1.43345308303833,0.69,-1.289529800415039,-2.865135431289673,1.5615352392196655,1747233814.8356786,-2.9592690467834473,366
358,1.0198450088500977,366,0.5,-1.433828592300415,1.5491971969604492,6161.163585734,1.5821,10.619500160217285,-0.08672058582305908,0,-1.535027027130127,0.69,-1.313157558441162,-1.9977318048477173,1.0587044954299927,1747233831.6054246,-1.9110112190246582,367
359,1.3469722270965576,367,0.5,-1.3346195220947266,1.904141902923584,6177.832477093,1.581,11.242281913757324,-0.46795082092285156,0,-1.5402783155441284,0.7,-1.2504106760025024,-2.3483500480651855,1.1143394708633423,1747233848.2751539,-1.8803991079330444,368
360,1.0645707845687866,368,0.5,-1.3887765407562256,1.6593599319458008,6194.494490905,1.6909,15.248324394226074,-0.02550196647644043,0,-1.5670461654663086,0.7,-1.3741310834884644,-2.5071115493774414,1.1895784139633179,1747233864.938265,-2.481609582901001,369
361,0.6148415207862854,369,0.75,-1.4274890422821045,1.2402515411376953,6211.405447845,1.724,12.904461860656738,0.9527705311775208,0,-1.4607186317443848,0.7,-1.4027378559112549,-2.469356060028076,1.2508201599121094,1747233881.8481526,-3.422126531600952,370
362,0.7124416828155518,370,0.75,-1.607690691947937,1.5372366905212402,6228.114451172,1.42,13.888544082641602,0.5275841355323792,0,-1.6582872867584229,0.7,-1.3248519897460938,-3.2766284942626953,1.6495901346206665,1747233898.5581045,-3.8042125701904297,371
363,1.4318383932113647,371,0.25,-1.4545798301696777,2.035261631011963,6244.827489698,1.5142,13.355184555053711,-0.7004396319389343,0,-1.3973808288574219,0.7,-1.2505115270614624,-2.5110106468200684,1.2068465948104858,1747233915.270388,-1.8105709552764893,372
364,0.8105729818344116,372,0.75,-1.480747938156128,1.4615434408187866,6261.508440926,1.4987,10.501830101013184,0.3812459111213684,0,-1.5913928747177124,0.71,-1.3002431392669678,-2.466970443725586,1.30194091796875,1747233931.9521868,-2.8482165336608887,373
365,0.7505959868431091,373,0.75,-1.388174295425415,1.4775972366333008,6278.310478997,1.3973,11.828815460205078,0.5392847061157227,0,-1.4301717281341553,0.71,-1.1695661544799805,-2.9041991233825684,1.4540024995803833,1747233948.7533529,-3.443483829498291,374
366,1.3533704280853271,374,0.5,-1.484732985496521,2.255617141723633,6294.974185017,1.6754,15.6019868850708,-0.5667136311531067,0,-1.5403733253479004,0.71,-1.4323432445526123,-3.6726512908935547,1.8044934272766113,1747233965.456266,-3.1059374809265137,375
367,1.004443645477295,375,0.5,-1.4922250509262085,1.7313683032989502,6311.871447347,1.4895,10.079768180847168,-0.05222579836845398,0,-1.6443064212799072,0.71,-1.2776236534118652,-2.8111648559570312,1.4538494348526,1747233982.3141444,-2.758939266204834,376
368,0.9908693432807922,376,0.75,-1.4141631126403809,1.7658672332763672,6328.547482341,1.4641,9.953414916992188,0.18358111381530762,0,-1.511759877204895,0.71,-1.2174242734909058,-2.4390451908111572,1.54999577999115,1747233998.9903293,-2.622626304626465,377
369,0.7688806056976318,377,0.75,-1.5655062198638916,1.6036231517791748,6345.388555142,1.4916,12.035123825073242,0.4208850860595703,0,-1.5442759990692139,0.71,-1.3541046380996704,-3.2067341804504395,1.6694852113723755,1747234015.8322752,-3.627619504928589,378
370,0.42105990648269653,378,1.0,-1.4882700443267822,0.9981564283370972,6362.082509261,1.4248,11.148595809936523,1.310009479522705,0,-1.5363200902938843,0.72,-1.2422738075256348,-1.80275559425354,1.1541930437088013,1747234032.5253181,-3.112765073776245,379
371,0.9374207258224487,379,0.5,-1.3628298044204712,1.6711459159851074,6378.887464827,1.7832,16.615201950073242,0.15395230054855347,0,-1.4753402471542358,0.72,-1.3915586471557617,-2.3762614727020264,1.467450499534607,1747234049.330065,-2.5302138328552246,380
372,1.1621406078338623,380,0.25,-1.4175009727478027,1.970625877380371,6395.530445873,1.6099,13.862786293029785,-0.30684027075767517,0,-1.5991652011871338,0.72,-1.3115954399108887,-3.3386034965515137,1.616970419883728,1747234065.9733105,-3.0317633152008057,381
373,0.5419440865516663,381,0.75,-1.4552032947540283,1.0464437007904053,6412.195446392,1.5729,13.950422286987305,0.9734241366386414,0,-1.4500839710235596,0.72,-1.2954773902893066,-1.925323486328125,1.0089993476867676,1747234082.6393244,-2.898747682571411,382
374,0.9456340074539185,382,0.75,-1.5853619575500488,1.7039172649383545,6428.992492842,1.7037,12.363958358764648,0.11014115810394287,0,-1.7041391134262085,0.72,-1.5149787664413452,-3.171130895614624,1.5165666341781616,1747234099.4357579,-3.2812719345092773,383
375,1.0162365436553955,383,0.5,-1.3627760410308838,1.7411261796951294,6445.627480299,1.7409,13.028878211975098,-0.02379712462425232,0,-1.5317890644073486,0.73,-1.3563801050186157,-2.631052017211914,1.4497792720794678,1747234116.1097739,-2.607254981994629,384
376,1.2269186973571777,384,0.25,-1.4293334484100342,1.9462724924087524,6462.359449773,1.7531,13.484389305114746,-0.4283028841018677,0,-1.3652178049087524,0.73,-1.3921377658843994,-2.795104503631592,1.4387075901031494,1747234132.8035035,-2.3668017387390137,385
377,1.1119083166122437,385,0.25,-1.421233057975769,1.6694055795669556,6479.193457966,1.675,12.132780075073242,-0.2334745228290558,0,-1.6030243635177612,0.73,-1.353567361831665,-1.9313304424285889,1.1149945259094238,1747234149.6368854,-1.6978559494018555,386
378,0.5758040547370911,386,1.0,-1.515742301940918,1.320953130722046,6495.853025352,1.6928,14.113811492919922,0.9613457322120667,0,-1.5568963289260864,0.73,-1.3998019695281982,-2.5972845554351807,1.4902981519699097,1747234166.2963953,-3.5586302280426025,387
379,0.7846686840057373,387,0.5,-1.5213749408721924,1.431525468826294,6512.655461409,1.3958,8.823479652404785,0.4528530240058899,0,-1.531440258026123,0.73,-1.2533007860183716,-2.4559056758880615,1.2937134504318237,1747234183.0990708,-2.9087586402893066,388
380,0.6824548840522766,388,0.75,-1.4067621231079102,1.377584457397461,6529.449561164,1.5427,10.434089660644531,0.8513797521591187,0,-1.4980294704437256,0.74,-1.277940034866333,-2.828035354614258,1.3902591466903687,1747234199.8928103,-3.679415225982666,389
381,0.36572009325027466,389,1.0,-1.5444934368133545,0.8710785508155823,6546.156607837,1.3419,12.999174118041992,1.611119270324707,0,-1.3809043169021606,0.74,-1.18475341796875,-1.4540590047836304,1.0107169151306152,1747234216.6001666,-3.065178394317627,390
382,1.1357759237289429,390,0.5,-1.4838218688964844,2.023948907852173,6562.820464009,1.5671,13.008187294006348,0.016824722290039062,0,-1.5836663246154785,0.74,-1.2929868698120117,-2.8152835369110107,1.77634596824646,1747234233.267953,-2.83210825920105,391
383,1.1484756469726562,391,0.5,-1.4397337436676025,1.9054811000823975,6579.605470932,1.6301,13.052653312683105,-0.20156192779541016,0,-1.5136172771453857,0.74,-1.37738037109375,-3.2684051990509033,1.5140107870101929,1747234250.0481946,-3.0668435096740723,392
384,0.5608547329902649,392,1.0,-1.5245908498764038,1.104111909866333,6596.416593038,1.6378,11.335660934448242,0.840053915977478,0,-1.6326102018356323,0.74,-1.4192124605178833,-2.140921115875244,1.0865142345428467,1747234266.8988664,-2.9809751510620117,393
385,0.886979341506958,393,0.5,-1.5254923105239868,1.7482566833496094,6613.258456572,1.6018,11.0307035446167,0.1917552947998047,0,-1.6760344505310059,0.74,-1.4021961688995361,-3.605990409851074,1.7225548028945923,1747234283.7022083,-3.797745704650879,394
386,0.6092129349708557,394,1.0,-1.3965415954589844,1.3657264709472656,6629.939446123,1.59,14.280588150024414,0.6983221769332886,0,-1.437889575958252,0.75,-1.278329849243164,-2.63590145111084,1.5130271911621094,1747234300.383241,-3.334223747253418,395
387,0.8069900274276733,395,0.75,-1.4621922969818115,1.3823583126068115,6646.707478427,1.5378,12.439366340637207,0.6260287761688232,0,-1.5502742528915405,0.75,-1.3259326219558716,-1.9914966821670532,1.1507364511489868,1747234317.1511328,-2.617525577545166,396
388,1.2292420864105225,396,0.25,-1.5463794469833374,2.2647156715393066,6663.48055005,1.5929,13.468390464782715,-0.2753852605819702,0,-1.6568536758422852,0.75,-1.3909258842468262,-3.4892661571502686,2.0709469318389893,1747234333.924254,-3.213881015777588,397
389,1.041018009185791,397,0.5,-1.4111075401306152,1.7887475490570068,6680.185466009,1.516,11.787343978881836,0.21293216943740845,0,-1.467970371246338,0.75,-1.209809422492981,-2.69887113571167,1.4954591989517212,1747234350.628235,-2.9118030071258545,398
390,0.5917226076126099,398,0.75,-1.5446672439575195,1.2391244173049927,6697.02246082,1.4415,11.215962409973145,1.0119554996490479,0,-1.6057442426681519,0.75,-1.2204290628433228,-2.294779062271118,1.2948036193847656,1747234367.466155,-3.306734561920166,399
391,0.8018097877502441,399,0.75,-1.201793909072876,1.2822792530059814,6713.655701573,1.6115,10.306884765625,0.7175704836845398,0,-1.4425866603851318,0.76,-1.164358377456665,-1.8757425546646118,0.9609389305114746,1747234384.1379635,-2.593312978744507,400
392,0.6083500981330872,400,0.75,-1.5801031589508057,1.3232002258300781,6730.494466786,1.4247,10.59821605682373,0.7830644249916077,0,-1.7651082277297974,0.76,-1.324145793914795,-2.6661758422851562,1.4297003746032715,1747234400.938165,-3.44923996925354,401
393,1.2224351167678833,401,0.25,-1.3232684135437012,1.8035497665405273,6747.232230752,1.5189,11.900535583496094,-0.4239674210548401,0,-1.3613154888153076,0.76,-1.18125581741333,-2.4508841037750244,1.1622294187545776,1747234417.714578,-2.026916742324829,402
394,0.7114923000335693,402,0.5,-1.4650506973266602,1.3061106204986572,6763.990452805,1.7084,16.544126510620117,0.6320244669914246,0,-1.582240104675293,0.76,-1.4044870138168335,-2.1300830841064453,1.1892367601394653,1747234434.4326763,-2.7621076107025146,403
395,0.8237648606300354,403,0.75,-1.52168607711792,1.445436954498291,6780.648475815,1.5407,11.005922317504883,0.4723389148712158,0,-1.5545921325683594,0.76,-1.3501505851745605,-2.390901803970337,1.2433440685272217,1747234451.0921872,-2.8632407188415527,404
396,0.20536045730113983,404,1.0,-1.7273595333099365,0.8091355562210083,6797.443709593,1.3846,11.256888389587402,2.250136375427246,0,-1.7531259059906006,0.77,-1.3772637844085693,-2.3992676734924316,1.2075501680374146,1747234467.8845122,-4.649404048919678,405
397,1.1589053869247437,405,0.5,-1.4211992025375366,1.8642884492874146,6814.23544058,1.5368,11.870769500732422,-0.1792122721672058,0,-1.3994954824447632,0.77,-1.254363775253296,-2.531818389892578,1.4107661247253418,1747234484.6777883,-2.3526062965393066,406
398,1.655519962310791,406,0.25,-1.5785263776779175,2.535993814468384,6831.154558511,1.6867,12.261880874633789,-0.9650022983551025,0,-1.6088969707489014,0.77,-1.463559865951538,-3.36683988571167,1.7609477043151855,1747234501.598149,-2.4018378257751465,407
399,0.9853500127792358,407,0.75,-1.44890296459198,1.6497488021850586,6847.934453035,1.7041,19.608356475830078,0.05412781238555908,0,-1.6152422428131104,0.77,-1.4132319688796997,-2.5597076416015625,1.328797459602356,1747234518.3821099,-2.613835573196411,408
400,0.6555120348930359,408,0.75,-1.5725682973861694,1.195326328277588,6864.693474441,1.4747,13.073118209838867,0.893430233001709,0,-1.5702972412109375,0.77,-1.3151280879974365,-1.9518423080444336,1.0796287059783936,1747234535.1758246,-2.8452725410461426,409
401,1.5197619199752808,409,0.0,-1.429274559020996,2.505032777786255,6881.374539923,1.6445,11.623711585998535,-0.8460050821304321,0,-1.382445216178894,0.78,-1.3509979248046875,-3.9887800216674805,1.9705415964126587,1747234551.8174615,-3.142774820327759,410
402,1.147945761680603,410,0.25,-1.584267258644104,1.9883415699005127,6898.109369764,1.3307,11.461604118347168,-0.12068969011306763,0,-1.553208827972412,0.78,-1.2605036497116089,-2.963346004486084,1.6807914972305298,1747234568.5916932,-2.842656135559082,411
403,0.5033687949180603,411,0.75,-1.5212584733963013,1.2954721450805664,6914.945476833,1.5607,13.485037803649902,1.2281382083892822,0,-1.6228986978530884,0.78,-1.3412773609161377,-2.988743782043457,1.5842067003250122,1747234585.3886774,-4.216882228851318,412
404,0.6239745616912842,412,0.75,-1.4434399604797363,1.211983561515808,6931.611463187,1.5445,10.479323387145996,1.0652217864990234,0,-1.429979681968689,0.78,-1.2633775472640991,-2.132387399673462,1.1760179996490479,1747234602.0537975,-3.1976091861724854,413
405,1.046579122543335,413,0.75,-1.378731369972229,1.8466885089874268,6948.39847354,1.595,11.410457611083984,0.02271217107772827,0,-1.5430045127868652,0.78,-1.259823203086853,-2.634024143218994,1.600218653678894,1747234618.8414397,-2.656736135482788,414
406,0.8466395735740662,414,0.75,-1.5234696865081787,1.3036377429962158,6965.192419587,1.6505,14.290812492370605,0.23858460783958435,0,-1.6813409328460693,0.78,-1.4200105667114258,-2.1344847679138184,0.9139962196350098,1747234635.6362655,-2.3730692863464355,415
407,0.8090412616729736,415,0.75,-1.4310919046401978,1.5155017375946045,6981.869564261,1.6899,12.674954414367676,0.4291224479675293,0,-1.5872397422790527,0.79,-1.36179518699646,-2.5456976890563965,1.4129210710525513,1747234652.3128989,-2.974820137023926,416
408,1.307386875152588,417,0.25,-1.4249498844146729,2.0172293186187744,7015.386685218,1.5858,17.150850296020508,-0.46435821056365967,0,-1.6342074871063232,0.79,-1.2932538986206055,-2.8390021324157715,1.4196847677230835,1747234685.86893,-2.3746440410614014,418
409,0.7123833894729614,418,0.75,-1.6290397644042969,1.3525742292404175,7032.09851589,1.3229,11.521942138671875,0.6962907910346985,0,-1.6354072093963623,0.79,-1.2482411861419678,-2.649378538131714,1.280381679534912,1747234702.5403333,-3.3456692695617676,419
410,1.0468928813934326,419,0.75,-1.483493447303772,1.8399431705474854,7048.898327901,1.6145,11.9976224899292,-0.09514006972312927,0,-1.641557216644287,0.79,-1.3613451719284058,-2.946716785430908,1.586100459098816,1747234719.3793795,-2.851576566696167,420
411,0.6599456071853638,420,0.75,-1.4398021697998047,1.2106962203979492,7065.661472752,1.4026,12.56303882598877,0.6779966354370117,0,-1.5432592630386353,0.8,-1.1736335754394531,-1.9454777240753174,1.101501226425171,1747234736.104266,-2.623474359512329,421
412,0.8098443150520325,421,0.5,-1.3714449405670166,1.5063707828521729,7082.376517277,1.3703,12.06188678741455,0.3830341100692749,0,-1.3166264295578003,0.8,-1.1231672763824463,-2.798118829727173,1.3930530548095703,1747234752.8191407,-3.181152820587158,422
413,0.8864163160324097,422,0.25,-1.4567934274673462,1.6448299884796143,7099.142516093,1.6639,16.31987762451172,0.26044631004333496,0,-1.5827983617782593,0.8,-1.3883185386657715,-2.751197338104248,1.5168272256851196,1747234769.5848424,-3.011643886566162,423
414,0.5190763473510742,423,1.0,-1.4464807510375977,1.0818926095962524,7115.917455111,1.5712,12.307449340820312,0.9613980650901794,0,-1.637056827545166,0.8,-1.3136725425720215,-2.238905906677246,1.1256325244903564,1747234786.3601751,-3.2003040313720703,424
415,0.5772045850753784,424,0.75,-1.4833444356918335,1.1281638145446777,7132.695460507,1.5532,11.450409889221191,1.0017614364624023,0,-1.5141472816467285,0.8,-1.2876026630401611,-1.998447299003601,1.1019185781478882,1747234803.137608,-3.000208854675293,425
416,0.5357193946838379,425,1.0,-1.3946969509124756,1.1608648300170898,7149.328486617,1.4478,10.15372085571289,0.8870952725410461,0,-1.6571905612945557,0.81,-1.203253984451294,-2.387937545776367,1.2502907514572144,1747234819.8108158,-3.2750325202941895,426
417,1.177086353302002,426,0.25,-1.620945692062378,2.0405702590942383,7166.003243152,1.5725,12.79755973815918,-0.36022496223449707,0,-1.6600106954574585,0.81,-1.4339158535003662,-3.5092639923095703,1.7269678115844727,1747234836.4855309,-3.149038791656494,427
418,1.0484380722045898,427,0.5,-1.4023188352584839,1.825331211090088,7182.811433777,1.714,11.753519058227539,-0.08404147624969482,0,-1.4497171640396118,0.81,-1.3564939498901367,-2.4623146057128906,1.5537863969802856,1747234853.2553518,-2.3782730102539062,428
419,0.9725140333175659,428,0.5,-1.5226346254348755,1.5320725440979004,7199.429136837,1.4885,10.443615913391113,0.025620266795158386,0,-1.542191743850708,0.81,-1.313956618309021,-2.2970590591430664,1.1191171407699585,1747234869.9114864,-2.3226795196533203,429
420,1.442366600036621,429,0.0,-1.4187836647033691,2.1797451972961426,7216.258578034,1.7777,11.418882369995117,-0.7663141489028931,0,-1.4596171379089355,0.81,-1.4234768152236938,-2.810407876968384,1.474757194519043,1747234886.7020116,-2.044093608856201,430
421,1.3319828510284424,430,0.5,-1.4449864625930786,2.009700059890747,7232.907407436,1.5687,12.172676086425781,-0.5182509422302246,0,-1.6769073009490967,0.81,-1.298579454421997,-2.6495680809020996,1.3554344177246094,1747234903.3503888,-2.131317138671875,431
422,0.648297131061554,431,0.75,-1.44166100025177,1.2257351875305176,7249.700410788,1.3586,12.822253227233887,0.7295684814453125,0,-1.5878229141235352,0.82,-1.174360990524292,-2.1314117908477783,1.1548759937286377,1747234920.1440003,-2.860980272293091,432
423,1.077280044555664,432,0.75,-1.3945715427398682,1.74323308467865,7266.492483472,1.7938,13.42009449005127,-0.021358609199523926,0,-1.6653530597686768,0.82,-1.4237949848175049,-2.4905903339385986,1.3319060802459717,1747234936.9363232,-2.469231605529785,433
424,0.7975893020629883,433,0.75,-1.4726753234863281,1.4273356199264526,7283.273427809,1.5823,10.437952995300293,0.3703955411911011,0,-1.5259581804275513,0.82,-1.3403980731964111,-2.5401430130004883,1.2594926357269287,1747234953.7201717,-2.9105381965637207,434
425,0.7757011651992798,434,0.75,-1.4935896396636963,1.4565327167510986,7300.016935205,1.5918,11.873031616210938,0.36438852548599243,0,-1.4329700469970703,0.82,-1.3821613788604736,-2.8109331130981445,1.3616629838943481,1747234970.4992619,-3.175321578979492,435
426,0.4051643908023834,435,1.0,-1.436038851737976,0.9559307098388672,7316.852435164,1.4641,12.807711601257324,1.2254252433776855,0,-1.4524033069610596,0.82,-1.2116854190826416,-1.9607242345809937,1.1015325784683228,1747234987.2950752,-3.1861495971679688,436
427,0.8452155590057373,436,0.75,-1.3117527961730957,1.4406647682189941,7333.624566133,1.6117,13.584432601928711,0.22513169050216675,0,-1.4777805805206299,0.83,-1.2488982677459717,-2.423088550567627,1.1908985376358032,1747235004.0674233,-2.6482200622558594,437
428,1.2890386581420898,437,0.5,-1.3717985153198242,2.014495849609375,7350.462480098,1.5931,12.954538345336914,-0.5017331838607788,0,-1.49557626247406,0.83,-1.2788580656051636,-2.8746328353881836,1.4509142637252808,1747235020.9056065,-2.3728995323181152,438
429,0.6130210757255554,438,1.0,-1.3641748428344727,1.0203239917755127,7367.107476842,1.3752,12.429401397705078,0.696802020072937,0,-1.3643858432769775,0.83,-1.1443171501159668,-1.6036474704742432,0.8146059513092041,1747235037.5494204,-2.3004493713378906,439
430,0.5791890621185303,439,1.0,-1.416443943977356,0.9510655403137207,7383.951556665,1.5646,12.86153793334961,0.8157496452331543,0,-1.4919624328613281,0.83,-1.2463120222091675,-1.269274353981018,0.7437528967857361,1747235054.395183,-2.085023880004883,440
431,0.9478100538253784,440,0.75,-1.4517982006072998,1.4769585132598877,7400.740481569,1.7245,14.889616966247559,0.6119117736816406,0,-1.5404409170150757,0.83,-1.36796236038208,-1.922552466392517,1.058297038078308,1747235071.183256,-2.5344643592834473,441
432,1.1135306358337402,441,0.25,-1.4676966667175293,1.9032678604125977,7417.407473964,1.644,10.694426536560059,-0.07049134373664856,0,-1.6761915683746338,0.84,-1.3738677501678467,-2.939624547958374,1.5794744491577148,1747235087.8508875,-2.869133234024048,442
433,0.263980507850647,443,1.0,-1.606054663658142,0.7236745357513428,7450.734673649,1.4164,10.0905122756958,1.8929097652435303,0,-1.4694714546203613,0.84,-1.2984470129013062,-1.7379364967346191,0.9193879961967468,1747235121.2170196,-3.6308465003967285,444
434,0.828240156173706,444,0.5,-1.4994349479675293,1.5936594009399414,7467.650445155,1.4745,10.272963523864746,0.3990490436553955,0,-1.593414068222046,0.84,-1.2477779388427734,-3.0316598415374756,1.5308384895324707,1747235138.0956073,-3.430708885192871,445
435,1.561158299446106,445,0.5,-1.2938957214355469,2.259859800338745,7484.314448715,1.7081,14.936384201049805,-0.42513513565063477,0,-1.549790382385254,0.84,-1.2450973987579346,-2.6559360027313232,1.3974031209945679,1747235154.7591536,-2.2308006286621094,446
436,0.6305450201034546,446,1.0,-1.5867986679077148,1.3324081897735596,7501.086472344,1.6306,11.275961875915527,0.8098224401473999,0,-1.621291995048523,0.84,-1.4510111808776855,-2.6288933753967285,1.4037262201309204,1747235171.5301342,-3.438715934753418,447
437,0.6320101618766785,447,0.75,-1.4316685199737549,1.162213683128357,7517.765434111,1.3271,10.192980766296387,0.8464131355285645,0,-1.4985820055007935,0.85,-1.1349539756774902,-1.7333043813705444,1.060407042503357,1747235188.20821,-2.5797176361083984,448
438,1.196493148803711,449,0.0,-1.453977108001709,1.8954715728759766,7551.203451426,1.6203,12.97209358215332,-0.394153892993927,0,-1.5000876188278198,0.85,-1.3644397258758545,-2.6459708213806152,1.3979569673538208,1747235221.6465073,-2.251816749572754,450
439,1.0262341499328613,450,0.75,-1.2746068239212036,1.6902263164520264,7567.991442695,1.7959,14.23082160949707,-0.09029045701026917,0,-1.6473724842071533,0.85,-1.3479682207107544,-2.581846237182617,1.32798433303833,1747235238.434878,-2.49155592918396,451
440,1.0040051937103271,451,0.75,-1.523956060409546,1.749968409538269,7584.788466896,1.6055,12.127516746520996,-0.030615657567977905,0,-1.6608141660690308,0.85,-1.4049211740493774,-2.4917078018188477,1.4919264316558838,1747235255.2332313,-2.461092233657837,452
441,0.514304518699646,452,1.0,-1.3958203792572021,1.0894310474395752,7601.5305421,1.6531,14.958708763122559,1.1564977169036865,0,-1.580514907836914,0.86,-1.3422858715057373,-2.2116174697875977,1.1502530574798584,1747235272.012839,-3.3681154251098633,453
442,1.074157953262329,453,0.25,-1.571061372756958,1.8177564144134521,7618.238466172,1.7001,11.904059410095215,-0.030723780393600464,0,-1.6275503635406494,0.86,-1.4331493377685547,-2.5050418376922607,1.487196922302246,1747235288.681659,-2.474318027496338,454
443,1.4116106033325195,454,0.5,-1.5657856464385986,2.1863648891448975,7634.943423519,1.5359,11.681145668029785,-0.6134423017501831,0,-1.4976989030838013,0.86,-1.3621609210968018,-3.1595213413238525,1.5495084524154663,1747235305.3868372,-2.54607892036438,455
444,1.2434359788894653,455,0.25,-1.6137351989746094,2.0951004028320312,7651.733422548,1.4084,10.87895679473877,-0.4435528516769409,0,-1.76051926612854,0.86,-1.270113468170166,-2.9605040550231934,1.703329086303711,1747235322.1760895,-2.516951084136963,456
445,0.6502540707588196,456,0.75,-1.4788388013839722,1.2396240234375,7668.384459175,1.5754,11.324490547180176,0.6710371971130371,0,-1.484593152999878,0.86,-1.3366467952728271,-1.7178808450698853,1.1787400245666504,1747235338.8284223,-2.388917922973633,457
446,0.5712580680847168,457,0.75,-1.5285513401031494,1.0825207233428955,7685.047461025,1.491,12.877206802368164,1.0339674949645996,0,-1.569664478302002,0.87,-1.298348069190979,-1.9917676448822021,1.0225253105163574,1747235355.4905288,-3.025735378265381,458
447,0.6556167006492615,458,0.75,-1.6468489170074463,1.4543776512145996,7701.914483769,1.404,10.19091510772705,0.6552263498306274,0,-1.6561059951782227,0.87,-1.2938573360443115,-2.3259174823760986,1.5975219011306763,1747235372.3582003,-2.9811439514160156,459
448,0.7210466861724854,459,0.75,-1.555846095085144,1.318795919418335,7718.57144391,1.3871,11.393747329711914,0.48206883668899536,0,-1.5841922760009766,0.87,-1.2559707164764404,-2.217863082885742,1.1954984664916992,1747235389.0180397,-2.6999316215515137,460
449,0.8082882165908813,460,0.5,-1.432300090789795,1.4943217039108276,7735.255430861,1.6122,12.89024543762207,0.35954487323760986,0,-1.3858206272125244,0.87,-1.3344309329986572,-2.26176118850708,1.3720669746398926,1747235405.6990697,-2.6213061809539795,461
450,1.0273504257202148,462,0.5,-1.5346286296844482,1.7563183307647705,7768.577463858,1.6016,12.760247230529785,0.2756379246711731,0,-1.4468135833740234,0.88,-1.3685109615325928,-2.8566598892211914,1.4579359292984009,1747235439.021121,-3.132297992706299,463
451,1.0075938701629639,463,0.25,-1.5086710453033447,1.816314935684204,7785.366534051,1.6755,16.032800674438477,-0.07279044389724731,0,-1.4283798933029175,0.88,-1.4392635822296143,-3.06709623336792,1.617442011833191,1747235455.8090117,-2.9943058490753174,464
452,0.6351159811019897,464,0.75,-1.5346121788024902,1.3641386032104492,7802.037507304,1.4259,9.553360939025879,0.7016283273696899,0,-1.426513910293579,0.88,-1.2458869218826294,-2.6304357051849365,1.4580451250076294,1747235472.4812922,-3.332064151763916,465
453,0.9057575464248657,465,0.5,-1.419496774673462,1.515731692314148,7818.889484715,1.5236,12.869787216186523,0.1784062683582306,0,-1.5993504524230957,0.88,-1.2725030183792114,-2.216094493865967,1.2199482917785645,1747235489.3329868,-2.394500732421875,466
454,0.8442886471748352,466,0.5,-1.4758082628250122,1.4737203121185303,7835.571488811,1.6403,11.848465919494629,0.4392920136451721,0,-1.6571637392044067,0.88,-1.3881454467773438,-2.4100375175476074,1.2588634490966797,1747235506.0147395,-2.8493294715881348,467
455,0.9882867336273193,467,0.5,-1.3049685955047607,1.5160638093948364,7852.364500943,1.5974,12.89450454711914,0.02604946494102478,0,-1.51125967502594,0.88,-1.2452585697174072,-2.166386604309082,1.0555541515350342,1747235522.808394,-2.1924359798431396,468
456,0.4385652542114258,468,1.0,-1.3978842496871948,0.9890302419662476,7869.142453588,1.7578,19.27033233642578,1.1708943843841553,0,-1.5455567836761475,0.89,-1.3494361639022827,-1.8754918575286865,1.1009299755096436,1747235539.59032,-3.046386241912842,469
457,0.532913863658905,469,1.0,-1.5295956134796143,1.1262599229812622,7885.797445364,1.4483,12.668801307678223,0.96213698387146,0,-1.3830488920211792,0.89,-1.2495522499084473,-2.2697839736938477,1.1866921186447144,1747235556.2412436,-3.2319209575653076,470
458,1.1223465204238892,471,0.0,-1.4689990282058716,1.926872968673706,7919.574450285,1.6351,14.648687362670898,-0.271295428276062,0,-1.6618574857711792,0.89,-1.366163730621338,-3.1920077800750732,1.6090528964996338,1747235590.017256,-2.920712471008301,472
459,1.385050892829895,472,0.5,-1.4403016567230225,1.983212947845459,7936.366514422,1.7203,11.155349731445312,-0.5984623432159424,0,-1.3714278936386108,0.89,-1.4186530113220215,-2.444239377975464,1.1963239908218384,1747235606.8087091,-1.8457770347595215,473
460,1.200571060180664,474,0.25,-1.3415582180023193,1.960676908493042,7969.721444238,1.5839,11.828023910522461,-0.374461829662323,0,-1.5845770835876465,0.9,-1.256076693534851,-2.800161838531494,1.5202118158340454,1747235640.1647224,-2.4257001876831055,475
461,0.7536870837211609,475,0.75,-1.5451956987380981,1.4192535877227783,7986.579475603,1.4007,11.805890083312988,0.4417290985584259,0,-1.4657323360443115,0.9,-1.2620466947555542,-2.2881791591644287,1.3311331272125244,1747235657.023202,-2.7299082279205322,476
462,0.5769304037094116,476,0.75,-1.4806838035583496,1.1590981483459473,8003.220459913,1.5808,11.725897789001465,1.2051465511322021,0,-1.5722758769989014,0.9,-1.326503038406372,-1.7672739028930664,1.1643353700637817,1747235673.6640742,-2.9724206924438477,477
463,0.4812803566455841,477,1.0,-1.5584328174591064,1.0214256048202515,8019.816796564,1.4042,11.519145011901855,1.035127878189087,0,-1.6008079051971436,0.9,-1.2711175680160522,-1.9272223711013794,1.0802905559539795,1747235690.2990923,-2.962350368499756,478
464,0.7452694177627563,478,0.75,-1.4845314025878906,1.4102692604064941,8036.441722497,1.4807,14.260923385620117,0.5358121991157532,0,-1.4556217193603516,0.91,-1.2932753562927246,-2.6170217990875244,1.3299998044967651,1747235706.9240537,-3.152833938598633,479
465,0.9978309869766235,479,0.5,-1.4306590557098389,1.9572207927703857,8053.30189372,1.8518,14.69038200378418,-0.02462446689605713,0,-1.5699665546417236,0.91,-1.4809048175811768,-3.567899703979492,1.9187794923782349,1747235723.7842631,-3.5432753562927246,480
466,1.0196229219436646,480,0.5,-1.3614387512207031,1.7608354091644287,8070.007427065,1.6061,13.52672290802002,0.11146461963653564,0,-1.4594528675079346,0.91,-1.2664427757263184,-2.7543532848358154,1.4824250936508179,1747235740.4505246,-2.8658177852630615,481
467,0.8979586362838745,481,0.75,-1.5809216499328613,1.6801728010177612,8086.790411945,1.6079,13.183794975280762,0.14132162928581238,0,-1.562391757965088,0.91,-1.4307782649993896,-2.4359071254730225,1.5644283294677734,1747235757.233495,-2.5772287845611572,482
468,0.5418570637702942,482,1.0,-1.5335432291030884,1.307560920715332,8103.591535513,1.4168,11.408467292785645,0.9199935793876648,0,-1.5464661121368408,0.91,-1.2745215892791748,-2.7764317989349365,1.5314077138900757,1747235774.03498,-3.696425437927246,483
469,0.39712104201316833,483,1.0,-1.5088214874267578,0.9918770790100098,8120.296426794,1.3046,9.74646282196045,1.3218101263046265,0,-1.4727827310562134,0.91,-1.1415870189666748,-2.050947666168213,1.1895121335983276,1747235790.74139,-3.37275767326355,484
470,0.8791648149490356,484,0.5,-1.5582622289657593,1.544152855873108,8136.98945888,1.4661,11.368962287902832,0.1739507019519806,0,-1.5509512424468994,0.92,-1.3099522590637207,-2.571053981781006,1.3299760818481445,1747235807.4330053,-2.745004415512085,485
471,0.9774539470672607,485,0.5,-1.4440174102783203,1.67097008228302,8153.761458883,1.7812,15.89760684967041,0.029989421367645264,0,-1.4408332109451294,0.92,-1.3929355144500732,-2.625213623046875,1.3870322704315186,1747235824.2052844,-2.655202865600586,486
472,0.6764413118362427,486,1.0,-1.446803331375122,1.2869316339492798,8170.582077,1.36,11.368734359741211,0.6611377000808716,0,-1.4803708791732788,0.92,-1.152635931968689,-1.9283034801483154,1.2209806442260742,1747235841.064364,-2.5894412994384766,487
473,0.9648110866546631,487,0.25,-1.521191954612732,1.7312184572219849,8187.294495572,1.5893,13.912245750427246,0.042966485023498535,0,-1.600189208984375,0.92,-1.3622890710830688,-2.8057308197021484,1.5328147411346436,1747235857.7381296,-2.8486971855163574,488
474,1.101452350616455,488,0.25,-1.559162974357605,1.859523892402649,8204.030543989,1.5325,11.808945655822754,-0.23215147852897644,0,-1.5848525762557983,0.92,-1.3664839267730713,-3.017305374145508,1.5161430835723877,1747235874.5128164,-2.785153865814209,489
475,0.6903546452522278,489,0.75,-1.4690380096435547,1.1652225255966187,8221.004417513,1.5579,10.947671890258789,0.707514762878418,0,-1.4968349933624268,0.93,-1.3065747022628784,-2.1533565521240234,0.9497357606887817,1747235891.448004,-2.8608713150024414,490
476,0.6282665729522705,490,1.0,-1.4334068298339844,1.1523106098175049,8237.648502628,1.6331,13.053210258483887,0.6943172216415405,0,-1.521103858947754,0.93,-1.3567464351654053,-1.9162343740463257,1.0480881929397583,1747235908.091082,-2.610551595687866,491
477,1.2899940013885498,491,0.25,-1.4445304870605469,2.105736494064331,8254.418450723,1.726,13.117980003356934,-0.45493465662002563,0,-1.6583964824676514,0.93,-1.3912315368652344,-3.063811779022217,1.631484866142273,1747235924.861433,-2.608877182006836,492
478,1.2303717136383057,492,0.25,-1.3688256740570068,1.932403802871704,8271.195467687,1.5584,12.19787311553955,-0.3735787570476532,0,-1.6328239440917969,0.93,-1.2640275955200195,-2.6703851222991943,1.4040640592575073,1747235941.6378417,-2.2968063354492188,493
479,0.6232898235321045,493,1.0,-1.5112464427947998,1.2178728580474854,8287.974456436,1.4897,12.880000114440918,0.6889708042144775,0,-1.4410721063613892,0.93,-1.2808771133422852,-2.0526888370513916,1.1891660690307617,1747235958.4166224,-2.741659641265869,494
480,0.6753934621810913,494,0.75,-1.504220962524414,1.184308409690857,8304.852898873,1.582,14.063460350036621,0.8937621712684631,0,-1.4852888584136963,0.94,-1.3386802673339844,-1.7223340272903442,1.0178298950195312,1747235975.3352175,-2.616096258163452,495
481,0.6160109043121338,495,0.75,-1.6442527770996094,1.2661805152893066,8321.506984174,1.4711,10.197698593139648,0.9704716205596924,0,-1.5924570560455322,0.94,-1.3336617946624756,-2.624871253967285,1.3003393411636353,1747235991.9893274,-3.5953428745269775,496
482,0.5950363874435425,496,0.75,-1.4495469331741333,1.2005271911621094,8338.329519704,1.4693,12.072826385498047,0.9971938133239746,0,-1.592245101928711,0.94,-1.2580376863479614,-2.0284500122070312,1.2109816074371338,1747236008.773524,-3.025643825531006,497
483,0.6437082290649414,497,0.75,-1.4584908485412598,1.3926222324371338,8355.082068686,1.8934,12.954800605773926,0.7284812927246094,0,-1.797640085220337,0.94,-1.533219337463379,-2.4588699340820312,1.4978280067443848,1747236025.5643828,-3.1873512268066406,498
484,0.5576170086860657,498,0.75,-1.5944322347640991,1.1011407375335693,8371.917456361,1.6994,12.304374694824219,1.162550687789917,0,-1.7114957571029663,0.94,-1.4717377424240112,-2.520678758621216,1.0870475769042969,1747236042.3596756,-3.683229684829712,499
485,0.5923840999603271,499,0.75,-1.5546629428863525,1.494135856628418,8388.846409758,1.5806,10.211294174194336,0.8593887090682983,0,-1.6756443977355957,0.95,-1.3870372772216797,-2.3944497108459473,1.803503394126892,1747236059.2893107,-3.253838539123535,500
486,1.3761746883392334,500,0.0,-1.3899646997451782,2.1360182762145996,8405.652435202,1.5144,10.572091102600098,-0.6727222204208374,0,-1.4041496515274048,0.95,-1.2289292812347412,-2.8140950202941895,1.519687294960022,1747236076.094857,-2.1413726806640625,501
487,0.6220024824142456,501,0.75,-1.4984426498413086,1.363973617553711,8422.492414228,1.4953,11.649547576904297,0.7058141827583313,0,-1.5381114482879639,0.95,-1.321173906326294,-2.9098854064941406,1.4839422702789307,1747236092.9351628,-3.6156997680664062,502
488,0.8223321437835693,502,0.5,-1.4729292392730713,1.5476045608520508,8439.126416971,1.5357,12.658514022827148,0.3500936031341553,0,-1.5793700218200684,0.95,-1.3297641277313232,-3.0687055587768555,1.4505447149276733,1747236109.5689938,-3.41879940032959,503
489,0.9630950093269348,503,0.5,-1.5087676048278809,1.7624261379241943,8455.93192995,1.5494,12.799715042114258,0.04370167851448059,0,-1.6321321725845337,0.95,-1.338004469871521,-3.0463831424713135,1.5986621379852295,1747236126.4142246,-3.0900847911834717,504
490,1.055678367614746,504,0.5,-1.509779691696167,1.7640354633331299,8472.791651288,1.6726,13.700536727905273,-0.12302511930465698,0,-1.572061538696289,0.95,-1.4107451438903809,-2.7376065254211426,1.416714072227478,1747236143.273896,-2.614581346511841,505
491,0.9887903928756714,505,0.25,-1.458305835723877,1.618551254272461,8489.522468703,1.6144,13.49403190612793,0.22943735122680664,0,-1.5602902173995972,0.96,-1.321523904800415,-2.434283971786499,1.2595216035842896,1747236159.9662528,-2.6637213230133057,506
492,1.1873080730438232,506,0.5,-1.4305012226104736,1.822148323059082,8506.18940525,1.5372,9.687228202819824,-0.2726457118988037,0,-1.4574940204620361,0.96,-1.2631852626800537,-2.7770986557006836,1.269680380821228,1747236176.6328375,-2.50445294380188,507
493,0.9733818173408508,507,0.5,-1.3233076333999634,1.6459770202636719,8522.984552599,1.901,14.125865936279297,0.10573938488960266,0,-1.496516466140747,0.96,-1.434105396270752,-2.3935956954956055,1.3451902866363525,1747236193.428048,-2.499335289001465,508
494,1.039339542388916,508,0.25,-1.3130099773406982,1.7157340049743652,8539.617432763,1.8186,15.072118759155273,0.04354524612426758,0,-1.4965837001800537,0.96,-1.3643782138824463,-2.5653560161590576,1.3527889251708984,1747236210.0593915,-2.608901023864746,509
495,0.9311387538909912,509,0.25,-1.4840476512908936,1.5436184406280518,8556.475430578,1.5845,13.883152961730957,0.1901862919330597,0,-1.479668378829956,0.96,-1.352774739265442,-2.3351798057556152,1.2249594926834106,1747236226.9181926,-2.5253660678863525,510
496,0.6620924472808838,510,0.75,-1.60734224319458,1.3127309083938599,8573.335418335,1.4207,12.3148775100708,0.6704757213592529,0,-1.7359610795974731,0.97,-1.3029705286026,-2.1428327560424805,1.3012769222259521,1747236243.7783325,-2.8133082389831543,511
497,0.9995184540748596,511,0.75,-1.441408634185791,1.623308539390564,8590.202468226,1.6688,12.254015922546387,0.5814210176467896,0,-1.632455825805664,0.97,-1.3240338563919067,-2.5097947120666504,1.2475801706314087,1747236260.6449578,-3.0912158489227295,512
498,0.9323524832725525,512,0.5,-1.5377380847930908,1.5166888236999512,8606.798876014,1.5034,11.223957061767578,0.09476333856582642,0,-1.582573413848877,0.97,-1.328393816947937,-2.3576581478118896,1.168672800064087,1747236277.2811856,-2.4524216651916504,513
499,0.7927352786064148,513,0.5,-1.4224194288253784,1.1865321397781372,8623.69344908,1.5209,10.04051685333252,0.41653504967689514,0,-1.4878616333007812,0.97,-1.2246578931808472,-1.3573203086853027,0.7875936627388,1747236294.1355925,-1.7738553285598755,514
