,train/losses/dpo,_step,train/rewards/accuracies,train/logps/rejected,train/losses/total,_runtime,train/loss,train/grad_norm,train/rewards/margins,train/learning_rate,train/logps/answer,train/epoch,train/logps/chosen,train/rewards/chosen,train/losses/sft,_timestamp,train/rewards/rejected,train/global_step
0,0.7898749709129333,0,0.75,-0.6804602146148682,1.0631537437438965,28.020668763,1.0419,8.38653564453125,0.3294402062892914,0.0,-1.6186764240264893,0.0,-0.49704504013061523,-0.8693879246711731,0.5465574860572815,1747235781.2275882,-1.198828101158142,1
1,0.6880083680152893,1,0.5,-0.7422193288803101,0.8794785737991333,46.850616096,0.9813,10.509007453918457,0.80012446641922,0.0,-1.5596988201141357,0.0,-0.4828553795814514,-0.5547392964363098,0.3829404413700104,1747235800.0733001,-1.3548638820648193,2
2,0.8790626525878906,2,0.5,-0.8248223066329956,1.110988736152649,68.651626232,1.0673,10.476323127746582,2.4406301975250244,0.0,-1.5639526844024658,0.01,-0.5203195214271545,-0.7254378199577332,0.46385207772254944,1747235821.8483377,-3.1660680770874023,3
3,0.576265811920166,3,1.0,-0.7537569999694824,0.833081841468811,86.691610792,0.9538,8.301924705505371,0.8225752115249634,0.0,-1.4704420566558838,0.01,-0.4615110456943512,-0.8630462884902954,0.51363205909729,1747235839.8879488,-1.6856215000152588,4
4,0.8239860534667969,4,0.25,-0.7165607213973999,1.086560606956482,103.905652722,0.9692,10.638721466064453,0.41026830673217773,0.0,-1.467172384262085,0.01,-0.3888150453567505,-0.7854164838790894,0.5251491665840149,1747235857.1014624,-1.195684790611267,5
5,0.8603386282920837,5,1.0,-0.6846786737442017,1.1515711545944214,121.587638264,0.9729,7.725270748138428,0.19046515226364136,0.0,-1.6315457820892334,0.01,-0.45011770725250244,-0.9594700932502747,0.5824651122093201,1747235874.7842777,-1.149935245513916,6
6,0.8549380302429199,6,0.75,-0.7018958330154419,1.124387264251709,139.117602546,1.0278,8.284913063049316,0.2075289785861969,0.0,-1.5111117362976074,0.01,-0.5074617266654968,-0.8707261085510254,0.5388984680175781,1747235892.3528469,-1.0782550573349,7
7,0.810600996017456,7,1.0,-0.7703920006752014,1.0689061880111694,156.369618099,0.9111,8.15746784210205,0.2899031639099121,0.0,-1.2272593975067139,0.02,-0.4131692051887512,-0.7770426869392395,0.516610324382782,1747235909.5663345,-1.0669457912445068,8
8,0.7582228183746338,8,1.0,-0.6033624410629272,1.0113937854766846,173.486612943,1.0513,9.07943344116211,0.3872293531894684,0.0,-1.4824808835983276,0.02,-0.43776315450668335,-0.8099645376205444,0.506341814994812,1747235926.6825638,-1.1971938610076904,9
9,0.9535622596740723,9,0.5,-0.6717167496681213,1.2112230062484741,190.75558565,0.9906,7.9779276847839355,0.02833256870508194,0.0,-1.4817535877227783,0.02,-0.4496767520904541,-0.9324391484260559,0.5153214335441589,1747235943.9520295,-0.9607716798782349,10
10,0.9252411127090454,10,0.75,-0.6297877430915833,1.172499656677246,208.562609311,1.0538,9.785183906555176,0.07407210767269135,0.0,-1.54496169090271,0.02,-0.4697778522968292,-0.878564715385437,0.49451708793640137,1747235961.7587025,-0.9526367783546448,11
11,0.7615506649017334,11,0.75,-0.720572292804718,1.0171549320220947,226.102591842,0.9958,9.149398803710938,0.4032704830169678,0.0,-1.5035603046417236,0.02,-0.466410756111145,-0.9723826050758362,0.5112085342407227,1747235979.2987294,-1.3756530284881592,12
12,0.604907751083374,12,1.0,-0.6907194256782532,0.8122473955154419,244.06959746,0.9994,8.939458847045898,0.7089781761169434,0.0,-1.7021892070770264,0.02,-0.4547370672225952,-0.6672326326370239,0.41467925906181335,1747235997.2650971,-1.3762106895446777,13
13,0.9514964818954468,13,0.25,-0.7383038997650146,1.1824676990509033,262.140638307,1.0094,11.821616172790527,0.033439189195632935,0.0,-1.5719271898269653,0.03,-0.5048310160636902,-0.8281090259552002,0.4619424045085907,1747236015.3361673,-0.8615481853485107,14
14,0.776485800743103,14,0.75,-0.6336053609848022,1.0484927892684937,279.637609186,1.0922,11.064987182617188,0.3812466561794281,0.0,-1.584648847579956,0.03,-0.4974327087402344,-0.9469820857048035,0.5440139174461365,1747236032.8341775,-1.3282287120819092,15
15,0.8028173446655273,15,0.75,-0.700170636177063,1.0832479000091553,297.263588677,0.9917,9.533868789672852,0.3403816223144531,0.0,-1.4797711372375488,0.03,-0.47164440155029297,-0.961308479309082,0.5608609914779663,1747236050.4588726,-1.3016901016235352,16
16,0.8368719816207886,16,0.75,-0.7005362510681152,1.0735149383544922,314.535591498,1.0049,10.164358139038086,0.2662007212638855,0.0,-1.4608120918273926,0.03,-0.4817773103713989,-0.9681440591812134,0.4732860326766968,1747236067.7314649,-1.2343448400497437,17
17,0.6985858678817749,17,0.5,-0.6553051471710205,0.7540109753608704,336.298620795,1.0059,7.811525821685791,0.5870852470397949,0.0,-1.4925135374069214,0.03,-0.4515531063079834,-0.2711162865161896,0.11085019260644913,1747236089.4945767,-0.8582015633583069,18
18,0.8118054270744324,18,0.75,-0.6627320051193237,1.069812297821045,353.509585661,1.033,9.515713691711426,0.2820057272911072,0.0,-1.4143023490905762,0.04,-0.4675096869468689,-0.9451431035995483,0.5160136818885803,1747236106.705499,-1.2271487712860107,19
19,0.9514791965484619,19,0.5,-0.6587122678756714,1.231532096862793,371.188640825,1.0987,9.655959129333496,0.031004562973976135,0.0,-1.6809428930282593,0.04,-0.519431471824646,-0.9268395900726318,0.5601058602333069,1747236124.3841352,-0.9578441381454468,20
20,0.8720247745513916,20,0.75,-0.6713252067565918,1.1272847652435303,388.753627036,1.0603,9.785138130187988,0.18179133534431458,0.0,-1.5215578079223633,0.04,-0.5005395412445068,-0.9131119847297668,0.5105199813842773,1747236141.950875,-1.0949032306671143,21
21,0.7847880721092224,21,0.75,-0.623846173286438,1.0161219835281372,406.520567659,1.0821,11.070328712463379,0.37950992584228516,0.0,-1.449784755706787,0.04,-0.4813210368156433,-0.9258929491043091,0.4626678228378296,1747236159.716657,-1.3054028749465942,22
22,0.7871921062469482,22,1.0,-0.7339626550674438,0.9874123930931091,424.562588395,0.9779,10.475763320922852,0.34026670455932617,0.0,-1.436659336090088,0.04,-0.44827061891555786,-0.710013210773468,0.4004405438899994,1747236177.7592733,-1.0502798557281494,23
23,0.8844084143638611,23,0.75,-0.6999165415763855,1.1263465881347656,442.315711658,1.0538,7.951235294342041,0.15543173253536224,0.0,-1.4286117553710938,0.05,-0.4806169271469116,-0.9397377371788025,0.48387622833251953,1747236195.5123696,-1.0951695442199707,24
24,0.7105732560157776,24,0.5,-0.8081918954849243,0.8892843723297119,460.290597081,0.9915,7.909327030181885,0.543107807636261,0.0,-1.4716874361038208,0.05,-0.4764403700828552,-0.7950384616851807,0.35742223262786865,1747236213.4856732,-1.3381462097167969,25
25,0.896920382976532,25,0.75,-0.5889197587966919,1.1320704221725464,477.52161845,1.1055,10.353219985961914,0.13449521362781525,0.0,-1.425144910812378,0.05,-0.46508148312568665,-0.7510393261909485,0.47030016779899597,1747236230.7170713,-0.8855345249176025,26
26,0.7899477481842041,26,1.0,-0.716384768486023,0.8355801105499268,499.23167509,0.9447,8.598991394042969,0.350519597530365,0.0,-1.386068344116211,0.05,-0.4541080594062805,-0.3182126581668854,0.09126470983028412,1747236252.4668248,-0.6687322854995728,27
27,0.5923588275909424,27,1.0,-0.7238057255744934,0.8265209794044495,516.520577231,1.0114,7.867566108703613,0.8487915992736816,0.0,-1.736764907836914,0.05,-0.4981215000152588,-0.8352196216583252,0.46832430362701416,1747236269.7162397,-1.6840112209320068,28
28,0.8445659875869751,28,0.5,-0.7044202089309692,1.1067599058151245,534.353634508,1.0484,8.976591110229492,0.24652257561683655,0.0,-1.536013126373291,0.05,-0.5254553556442261,-1.0040241479873657,0.5243878364562988,1747236287.5516202,-1.2505466938018799,29
29,0.3982476592063904,29,1.0,-0.7768713235855103,0.6457384824752808,552.096607037,1.0157,10.595783233642578,1.3889139890670776,0.0,-1.6373732089996338,0.06,-0.5288135409355164,-0.7906074523925781,0.4949816167354584,1747236305.292407,-2.179521322250366,30
30,0.7702590227127075,30,0.75,-0.6928427219390869,1.0402005910873413,569.285586235,1.0378,9.949238777160645,0.3753735423088074,0.0,-1.419262409210205,0.06,-0.4931109547615051,-0.9340378642082214,0.5398831963539124,1747236322.4818318,-1.3094114065170288,31
31,0.8668019771575928,31,0.5,-0.6461265087127686,1.1118648052215576,586.976606273,1.0633,9.044184684753418,0.18678627908229828,0.0,-1.4869093894958496,0.06,-0.48662906885147095,-0.9796499013900757,0.4901256263256073,1747236340.1778343,-1.1664361953735352,32
32,0.7114189863204956,32,0.75,-0.6863026022911072,0.9660782814025879,604.714623174,1.0111,8.83843994140625,0.49111253023147583,0.0,-1.629443883895874,0.06,-0.463021844625473,-0.8546210527420044,0.5093185305595398,1747236357.9108834,-1.345733642578125,33
33,0.8947819471359253,33,0.5,-0.6836366057395935,1.1609528064727783,622.767609584,1.0554,10.855778694152832,0.14317473769187927,0.0,-1.6079694032669067,0.06,-0.504319965839386,-0.8085957765579224,0.5323415994644165,1747236375.963169,-0.9517704844474792,34
34,0.6226702332496643,34,0.75,-0.6208308935165405,0.8387816548347473,640.693606097,1.0081,7.733194351196289,0.720915675163269,0.0,-1.4189316034317017,0.07,-0.41863495111465454,-0.7449735403060913,0.43222281336784363,1747236393.8892848,-1.4658892154693604,35
35,0.7560138702392578,35,1.0,-0.7268729209899902,1.023233413696289,658.066596245,0.9476,8.233261108398438,0.38142693042755127,0.0,-1.5867725610733032,0.07,-0.4570388197898865,-0.9933350086212158,0.5344391465187073,1747236411.262181,-1.3747620582580566,36
36,0.6719455718994141,36,1.0,-0.7217446565628052,0.8868755102157593,676.041605086,1.0142,8.592070579528809,0.5655452013015747,0.0,-1.6165623664855957,0.07,-0.5031185150146484,-0.8174139261245728,0.42985984683036804,1747236429.2369704,-1.3829591274261475,37
37,0.8843318819999695,37,0.75,-0.7079776525497437,1.193343997001648,693.486629058,1.0809,10.47659969329834,0.14926926791667938,0.0,-1.5141040086746216,0.07,-0.5403965711593628,-1.081239938735962,0.6180241703987122,1747236446.681594,-1.2305092811584473,38
38,0.833709716796875,38,0.75,-0.7024462223052979,1.106445074081421,710.77032349,0.9836,8.29647159576416,0.24143436551094055,0.0,-1.4311753511428833,0.07,-0.47252488136291504,-0.969074010848999,0.5454707741737366,1747236464.0055723,-1.2105083465576172,39
39,0.7556121945381165,39,0.75,-0.691250205039978,0.9780501127243042,728.319634121,0.9986,7.585938930511475,0.40683645009994507,0.0,-1.3686537742614746,0.08,-0.4728672504425049,-0.7500362396240234,0.4448757767677307,1747236481.5156426,-1.1568727493286133,40
40,0.6985829472541809,40,0.75,-0.785345196723938,0.9302198886871338,746.301591104,0.9685,7.61799955368042,0.5310264825820923,0.0,-1.5569289922714233,0.08,-0.4970088303089142,-0.7934903502464294,0.463273823261261,1747236499.4983253,-1.3245168924331665,41
41,0.7768406271934509,41,1.0,-0.6909891366958618,1.0242843627929688,765.069586885,1.0005,11.395718574523926,0.35970932245254517,0.0,-1.4303545951843262,0.08,-0.462875097990036,-0.8521860837936401,0.4948873519897461,1747236518.2664192,-1.2118953466415405,42
42,0.7378504276275635,42,1.0,-0.7234708070755005,0.9907432198524475,782.942672964,1.0255,7.714083194732666,0.42793411016464233,0.0,-1.5487771034240723,0.08,-0.4756552577018738,-0.9439703226089478,0.5057855844497681,1747236536.137923,-1.3719044923782349,43
43,0.7684527635574341,43,0.75,-0.6195967793464661,1.0319576263427734,800.731861875,1.0853,8.12856674194336,0.3961264193058014,0.0,-1.622804045677185,0.08,-0.47581785917282104,-0.8778197169303894,0.5270097851753235,1747236553.9671602,-1.2739461660385132,44
44,0.6644723415374756,44,0.75,-0.9922011494636536,0.9737141132354736,818.458583415,0.9914,7.355494976043701,2.3148112297058105,0.0,-1.6207084655761719,0.09,-0.4830591082572937,-1.0354877710342407,0.6184835433959961,1747236571.6545298,-3.3502988815307617,45
45,0.7340196371078491,45,0.75,-0.6704093217849731,1.0081548690795898,836.280713679,1.0483,9.965134620666504,0.48278194665908813,0.0,-1.5182485580444336,0.09,-0.4877758026123047,-0.7683950066566467,0.5482704639434814,1747236589.4762864,-1.2511769533157349,46
46,0.7868941426277161,46,1.0,-0.6134358644485474,1.0335018634796143,853.949631125,1.0624,8.320740699768066,0.32120293378829956,0.0,-1.62047278881073,0.09,-0.4529667794704437,-0.8227322101593018,0.4932153522968292,1747236607.1444983,-1.143935203552246,47
47,0.7185230255126953,47,0.75,-0.6910848021507263,0.7839078307151794,875.707649009,0.9651,7.438141822814941,0.4848023056983948,0.0,-1.5472264289855957,0.09,-0.4563484191894531,-0.42639467120170593,0.13076962530612946,1747236628.903758,-0.9111969470977783,48
48,0.7589419484138489,48,1.0,-0.7176382541656494,0.9882129430770874,893.001658035,1.0079,10.264673233032227,0.377976655960083,0.0,-1.5996496677398682,0.09,-0.5134676694869995,-0.9257137775421143,0.45854198932647705,1747236646.197547,-1.3036904335021973,49
49,0.6806689500808716,49,0.75,-0.6375500559806824,0.9120296239852905,910.544600004,1.0741,9.92893123626709,0.5714555978775024,0.0,-1.5410864353179932,0.09,-0.49003058671951294,-0.7871429920196533,0.46272140741348267,1747236663.7412143,-1.3585985898971558,50
50,0.9504080414772034,50,0.75,-0.962241530418396,1.1534771919250488,929.879647933,0.9239,9.368569374084473,0.03174295276403427,0.0,-1.5839439630508423,0.1,-0.48083746433258057,-0.9216756820678711,0.40613821148872375,1747236683.0747285,-0.9534186720848083,51
51,0.8432020545005798,51,0.5,-0.6096631288528442,1.1445374488830566,947.055597063,1.0848,10.705543518066406,0.25327807664871216,0.0,-1.475420594215393,0.1,-0.4723341763019562,-0.9053640961647034,0.6026708483695984,1747236700.2561123,-1.1586421728134155,52
52,0.575791597366333,52,0.75,-0.7584522366523743,0.7949753999710083,965.622587066,0.9861,8.794427871704102,1.518286943435669,0.0,-1.5516090393066406,0.1,-0.4857674837112427,-0.6762351989746094,0.438367635011673,1747236718.8176048,-2.1945221424102783,53
53,0.48880696296691895,53,1.0,-0.7833234071731567,0.6791577339172363,987.307612948,0.9695,8.571002960205078,1.9026548862457275,0.0,-1.6230319738388062,0.1,-0.488844633102417,-0.6814994812011719,0.3807015120983124,1747236740.50376,-2.5841543674468994,54
54,0.7857949733734131,54,0.5,-0.6680135726928711,0.8425633907318115,1009.406670493,1.038,7.70447301864624,0.3676554560661316,0.0,-1.7089087963104248,0.1,-0.496711403131485,-0.3982204496860504,0.11353683471679688,1747236762.6418946,-0.7658759355545044,55
55,0.9239276051521301,55,0.75,-0.6735209226608276,1.1485240459442139,1027.466634123,1.0669,8.069775581359863,0.07692984491586685,0.0,-1.4234678745269775,0.11,-0.5059362053871155,-0.9525021910667419,0.44919291138648987,1747236780.6623988,-1.0294320583343506,56
56,0.6745896935462952,56,0.75,-0.707325279712677,0.8925683498382568,1046.06459699,0.9947,7.8834757804870605,0.5791650414466858,0.0,-1.4204336404800415,0.11,-0.4798727035522461,-0.639460563659668,0.43595731258392334,1747236799.2601242,-1.218625545501709,57
57,0.8252056837081909,57,0.5,-0.6333547830581665,1.101549744606018,1063.910682154,1.0272,9.845569610595703,0.2916075587272644,0.0,-1.613412857055664,0.11,-0.452324777841568,-0.9773470759391785,0.5526881814002991,1747236817.106285,-1.2689546346664429,58
58,0.5707687139511108,58,1.0,-0.6874123215675354,0.8347964286804199,1081.688672487,0.9866,8.147831916809082,0.7990338802337646,0.0,-1.5828447341918945,0.11,-0.4585937261581421,-0.9555989503860474,0.5280554890632629,1747236834.8835125,-1.7546329498291016,59
59,0.9747629165649414,59,0.5,-0.6174371242523193,1.2457818984985352,1099.349834767,1.0511,8.065751075744629,-0.006738811731338501,0.0,-1.457993507385254,0.11,-0.4540930390357971,-0.9544727206230164,0.5420379638671875,1747236852.5851462,-0.9477338790893555,60
60,0.6715622544288635,60,0.75,-0.61653733253479,0.9315780401229858,1117.148580805,1.0668,8.864490509033203,0.5913137197494507,0.0,-1.5871272087097168,0.12,-0.4634416103363037,-0.8250239491462708,0.5200316309928894,1747236870.3448455,-1.4163377285003662,61
61,0.6587489247322083,61,0.75,-0.7132871747016907,0.8977283835411072,1135.190595925,1.0348,9.969863891601562,0.8194634914398193,0.0,-1.36210036277771,0.12,-0.49349382519721985,-0.8173738718032837,0.47795894742012024,1747236888.3867316,-1.636837363243103,62
62,0.8868950009346008,62,0.5,-0.7181404829025269,1.13624107837677,1153.58262901,0.9966,10.817395210266113,0.15320289134979248,0.0,-1.5787315368652344,0.12,-0.48743003606796265,-0.8587244749069214,0.4986920952796936,1747236906.7783272,-1.0119273662567139,63
63,0.7571675777435303,63,0.75,-0.7062373757362366,1.0628256797790527,1170.78863207,1.0887,10.74025821685791,0.40102875232696533,0.0,-1.6399478912353516,0.12,-0.5508896112442017,-1.1708464622497559,0.6113161444664001,1747236923.9984093,-1.5718753337860107,64
64,0.8626530766487122,64,0.5,-0.5558304786682129,1.1112415790557861,1188.500768088,1.096,10.384407997131348,0.19994677603244781,0.0,-1.3788706064224243,0.12,-0.4449787437915802,-0.9007923007011414,0.4971771240234375,1747236941.7360396,-1.1007391214370728,65
65,0.8214230537414551,65,0.75,-0.6373013257980347,1.0976486206054688,1206.270591667,1.0846,8.031710624694824,0.2662278413772583,0.0,-1.4240813255310059,0.12,-0.4933057427406311,-0.9883514642715454,0.5524510741233826,1747236959.4661145,-1.2545793056488037,66
66,0.6811741590499878,66,1.0,-0.691949725151062,0.9227454662322998,1223.689615846,1.0229,8.962785720825195,0.5446019172668457,0.0,-1.4241091012954712,0.13,-0.48795759677886963,-0.9459241628646851,0.48314255475997925,1747236976.8868208,-1.4905259609222412,67
67,0.8136388063430786,67,1.0,-0.6882550716400146,1.0728204250335693,1240.919645929,1.0321,8.951614379882812,0.27586159110069275,0.0,-1.648136854171753,0.13,-0.49372217059135437,-0.9826329946517944,0.518363356590271,1747236994.116142,-1.2584946155548096,68
68,0.9431134462356567,68,0.5,-0.6618057489395142,1.1568355560302734,1259.1485776,1.0484,9.232100486755371,0.04999372363090515,0.0,-1.4863917827606201,0.13,-0.49241212010383606,-0.8146226406097412,0.4274442493915558,1747237012.3455296,-0.864616334438324,69
69,0.8503168821334839,69,1.0,-0.712212324142456,1.0858380794525146,1276.567615251,0.9951,9.452677726745605,0.20744368433952332,0.0,-1.5495238304138184,0.13,-0.4876807630062103,-0.9234198331832886,0.4710425138473511,1747237029.764069,-1.1308635473251343,70
70,0.7804818153381348,70,0.75,-0.7106267213821411,1.026328682899475,1293.981621018,1.0047,9.226678848266602,0.3419595956802368,0.0,-1.5327448844909668,0.13,-0.49318796396255493,-0.8091407418251038,0.4916936755180359,1747237047.1771271,-1.1511003971099854,71
71,0.8856530785560608,71,1.0,-0.7558689117431641,1.1475024223327637,1311.223768996,1.0319,9.574453353881836,0.14931762218475342,0.0,-1.7243835926055908,0.14,-0.5346580743789673,-0.8556585311889648,0.5236985683441162,1747237064.4590151,-1.0049761533737183,72
72,0.8005062341690063,72,0.75,-0.6565065383911133,1.0469017028808594,1328.701623482,1.0396,7.967080593109131,0.312316358089447,0.0,-1.5772085189819336,0.14,-0.4788595139980316,-0.7633758783340454,0.49279096722602844,1747237081.8983872,-1.0756921768188477,73
73,0.7826861143112183,74,0.75,-0.6757992506027222,0.9930095672607422,1364.989646291,1.0127,7.570675849914551,0.3549426794052124,0.0,-1.710437536239624,0.14,-0.47119760513305664,-0.8320506811141968,0.4206468462944031,1747237118.184638,-1.1869933605194092,75
74,0.8280821442604065,75,0.5,-0.6492338180541992,1.0651613473892212,1383.332141282,1.0608,7.64413595199585,0.27312999963760376,0.0,-1.3966915607452393,0.14,-0.4868347942829132,-0.8039675951004028,0.47415831685066223,1747237136.5674005,-1.0770975351333618,76
75,0.7098313570022583,76,1.0,-0.6962205767631531,0.9711054563522339,1400.536614094,0.9875,8.44493579864502,0.4780704379081726,0.0,-1.4558196067810059,0.15,-0.4616345167160034,-0.8823251724243164,0.522548258304596,1747237153.7718859,-1.3603956699371338,77
76,0.7729426622390747,77,0.5,-1.1108852624893188,1.0205910205841064,1417.884659419,0.9502,9.35230827331543,0.38409265875816345,0.0,-1.2042202949523926,0.15,-0.42731860280036926,-0.8308373689651489,0.495296835899353,1747237171.0807455,-1.2149300575256348,78
77,0.8200116753578186,78,0.5,-0.6908985376358032,1.1217199563980103,1435.078608482,1.0378,9.534804344177246,0.31360870599746704,0.0,-1.41898512840271,0.15,-0.4823678731918335,-1.0617725849151611,0.6034166216850281,1747237188.2745898,-1.3753812313079834,79
78,0.689276397228241,79,0.75,-0.6965640783309937,0.9594628214836121,1456.825590836,1.0233,9.038735389709473,2.1796090602874756,0.0,-1.3610478639602661,0.15,-0.4013741612434387,-0.7140517234802246,0.5403728485107422,1747237210.0212324,-2.8936610221862793,80
79,0.9514206647872925,80,0.25,-0.6549806594848633,1.2221518754959106,1474.019661383,1.0669,10.267352104187012,0.03647090494632721,0.0,-1.4093873500823975,0.15,-0.4892139732837677,-0.9051235914230347,0.5414624214172363,1747237227.214489,-0.9415944218635559,81
80,0.8171184062957764,81,0.5,-0.6196962594985962,1.1064022779464722,1492.379505572,1.1007,7.8665618896484375,0.3331780433654785,0.0,-1.4962177276611328,0.16,-0.4924326539039612,-0.7880014777183533,0.5785678029060364,1747237245.614772,-1.1211795806884766,82
81,1.1332682371139526,82,0.5,-0.6792311668395996,1.3379056453704834,1514.174609236,1.0356,8.684699058532715,-0.2797728180885315,0.0,-1.5748891830444336,0.16,-0.49502915143966675,-0.603684663772583,0.4092748165130615,1747237267.3696594,-0.3239118456840515,83
82,0.6493836641311646,83,1.0,-0.7211945652961731,0.9227081537246704,1532.676750204,1.0124,9.819025039672852,0.6620009541511536,0.0,-1.5839201211929321,0.16,-0.4798714816570282,-1.0653377771377563,0.5466489195823669,1747237285.9120045,-1.7273387908935547,84
83,0.5162888169288635,84,1.0,-0.7649834156036377,0.7597834467887878,1550.421891306,1.0162,7.669522762298584,2.1949844360351562,0.0,-1.5919082164764404,0.16,-0.47525927424430847,-0.8535862565040588,0.48698925971984863,1747237303.6571414,-3.0485706329345703,85
84,0.768976628780365,85,1.0,-0.8833478689193726,0.9966065883636475,1568.432592542,0.9498,10.651546478271484,0.3668592870235443,0.0,-1.558323860168457,0.16,-0.4733416438102722,-0.868149995803833,0.4552599787712097,1747237321.6295,-1.2350093126296997,86
85,0.7914080619812012,86,0.75,-0.6395494937896729,1.0664008855819702,1586.040598957,1.0736,8.552719116210938,0.34218254685401917,0.0,-1.505190134048462,0.16,-0.48640161752700806,-0.9339191317558289,0.5499856472015381,1747237339.2359984,-1.2761017084121704,87
86,0.57756108045578,87,0.75,-0.7485681772232056,0.814791738986969,1604.078594984,0.9355,11.18071460723877,0.8483865261077881,0.0,-1.5805020332336426,0.17,-0.46715834736824036,-0.7073838710784912,0.4744613468647003,1747237357.2739217,-1.5557703971862793,88
87,0.6265326738357544,88,1.0,-0.7697077393531799,0.8301810026168823,1622.443567838,0.9626,10.566073417663574,0.6780430674552917,0.0,-1.5989128351211548,0.17,-0.5144213438034058,-0.8190430998802185,0.40729671716690063,1747237375.6443079,-1.4970861673355103,89
88,1.013068437576294,89,0.25,-0.5765759348869324,1.2741316556930542,1639.871597288,1.0587,7.744974613189697,-0.08079825341701508,0.0,-1.6651020050048828,0.17,-0.43380698561668396,-1.0034492015838623,0.5221264362335205,1747237393.1068645,-0.9226510524749756,90
89,0.820959210395813,90,1.0,-0.7313492894172668,1.135880470275879,1657.463599933,1.0328,9.535868644714355,0.25916171073913574,0.0,-1.6151998043060303,0.17,-0.5175623893737793,-1.1799266338348389,0.6298425793647766,1747237410.659354,-1.4390883445739746,91
90,0.9824687242507935,91,0.25,-0.575960099697113,1.2809802293777466,1675.248618208,1.1334,6.798280715942383,-0.023574799299240112,0.0,-1.6053454875946045,0.17,-0.4804854393005371,-1.0023133754730225,0.5970229506492615,1747237428.4448147,-0.97873854637146,92
91,0.8284149169921875,92,1.0,-0.6201554536819458,1.063720703125,1693.10563368,1.0443,8.587892532348633,0.24694466590881348,0.0,-1.4954086542129517,0.18,-0.44744133949279785,-0.6539332866668701,0.47061148285865784,1747237446.3008196,-0.9008779525756836,93
92,0.780518651008606,93,0.75,-0.6935274600982666,1.025588870048523,1712.176602369,1.0554,9.890690803527832,0.362762987613678,0.0,-1.5494070053100586,0.18,-0.5128729343414307,-1.007619857788086,0.49014049768447876,1747237465.372852,-1.3703827857971191,94
93,0.8881158828735352,94,0.5,-1.2170556783676147,1.1871981620788574,1729.903466022,0.9591,10.499377250671387,0.14783072471618652,0.0,-1.5390276908874512,0.18,-0.5293624997138977,-1.1699658632278442,0.5981646180152893,1747237483.13879,-1.3177965879440308,95
94,0.7387690544128418,95,0.5,-0.9071418642997742,0.937332272529602,1748.310604535,0.9977,8.487190246582031,0.49483200907707214,0.0,-1.4094065427780151,0.18,-0.4441782236099243,-0.6685721278190613,0.39712637662887573,1747237501.5066714,-1.163404107093811,96
95,0.8184964656829834,97,0.75,-0.6329114437103271,1.0606762170791626,1784.442618138,1.0327,9.750946044921875,0.2964582145214081,0.0,-1.486042857170105,0.19,-0.44543853402137756,-0.8054804801940918,0.4843595623970032,1747237537.6378248,-1.1019387245178223,98
96,0.6950501799583435,98,0.5,-0.8875671029090881,0.9268378019332886,1802.73856997,0.9787,8.873953819274902,0.5948723554611206,0.0,-1.5571603775024414,0.19,-0.4801301658153534,-0.8271358013153076,0.46357518434524536,1747237555.9384086,-1.4220082759857178,99
97,0.6839307546615601,99,1.0,-0.6966564059257507,0.9680259227752686,1820.182573492,1.0049,9.831878662109375,0.5240868330001831,0.0,-1.5116698741912842,0.19,-0.4863380491733551,-0.9431068897247314,0.568190336227417,1747237573.4177136,-1.4671937227249146,100
98,0.8276711702346802,101,0.75,-0.7034149765968323,1.026418685913086,1855.254598929,1.0114,7.483543872833252,0.2734328806400299,0.0,-1.5680675506591797,0.19,-0.49564486742019653,-0.6688272953033447,0.3974951207637787,1747237608.4512131,-0.9422601461410522,102
99,0.6067694425582886,102,1.0,-0.7725406885147095,0.892950177192688,1873.265763249,0.9449,10.016363143920898,0.873530387878418,0.0,-1.5137996673583984,0.19,-0.4794865548610687,-1.025714635848999,0.5723614692687988,1747237626.4608917,-1.8992449045181274,103
100,0.8123766779899597,103,0.75,-0.6915137767791748,1.1153544187545776,1890.71458736,1.0123,10.152568817138672,0.28226786851882935,0.0,-1.5543476343154907,0.2,-0.48328307271003723,-0.9791778922080994,0.6059554815292358,1747237643.9099767,-1.2614457607269287,104
101,0.714806079864502,104,0.5,-0.7248250246047974,0.906559944152832,1912.427010594,1.0099,9.33411979675293,1.6281921863555908,0.0,-1.7241318225860596,0.2,-0.45884108543395996,-0.6962975263595581,0.3835076689720154,1747237665.662297,-2.3244895935058594,105
102,0.9158111810684204,105,0.5,-0.7170145511627197,1.1793859004974365,1929.921640747,1.0467,10.845576286315918,0.09621024131774902,0.0,-1.4788357019424438,0.2,-0.5168288946151733,-0.8865146636962891,0.5271493196487427,1747237683.1165278,-0.9827249050140381,106
103,0.6943792700767517,106,0.75,-0.6629350781440735,0.9812315702438354,1947.429614969,1.0342,9.144234657287598,0.5939044952392578,0.0,-1.3956174850463867,0.2,-0.469316303730011,-0.985588788986206,0.5737046599388123,1747237700.626614,-1.5794932842254639,107
104,0.7664273977279663,107,1.0,-0.6706693172454834,0.9992907047271729,1966.040643699,1.0094,9.818270683288574,0.3781448006629944,0.0,-1.3735482692718506,0.2,-0.46634936332702637,-0.740088701248169,0.4657266139984131,1747237719.2360742,-1.1182334423065186,108
105,0.8727173805236816,108,0.5,-0.6778839826583862,1.1393201351165771,1983.806036838,1.043,8.944035530090332,0.18562811613082886,0.0,-1.3425111770629883,0.21,-0.48324233293533325,-0.7507742643356323,0.533205509185791,1747237737.0412517,-0.936402440071106,109
106,0.7881450057029724,109,0.5,-0.697811484336853,0.9664300680160522,2003.123553415,1.0382,8.925216674804688,0.3532237410545349,0.0,-1.4304105043411255,0.21,-0.46542802453041077,-0.6774827241897583,0.3565700948238373,1747237756.358742,-1.0307064056396484,110
107,0.7334976196289062,111,0.75,-0.6428766846656799,0.9967888593673706,2038.349607239,1.0231,7.596676826477051,0.444341242313385,0.0,-1.3808313608169556,0.21,-0.4448789358139038,-0.7615582942962646,0.5265824794769287,1747237791.5457077,-1.2058994770050049,112
108,0.7045100331306458,112,0.75,-0.7756296396255493,0.9082362651824951,2056.957593333,0.9688,10.498064041137695,0.5018097758293152,0.0,-1.5905048847198486,0.21,-0.507414698600769,-0.7491400241851807,0.4074524939060211,1747237810.1526852,-1.2509498596191406,113
109,0.6621791124343872,113,1.0,-0.6875901818275452,0.934769868850708,2074.227798659,1.0257,8.323099136352539,0.6852556467056274,0.0,-1.4417634010314941,0.22,-0.48839831352233887,-1.0013713836669922,0.5451815724372864,1747237827.4630687,-1.6866270303726196,114
110,0.795633852481842,114,1.0,-0.6851906776428223,1.0055979490280151,2091.549262069,1.045,8.02001667022705,0.3194088935852051,0.0,-1.6462109088897705,0.22,-0.4963410496711731,-0.7511684894561768,0.4199281334877014,1747237844.7845678,-1.0705773830413818,115
111,0.639862060546875,115,1.0,-0.7829619646072388,0.8990799188613892,2109.102615654,0.9596,8.840692520141602,0.6520830392837524,0.0,-1.513672947883606,0.22,-0.478668212890625,-0.9223058223724365,0.5184357166290283,1747237862.298922,-1.5743889808654785,116
112,0.7559735178947449,116,1.0,-0.6826115250587463,0.9926819801330566,2127.313598366,1.0186,9.086091041564941,0.38503026962280273,0.0,-1.550208568572998,0.22,-0.4823044538497925,-0.9512239694595337,0.4734169542789459,1747237880.5099099,-1.3362542390823364,117
113,0.8939738869667053,117,0.75,-0.668209969997406,1.134731650352478,2145.149598127,1.045,10.482120513916016,0.13222360610961914,0.0,-1.6148595809936523,0.22,-0.4902499318122864,-0.7744917869567871,0.4815155267715454,1747237898.3453126,-0.9067153930664062,118
114,0.9611423015594482,118,0.5,-0.6866480112075806,1.2673425674438477,2162.327632105,1.0913,9.19484806060791,0.03445048630237579,0.0,-1.6265044212341309,0.22,-0.5262418985366821,-1.1274850368499756,0.612400472164154,1747237915.523308,-1.1619354486465454,119
115,0.8121922016143799,119,0.75,-0.8588278293609619,1.1212559938430786,2179.653886375,0.9752,10.516660690307617,0.3095981180667877,0.0,-1.5502915382385254,0.23,-0.5131385326385498,-1.2359950542449951,0.6181275844573975,1747237932.889109,-1.54559326171875,120
116,0.6984175443649292,120,0.5,-0.7425699234008789,0.9269766807556152,2198.228606575,1.0065,8.179183959960938,1.1332290172576904,0.0,-1.6168408393859863,0.23,-0.4872124195098877,-1.0664173364639282,0.4571182429790497,1747237951.425603,-2.199646472930908,121
117,0.5186759233474731,121,1.0,-0.8241322040557861,0.7792168855667114,2215.805623481,0.9946,10.599989891052246,2.6979572772979736,0.0,-1.5102245807647705,0.23,-0.48494428396224976,-1.0043448209762573,0.5210819840431213,1747237969.0012617,-3.7023022174835205,122
118,0.8484854102134705,122,0.75,-0.7450599670410156,1.138293981552124,2233.011629132,1.0141,8.144630432128906,0.21990235149860382,0.0,-1.5609967708587646,0.23,-0.5191415548324585,-1.132692813873291,0.5796170830726624,1747237986.2077618,-1.3525950908660889,123
119,1.0267786979675293,123,0.5,-0.6400933265686035,1.245958685874939,2254.76167609,1.0419,8.729094505310059,-0.09156809747219086,0.0,-1.589808702468872,0.23,-0.4685986340045929,-0.5335577726364136,0.4383600652217865,1747238007.9580655,-0.4419897198677063,124
120,0.7298023700714111,124,1.0,-0.7647000551223755,0.958294153213501,2271.918504022,1.0058,9.953164100646973,0.4377292990684509,0.0,-1.6227304935455322,0.24,-0.48832598328590393,-0.7874281406402588,0.4569835960865021,1747238025.1537848,-1.2251574993133545,125
121,0.8418494462966919,125,1.0,-0.8144269585609436,1.1189420223236084,2289.513622514,0.9341,11.601114273071289,0.2270018458366394,0.0,-1.6453754901885986,0.24,-0.5050861239433289,-0.9683952331542969,0.5541852712631226,1747238042.7094672,-1.1953970193862915,126
122,0.6051228046417236,126,1.0,-0.766567587852478,0.8210774660110474,2307.507604592,0.9378,9.543228149414062,0.7207842469215393,0.0,-1.522710919380188,0.24,-0.48231369256973267,-0.6948870420455933,0.43190938234329224,1747238060.703124,-1.4156713485717773,127
123,1.0976482629776,127,0.25,-0.6727955341339111,1.3866376876831055,2329.205053629,1.0897,10.234554290771484,-0.20294198393821716,0.0,-1.5612151622772217,0.24,-0.5136368274688721,-0.7477446794509888,0.5779788494110107,1747238082.4403222,-0.5448026657104492,128
124,0.7382159233093262,129,1.0,-0.6515457630157471,1.0202512741088867,2363.925832567,1.0137,9.148571014404297,0.4240323603153229,0.0,-1.5875498056411743,0.25,-0.44787538051605225,-0.9667362570762634,0.5640706419944763,1747238117.161129,-1.3907685279846191,130
125,0.6778491139411926,130,1.0,-0.6669496893882751,0.9016838669776917,2381.956586948,1.0268,9.615899085998535,0.5845444798469543,0.0,-1.6684163808822632,0.25,-0.47665828466415405,-0.8082454800605774,0.44766947627067566,1747238135.1521735,-1.3927899599075317,131
126,0.665337324142456,131,1.0,-0.6447734832763672,0.8885601162910461,2401.787616047,1.0896,11.63546085357666,0.5846588015556335,0.0,-1.507167100906372,0.25,-0.49989044666290283,-0.6885194778442383,0.4464455544948578,1747238154.9831102,-1.2731783390045166,132
127,0.8212312459945679,132,0.75,-0.668764591217041,1.1012762784957886,2419.403005393,1.0947,9.365022659301758,0.29300957918167114,0.0,-1.598670482635498,0.25,-0.5232416987419128,-0.9876068830490112,0.5600900053977966,1747238172.6382298,-1.2806165218353271,133
128,0.8110610246658325,133,1.0,-0.687017560005188,1.0721441507339478,2437.115665851,1.0414,8.46724796295166,0.27980881929397583,0.0,-1.4777014255523682,0.25,-0.489912748336792,-0.9206089973449707,0.5221661925315857,1747238190.3126252,-1.2004177570343018,134
129,0.8028360605239868,134,1.0,-0.7381311058998108,0.9703967571258545,2456.489573001,0.9339,9.644030570983887,0.3029407262802124,0.0,-1.4596598148345947,0.26,-0.45956453680992126,-0.4817720055580139,0.33512142300605774,1747238209.6847491,-0.7847127318382263,135
130,0.9820741415023804,135,0.5,-0.5600156784057617,1.2498998641967773,2473.669605774,1.1136,8.766998291015625,-0.021616965532302856,0.0,-1.4343737363815308,0.26,-0.4464479088783264,-0.8737650513648987,0.5356513857841492,1747238226.866087,-0.8521480560302734,136
131,0.9336583614349365,136,0.5,-0.5974059104919434,1.1762858629226685,2490.894577078,1.0512,7.666196823120117,0.05916081368923187,0.0,-1.592440128326416,0.26,-0.43509382009506226,-0.8713340163230896,0.4852549433708191,1747238244.0905082,-0.9304947853088379,137
132,0.8842381834983826,137,0.25,-0.6754629015922546,1.0657881498336792,2509.924457641,1.0369,8.822837829589844,0.16641096770763397,0.0,-1.5548673868179321,0.26,-0.4974108934402466,-0.6367257833480835,0.36309999227523804,1747238263.1596987,-0.8031367659568787,138
133,0.878899335861206,138,0.75,-0.6646908521652222,1.1453580856323242,2527.159563129,0.9712,10.028787612915039,0.15689916908740997,0.0,-1.4456640481948853,0.26,-0.42297524213790894,-0.8916786313056946,0.5329176187515259,1747238280.3565629,-1.0485777854919434,139
134,0.9248283505439758,139,0.25,-0.5715944766998291,1.1390938758850098,2546.091587873,1.0584,9.55448055267334,0.08465804159641266,0.0,-1.4277297258377075,0.26,-0.42501595616340637,-0.3752153515815735,0.42853111028671265,1747238299.2870512,-0.45987337827682495,140
135,0.846916913986206,141,0.75,-0.6907110214233398,1.0794124603271484,2586.036616789,0.956,8.024890899658203,0.2204832285642624,0.0,-1.4832406044006348,0.27,-0.4475545883178711,-0.6515262126922607,0.4649912118911743,1747238339.2334418,-0.8720094561576843,142
136,0.9404345154762268,142,0.5,-0.7064551711082458,1.240263819694519,2603.218152424,1.0657,11.4461088180542,0.05073893815279007,0.0,-1.5197244882583618,0.27,-0.5315988659858704,-1.083012580871582,0.5996585488319397,1747238356.453412,-1.1337515115737915,143
137,0.860496997833252,143,0.75,-0.5815219283103943,1.105108380317688,2620.92255617,1.0771,10.003241539001465,0.20823055505752563,0.0,-1.3541951179504395,0.27,-0.44170475006103516,-0.8455016016960144,0.48922282457351685,1747238374.1190846,-1.05373215675354,144
138,0.4182339608669281,144,1.0,-0.7590047121047974,0.6703391075134277,2637.991588869,1.0282,7.45474100112915,2.526498794555664,0.0,-1.4709607362747192,0.27,-0.46687251329421997,-0.822672963142395,0.504210352897644,1747238391.1873002,-3.3491716384887695,145
139,0.7894493341445923,145,0.75,-0.6603693962097168,1.039820909500122,2655.245600273,1.0557,10.40445327758789,0.3330186605453491,0.0,-1.5117192268371582,0.28,-0.49794578552246094,-0.8302828073501587,0.5007432103157043,1747238408.4417305,-1.1633014678955078,146
140,0.9345837831497192,146,0.25,-0.585395872592926,1.1969276666641235,2672.529565852,1.1043,9.181276321411133,0.06685946881771088,0.0,-1.4666681289672852,0.28,-0.4686039090156555,-0.6322598457336426,0.5246877074241638,1747238425.725636,-0.6991193294525146,147
141,0.9039626121520996,147,0.25,-0.7311456799507141,1.1191860437393188,2694.241178069,1.0221,8.507940292358398,0.9694135189056396,0.0,-1.5290491580963135,0.28,-0.4741731882095337,-0.6432282328605652,0.43044689297676086,1747238447.4763997,-1.6126418113708496,148
142,0.8920608758926392,148,0.5,-0.6803170442581177,1.1719456911087036,2711.501574617,1.0204,9.424501419067383,0.13890814781188965,0.0,-1.5045313835144043,0.28,-0.46590471267700195,-0.9459762573242188,0.5597695708274841,1747238464.69815,-1.0848844051361084,149
143,0.8193384408950806,149,0.75,-0.6531150341033936,1.0062270164489746,2730.348609362,1.0287,9.194916725158691,0.270376592874527,0.0,-1.5124881267547607,0.28,-0.4732234477996826,-0.5136947631835938,0.37377724051475525,1747238483.5448854,-0.7840713262557983,150
144,0.7039347887039185,150,1.0,-0.7471043467521667,0.930914044380188,2747.925558222,0.9519,8.335282325744629,0.558099091053009,0.0,-1.4254884719848633,0.29,-0.46288731694221497,-0.6658742427825928,0.4539584815502167,1747238501.1274168,-1.2239733934402466,151
145,0.791287362575531,151,0.75,-0.7086312770843506,1.001078724861145,2766.350605366,0.9942,10.053600311279297,0.3488031029701233,0.0,-1.484412670135498,0.29,-0.4860520362854004,-0.8321688771247864,0.41958263516426086,1747238519.548969,-1.1809719800949097,152
146,1.0221847295761108,152,0.5,-0.5900558233261108,1.3005825281143188,2783.589883555,1.0582,9.92827320098877,-0.09022371470928192,0.0,-1.4177190065383911,0.29,-0.44033122062683105,-1.0574101209640503,0.5567956566810608,1747238536.825093,-0.967186450958252,153
147,0.7731859683990479,153,0.5,-0.6486188769340515,1.021708607673645,2802.001587577,1.0027,9.263629913330078,0.40825432538986206,0.0,-1.4482574462890625,0.29,-0.44734644889831543,-0.7179237604141235,0.4970451891422272,1747238555.1971047,-1.1261780261993408,154
148,0.766685962677002,154,0.75,-0.778632402420044,0.8012251257896423,2823.715993462,1.0043,9.383252143859863,0.420207142829895,0.0,-1.6286876201629639,0.29,-0.5131169557571411,-0.6278552412986755,0.06907828897237778,1747238576.9513063,-1.0480623245239258,155
149,0.5975214242935181,155,1.0,-0.7615737318992615,0.8148391246795654,2841.366752536,0.9763,11.609163284301758,0.7900348901748657,0.0,-1.475705623626709,0.29,-0.49519824981689453,-0.7599199414253235,0.43463537096977234,1747238594.6020389,-1.549954891204834,156
150,1.1482579708099365,156,0.0,-0.5697996616363525,1.3847978115081787,2863.156600966,1.1111,8.300745964050293,-0.31006139516830444,0.0,-1.5390866994857788,0.3,-0.4617542624473572,-0.7792051434516907,0.4730795621871948,1747238616.3528917,-0.46914374828338623,157
151,0.7234350442886353,157,0.75,-0.7105066776275635,0.7714948058128357,2884.87519659,0.9849,9.03208065032959,0.47387856245040894,0.0,-1.5998015403747559,0.3,-0.49256956577301025,-0.6243376135826111,0.09611953049898148,1747238638.1104004,-1.09821617603302,158
152,0.7595243453979492,158,0.75,-0.7699667811393738,1.003011703491211,2903.619811887,0.9406,8.51764965057373,0.40837562084198,0.0,-1.4901959896087646,0.3,-0.48234322667121887,-0.8658341765403748,0.4869745969772339,1747238656.8550901,-1.2742098569869995,159
153,0.6965349912643433,159,0.75,-0.6810644865036011,0.8341583013534546,2923.183669441,1.0249,10.142828941345215,0.5202024579048157,0.0,-1.586639165878296,0.3,-0.4907514750957489,-0.5492815375328064,0.27524662017822266,1747238676.37918,-1.069483995437622,160
154,0.6600031852722168,160,1.0,-0.6176882982254028,0.9222448468208313,2940.62858951,1.0935,9.1742525100708,0.7022296190261841,0.0,-1.473581075668335,0.3,-0.4775104522705078,-1.0205293893814087,0.524483323097229,1747238693.8239913,-1.7227590084075928,161
155,0.7518182992935181,161,1.0,-0.7690461874008179,0.9899502396583557,2958.637692627,0.9608,7.317269802093506,0.39777690172195435,0.0,-1.5203794240951538,0.31,-0.4913761019706726,-0.9384554028511047,0.4762638509273529,1747238711.8729753,-1.336232304573059,162
156,0.8408994078636169,162,0.75,-0.7581837177276611,1.1564617156982422,2975.900714079,0.9924,7.717441558837891,0.2348977029323578,0.0,-1.444495677947998,0.31,-0.5080142021179199,-1.262230396270752,0.6311246752738953,1747238729.0958638,-1.4971281290054321,163
157,0.8867347240447998,163,0.5,-0.7422597408294678,1.1442930698394775,2993.289106323,0.9874,10.390366554260254,0.1476207971572876,0.0,-1.5653822422027588,0.31,-0.500133216381073,-0.8710762858390808,0.5151165723800659,1747238746.5244024,-1.0186971426010132,164
158,0.7109692096710205,164,0.75,-0.6452420949935913,0.939653754234314,3010.943648386,1.032,7.5855865478515625,0.5025405883789062,0.0,-1.527048110961914,0.31,-0.456930011510849,-0.9224033355712891,0.4573690593242645,1747238764.1405773,-1.4249439239501953,165
159,0.6395041346549988,165,1.0,-0.7672296762466431,0.8978897333145142,3028.476635946,0.9826,8.804441452026367,0.6583378314971924,0.0,-1.694950819015503,0.31,-0.5038137435913086,-0.8870882391929626,0.5167712569236755,1747238781.6734889,-1.5454261302947998,166
160,0.9774237275123596,166,0.25,-0.6933489441871643,1.2603330612182617,3046.985591065,1.0058,10.858226776123047,-0.015840470790863037,0.0,-1.761141300201416,0.32,-0.48358967900276184,-0.8418733477592468,0.5658186674118042,1747238800.1817973,-0.8260328769683838,167
161,0.7785488367080688,168,0.75,-0.6711541414260864,1.0254318714141846,3082.90700338,1.0293,9.482765197753906,0.3789266347885132,0.0,-1.611844539642334,0.32,-0.4812528192996979,-0.896314799785614,0.4937659800052643,1747238836.1422858,-1.2752413749694824,169
162,0.757184624671936,169,0.75,-0.7000588178634644,0.9570067524909973,3101.718570938,1.0384,10.444615364074707,0.40693503618240356,0.0,-1.5861220359802246,0.32,-0.5154477953910828,-0.7066284418106079,0.39964428544044495,1747238854.915458,-1.1135634183883667,170
163,0.6637886762619019,170,1.0,-0.6606013774871826,0.8990171551704407,3119.370587189,1.0166,8.605633735656738,0.6103807687759399,0.0,-1.4709930419921875,0.32,-0.46070683002471924,-0.8731387853622437,0.47045692801475525,1747238872.5672135,-1.4835195541381836,171
164,0.7918102741241455,171,0.75,-0.7223013639450073,1.0347471237182617,3138.208578126,0.994,8.417421340942383,0.32222747802734375,0.0,-1.4702739715576172,0.33,-0.477836936712265,-0.7570854425430298,0.4858737885951996,1747238891.4094338,-1.0793129205703735,172
165,0.7541182041168213,172,1.0,-0.8347599506378174,1.0365172624588013,3155.429602983,0.994,9.696462631225586,0.39022576808929443,0.0,-1.5392765998840332,0.33,-0.5079320073127747,-1.0158336162567139,0.56479811668396,1747238908.6250868,-1.4060593843460083,173
166,0.8911251425743103,173,0.5,-0.5695832967758179,1.0918259620666504,3173.452693981,1.0977,8.998534202575684,0.14135345816612244,0.0,-1.434475302696228,0.33,-0.45518410205841064,-0.6905637979507446,0.40140169858932495,1747238926.6879568,-0.8319172859191895,174
167,0.6368280649185181,174,0.5,-0.7499995231628418,0.6994936466217041,3195.233662675,0.9596,7.96646785736084,1.6351912021636963,0.0,-1.587505578994751,0.33,-0.45475006103515625,-0.7077782154083252,0.12533122301101685,1747238948.4295576,-2.3429694175720215,175
168,0.6809191703796387,175,0.75,-0.6943328380584717,0.7261282205581665,3216.995604263,1.0038,10.630451202392578,0.584613561630249,0.0,-1.6248064041137695,0.33,-0.4974496364593506,-0.6808584332466125,0.09041809290647507,1747238970.191371,-1.2654719352722168,176
169,0.833567202091217,176,0.75,-0.6662478446960449,1.0754050016403198,3234.522586919,0.9999,10.605780601501465,0.24484868347644806,0.0,-1.2556509971618652,0.33,-0.44673165678977966,-0.871115505695343,0.4836755096912384,1747238987.7578552,-1.1159641742706299,177
170,0.6933305263519287,177,0.75,-0.6739487648010254,0.8809210062026978,3252.786676643,0.9873,8.715706825256348,0.5294621586799622,0.0,-1.5999531745910645,0.34,-0.44614526629447937,-0.9411614537239075,0.3751809597015381,1747239005.9820366,-1.47062349319458,178
171,0.8262851238250732,178,0.75,-0.641766369342804,1.065469741821289,3271.005581625,1.0482,9.579056739807129,0.2701670527458191,0.0,-1.296334981918335,0.34,-0.46492141485214233,-0.7563137412071228,0.4783692955970764,1747239024.2016542,-1.026480793952942,179
172,0.7224413752555847,179,1.0,-0.6613781452178955,0.9185576438903809,3290.060421564,1.0417,8.818825721740723,0.5212371349334717,0.0,-1.4951200485229492,0.34,-0.49153798818588257,-0.7055116891860962,0.3922325670719147,1747239043.2954545,-1.2267489433288574,180
173,0.8386132121086121,180,0.5,-0.646658182144165,1.0244543552398682,3307.931599851,1.0205,10.006017684936523,0.2749146819114685,0.0,-1.4709206819534302,0.34,-0.4571152329444885,-0.7065985798835754,0.37168240547180176,1747239061.1284115,-0.981513261795044,181
174,0.8955535888671875,181,0.75,-0.6249592304229736,1.1092051267623901,3326.834585219,1.1041,11.01547908782959,0.13680744171142578,0.0,-1.5376628637313843,0.34,-0.5009558796882629,-0.7510862350463867,0.4273029863834381,1747239080.0320945,-0.8878936171531677,182
175,0.5971094369888306,182,0.75,-0.8158481121063232,0.8254530429840088,3345.584645903,1.021,8.782144546508789,2.9773635864257812,0.0,-1.410938024520874,0.35,-0.4700208306312561,-0.7646971940994263,0.4566872715950012,1747239098.781291,-3.742060899734497,183
176,0.6463072299957275,183,1.0,-0.7295738458633423,0.9415661096572876,3363.201591796,0.9948,8.453054428100586,0.6052207350730896,0.0,-1.5030661821365356,0.35,-0.4963829815387726,-1.1832271814346313,0.5905177593231201,1747239116.3987422,-1.7884478569030762,184
177,0.7169668078422546,184,1.0,-0.7381051778793335,0.9077157378196716,3381.915470858,0.9672,7.436767101287842,0.5110316872596741,0.0,-1.7302836179733276,0.35,-0.4784965515136719,-0.682167649269104,0.381497859954834,1747239135.1507397,-1.1931993961334229,185
178,0.7920113801956177,185,0.75,-0.6810031533241272,1.0383212566375732,3399.587592526,1.0236,10.061923027038574,0.3329606056213379,0.0,-1.4844576120376587,0.35,-0.48949235677719116,-0.9290687441825867,0.4926198124885559,1747239152.7833087,-1.2620292901992798,186
179,0.6716704368591309,186,0.75,-0.6749212741851807,0.9735662937164307,3417.081588189,1.0744,8.912459373474121,1.650973916053772,0.0,-1.3216681480407715,0.35,-0.4571765065193176,-0.9193828105926514,0.6037917733192444,1747239170.2774653,-2.570356845855713,187
180,0.8973363637924194,187,0.5,-0.7102290391921997,1.1682547330856323,3434.292590788,1.0166,10.986120223999023,0.1368447244167328,0.0,-1.4295454025268555,0.36,-0.4918253719806671,-0.9249197244644165,0.5418367981910706,1747239187.4888697,-1.0617644786834717,188
181,1.045161485671997,188,0.75,-0.649980902671814,1.2947827577590942,3456.011591557,1.0446,11.382392883300781,-0.10514776408672333,0.0,-1.378944993019104,0.36,-0.4525667726993561,-0.6769710779190063,0.49924248456954956,1747239209.2084517,-0.5718233585357666,189
182,0.7769849896430969,189,0.75,-0.5909964442253113,0.9870525598526001,3474.026789567,1.0659,8.543137550354004,0.3531910181045532,0.0,-1.4523978233337402,0.36,-0.44052654504776,-0.74541836977005,0.42013514041900635,1747239227.2620955,-1.0986093282699585,190
183,0.8986755013465881,190,0.75,-0.6996665000915527,1.1117751598358154,3491.888614765,1.0267,11.088598251342773,0.1208077222108841,0.0,-1.5725629329681396,0.36,-0.4990633428096771,-0.8678992986679077,0.4261992573738098,1747239245.085098,-0.9887070655822754,191
184,0.8351094722747803,191,0.5,-0.7422870397567749,1.0808143615722656,3509.207605081,0.9953,9.499534606933594,0.26706463098526,0.0,-1.704573392868042,0.36,-0.48015841841697693,-0.9464206099510193,0.49140989780426025,1747239262.4044316,-1.2134852409362793,192
185,0.7732455730438232,192,0.5,-0.7063326835632324,1.0176868438720703,3528.116630276,1.0449,8.5503568649292,0.3804730176925659,0.0,-1.7224602699279785,0.36,-0.5176693201065063,-0.7190378904342651,0.48888257145881653,1747239281.3138118,-1.099510908126831,193
186,0.608900249004364,193,0.75,-0.7027807235717773,0.8808572888374329,3545.281697601,1.032,9.571403503417969,0.8701415061950684,0.0,-1.5427117347717285,0.37,-0.49492090940475464,-1.0136663913726807,0.5439140796661377,1747239298.5169754,-1.8838077783584595,194
187,0.5350831151008606,194,1.0,-0.7032783627510071,0.7993512153625488,3562.812312989,0.9985,8.385090827941895,0.8834693431854248,0.0,-1.4719913005828857,0.37,-0.4720176160335541,-0.879513144493103,0.5285362601280212,1747239316.0476,-1.7629826068878174,195
188,0.8396158218383789,195,0.25,-0.6273845434188843,0.8795945644378662,3584.57958535,1.0509,7.700405120849609,0.29493391513824463,0.0,-1.5863103866577148,0.37,-0.46939197182655334,-0.41058483719825745,0.0799575001001358,1747239337.7764342,-0.7055187821388245,196
189,0.7230969071388245,196,1.0,-0.7686375975608826,0.9867847561836243,3602.385539661,0.9772,10.879664421081543,0.47324082255363464,0.0,-1.6038676500320435,0.37,-0.5037999153137207,-0.9575689435005188,0.5273756980895996,1747239355.5817332,-1.430809736251831,197
190,0.840654730796814,197,0.75,-0.6541312336921692,1.097023367881775,3620.087727324,1.0051,7.972307205200195,0.23040494322776794,0.0,-1.6575254201889038,0.37,-0.4409799575805664,-1.037822961807251,0.5127372741699219,1747239373.3229623,-1.2682278156280518,198
191,0.6316268444061279,198,1.0,-0.7165939211845398,0.8526694178581238,3637.571589247,0.9838,7.734370231628418,0.6856944561004639,0.0,-1.5587232112884521,0.38,-0.481965035200119,-0.8505567312240601,0.4420851171016693,1747239390.7677512,-1.536251187324524,199
192,0.7985702753067017,200,0.75,-0.5746883153915405,1.0308122634887695,3672.609618458,1.0764,11.116467475891113,0.3133752942085266,0.0,-1.390708088874817,0.38,-0.44138801097869873,-0.7906683683395386,0.46448394656181335,1747239425.8048835,-1.10404372215271,201
193,0.7149194478988647,201,1.0,-0.6332275867462158,0.9307377338409424,3689.93057666,1.0559,11.103377342224121,0.4758179783821106,0.0,-1.4243372678756714,0.38,-0.4689525067806244,-0.7848172783851624,0.4316365420818329,1747239443.126061,-1.260635256767273,202
194,0.7559552192687988,202,0.5,-0.6376688480377197,0.98212730884552,3708.16356031,1.0598,9.633355140686035,0.451362669467926,0.0,-1.3850101232528687,0.38,-0.47332438826560974,-0.7606812119483948,0.4523441791534424,1747239461.3591173,-1.2120440006256104,203
195,0.5408470034599304,203,1.0,-0.7219262719154358,0.776407778263092,3726.533585617,1.0191,9.686311721801758,2.0652036666870117,0.0,-1.5816020965576172,0.39,-0.461555153131485,-0.9354862570762634,0.47112157940864563,1747239479.72932,-3.00068998336792,204
196,0.8168624639511108,205,0.75,-0.6228222846984863,1.0706539154052734,3761.518593057,1.0403,9.684654235839844,0.2970147132873535,0.0,-1.4324870109558105,0.39,-0.4422059953212738,-0.9323998689651489,0.5075829029083252,1747239514.7140312,-1.2294145822525024,206
197,0.7181544899940491,206,0.75,-0.6647264957427979,0.9601762890815735,3779.271599897,0.9993,9.495741844177246,0.47749441862106323,0.0,-1.5976648330688477,0.39,-0.45599955320358276,-0.8581342101097107,0.48404359817504883,1747239532.4668045,-1.335628628730774,207
198,0.8424443006515503,207,0.75,-0.7049909830093384,0.9197641611099243,3800.992951182,0.9962,10.557438850402832,0.2404971420764923,0.0,-1.5860989093780518,0.39,-0.4986003339290619,-0.6212334632873535,0.15463973581790924,1747239554.2282538,-0.8617305755615234,208
199,0.8646613359451294,208,0.75,-0.6172397136688232,1.123624324798584,3818.474570597,1.0395,6.96567964553833,0.18507391214370728,0.0,-1.4190013408660889,0.4,-0.43604254722595215,-0.8216135501861572,0.517926037311554,1747239571.6695454,-1.0066875219345093,209
200,0.81519615650177,209,0.5,-0.6681869029998779,1.0444982051849365,3836.250675903,1.058,10.107178688049316,0.3064245581626892,0.0,-1.5052359104156494,0.4,-0.49227944016456604,-0.8357384204864502,0.45860400795936584,1747239589.4858835,-1.1421630382537842,210
201,0.8624732494354248,210,0.75,-0.6935071349143982,1.0803717374801636,3854.190628483,0.9877,7.887704849243164,0.19329020380973816,0.0,-1.6075878143310547,0.4,-0.4448665976524353,-0.5214328765869141,0.4357970058917999,1747239607.3862674,-0.7147231101989746,211
202,0.9478618502616882,211,0.75,-0.5692242980003357,1.1901185512542725,3872.153607578,1.0689,8.846548080444336,0.042576760053634644,0.0,-1.5117206573486328,0.4,-0.42496365308761597,-0.7126482725143433,0.4845133125782013,1747239625.3485222,-0.7552250027656555,212
203,0.5355972051620483,212,1.0,-0.7151147127151489,0.7454885840415955,3890.2024554,0.9913,7.18591833114624,0.9143233299255371,0.0,-1.5611557960510254,0.4,-0.4851430654525757,-0.6591508388519287,0.41978272795677185,1747239643.437735,-1.5734741687774658,213
204,0.6983460187911987,213,1.0,-0.6340233683586121,0.9689188599586487,3907.387692761,1.0725,9.70079231262207,0.5039706230163574,0.0,-1.4712696075439453,0.4,-0.484050452709198,-1.0817508697509766,0.5411456823348999,1747239660.5834808,-1.585721492767334,214
205,0.7837232351303101,214,1.0,-0.859495997428894,1.0593538284301758,3924.633918091,1.0287,9.550278663635254,0.3334377110004425,0.0,-1.6960573196411133,0.41,-0.5361539125442505,-1.1052560806274414,0.5512612462043762,1747239677.8692079,-1.4386937618255615,215
206,0.9174860119819641,215,0.5,-0.6902481317520142,1.1725742816925049,3942.025587169,1.0098,10.273548126220703,0.09067973494529724,0.0,-1.576867938041687,0.41,-0.47790655493736267,-0.8513603806495667,0.5101765990257263,1747239695.222513,-0.9420400857925415,216
207,0.8223607540130615,216,0.75,-0.6162378787994385,1.0107976198196411,3960.32857867,1.0414,7.993436336517334,0.2885625958442688,0.0,-1.5989649295806885,0.41,-0.4521608054637909,-0.7190291881561279,0.376873642206192,1747239713.5254612,-1.007591724395752,217
208,0.8078601360321045,217,0.5,-0.6428303718566895,1.0580329895019531,3977.82965881,1.0875,8.050232887268066,0.317753404378891,0.0,-1.4742558002471924,0.41,-0.4961870312690735,-0.8470833897590637,0.500345766544342,1747239731.0271974,-1.1648367643356323,218
209,0.6873679161071777,218,1.0,-0.6370738744735718,0.9314546585083008,3995.999177701,1.1117,10.334493637084961,0.5349778532981873,0.0,-1.7452878952026367,0.41,-0.5048195719718933,-0.6766833662986755,0.4881734549999237,1747239749.2344797,-1.2116612195968628,219
210,0.9806897640228271,219,0.25,-0.6788995265960693,1.25194251537323,4013.111135283,0.9927,12.147395133972168,-0.017459452152252197,0.0,-1.5665053129196167,0.42,-0.4463993310928345,-0.9770258665084839,0.5425055623054504,1747239766.3464086,-0.9595664143562317,220
211,0.6771107912063599,220,0.75,-0.6635876893997192,0.8814626932144165,4032.527606404,1.0537,9.630866050720215,0.6323175430297852,0.0,-1.7005009651184082,0.42,-0.48622578382492065,-0.5747902393341064,0.4087037742137909,1747239785.723115,-1.207107663154602,221
212,0.6455787420272827,221,1.0,-0.6941330432891846,0.8875085711479187,4050.194624735,0.985,8.08885383605957,0.6346672773361206,0.0,-1.4661870002746582,0.42,-0.45796459913253784,-0.7894794344902039,0.4838596284389496,1747239803.391106,-1.4241466522216797,222
213,0.7189491987228394,222,1.0,-0.6894551515579224,0.949689507484436,4067.925603295,1.0513,8.742036819458008,0.5235320329666138,0.0,-1.6053223609924316,0.42,-0.5121603012084961,-0.8299848437309265,0.46148058772087097,1747239821.1218278,-1.3535168170928955,223
214,0.8232147097587585,223,0.75,-0.6322882175445557,1.0580618381500244,4085.383066491,1.0303,12.175700187683105,0.2663272023200989,0.0,-1.4576834440231323,0.42,-0.45182448625564575,-0.8848538398742676,0.46969425678253174,1747239838.6183612,-1.1511809825897217,224
215,0.8052894473075867,224,0.75,-0.7100507020950317,1.0574100017547607,4102.56867014,0.9836,9.314191818237305,0.30489325523376465,0.0,-1.5713467597961426,0.43,-0.4719862937927246,-0.8195101022720337,0.5042409896850586,1747239855.803975,-1.1244033575057983,225
216,0.850577175617218,225,0.75,-0.6302331686019897,1.1512539386749268,4120.665568889,1.0506,8.401385307312012,0.21627652645111084,0.0,-1.503553032875061,0.43,-0.45816370844841003,-1.005168080329895,0.6013534665107727,1747239873.8614378,-1.2214446067810059,226
217,0.6039380431175232,227,1.0,-0.7074402570724487,0.8319118022918701,4155.842656198,0.9573,8.86207103729248,0.8064900636672974,0.0,-1.7119076251983643,0.43,-0.45253533124923706,-0.6335513591766357,0.4559475779533386,1747239909.038652,-1.440041422843933,228
218,0.9075679183006287,228,0.5,-0.6957608461380005,1.1876585483551025,4173.150534804,1.0585,10.759066581726074,0.11456573009490967,0.0,-1.4097568988800049,0.43,-0.5083860158920288,-0.8758345246315002,0.5601813793182373,1747239926.3469672,-0.9904003143310547,229
219,0.8060938715934753,229,0.5,-0.7524024248123169,1.0765159130096436,4190.64505984,0.9554,9.769920349121094,0.3278742730617523,0.0,-1.7246248722076416,0.43,-0.4831368029117584,-0.9318702220916748,0.5408439636230469,1747239943.8784044,-1.2597445249557495,230
220,0.6906588077545166,230,0.75,-0.6624810695648193,0.9347584247589111,4208.598636532,1.0131,10.052474975585938,0.5651269555091858,0.0,-1.5798859596252441,0.44,-0.4693598747253418,-0.9765086770057678,0.4881991744041443,1747239961.7946389,-1.5416356325149536,231
221,0.7253034710884094,231,0.75,-0.6493144035339355,0.9758850932121277,4225.81413171,1.092,10.251059532165527,0.47938603162765503,0.0,-1.3115172386169434,0.44,-0.49333590269088745,-0.8840892314910889,0.5011632442474365,1747239979.0493965,-1.3634753227233887,232
222,1.0057990550994873,232,0.25,-0.658736526966095,1.2366315126419067,4247.596595661,1.0301,8.685670852661133,-0.04892338812351227,0.0,-1.528517246246338,0.44,-0.46394503116607666,-0.7161384224891663,0.4616648852825165,1747240000.7925746,-0.6672150492668152,233
223,0.7994443774223328,233,0.75,-0.6459465026855469,1.0006428956985474,4264.991094186,1.0407,11.51843547821045,0.3101814389228821,0.0,-1.398513674736023,0.44,-0.47172391414642334,-0.6093682646751404,0.4023970067501068,1747240018.2263916,-0.9195497035980225,234
224,0.7736417055130005,235,0.5,-0.6824353933334351,1.0238592624664307,4301.109639039,0.99,9.90139102935791,0.4035288691520691,0.0,-1.4809319972991943,0.45,-0.4539107084274292,-0.7176110744476318,0.5004351735115051,1747240054.3058894,-1.1211398839950562,236
225,0.7245184183120728,236,0.75,-0.926604151725769,1.0244927406311035,4318.387619487,0.9529,10.033209800720215,0.7032160758972168,0.0,-1.4696640968322754,0.45,-0.4840017855167389,-1.0433027744293213,0.5999487042427063,1747240071.5843065,-1.7465187311172485,237
226,0.5664626359939575,237,1.0,-0.7422192096710205,0.7719875574111938,4335.591622755,0.9832,8.624712944030762,0.8859668374061584,0.0,-1.671867847442627,0.45,-0.4482187032699585,-0.7034008502960205,0.41104984283447266,1747240088.7881122,-1.5893676280975342,238
227,0.7160335779190063,238,1.0,-0.7565310001373291,0.932806134223938,4353.028588544,0.9646,8.669053077697754,0.5035889148712158,0.0,-1.6338813304901123,0.45,-0.49326980113983154,-0.7463416457176208,0.43354517221450806,1747240106.224657,-1.2499306201934814,239
228,0.8320010900497437,239,1.0,-0.7036304473876953,1.0029447078704834,4370.408679122,0.9779,10.794278144836426,0.24580471217632294,0.0,-1.3936306238174438,0.45,-0.4780619144439697,-0.6849932074546814,0.3418872058391571,1747240123.6439426,-0.9307979345321655,240
229,0.7315138578414917,240,0.75,-0.7703461050987244,1.023371696472168,4388.111584848,0.9792,9.171656608581543,0.4644787907600403,0.0,-1.4667575359344482,0.46,-0.5008863210678101,-0.9318011403083801,0.5837156772613525,1747240141.3105042,-1.3962799310684204,241
230,0.8346691131591797,241,0.75,-0.7413555979728699,1.1304004192352295,4405.575251762,1.0985,8.551456451416016,0.23942135274410248,0.0,-1.4027976989746094,0.46,-0.4748702049255371,-1.0148429870605469,0.5914627313613892,1747240158.8105457,-1.2542643547058105,242
231,0.6752868890762329,243,0.75,-0.7833583354949951,0.8773695230484009,4443.221619937,0.9233,7.2209272384643555,0.5790042877197266,0.0,-1.4381287097930908,0.46,-0.46075087785720825,-0.5778578519821167,0.4041652977466583,1747240196.418191,-1.1568621397018433,244
232,0.8263773918151855,244,0.75,-0.6659855842590332,1.0857337713241577,4461.018100849,1.0421,8.715230941772461,0.25653141736984253,0.0,-1.649871826171875,0.46,-0.4746991991996765,-0.779819667339325,0.5187127590179443,1747240214.25341,-1.0363510847091675,245
233,0.8616510033607483,245,1.0,-0.5881581902503967,1.1062437295913696,4478.820589526,1.1129,9.920384407043457,0.19869878888130188,0.0,-1.5296334028244019,0.47,-0.4764842689037323,-0.7040387392044067,0.48918551206588745,1747240232.0176656,-0.902737557888031,246
234,0.728562593460083,246,1.0,-0.6868192553520203,0.9739190936088562,4496.874583416,1.0095,8.585501670837402,0.5120526552200317,0.0,-1.547573447227478,0.47,-0.4771096706390381,-0.8929561376571655,0.4907130002975464,1747240250.070005,-1.4050087928771973,247
235,0.8880122900009155,247,0.5,-0.8025450110435486,1.1484345197677612,4514.992580198,0.9038,6.882397651672363,0.150178000330925,0.0,-1.3525311946868896,0.47,-0.40393996238708496,-0.8266589641571045,0.5208444595336914,1747240268.1880856,-0.9768369793891907,248
236,0.9314930438995361,249,0.25,-0.6027821898460388,1.2564349174499512,4551.117774208,1.0886,9.425612449645996,0.07318723201751709,0.0,-1.635628581047058,0.47,-0.45637133717536926,-0.8025851249694824,0.6498836874961853,1747240304.3530602,-0.8757723569869995,250
237,0.5241261124610901,251,1.0,-0.7766643166542053,0.789203405380249,4590.203582889,0.9542,9.073009490966797,1.033369779586792,0.0,-1.4367101192474365,0.48,-0.4922049939632416,-0.828616738319397,0.5301545858383179,1747240343.4003067,-1.8619866371154785,252
238,0.7129036784172058,252,0.75,-0.6977099776268005,0.9332461953163147,4608.421565031,1.0124,9.347824096679688,0.5311485528945923,0.0,-1.4815095663070679,0.48,-0.492818683385849,-0.874208927154541,0.44068506360054016,1747240361.6218426,-1.4053574800491333,253
239,0.7546841502189636,253,0.75,-0.6572860479354858,1.0127217769622803,4626.618511355,1.0491,7.493649005889893,0.4015548825263977,0.0,-1.4946484565734863,0.48,-0.48417603969573975,-0.8776403665542603,0.5160751342773438,1747240379.8537633,-1.2791953086853027,254
240,0.7029093503952026,254,1.0,-0.7409677505493164,0.9518594145774841,4644.154024121,1.0093,9.072653770446777,0.48836493492126465,0.0,-1.6011842489242554,0.48,-0.5045953989028931,-0.8530086874961853,0.4979000985622406,1747240397.3892975,-1.3413736820220947,255
241,0.9231831431388855,255,0.5,-0.7073249816894531,1.213172435760498,4661.776646681,1.0551,10.74254322052002,0.09524030983448029,0.0,-1.6202620267868042,0.48,-0.514636754989624,-1.0752193927764893,0.5799785852432251,1747240414.971666,-1.1704596281051636,256
242,0.8817867040634155,256,0.75,-0.7626978158950806,1.1778947114944458,4678.879640443,0.9578,8.776005744934082,0.15427543222904205,0.0,-1.3731796741485596,0.49,-0.4783743619918823,-0.9787049293518066,0.5922160148620605,1747240432.077407,-1.1329803466796875,257
243,0.856502890586853,257,1.0,-0.7192646265029907,1.0176111459732056,4697.004613414,0.986,7.760487079620361,0.20521338284015656,0.0,-1.6119318008422852,0.49,-0.4826221168041229,-0.7817010879516602,0.32221654057502747,1747240450.2012587,-0.9869144558906555,258
244,0.5885980725288391,258,1.0,-0.6672180891036987,0.855208158493042,4714.346650772,0.9959,7.846587657928467,1.3916659355163574,0.0,-1.414497971534729,0.49,-0.41939765214920044,-0.8286539912223816,0.5332201719284058,1747240467.5818317,-2.220320224761963,259
245,0.7449905872344971,259,1.0,-0.6237800717353821,0.9821117520332336,4736.087690065,1.0334,7.977885723114014,0.41281914710998535,0.0,-1.6353909969329834,0.49,-0.45585769414901733,-0.9100773334503174,0.47424229979515076,1747240489.322955,-1.3228964805603027,260
246,0.8452358245849609,260,0.75,-0.7125989198684692,1.0666382312774658,4755.081570978,1.0227,10.129112243652344,0.22693948447704315,0.0,-1.5592217445373535,0.49,-0.5055596828460693,-0.8325150012969971,0.44280490279197693,1747240508.2778132,-1.0594544410705566,261
247,0.8775902986526489,261,0.75,-0.6304095983505249,1.1328758001327515,4772.354593286,1.0653,8.6670503616333,0.17498387396335602,0.0,-1.522141695022583,0.5,-0.45990872383117676,-0.8360350131988525,0.5105710625648499,1747240525.5508447,-1.011018991470337,262
248,0.9173880815505981,262,0.75,-0.6255059242248535,1.1917744874954224,4789.527161133,1.0709,7.968860626220703,0.0915246307849884,0.0,-1.4629387855529785,0.5,-0.47143441438674927,-1.1890888214111328,0.5487727522850037,1747240542.7624555,-1.2806135416030884,263
249,0.830396294593811,263,1.0,-0.6470848321914673,1.0997908115386963,4807.010638528,1.1024,10.827606201171875,0.24365130066871643,0.0,-1.6258556842803955,0.5,-0.517842173576355,-0.8881005048751831,0.5387891530990601,1747240560.2066848,-1.1317517757415771,264
250,0.8943774700164795,264,0.5,-0.7543646097183228,1.119228720664978,4825.719584158,1.0475,7.509521961212158,0.1329328715801239,0.0,-1.469572901725769,0.5,-0.5006735324859619,-0.7233937978744507,0.4497024118900299,1747240578.9548361,-0.856326699256897,265
251,0.9455440044403076,265,0.5,-0.7167572379112244,1.1744056940078735,4843.830589288,1.0096,9.556893348693848,0.042761415243148804,0.0,-1.6150104999542236,0.5,-0.49919500946998596,-0.8635848760604858,0.4577232897281647,1747240597.026687,-0.906346321105957,266
252,0.7937490344047546,266,0.75,-0.7351993918418884,1.0570743083953857,4862.453611781,1.0008,10.153690338134766,0.3301953375339508,0.0,-1.4438867568969727,0.5,-0.5020682215690613,-0.911451518535614,0.5266506671905518,1747240615.6493247,-1.2416467666625977,267
253,0.7573336362838745,267,1.0,-0.6873669028282166,0.9905573129653931,4880.188641181,1.0172,8.669600486755371,0.39149975776672363,0.0,-1.4734306335449219,0.51,-0.48222601413726807,-0.8728750944137573,0.46644729375839233,1747240633.423906,-1.264374852180481,268
254,0.73124760389328,268,1.0,-0.6611818671226501,0.9811810255050659,4897.725615211,1.0763,10.769003868103027,0.4659363031387329,0.0,-1.4997894763946533,0.51,-0.49806252121925354,-0.7530885934829712,0.49986690282821655,1747240650.9222128,-1.219024896621704,269
255,0.7970565557479858,269,0.5,-0.6260251998901367,0.8394690752029419,4919.453671302,1.0003,8.278759956359863,0.3471016585826874,0.0,-1.5218194723129272,0.51,-0.43490439653396606,-0.3230305314064026,0.0848250463604927,1747240672.6492002,-0.6701321601867676,270
256,0.6348088383674622,270,0.75,-0.7551584243774414,0.9067688584327698,4936.664609773,0.9789,9.84582233428955,0.6906943917274475,0.0,-1.4363006353378296,0.51,-0.496707022190094,-0.9498575329780579,0.5439200401306152,1747240689.8624592,-1.640552043914795,271
257,1.0022423267364502,271,0.5,-0.6781138181686401,1.2470073699951172,4958.411624297,1.0576,7.385273456573486,0.026188001036643982,0.0,-1.666198968887329,0.51,-0.49974027276039124,-0.8800488710403442,0.48953017592430115,1747240711.608604,-0.9062368869781494,272
258,0.68491530418396,272,1.0,-0.7989400625228882,0.941665768623352,4976.225217548,1.0307,8.845962524414062,0.5409277081489563,0.0,-1.524472713470459,0.52,-0.4885651171207428,-0.7218397855758667,0.5135009288787842,1747240729.4605067,-1.2627675533294678,273
259,0.733063280582428,273,1.0,-0.7554370164871216,0.9648348093032837,4994.156616663,0.9887,10.445656776428223,0.4455883502960205,0.0,-1.4888942241668701,0.52,-0.5129689574241638,-0.8951841592788696,0.4635430872440338,1747240747.3519714,-1.3407726287841797,274
260,0.9232426881790161,274,0.5,-0.6955529451370239,1.1332271099090576,5012.295634842,1.0396,10.882771492004395,0.08696779608726501,0.0,-1.5555769205093384,0.52,-0.5160321593284607,-0.884452223777771,0.4199688732624054,1747240765.4918234,-0.9714200496673584,275
261,0.6721784472465515,275,1.0,-0.8276245594024658,0.8986406326293945,5029.797219321,0.9985,9.748173713684082,0.5679405927658081,0.0,-1.5821888446807861,0.52,-0.50711989402771,-0.8568721413612366,0.4529244005680084,1747240783.0324633,-1.4248127937316895,276
262,0.6371514797210693,276,0.75,-0.6967263221740723,0.8586857914924622,5047.580586034,1.0593,9.529312133789062,0.663101077079773,0.0,-1.611901044845581,0.52,-0.5165756940841675,-0.6987215876579285,0.44306862354278564,1747240800.7786775,-1.3618226051330566,277
263,0.8604671955108643,277,0.75,-0.6668568849563599,1.0935885906219482,5065.300486342,1.0465,11.396127700805664,0.1918909251689911,0.0,-1.552079439163208,0.53,-0.49271678924560547,-0.8562788963317871,0.46624284982681274,1747240818.5357585,-1.0481698513031006,278
264,0.7991068959236145,278,0.75,-0.7704498767852783,1.0794737339019775,5082.75661784,1.0287,10.356841087341309,0.32173508405685425,0.0,-1.593653917312622,0.53,-0.5022457838058472,-0.9588172435760498,0.5607337355613708,1747240835.9520867,-1.2805522680282593,279
265,0.6221447587013245,279,1.0,-0.7592046856880188,0.6673477292060852,5104.464457726,0.9523,9.345438003540039,0.9705913662910461,0.0,-1.5627256631851196,0.53,-0.48813194036483765,-0.7111347317695618,0.0904059112071991,1747240857.6997268,-1.6817262172698975,280
266,0.7781020402908325,280,0.5,-0.680712103843689,1.0407880544662476,5122.937136494,1.0103,8.089204788208008,0.39804887771606445,0.0,-1.769203782081604,0.53,-0.4653802514076233,-0.6527991890907288,0.5253719687461853,1747240876.172424,-1.050848126411438,281
267,0.7512969970703125,281,0.75,-0.6888601183891296,1.0134479999542236,5141.056619231,1.0227,9.081729888916016,0.40042373538017273,0.0,-1.5002756118774414,0.53,-0.48825299739837646,-0.8924326300621033,0.5243018865585327,1747240894.2525392,-1.2928563356399536,282
268,0.6715359687805176,282,0.75,-0.6760354042053223,0.6887294054031372,5162.815609655,0.9394,9.073460578918457,0.7190327644348145,0.0,-1.3965535163879395,0.53,-0.42201244831085205,-0.3128240406513214,0.034386903047561646,1747240916.0110629,-1.0318567752838135,283
269,1.0069921016693115,283,0.25,-0.6888699531555176,1.257538080215454,5180.843988095,1.0362,10.403515815734863,-0.07085034251213074,0.0,-1.6723198890686035,0.54,-0.5092235207557678,-0.9652696251869202,0.5010920166969299,1747240934.0792754,-0.8944193124771118,284
270,1.0646765232086182,284,0.5,-0.7033623456954956,1.3074681758880615,5198.877606844,1.0393,10.351099014282227,-0.14059610664844513,0.0,-1.513378620147705,0.54,-0.504697859287262,-1.04636549949646,0.48558321595191956,1747240952.0736995,-0.905769407749176,285
271,0.702200710773468,285,1.0,-0.7231436371803284,0.8706802725791931,5216.541319507,0.9788,9.493904113769531,0.4948769807815552,0.0,-1.4685523509979248,0.54,-0.46980059146881104,-0.6360998153686523,0.3369591534137726,1747240969.7766025,-1.1309767961502075,286
272,0.7656288146972656,286,0.75,-0.7612688541412354,1.010827660560608,5234.825583862,1.0165,7.173734188079834,0.38044771552085876,0.0,-1.485754370689392,0.54,-0.4821481704711914,-0.922000527381897,0.4903976619243622,1747240988.0240502,-1.3024482727050781,287
273,0.6366743445396423,287,1.0,-0.7207440137863159,0.6852222084999084,5256.535012485,1.0276,11.487567901611328,0.6575952768325806,0.0,-1.5626890659332275,0.54,-0.5292276740074158,-0.4164300560951233,0.09709572792053223,1747241009.7702816,-1.0740253925323486,288
274,0.8876661062240601,288,0.5,-0.6612976789474487,1.12461519241333,5274.698511655,1.0547,10.17977237701416,0.152082160115242,0.0,-1.6240150928497314,0.55,-0.4913598597049713,-0.768460214138031,0.4738982915878296,1747241027.9336731,-0.9205423593521118,289
275,0.7850286364555359,289,1.0,-0.6479101181030273,1.0343917608261108,5291.956651297,1.0466,12.1963472366333,0.33156323432922363,0.0,-1.4041160345077515,0.55,-0.4745091497898102,-1.0353606939315796,0.4987261891365051,1747241045.1534624,-1.3669239282608032,290
276,0.906725287437439,290,0.5,-0.7009463310241699,1.1390647888183594,5310.021950788,1.0483,10.237828254699707,0.12875542044639587,0.0,-1.351765513420105,0.55,-0.5133404731750488,-0.8087115287780762,0.46467888355255127,1747241063.217505,-0.9374669194221497,291
277,0.6205602884292603,292,1.0,-0.6755560636520386,0.8811266422271729,5344.533386271,0.9834,7.423715114593506,0.6974140405654907,0.0,-1.553359031677246,0.55,-0.4460129737854004,-1.003143072128296,0.5211326479911804,1747241097.7686574,-1.7005571126937866,293
278,0.6543986797332764,293,1.0,-0.6536977291107178,0.8811160326004028,5362.376870837,1.0165,8.92335033416748,0.5952306985855103,0.0,-1.6317181587219238,0.56,-0.4602784216403961,-0.7376120090484619,0.45343464612960815,1747241115.6121447,-1.3328427076339722,294
279,0.830986499786377,295,0.75,-0.6965920329093933,1.0631319284439087,5397.890589998,0.9918,8.597712516784668,0.24568304419517517,0.0,-1.5672026872634888,0.56,-0.4720330238342285,-0.796268105506897,0.46429088711738586,1747241151.0860543,-1.0419511795043945,296
280,0.922814667224884,296,0.75,-0.7020318508148193,1.2074711322784424,5415.873594921,1.0139,9.094073295593262,0.08001057058572769,0.0,-1.5904579162597656,0.56,-0.47564753890037537,-0.9089124202728271,0.5693129897117615,1747241169.070398,-0.9889230132102966,297
281,0.7272568345069885,297,0.75,-0.6986663341522217,0.9758049845695496,5433.23063488,0.9505,7.9982523918151855,0.4735463857650757,0.0,-1.3791899681091309,0.56,-0.43043482303619385,-0.7812212705612183,0.49709632992744446,1747241186.4271064,-1.254767656326294,298
282,0.9030791521072388,298,0.5,-0.6519576907157898,1.2041388750076294,5451.043885822,1.0409,7.595475196838379,0.12816856801509857,0.0,-1.4944252967834473,0.57,-0.477946400642395,-0.9386170506477356,0.602119505405426,1747241204.279219,-1.0667856931686401,299
283,0.6284737586975098,299,1.0,-0.7601488828659058,0.853243887424469,5468.755609122,0.9823,10.983088493347168,0.6709671020507812,0.0,-1.5659615993499756,0.57,-0.5132564306259155,-0.8673965334892273,0.44954025745391846,1747241221.9525044,-1.5383635759353638,300
284,0.5741110444068909,300,1.0,-0.7006416916847229,0.8247240781784058,5486.268768815,1.0268,7.827754974365234,0.815295934677124,0.0,-1.7331733703613281,0.57,-0.4988926649093628,-0.863454282283783,0.501226007938385,1747241239.5040472,-1.6787502765655518,301
285,0.7805685997009277,301,1.0,-0.7635754346847534,1.0178043842315674,5504.042573605,0.9752,9.693344116210938,0.36282941699028015,0.0,-1.4739573001861572,0.57,-0.4950143098831177,-0.8288987278938293,0.47447168827056885,1747241257.237736,-1.191728115081787,302
286,0.6840375661849976,302,1.0,-0.6984007358551025,0.9275003671646118,5521.486600065,1.016,8.773694038391113,0.6618406772613525,0.0,-1.4864312410354614,0.57,-0.4762626886367798,-0.9066423773765564,0.4869256019592285,1747241274.6832066,-1.5684831142425537,303
287,0.847009539604187,303,0.75,-0.6522790193557739,1.1082236766815186,5538.683615293,1.0302,10.29662799835205,0.21761424839496613,0.0,-1.343146562576294,0.57,-0.4416276514530182,-0.8626139760017395,0.5224282145500183,1747241291.884348,-1.0802282094955444,304
288,0.7086077332496643,304,0.75,-0.7474068403244019,0.973829984664917,5555.92915281,0.9716,7.90471076965332,0.5645356774330139,0.0,-1.5121829509735107,0.58,-0.4857785999774933,-0.9101500511169434,0.5304444432258606,1747241309.1644561,-1.4746856689453125,305
289,0.7794103622436523,305,0.75,-0.6812506914138794,1.0680232048034668,5573.500708698,1.0536,8.327925682067871,0.43631473183631897,0.0,-1.5162571668624878,0.58,-0.49183303117752075,-0.9630889892578125,0.5772258043289185,1747241326.735957,-1.399403691291809,306
290,0.8383952379226685,306,1.0,-0.6785019636154175,1.0895707607269287,5591.294626367,1.0064,8.174698829650879,0.23263750970363617,0.0,-1.365082859992981,0.58,-0.46617668867111206,-0.9425540566444397,0.502350926399231,1747241344.490974,-1.1751916408538818,307
291,0.9669545888900757,307,0.25,-0.5675970315933228,1.1756887435913086,5609.28857921,1.1221,8.615538597106934,0.004912197589874268,0.0,-1.643855333328247,0.58,-0.46864867210388184,-0.6679425239562988,0.41746824979782104,1747241362.4854834,-0.6728547215461731,308
292,0.6714012622833252,308,1.0,-0.7043680548667908,0.9243229627609253,5627.040593754,1.0391,11.217947959899902,0.5519618391990662,0.0,-1.518784523010254,0.58,-0.5134127140045166,-0.9037061929702759,0.5058433413505554,1747241380.2370455,-1.4556679725646973,309
293,0.5905557870864868,309,0.75,-0.7398911118507385,0.6177986860275269,5648.766573269,0.9347,9.541251182556152,0.8284708261489868,0.0,-1.4891688823699951,0.59,-0.46942010521888733,-0.7238861322402954,0.05448579788208008,1747241401.9637847,-1.5523569583892822,310
294,0.8372644186019897,310,1.0,-0.6658395528793335,1.0902864933013916,5666.000237499,1.0249,9.578816413879395,0.23631136119365692,0.0,-1.535325527191162,0.59,-0.4588453769683838,-0.8047665357589722,0.5060440301895142,1747241419.2354884,-1.0410778522491455,311
295,0.8776426315307617,311,0.75,-0.6420319080352783,1.1011316776275635,5683.302584809,1.0008,8.917342185974121,0.1596967875957489,0.0,-1.5199832916259766,0.59,-0.44468241930007935,-0.9084718823432922,0.4469781517982483,1747241436.4981906,-1.0681686401367188,312
296,0.9900214672088623,312,0.25,-0.670513927936554,1.0292153358459473,5705.020968379,1.0058,7.311812400817871,0.02089419960975647,0.0,-1.5059688091278076,0.59,-0.48187512159347534,-0.7060635089874268,0.07838775962591171,1747241458.2562535,-0.7269576787948608,313
297,0.7070551514625549,313,0.75,-0.7268068790435791,0.9630149602890015,5722.688056819,1.0441,8.451873779296875,0.5155948400497437,0.0,-1.3863657712936401,0.59,-0.4973488450050354,-0.8460407853126526,0.5119196176528931,1747241475.9233327,-1.361635684967041,314
298,0.6770542860031128,314,1.0,-0.7298394441604614,0.8937482833862305,5740.738629429,0.9917,9.418293952941895,0.5600482225418091,0.0,-1.4310100078582764,0.6,-0.4830411672592163,-0.7276871800422668,0.43338802456855774,1747241493.9341033,-1.2877354621887207,315
299,0.6655087471008301,316,1.0,-0.6939591765403748,0.9005470275878906,5775.511575205,1.0034,8.591146469116211,0.5919861197471619,0.0,-1.5749268531799316,0.6,-0.47283974289894104,-0.7300990223884583,0.4700765907764435,1747241528.7081394,-1.3220851421356201,317
300,0.6233228445053101,318,1.0,-0.6886024475097656,0.8581914901733398,5811.855722628,1.0123,9.585741996765137,0.6722515821456909,0.0,-1.4587535858154297,0.6,-0.48175060749053955,-0.7917137145996094,0.4697372615337372,1747241565.0910034,-1.4639652967453003,319
301,0.9205976724624634,319,0.5,-0.6816858053207397,1.2242413759231567,5829.584576865,1.001,8.55698013305664,0.09586405754089355,0.0,-1.4372506141662598,0.6,-0.45226460695266724,-1.1938536167144775,0.6072873473167419,1747241582.7814562,-1.289717674255371,320
302,0.8894985914230347,320,0.75,-0.7495474815368652,1.1669234037399292,5847.607409386,1.0215,10.563501358032227,0.14571432769298553,0.0,-1.6866822242736816,0.61,-0.5375576019287109,-1.1768441200256348,0.5548495650291443,1747241600.8426821,-1.3225585222244263,321
303,0.8834942579269409,321,0.5,-0.679257333278656,1.1232225894927979,5865.508550878,1.0609,9.327771186828613,0.15418760478496552,0.0,-1.4648634195327759,0.61,-0.5076345205307007,-0.7899901866912842,0.4794567823410034,1747241618.7039638,-0.9441778659820557,322
304,0.790505051612854,322,1.0,-0.6737684011459351,0.9658998250961304,5884.034572151,1.0591,10.606376647949219,0.319330096244812,0.0,-1.3888448476791382,0.61,-0.5138823986053467,-0.6157193183898926,0.3507895767688751,1747241637.2301867,-0.9350494146347046,323
305,0.8039292097091675,323,1.0,-0.6087790727615356,1.0100116729736328,5901.825880957,1.0484,8.52336597442627,0.29564303159713745,0.0,-1.5749801397323608,0.61,-0.4522506892681122,-0.8028390407562256,0.4121648073196411,1747241655.0610971,-1.0984820127487183,324
306,0.7911337614059448,324,0.75,-0.753452479839325,1.034481167793274,5919.857571314,0.9609,9.27110481262207,0.33240634202957153,0.0,-1.531402826309204,0.61,-0.48389703035354614,-0.7805323600769043,0.4866947531700134,1747241673.0531614,-1.112938642501831,325
307,0.6171210408210754,325,0.5,-1.0469152927398682,0.8471587896347046,5941.588706594,0.9866,9.142398834228516,4.483569622039795,0.0,-1.4357608556747437,0.62,-0.4551243185997009,-0.5224176049232483,0.4600755572319031,1747241694.7836537,-5.005987167358398,326
308,0.7012708187103271,326,1.0,-0.7518907785415649,0.9472431540489197,5959.055636104,0.9846,9.670427322387695,0.492708683013916,0.0,-1.6416341066360474,0.62,-0.5144262313842773,-0.9321771860122681,0.49194470047950745,1747241712.2517624,-1.424885869026184,327
309,0.8506834506988525,327,0.75,-0.631794810295105,1.079534649848938,5977.050409551,1.0708,7.931280136108398,0.21295015513896942,0.0,-1.636078119277954,0.62,-0.4701276421546936,-0.7416910529136658,0.45770248770713806,1747241730.2856216,-0.9546412229537964,328
310,1.0150301456451416,328,0.75,-0.6643058061599731,1.2744466066360474,5994.718883347,1.0013,9.412437438964844,-0.0724603459239006,0.0,-1.4167031049728394,0.62,-0.4253389537334442,-0.8188517689704895,0.5188328623771667,1747241747.9541645,-0.7463914155960083,329
311,0.7945946455001831,329,0.75,-0.703179657459259,1.0278221368789673,6012.534596853,1.0085,10.51669979095459,0.31917741894721985,0.0,-1.40925133228302,0.62,-0.48776957392692566,-0.92588871717453,0.4664549231529236,1747241765.7303627,-1.2450660467147827,330
312,0.8770492076873779,330,0.75,-0.7004494667053223,1.1444188356399536,6030.298576049,1.0338,7.989806652069092,0.16840633749961853,0.0,-1.4747118949890137,0.63,-0.4384388029575348,-0.822807788848877,0.5347393155097961,1747241783.4958477,-0.9912140965461731,331
313,0.8463425636291504,331,0.75,-0.7294273376464844,1.1081078052520752,6048.289579889,1.0769,9.656187057495117,0.21995216608047485,0.0,-1.6454758644104004,0.63,-0.5586128830909729,-1.1753000020980835,0.5235304832458496,1747241801.4847999,-1.3952522277832031,332
314,0.7467700242996216,332,1.0,-0.7290105819702148,0.9679648876190186,6065.773733778,0.9973,7.960982799530029,0.4006524384021759,0.0,-1.4612314701080322,0.63,-0.46100038290023804,-0.7805831432342529,0.44238966703414917,1747241819.0090184,-1.181235671043396,333
315,0.6192245483398438,333,1.0,-0.718571662902832,0.8702764511108398,6083.289493133,1.0466,7.802326202392578,1.682417869567871,0.0,-1.5019145011901855,0.63,-0.45951560139656067,-0.8394521474838257,0.5021037459373474,1747241836.5246768,-2.5218701362609863,334
316,0.5370497107505798,334,1.0,-0.7338442802429199,0.810155987739563,6100.789614225,1.0176,8.889681816101074,0.899261474609375,0.0,-1.3904820680618286,0.63,-0.5173763632774353,-1.0361008644104004,0.5462124943733215,1747241853.98658,-1.9353623390197754,335
317,0.6879738569259644,335,1.0,-0.652167558670044,0.96688312292099,6117.887177304,1.0588,10.15177059173584,0.545325517654419,0.0,-1.5767462253570557,0.64,-0.4806954264640808,-0.9425913095474243,0.5578185319900513,1747241871.1224444,-1.4879168272018433,336
318,0.7804842591285706,336,0.75,-0.6997216939926147,0.9899907112121582,6136.850584999,1.0091,8.108760833740234,0.38591623306274414,0.0,-1.4993410110473633,0.64,-0.4995248317718506,-0.9407642483711243,0.4190128445625305,1747241890.04814,-1.3266804218292236,337
319,0.7059922218322754,337,0.75,-0.755696713924408,0.9706366658210754,6154.613626203,0.9469,9.116706848144531,0.5193566679954529,0.0,-1.5510836839675903,0.64,-0.4842054843902588,-0.9304921627044678,0.5292888879776001,1747241907.8143587,-1.4498488903045654,338
320,0.9264142513275146,338,0.75,-0.6018883585929871,1.173705816268921,6172.42463017,1.0898,9.407588005065918,0.07947226613759995,0.0,-1.4862556457519531,0.64,-0.47778820991516113,-0.8891528248786926,0.4945831298828125,1747241925.6598926,-0.9686250686645508,339
321,0.7998159527778625,340,0.5,-0.5862562656402588,1.0086382627487183,6208.35159459,1.0789,9.021998405456543,0.3218725323677063,0.0,-1.5981242656707764,0.64,-0.446041464805603,-0.589330792427063,0.4176447093486786,1747241961.547113,-0.9112032651901245,341
322,0.6451185941696167,341,0.75,-0.7525638341903687,0.8811289072036743,6225.924628259,0.9415,9.571106910705566,0.6674689054489136,0.0,-1.4467376470565796,0.65,-0.46498626470565796,-0.7182420492172241,0.4720206558704376,1747241979.1217415,-1.3857110738754272,342
323,1.1121208667755127,342,0.25,-0.6670584678649902,1.3944517374038696,6247.646522601,1.0873,10.26750659942627,-0.23363545536994934,0.0,-1.657436728477478,0.65,-0.5281431674957275,-1.122720718383789,0.5646618008613586,1747242000.881724,-0.8890852928161621,343
324,0.5441879034042358,343,1.0,-0.7551896572113037,0.8099775314331055,6265.496552958,0.9785,8.516715049743652,0.9066248536109924,0.0,-1.4576350450515747,0.65,-0.4849908649921417,-0.7670637965202332,0.5315791964530945,1747242018.7318676,-1.6736886501312256,344
325,0.8641979694366455,344,0.75,-0.6531769633293152,1.1117452383041382,6283.019554316,1.0265,6.587225437164307,0.1876680701971054,0.0,-1.4188262224197388,0.65,-0.45936691761016846,-0.8022186756134033,0.4950946271419525,1747242036.2159,-0.9898867011070251,345
326,0.5760970115661621,345,1.0,-0.6990004777908325,0.8088988065719604,6300.3115837,1.0217,12.357665061950684,0.8065770864486694,0.0,-1.5301392078399658,0.65,-0.49199509620666504,-0.7537573575973511,0.4656035602092743,1747242053.5070908,-1.5603344440460205,346
327,0.5369926691055298,346,1.0,-0.8137168884277344,0.7774962782859802,6318.298587335,1.0075,14.291290283203125,2.2002651691436768,0.0,-1.6255285739898682,0.66,-0.5007190704345703,-0.8836761116981506,0.4810071885585785,1747242071.4940703,-3.0839409828186035,347
328,0.7641938924789429,348,1.0,-0.5962175726890564,1.030979871749878,6353.200158583,1.0681,8.3823823928833,0.3648184835910797,0.0,-1.4324783086776733,0.66,-0.4440827965736389,-0.8608808517456055,0.5335718989372253,1747242106.4354157,-1.2256993055343628,349
329,0.7356324791908264,349,0.5,-0.7329978942871094,0.9750827550888062,6371.091588239,0.9973,9.516402244567871,0.4948158264160156,0.0,-1.5968265533447266,0.66,-0.500938892364502,-0.8002384901046753,0.47890058159828186,1747242124.286954,-1.2950544357299805,350
330,0.9143268465995789,350,0.75,-0.6319886445999146,1.1871577501296997,6388.248711506,1.1222,9.079841613769531,0.0989745706319809,0.0,-1.5079140663146973,0.66,-0.518709659576416,-1.101185917854309,0.5456618666648865,1747242141.4838512,-1.2001605033874512,351
331,0.8541795611381531,351,1.0,-0.6720597743988037,1.1163980960845947,6406.040636123,1.1063,8.11365032196045,0.20202958583831787,0.0,-1.498349905014038,0.67,-0.5398612022399902,-0.9131350517272949,0.5244371294975281,1747242159.2358205,-1.1151647567749023,352
332,0.8125774264335632,352,0.75,-0.6894036531448364,1.0570673942565918,6424.040566178,1.0184,8.059133529663086,0.2888467311859131,0.0,-1.4402285814285278,0.67,-0.47855329513549805,-0.9008176326751709,0.4889798164367676,1747242177.2362268,-1.189664363861084,353
333,0.8230079412460327,353,0.5,-0.6633411645889282,1.0701069831848145,6441.765934821,1.0476,9.496381759643555,0.2759508490562439,0.0,-1.6454418897628784,0.67,-0.4865112602710724,-0.679012656211853,0.49419814348220825,1747242195.0012345,-0.9549635052680969,354
334,0.40683871507644653,354,1.0,-0.806124746799469,0.7111383676528931,6458.932612155,0.9907,9.230310440063477,2.286339044570923,0.0,-1.3636692762374878,0.67,-0.4904925227165222,-1.1391189098358154,0.6085993051528931,1747242212.1291068,-3.4254579544067383,355
335,0.8468196392059326,355,0.5,-0.7254675626754761,1.162477731704712,6476.748814457,0.9937,9.28490924835205,0.2252671718597412,0.0,-1.6209452152252197,0.67,-0.4845690131187439,-1.1739692687988281,0.6313163042068481,1747242229.9840982,-1.3992364406585693,356
336,0.7673015594482422,356,0.75,-0.7201696634292603,1.0511980056762695,6494.246620097,1.011,8.792142868041992,0.37298083305358887,0.0,-1.5962084531784058,0.67,-0.4928193986415863,-1.0300359725952148,0.5677929520606995,1747242247.442552,-1.4030168056488037,357
337,0.8520315885543823,357,0.5,-0.569782018661499,1.0581614971160889,6512.451682064,1.062,9.829267501831055,0.21386206150054932,0.0,-1.305645227432251,0.68,-0.4219108819961548,-0.47384512424468994,0.4122598171234131,1747242265.6479638,-0.6877071857452393,358
338,0.7049083709716797,358,1.0,-0.6903951168060303,0.9590473175048828,6530.632570382,1.0505,10.740549087524414,0.5110127925872803,0.0,-1.6790814399719238,0.68,-0.5155152082443237,-0.9463833570480347,0.508277952671051,1747242283.8677447,-1.457396149635315,359
339,0.7338731288909912,359,1.0,-0.6088635921478271,0.9644660949707031,6548.160602861,1.0582,7.276559829711914,0.4359842836856842,0.0,-1.550898551940918,0.68,-0.45695582032203674,-0.9415826201438904,0.46118587255477905,1747242301.395881,-1.377566933631897,360
340,0.6879732608795166,360,1.0,-0.6619597673416138,0.9225010871887207,6565.84485534,1.0449,7.64105224609375,0.5569454431533813,0.0,-1.6151529550552368,0.68,-0.47659164667129517,-0.8009641170501709,0.4690556228160858,1747242319.0800672,-1.3579095602035522,361
341,0.7831547856330872,361,0.75,-0.6843441128730774,1.047756552696228,6583.179682453,1.0583,9.540680885314941,0.346290647983551,0.0,-1.550588607788086,0.68,-0.5025222301483154,-0.9603090286254883,0.5292035341262817,1747242336.3759677,-1.3065996170043945,362
342,0.787727952003479,362,0.75,-0.7609120607376099,1.0572749376296997,6601.248574426,1.005,8.48476505279541,0.33728814125061035,0.0,-1.5266058444976807,0.69,-0.45991718769073486,-0.9195463061332703,0.5390940308570862,1747242354.445134,-1.2568345069885254,363
343,0.8863822221755981,363,0.5,-0.6637756824493408,1.144434928894043,6618.682587614,1.0438,10.130681037902832,0.15209802985191345,0.0,-1.583662986755371,0.69,-0.4793645143508911,-0.8241400718688965,0.5161054134368896,1747242371.8789496,-0.9762381315231323,364
344,0.9469109773635864,364,0.5,-0.6958239078521729,1.2008211612701416,6636.47998295,1.0335,9.736944198608398,0.04689443111419678,0.0,-1.7521568536758423,0.69,-0.5109738111495972,-1.0783936977386475,0.5078202486038208,1747242389.715209,-1.1252881288528442,365
345,0.8700611591339111,365,1.0,-0.8042750358581543,1.1477370262145996,6653.676754833,1.0089,8.282214164733887,0.17853975296020508,0.0,-1.485059142112732,0.69,-0.49295905232429504,-1.0492229461669922,0.5553516149520874,1747242406.9120333,-1.2277626991271973,366
346,0.8640732169151306,366,0.5,-0.6826028823852539,1.1598671674728394,6671.146606819,1.0553,7.053703784942627,0.20653817057609558,0.0,-1.5480270385742188,0.69,-0.4959338903427124,-0.945163369178772,0.5915879607200623,1747242424.3431916,-1.1517016887664795,367
347,0.7473270297050476,367,0.75,-0.769492506980896,1.0020607709884644,6689.390613319,0.9573,7.200443267822266,0.42754748463630676,0.0,-1.697370171546936,0.7,-0.48384878039360046,-0.8063876628875732,0.5094674229621887,1747242442.5858886,-1.2339351177215576,368
348,0.8892136216163635,368,1.0,-0.6120743155479431,1.1476904153823853,6706.677574879,1.0464,8.15658187866211,0.14756491780281067,0.0,-1.5926878452301025,0.7,-0.449472576379776,-1.0083987712860107,0.5169535279273987,1747242459.8742259,-1.1559637784957886,369
349,0.8630831241607666,369,0.5,-0.6108592748641968,1.1037133932113647,6723.951592955,1.0719,8.718463897705078,0.19394353032112122,0.0,-1.3343815803527832,0.7,-0.45890891551971436,-0.8687695264816284,0.4812604486942291,1747242477.1491747,-1.0627131462097168,370
350,0.7561426758766174,370,0.75,-0.7495325207710266,1.0551667213439941,6741.36196478,0.997,10.66042423248291,0.4349024295806885,0.0,-1.7768374681472778,0.7,-0.5144814252853394,-0.9678652882575989,0.5980481505393982,1747242494.59727,-1.4027676582336426,371
351,0.7582919597625732,371,0.75,-0.6648358106613159,1.0282715559005737,6758.80204005,1.046,8.868239402770996,0.39796510338783264,0.0,-1.5390737056732178,0.7,-0.4854927957057953,-0.8568782806396484,0.5399592518806458,1747242512.0373404,-1.2548433542251587,372
352,0.9194962978363037,372,0.75,-0.6688989400863647,1.1118355989456177,6777.864436393,1.0252,9.336912155151367,0.08486559987068176,0.0,-1.5168344974517822,0.71,-0.49386343359947205,-0.8109411597251892,0.38467860221862793,1747242531.0996337,-0.8958067893981934,373
353,0.919304370880127,373,0.25,-0.605075478553772,0.9468351602554321,6799.704584968,1.031,8.624244689941406,0.10428224503993988,0.0,-1.3143643140792847,0.71,-0.44605109095573425,-0.4368742108345032,0.05506163462996483,1747242552.9054081,-0.5411564111709595,374
354,0.7166950702667236,374,0.75,-0.704896867275238,0.7712998986244202,6821.450589361,0.985,8.839845657348633,0.5029171705245972,0.0,-1.674696922302246,0.71,-0.48726195096969604,-0.44222062826156616,0.10920964181423187,1747242574.6468308,-0.9451377987861633,375
355,0.8624750375747681,375,0.5,-0.6654863357543945,1.127277135848999,6838.955575008,1.0537,8.727771759033203,0.22162124514579773,0.0,-1.5748775005340576,0.71,-0.48555636405944824,-0.8298990726470947,0.5296041965484619,1747242592.152104,-1.0515203475952148,376
356,0.46646952629089355,376,1.0,-0.7360415458679199,0.7496406435966492,6856.68861564,1.0197,8.794161796569824,1.5651679039001465,0.0,-1.4284353256225586,0.71,-0.4848893880844116,-1.0297976732254028,0.5663422346115112,1747242609.8838074,-2.5949654579162598,377
357,0.7539945840835571,377,0.5,-0.7292947769165039,0.8240306377410889,6878.383480275,0.9592,8.373866081237793,0.45084211230278015,0.0,-1.7638227939605713,0.71,-0.4947146773338318,-0.5793005228042603,0.1400720626115799,1747242631.6187696,-1.0301426649093628,378
358,0.6660763025283813,378,1.0,-0.6120712757110596,0.866220235824585,6896.253604013,1.039,7.63395881652832,0.5697988271713257,0.0,-1.534610629081726,0.72,-0.44740474224090576,-0.7051378488540649,0.40028780698776245,1747242649.4495869,-1.2749366760253906,379
359,0.7820814847946167,379,1.0,-0.715050220489502,1.0189266204833984,6913.481591409,1.0068,9.31478214263916,0.33558911085128784,0.0,-1.4284780025482178,0.72,-0.49922966957092285,-0.8843141794204712,0.4736902713775635,1747242666.6778262,-1.2199032306671143,380
360,0.7513306736946106,380,0.75,-0.7748612761497498,0.9840277433395386,6931.443599813,1.0065,9.373236656188965,0.525385856628418,0.0,-1.4967761039733887,0.72,-0.4350000023841858,-0.8306771516799927,0.46539419889450073,1747242684.6396716,-1.3560630083084106,381
361,0.4662860035896301,381,1.0,-0.8454687595367432,0.7184196710586548,6949.953601333,0.9512,8.622590065002441,1.8005988597869873,0.0,-1.5247188806533813,0.72,-0.4996042847633362,-0.9537171125411987,0.5042672753334045,1747242703.1551206,-2.7543158531188965,382
362,0.8552339673042297,382,0.75,-0.6043256521224976,1.1120914220809937,6967.599679507,1.1105,9.658319473266602,0.22151325643062592,0.0,-1.3570075035095215,0.72,-0.4821963310241699,-1.0294066667556763,0.5137149691581726,1747242720.8348732,-1.2509199380874634,383
363,0.6138299107551575,383,0.75,-0.7057175636291504,0.6805583238601685,6989.376622151,0.9998,12.886326789855957,0.8191295266151428,0.0,-1.5253677368164062,0.73,-0.4905776083469391,-0.8489267826080322,0.13345687091350555,1747242742.573015,-1.6680562496185303,384
364,0.7656363248825073,384,0.5,-0.7918732166290283,1.012670874595642,7007.770631149,0.9562,9.063665390014648,0.41702380776405334,0.0,-1.6735289096832275,0.73,-0.5184673070907593,-0.9125986695289612,0.49406901001930237,1747242760.9675484,-1.329622507095337,385
365,0.8603742122650146,385,0.75,-0.6502008438110352,1.1095986366271973,7025.193627793,1.0646,10.749716758728027,0.19068679213523865,0.0,-1.541043758392334,0.73,-0.4908013939857483,-0.9209609627723694,0.49844878911972046,1747242778.3939083,-1.1116477251052856,386
366,0.8526806235313416,386,0.75,-0.6456431150436401,1.1064469814300537,7042.911088917,1.06,8.876224517822266,0.2101050615310669,0.0,-1.5713086128234863,0.73,-0.4763438105583191,-0.8578478097915649,0.5075326561927795,1747242796.1463435,-1.0679528713226318,387
367,0.6706169843673706,387,1.0,-0.7273025512695312,0.9594444632530212,7060.163621431,1.0253,10.214580535888672,0.5744750499725342,0.0,-1.5781623125076294,0.73,-0.5115035176277161,-1.1344200372695923,0.5776549577713013,1747242813.3598347,-1.708895206451416,388
368,0.5332497358322144,389,0.75,-0.7465528249740601,0.8133038282394409,7094.607599681,1.0012,10.77881908416748,0.9721940159797668,0.0,-1.39467453956604,0.74,-0.5057646036148071,-1.1249895095825195,0.5601081848144531,1747242847.8031,-2.0971837043762207,390
369,0.6538829207420349,390,1.0,-0.7463089823722839,0.907616138458252,7112.270595504,1.0025,7.444143772125244,1.5554699897766113,0.0,-1.6070101261138916,0.74,-0.4532868266105652,-0.838361918926239,0.5074664354324341,1747242865.466896,-2.393831968307495,391
370,0.7490109205245972,391,0.75,-0.665774941444397,0.9254342317581177,7130.966847144,0.9846,8.064701080322266,0.4105604290962219,0.0,-1.540487289428711,0.74,-0.44177865982055664,-0.6458158493041992,0.35284659266471863,1747242884.2021005,-1.0563762187957764,392
371,0.688032865524292,392,0.5,-0.6609278917312622,0.7414498925209045,7152.750638506,1.0485,9.12015438079834,0.6568999290466309,0.0,-1.3687200546264648,0.74,-0.49832481145858765,-0.4198877811431885,0.10683409869670868,1747242905.9472265,-1.0767877101898193,393
372,0.6981093287467957,393,0.75,-0.9164670705795288,0.8432689905166626,7172.135594529,0.9514,11.034417152404785,0.6540361046791077,0.0,-1.7321419715881348,0.74,-0.4998096823692322,-0.8065342903137207,0.2903192639350891,1747242925.3307128,-1.4605704545974731,394
373,0.7821323871612549,394,0.75,-0.701972246170044,0.9963559508323669,7189.798602375,1.0123,8.203790664672852,0.39884358644485474,0.0,-1.4998500347137451,0.75,-0.49120986461639404,-0.8209406733512878,0.42844709753990173,1747242942.9947832,-1.2197842597961426,395
374,0.8128343820571899,395,1.0,-0.6689181327819824,1.0867103338241577,7207.223747328,1.0981,10.885894775390625,0.2838490307331085,0.0,-1.5454553365707397,0.75,-0.5345554351806641,-0.9972368478775024,0.5477519631385803,1747242960.4590402,-1.2810858488082886,396
375,0.6594656109809875,396,0.75,-0.712942361831665,0.8850163817405701,7225.721801792,1.0196,9.383715629577637,0.6109424829483032,0.0,-1.4004249572753906,0.75,-0.49886763095855713,-0.7575348019599915,0.4511015713214874,1747242978.9570613,-1.36847722530365,397
376,0.6166804432868958,397,1.0,-0.6420547962188721,0.8677698373794556,7243.014579039,1.013,7.6255035400390625,0.8734999895095825,0.0,-1.4444471597671509,0.75,-0.43459635972976685,-0.8057946562767029,0.5021787881851196,1747242996.2106528,-1.6792945861816406,398
377,0.8692964315414429,398,0.75,-0.7077150344848633,1.1255406141281128,7263.100654208,1.037,7.887270927429199,0.18040451407432556,0.0,-1.656348466873169,0.75,-0.5147663950920105,-0.6216446161270142,0.5124884247779846,1747243016.2977667,-0.8020491600036621,399
378,0.9232784509658813,399,0.75,-0.6796989440917969,1.1975864171981812,7280.309631282,1.0524,10.531791687011719,0.0835709273815155,0.0,-1.5510740280151367,0.76,-0.4992498755455017,-0.907860279083252,0.5486159920692444,1747243033.5095935,-0.9914311170578003,400
379,0.7877956628799438,400,0.75,-0.7245631217956543,1.0065290927886963,7298.486221659,0.972,8.818865776062012,0.32999148964881897,0.0,-1.6166398525238037,0.76,-0.4639286398887634,-0.8256584405899048,0.43746688961982727,1747243051.7215326,-1.155650019645691,401
380,1.0019179582595825,401,0.75,-0.6628217697143555,1.2351641654968262,7317.057594035,1.0375,9.25033950805664,-0.05699782818555832,0.0,-1.525102138519287,0.76,-0.47089332342147827,-0.8270442485809326,0.46649253368377686,1747243070.2544768,-0.7700463533401489,402
381,0.9121501445770264,403,0.75,-0.7129135131835938,1.2097702026367188,7352.626670216,1.0144,10.24654769897461,0.09819915890693665,0.0,-1.5302587747573853,0.76,-0.49962252378463745,-1.0991368293762207,0.5952401161193848,1747243105.823266,-1.197335958480835,404
382,0.8171424865722656,404,0.5,-0.6436842083930969,1.0461862087249756,7371.214572663,1.0813,8.64546012878418,0.35876768827438354,0.0,-1.6932563781738281,0.77,-0.49009695649147034,-1.070038080215454,0.4580874741077423,1747243124.4110544,-1.4288058280944824,405
383,0.755429208278656,405,0.75,-0.6857894659042358,0.9628028869628906,7390.532614321,1.0126,10.402103424072266,0.4203711450099945,0.0,-1.6464920043945312,0.77,-0.4848278760910034,-0.5738325119018555,0.41474729776382446,1747243143.7289646,-0.9942036867141724,406
384,0.9808059930801392,406,0.25,-0.6826827526092529,1.2698471546173096,7407.723593821,1.0234,8.289854049682617,-0.019076518714427948,0.0,-1.5518866777420044,0.77,-0.47217172384262085,-1.0318676233291626,0.5780824422836304,1747243160.9205434,-1.0127911567687988,407
385,0.8699344396591187,407,0.75,-0.6716777086257935,1.0960720777511597,7426.081598409,1.0373,8.477421760559082,0.17732489109039307,0.0,-1.7886402606964111,0.77,-0.4873611032962799,-0.990721583366394,0.4522753357887268,1747243179.2769191,-1.168046474456787,408
386,0.9564542174339294,408,0.5,-0.7735810279846191,1.2475556135177612,7443.270571575,0.9696,7.957043170928955,0.01977042853832245,0.0,-1.558759093284607,0.77,-0.505795955657959,-1.0604174137115479,0.5822027921676636,1747243196.4663336,-1.0801877975463867,409
387,0.7364065051078796,409,1.0,-0.6858552694320679,1.0003373622894287,7461.305620962,1.0155,8.169744491577148,0.4242386817932129,0.0,-1.491175651550293,0.78,-0.4637223780155182,-0.846122145652771,0.5278618335723877,1747243214.5013835,-1.2703608274459839,410
388,0.8433020114898682,410,1.0,-0.7205865383148193,1.0626888275146484,7479.556466937,0.9839,11.130928039550781,0.22033804655075073,0.0,-1.748703956604004,0.78,-0.4800652265548706,-0.6599218845367432,0.438773512840271,1747243232.7916975,-0.8802599310874939,411
389,0.4744156002998352,411,1.0,-0.8007756471633911,0.7323710918426514,7497.342705504,0.9715,10.425275802612305,1.5502537488937378,0.0,-1.5215446949005127,0.78,-0.491740882396698,-0.9809200763702393,0.5159109234809875,1747243250.5390065,-2.5311737060546875,412
390,0.8662285804748535,412,0.75,-0.6371973752975464,1.0906544923782349,7515.21168042,1.0717,10.107219696044922,0.1852494478225708,0.0,-1.5046515464782715,0.78,-0.48207801580429077,-0.7704051733016968,0.44885173439979553,1747243268.4068372,-0.9556546211242676,413
391,0.7899302244186401,413,1.0,-0.646132230758667,0.8461990356445312,7536.972568151,1.0237,10.011263847351074,0.33993035554885864,0.0,-1.3878923654556274,0.78,-0.4670203924179077,-0.3662339448928833,0.11253765970468521,1747243290.2078755,-0.7061643004417419,414
392,0.7630508542060852,414,0.75,-0.6853377819061279,1.0470349788665771,7554.50863594,1.0279,9.192920684814453,0.3762962818145752,0.0,-1.3628301620483398,0.78,-0.4767186641693115,-0.983651340007782,0.5679682493209839,1747243307.7041,-1.359947681427002,415
393,0.8575968742370605,415,0.75,-0.7031046152114868,1.1187825202941895,7571.944593944,1.0329,10.239237785339355,0.202278271317482,0.0,-1.4553167819976807,0.79,-0.5008431673049927,-1.007784128189087,0.5223714113235474,1747243325.1446881,-1.2100625038146973,416
394,0.8975862264633179,416,0.5,-0.7089909911155701,1.085301160812378,7593.665555752,0.9828,9.167905807495117,0.14775510132312775,0.0,-1.7359122037887573,0.79,-0.48179930448532104,-0.47015300393104553,0.37542998790740967,1747243346.8626053,-0.6179080605506897,417
395,0.7781088948249817,417,0.75,-0.6690024733543396,1.006386399269104,7612.985560967,1.044,7.925597667694092,0.41974347829818726,0.0,-1.6012849807739258,0.79,-0.4992899000644684,-0.961958110332489,0.4565550684928894,1747243366.1813066,-1.3817014694213867,418
396,0.795494556427002,418,0.75,-0.7921649217605591,0.9988558292388916,7629.967439987,1.0166,7.78071928024292,0.3476927876472473,0.0,-1.3169505596160889,0.79,-0.4341426193714142,-0.7989351153373718,0.4067224860191345,1747243383.2027168,-1.1466279029846191,419
397,0.6584592461585999,419,1.0,-0.7543639540672302,0.9288417100906372,7647.188674907,0.9878,11.198186874389648,0.6626436710357666,0.0,-1.5790399312973022,0.79,-0.5064946413040161,-1.0286751985549927,0.5407648682594299,1747243400.3846602,-1.6913188695907593,420
398,0.8926310539245605,420,0.75,-0.7119103074073792,1.1693909168243408,7664.641631288,1.0177,8.880271911621094,0.13784275949001312,0.0,-1.6777222156524658,0.8,-0.5153587460517883,-1.1857393980026245,0.5535197257995605,1747243417.8369737,-1.3235821723937988,421
399,0.7705432176589966,421,0.75,-0.7270240783691406,1.0464365482330322,7682.455600371,1.0185,8.172805786132812,0.3616209626197815,0.0,-1.617068886756897,0.8,-0.5078146457672119,-0.9616258144378662,0.5517865419387817,1747243435.651351,-1.3232468366622925,422
400,0.7982045412063599,422,1.0,-0.708141565322876,1.061845302581787,7699.574584824,0.9774,8.774255752563477,0.31445690989494324,0.0,-1.4866081476211548,0.8,-0.4451889395713806,-1.03226637840271,0.5272814035415649,1747243452.7701938,-1.3467233180999756,423
401,0.7097706198692322,423,1.0,-0.6845365762710571,0.7453852295875549,7721.315597317,0.9523,7.343524932861328,0.4889070987701416,0.0,-1.5755155086517334,0.8,-0.4447329044342041,-0.5972750782966614,0.0712292417883873,1747243474.5110898,-1.0861821174621582,424
402,0.7362881898880005,424,0.75,-0.6141566038131714,0.9837387800216675,7739.667587355,1.0791,8.874044418334961,0.4522293508052826,0.0,-1.5852209329605103,0.8,-0.47244635224342346,-0.7201859951019287,0.494901180267334,1747243492.862679,-1.1724152565002441,425
403,0.5515045523643494,425,0.75,-0.7753549814224243,0.7702314853668213,7757.328589279,0.9666,7.360342979431152,1.0300699472427368,0.0,-1.5369142293930054,0.81,-0.49502629041671753,-0.7186694741249084,0.4374538064002991,1747243510.524167,-1.74873948097229,426
404,0.79830402135849,426,0.75,-0.768743634223938,1.0553579330444336,7774.543576399,1.0659,10.609084129333496,0.3216994106769562,0.0,-1.4054995775222778,0.81,-0.471308171749115,-0.7745298147201538,0.5141077041625977,1747243527.7398107,-1.0962291955947876,427
405,0.8316304683685303,427,1.0,-0.6557656526565552,1.113984227180481,7792.34557284,1.0049,8.427371978759766,0.24487033486366272,0.0,-1.345665693283081,0.81,-0.4377250671386719,-0.8084822297096252,0.5647074580192566,1747243545.5422516,-1.0533525943756104,428
406,0.7408055663108826,428,1.0,-0.6720563173294067,0.9623916149139404,7809.83519095,1.1078,8.723204612731934,0.43556249141693115,0.0,-1.5797806978225708,0.81,-0.5321068167686462,-0.7747831344604492,0.44317206740379333,1747243563.0704215,-1.2103456258773804,429
407,1.1707030534744263,430,0.0,-0.6408465504646301,1.379960060119629,7849.601584165,1.0351,10.023383140563965,-0.32920849323272705,0.0,-1.5084171295166016,0.81,-0.455319881439209,-0.6200543642044067,0.4185140132904053,1747243602.7973318,-0.2908458709716797,431
408,0.7882531881332397,431,0.75,-0.6438916325569153,0.9764620065689087,7868.108119881,1.0474,9.567172050476074,0.33201420307159424,0.0,-1.6674319505691528,0.82,-0.48318493366241455,-0.6298587918281555,0.3764175772666931,1747243621.3433897,-0.9618729948997498,432
409,0.8613038063049316,432,0.75,-0.6933187246322632,1.08385169506073,7885.982591504,1.0079,7.851521015167236,0.19384446740150452,0.0,-1.6919939517974854,0.82,-0.4836311340332031,-0.780792236328125,0.4450957477092743,1747243639.1777256,-0.9746366739273071,433
410,0.7296517491340637,433,0.5,-0.693763017654419,0.9057940244674683,7904.284650842,0.9649,7.612133502960205,0.4890573024749756,0.0,-1.4414036273956299,0.82,-0.43978625535964966,-0.6235817670822144,0.35228458046913147,1747243657.4804747,-1.11263906955719,434
411,0.753264844417572,434,0.75,-0.6813241243362427,0.9713607430458069,7922.272582335,1.02,9.7237548828125,0.41795340180397034,0.0,-1.6245980262756348,0.82,-0.49093252420425415,-0.8749591112136841,0.4361917972564697,1747243675.4685628,-1.292912483215332,435
412,0.8571987152099609,435,0.75,-0.624884843826294,1.1045334339141846,7940.640612147,1.0625,7.748295783996582,0.19751067459583282,0.0,-1.4064972400665283,0.82,-0.4597198963165283,-0.7535223960876465,0.4946694076061249,1747243693.8398967,-0.9510330557823181,436
413,0.8047018647193909,436,0.75,-0.6339989304542542,1.0644896030426025,7957.823179742,1.0442,10.682047843933105,0.2959709167480469,0.0,-1.5502933263778687,0.83,-0.46180805563926697,-0.9605408906936646,0.5195754170417786,1747243711.0584555,-1.2565118074417114,437
414,0.4753614068031311,437,1.0,-0.6279692649841309,0.6773732900619507,7976.079590135,1.0678,9.037089347839355,1.0712504386901855,0.0,-1.5315302610397339,0.83,-0.46708542108535767,-0.7417359352111816,0.40402376651763916,1747243729.274781,-1.8129863739013672,438
415,0.748146653175354,438,0.75,-0.7138065099716187,1.052064299583435,7993.481610893,1.0147,8.9871187210083,0.47195157408714294,0.0,-1.5470811128616333,0.83,-0.49278396368026733,-0.9923900365829468,0.6078352332115173,1747243746.6782176,-1.464341640472412,439
416,0.6917505264282227,439,0.75,-0.6956727504730225,0.9467576742172241,8011.859568677,0.9911,8.973631858825684,0.5830603241920471,0.0,-1.5906251668930054,0.83,-0.4634200930595398,-0.8595605492591858,0.5100143551826477,1747243765.0560038,-1.442620873451233,440
417,0.8899030685424805,440,0.5,-0.7094565629959106,1.0790269374847412,8029.847588625,0.9924,9.498685836791992,0.14773938059806824,0.0,-1.6139509677886963,0.83,-0.4842708110809326,-0.8132214546203613,0.3782476782798767,1747243783.0443249,-0.9609608054161072,441
418,0.9527419209480286,441,0.75,-0.689405083656311,1.2396621704101562,8047.306419503,1.0722,9.481646537780762,0.032154232263565063,0.0,-1.7080016136169434,0.84,-0.5242079496383667,-1.1070876121520996,0.5738405585289001,1747243800.5416782,-1.1392419338226318,442
419,0.805121898651123,442,0.75,-0.7718324661254883,1.08754301071167,8064.889609478,0.973,9.65472412109375,0.35482531785964966,0.0,-1.4140665531158447,0.84,-0.5058043003082275,-1.1783030033111572,0.5648421049118042,1747243818.0860937,-1.533128261566162,443
420,0.7583562135696411,444,1.0,-0.7383599281311035,1.000613808631897,8099.594561816,0.9967,8.225506782531738,0.38912293314933777,0.0,-1.5577919483184814,0.84,-0.5023825168609619,-0.9491363167762756,0.4845152497291565,1747243852.7909482,-1.338259220123291,445
421,0.8834377527236938,445,0.5,-0.5820471048355103,1.1278293132781982,8117.240625133,1.0747,10.247428894042969,0.15847979485988617,0.0,-1.3036301136016846,0.84,-0.44387543201446533,-0.8647245764732361,0.488783061504364,1747243870.4382818,-1.0232043266296387,446
422,0.8023869395256042,446,0.5,-0.7512050271034241,1.0350642204284668,8134.90858151,0.949,9.21445083618164,0.31640419363975525,0.0,-1.4506741762161255,0.84,-0.47639209032058716,-0.8350988626480103,0.4653545618057251,1747243888.1071496,-1.1515029668807983,447
423,0.8865705132484436,447,0.75,-0.659118115901947,1.1157275438308716,8152.433633873,0.9945,11.788898468017578,0.14825068414211273,0.0,-1.5406222343444824,0.85,-0.4457645118236542,-0.7152732610702515,0.45831406116485596,1747243905.6299782,-0.8635239601135254,448
424,0.9160763025283813,448,0.5,-0.7137459516525269,1.1299430131912231,8170.829640116,0.9903,8.898930549621582,0.10303397476673126,0.0,-1.5467605590820312,0.85,-0.48854443430900574,-0.7522468566894531,0.42773348093032837,1747243924.02935,-0.8552808165550232,449
425,0.764365017414093,449,0.75,-0.6267030239105225,1.0639674663543701,8188.369616765,1.0564,9.237894058227539,0.4131060242652893,0.0,-1.6032480001449585,0.85,-0.45643606781959534,-0.9265047311782837,0.599204957485199,1747243941.5662172,-1.3396108150482178,450
426,0.782016396522522,451,1.0,-0.7585752606391907,1.0354509353637695,8224.482590707,1.0266,11.090644836425781,0.3335030972957611,0.0,-1.5287154912948608,0.85,-0.5306951999664307,-1.0929417610168457,0.5068690776824951,1747243977.6792204,-1.4264447689056396,452
427,0.9298810362815857,452,0.75,-0.6890197992324829,1.1782370805740356,8242.710603087,1.0434,8.639561653137207,0.07232902944087982,0.0,-1.4500218629837036,0.86,-0.49304425716400146,-0.6405000686645508,0.4967120885848999,1747243995.90717,-0.712829053401947,453
428,0.7364150881767273,453,0.75,-0.7355921268463135,0.9940894842147827,8260.08352525,0.962,8.744526863098145,0.4760262966156006,0.0,-1.491873860359192,0.86,-0.46365979313850403,-0.8356268405914307,0.5153488516807556,1747244013.3187945,-1.3116531372070312,454
429,0.6251378059387207,455,1.0,-0.6771461963653564,0.8899805545806885,8294.871586747,0.9912,9.684581756591797,0.797982931137085,0.0,-1.306257963180542,0.86,-0.4326932728290558,-0.8441429138183594,0.5296854972839355,1747244048.068668,-1.6421258449554443,456
430,0.8603545427322388,456,0.75,-0.6932928562164307,1.1117043495178223,8312.060580696,1.0347,10.053058624267578,0.19136442244052887,0.0,-1.5883702039718628,0.86,-0.489512175321579,-0.9792681932449341,0.5026994943618774,1747244065.257633,-1.1706326007843018,457
431,0.7881210446357727,457,0.5,-0.6965515613555908,1.0163686275482178,8329.383594444,1.026,7.232100963592529,0.3510691523551941,0.0,-1.4838002920150757,0.87,-0.4764193296432495,-0.8079986572265625,0.4564950466156006,1747244082.5803835,-1.1590678691864014,458
432,0.7147738933563232,458,0.75,-0.7016686201095581,0.9442221522331238,8347.091490398,1.0072,9.551228523254395,0.5829695463180542,0.0,-1.4575444459915161,0.87,-0.4747106432914734,-0.7590547800064087,0.4588964879512787,1747244100.3267548,-1.342024326324463,459
433,0.5596656203269958,459,1.0,-0.7659025192260742,0.7991236448287964,8364.864609914,0.9799,6.472964763641357,2.0389232635498047,0.0,-1.464942455291748,0.87,-0.45631104707717896,-0.938720166683197,0.47891610860824585,1747244118.0596783,-2.9776432514190674,460
434,0.794905960559845,460,0.5,-0.639024555683136,0.8246793746948242,8386.586630567,1.0726,10.882369041442871,0.4216035008430481,0.0,-1.5997920036315918,0.87,-0.4925421476364136,-0.3619244694709778,0.05954685062170029,1747244139.7816632,-0.7835279703140259,461
435,0.7318332195281982,461,0.75,-0.7154122591018677,0.9683529734611511,8404.106586473,1.0255,10.405929565429688,0.4414212703704834,0.0,-1.4734270572662354,0.87,-0.5068995356559753,-0.8142389059066772,0.47303953766822815,1747244157.3019636,-1.2556601762771606,462
436,0.8201296329498291,462,0.75,-0.6101984977722168,1.0991990566253662,8421.543678242,1.0801,12.376925468444824,0.2692626118659973,0.0,-1.3433759212493896,0.88,-0.4537280201911926,-0.9404155015945435,0.5581387877464294,1747244174.7392325,-1.2096781730651855,463
437,0.6685992479324341,463,0.75,-0.6804317235946655,0.9262083768844604,8438.767937883,1.0509,8.905519485473633,0.6276940107345581,0.0,-1.4540674686431885,0.88,-0.4950530230998993,-1.003788709640503,0.5152182579040527,1747244192.0032158,-1.631482720375061,464
438,0.7008492946624756,464,0.75,-0.9817060232162476,0.9675745368003845,8456.252604287,0.9512,8.480792045593262,0.7035560607910156,0.0,-1.6174890995025635,0.88,-0.48855456709861755,-0.9159947037696838,0.5334504842758179,1747244209.4481287,-1.6195507049560547,465
439,0.7433067560195923,465,0.75,-0.6275467872619629,0.9928780198097229,8474.539593676,1.0592,8.821759223937988,0.45306673645973206,0.0,-1.7746191024780273,0.88,-0.4680854082107544,-0.738939642906189,0.49914252758026123,1747244227.7365055,-1.1920063495635986,466
440,0.5235992670059204,466,1.0,-0.8102321624755859,0.7748944759368896,8491.980582349,0.9398,11.922073364257812,0.886365532875061,0.0,-1.6406253576278687,0.88,-0.4805848002433777,-1.0272024869918823,0.5025904774665833,1747244245.176915,-1.9135679006576538,467
441,0.9005537629127502,467,1.0,-0.6058769226074219,1.117356538772583,8509.731579226,1.0183,9.712995529174805,0.12137547135353088,0.0,-1.4175745248794556,0.88,-0.4200975298881531,-0.8427965641021729,0.43360546231269836,1747244262.9284523,-0.9641720056533813,468
442,0.8502357602119446,468,0.5,-0.847449779510498,1.0764762163162231,8526.980102654,0.9794,8.069291114807129,0.2195000797510147,0.0,-1.6165757179260254,0.89,-0.4650048017501831,-0.8910207748413086,0.4524810016155243,1747244280.2154067,-1.110520839691162,469
443,0.6025148630142212,469,1.0,-0.7094742059707642,0.6737873554229736,8548.74958432,0.9721,11.179322242736816,0.730431854724884,0.0,-1.3346493244171143,0.89,-0.4706140458583832,-0.33640599250793457,0.1425449401140213,1747244301.9466588,-1.0668377876281738,470
444,0.8549761176109314,470,0.75,-0.6752334833145142,1.1570812463760376,8566.161598462,1.0687,8.529342651367188,0.20186302065849304,0.0,-1.5153427124023438,0.89,-0.5096253752708435,-1.000685214996338,0.6042101979255676,1747244319.3579185,-1.2025482654571533,471
445,0.6450726985931396,471,1.0,-0.8290137648582458,0.928857684135437,8583.84664839,0.9217,9.860918998718262,0.6550908088684082,0.0,-1.6584539413452148,0.89,-0.49714165925979614,-0.9427164196968079,0.56756991147995,1747244337.0431225,-1.5978071689605713,472
446,0.9035441875457764,472,0.5,-0.658125638961792,1.2073557376861572,8601.591590653,1.0902,10.103277206420898,0.11625105887651443,0.0,-1.3975729942321777,0.89,-0.5117799639701843,-1.0080922842025757,0.6076231002807617,1747244354.787787,-1.1243433952331543,473
447,0.859358549118042,473,0.75,-0.5795228481292725,1.0616157054901123,8623.239634137,1.0309,8.558629035949707,0.2036276012659073,0.0,-1.4754862785339355,0.9,-0.4335441589355469,-0.7363172173500061,0.40451428294181824,1747244376.436484,-0.9399448037147522,474
448,0.8701942563056946,474,0.75,-0.6252406239509583,1.158968210220337,8641.207545942,1.1067,7.41340446472168,0.18066070973873138,0.0,-1.4753007888793945,0.9,-0.4972357153892517,-0.9825892448425293,0.5775478482246399,1747244394.4040236,-1.1632499694824219,475
449,0.7167296409606934,475,0.5,-0.6636718511581421,0.7361593246459961,8662.942573582,1.0227,9.314493179321289,0.6558595299720764,0.0,-1.5189497470855713,0.9,-0.4728008210659027,-0.46130990982055664,0.03885940834879875,1747244416.138939,-1.1171693801879883,476
450,0.5571163892745972,477,1.0,-0.6717351675033569,0.6005070805549622,8703.180596292,0.9622,9.880756378173828,0.832910418510437,0.0,-1.4360805749893188,0.9,-0.4529414474964142,-0.3827314078807831,0.08678135275840759,1747244456.3771658,-1.2156418561935425,478
451,0.7804199457168579,478,1.0,-0.6783073544502258,1.0257010459899902,8720.396646285,1.0164,11.02029037475586,0.3412477970123291,0.0,-1.526808261871338,0.91,-0.4815676808357239,-0.976839542388916,0.49056223034858704,1747244473.5926466,-1.3180873394012451,479
452,0.8698457479476929,479,0.5,-0.6516704559326172,1.132422685623169,8738.413087733,1.0684,8.143492698669434,0.18003520369529724,0.0,-1.4577744007110596,0.91,-0.49400994181632996,-0.713468611240387,0.5251538157463074,1747244491.6483285,-0.8935038447380066,480
453,0.394624799489975,480,1.0,-0.867537796497345,0.5980627536773682,8756.51859888,0.9675,9.55111312866211,3.264118194580078,0.0,-1.523896336555481,0.91,-0.48618218302726746,-0.938485860824585,0.4068759083747864,1747244509.715052,-4.202604293823242,481
454,0.7373900413513184,481,1.0,-0.7062277793884277,0.9834164381027222,8773.98560227,1.0091,7.542008876800537,0.4177890717983246,0.0,-1.726400375366211,0.91,-0.47196099162101746,-0.8845257759094238,0.49205276370048523,1747244527.18095,-1.3023147583007812,482
455,0.7839241623878479,482,0.75,-0.6562004685401917,1.0123345851898193,8792.020628015,1.0363,10.803007125854492,0.3620908856391907,0.0,-1.6145401000976562,0.91,-0.47791850566864014,-0.7879332304000854,0.4568207561969757,1747244545.2170966,-1.1500240564346313,483
456,1.0138344764709473,483,0.0,-0.6761075854301453,1.1905165910720825,8813.787579072,1.0436,9.45012092590332,-0.07732819020748138,0.0,-1.7431232929229736,0.91,-0.5028983354568481,-0.7660250067710876,0.3533641993999481,1747244566.9848282,-0.6886968612670898,484
457,0.6695544719696045,484,1.0,-0.8167397975921631,0.9292154312133789,8830.943209092,0.9779,10.014411926269531,0.5633162260055542,0.0,-1.4752237796783447,0.92,-0.48927241563796997,-1.0088680982589722,0.5193219184875488,1747244584.1784534,-1.5721843242645264,485
458,0.7760701179504395,485,1.0,-0.8052012920379639,1.0349191427230835,8848.296603196,0.9813,10.14815616607666,0.3476494550704956,0.0,-1.5933290719985962,0.92,-0.4826626181602478,-0.7972865700721741,0.5176980495452881,1747244601.4933321,-1.144935965538025,486
459,0.7659919857978821,486,0.5,-0.5958675742149353,0.7937555313110352,8870.037560966,1.0127,9.369933128356934,0.4410819411277771,0.0,-1.5796951055526733,0.92,-0.4173510670661926,-0.33158212900161743,0.055527083575725555,1747244623.2346737,-0.7726640701293945,487
460,0.7652437686920166,487,0.75,-0.7210514545440674,0.9866552352905273,8888.784624367,1.0017,8.481475830078125,0.4256223142147064,0.0,-1.484650731086731,0.92,-0.4845055341720581,-0.7499393224716187,0.4428229331970215,1747244641.9814968,-1.175561547279358,488
461,0.848143458366394,488,0.75,-0.628490686416626,1.153375506401062,8906.296630373,1.0617,8.541313171386719,0.22682081162929535,0.0,-1.549090027809143,0.92,-0.4716309905052185,-1.0291016101837158,0.6104641556739807,1747244659.4936361,-1.2559224367141724,489
462,0.6389051079750061,489,1.0,-0.695728600025177,0.8713908195495605,8924.653597662,1.0118,9.3693265914917,0.6138573288917542,0.0,-1.5792961120605469,0.93,-0.49527907371520996,-0.7866402864456177,0.4649713635444641,1747244677.850314,-1.4004976749420166,490
463,0.808252215385437,490,0.75,-0.6951355934143066,1.008056640625,8942.925605191,1.0508,9.344268798828125,0.3174090087413788,0.0,-1.554146409034729,0.93,-0.5147479176521301,-0.7279762625694275,0.39960893988609314,1747244696.122265,-1.0453852415084839,491
464,0.545296311378479,491,1.0,-1.1260464191436768,0.8293908834457397,8960.123626752,0.9648,8.376137733459473,3.0761609077453613,0.0,-1.5143274068832397,0.93,-0.5344988107681274,-1.1511597633361816,0.5681891441345215,1747244713.3203018,-4.227320671081543,492
465,0.6952390074729919,492,0.75,-0.6158565282821655,0.9381446838378906,8977.150530252,1.0104,8.522415161132812,0.5524839162826538,0.0,-1.4663554430007935,0.93,-0.42970722913742065,-0.9276508092880249,0.48581138253211975,1747244730.385762,-1.4801347255706787,493
466,0.8398449420928955,493,0.5,-0.7170058488845825,0.8839313387870789,8998.915582095,0.9994,8.934812545776367,0.37903088331222534,0.0,-1.5709068775177002,0.93,-0.4817579686641693,-0.6338539719581604,0.08817282319068909,1747244752.111134,-1.0128848552703857,494
467,0.6567947268486023,494,1.0,-0.7063295841217041,0.9292576313018799,9016.260530935,1.0495,9.010610580444336,0.5958550572395325,0.0,-1.4892101287841797,0.94,-0.513580858707428,-1.0520470142364502,0.5449258089065552,1747244769.45597,-1.6479021310806274,495
468,0.9174383878707886,495,0.75,-0.7253977060317993,1.1477187871932983,9034.546663726,1.004,10.533792495727539,0.09198775142431259,0.0,-1.5046470165252686,0.94,-0.497495174407959,-0.6867249011993408,0.4605608880519867,1747244787.7433927,-0.7787126898765564,496
469,0.5311939716339111,496,1.0,-0.7130160331726074,0.7699187397956848,9052.268566313,0.966,9.526653289794922,0.9050884246826172,0.0,-1.5804193019866943,0.94,-0.474193274974823,-0.7850847244262695,0.47744956612586975,1747244805.4641583,-1.6901731491088867,497
470,0.9892502427101135,497,0.5,-0.7398120164871216,1.2564184665679932,9069.43345883,1.0729,8.945751190185547,-0.03546172380447388,0.0,-1.6569089889526367,0.94,-0.49354690313339233,-0.9952659606933594,0.5343363285064697,1747244822.668752,-0.9598042964935303,498
471,0.6248472929000854,498,1.0,-0.6975583434104919,0.8888105750083923,9086.746548136,1.0596,7.78615140914917,0.6867080926895142,0.0,-1.4751859903335571,0.94,-0.5181179046630859,-1.0440404415130615,0.5279265642166138,1747244839.9435136,-1.7307484149932861,499
472,0.8172365427017212,499,0.5,-0.6622359752655029,1.0881669521331787,9104.077583192,1.0173,9.441997528076172,0.31032872200012207,0.0,-1.442344069480896,0.95,-0.46506431698799133,-0.955227255821228,0.541860818862915,1747244857.2730343,-1.26555597782135,500
473,0.7964848279953003,501,0.75,-0.7062456607818604,1.0555042028427124,9139.424599702,1.0432,8.954164505004883,0.31205639243125916,0.0,-1.5657764673233032,0.95,-0.45833081007003784,-0.9362523555755615,0.5180387496948242,1747244892.6198363,-1.248308777809143,502
474,0.7253557443618774,502,0.5,-0.7535338997840881,0.7602695226669312,9161.112210857,0.9447,6.468807220458984,0.5203587412834167,0.0,-1.5422587394714355,0.95,-0.47969064116477966,-0.3475911021232605,0.06982757896184921,1747244914.3474984,-0.8679498434066772,503
475,0.810117244720459,503,0.75,-0.6593731641769409,1.0656721591949463,9178.961594429,1.0772,7.394854545593262,0.28496479988098145,0.0,-1.6979488134384155,0.95,-0.5087749361991882,-0.9582486152648926,0.5111098885536194,1747244932.1573756,-1.243213415145874,504
476,0.4911353588104248,504,1.0,-0.7377510666847229,0.7874014377593994,9196.78156534,0.9968,10.412005424499512,1.4693970680236816,0.0,-1.500964879989624,0.95,-0.4688568115234375,-0.65683513879776,0.5925321578979492,1747244949.977249,-2.126232147216797,505
477,0.7774991989135742,505,0.5,-0.6000790596008301,0.976435661315918,9215.277556731,1.055,8.973292350769043,0.4079192280769348,0.0,-1.5209083557128906,0.96,-0.44942623376846313,-0.6081085205078125,0.3978728950023651,1747244968.473101,-1.0160276889801025,506
478,0.8753105998039246,506,0.75,-0.9290953874588013,1.1499836444854736,9232.46955543,1.0367,10.082352638244629,0.16809743642807007,0.0,-1.4241485595703125,0.96,-0.49053558707237244,-1.0529372692108154,0.5493459701538086,1747244985.6652899,-1.2210347652435303,507
479,0.7633721232414246,507,1.0,-0.7819026708602905,1.0093634128570557,9250.141412872,0.9334,8.94217586517334,0.39277052879333496,0.0,-1.5302743911743164,0.96,-0.4942473769187927,-1.00473153591156,0.49198266863822937,1747245003.3766263,-1.397502064704895,508
480,0.8411707282066345,508,0.5,-0.7185341119766235,1.1443066596984863,9267.284608894,1.0482,9.718742370605469,0.27825281023979187,0.0,-1.596697449684143,0.96,-0.4964205026626587,-1.1325422525405884,0.6062718629837036,1747245020.4794648,-1.410794973373413,509
481,0.4408649802207947,509,1.0,-0.7505905032157898,0.7336154580116272,9284.456591055,0.9476,8.95910930633545,1.5684915781021118,0.0,-1.529089093208313,0.96,-0.45343005657196045,-0.9667777419090271,0.585500955581665,1747245037.6538453,-2.535269260406494,510
482,0.7524600028991699,510,0.5,-0.6505551338195801,0.795158863067627,9306.177532274,1.047,9.03541374206543,0.53173828125,0.0,-1.5796077251434326,0.97,-0.4789072573184967,-0.32499241828918457,0.08539775758981705,1747245059.3775363,-0.8567306995391846,511
483,1.161433458328247,512,0.25,-0.7064825296401978,1.4110993146896362,9345.160564569,1.0987,8.243309020996094,-0.30616599321365356,0.0,-1.6198490858078003,0.97,-0.5321846008300781,-0.7622259855270386,0.49933162331581116,1747245098.3570592,-0.456059992313385,513
484,0.7839192748069763,513,0.75,-0.7622275352478027,1.023471713066101,9363.437666474,0.9893,7.885632038116455,0.3527012765407562,0.0,-1.5997813940048218,0.97,-0.5058480501174927,-0.8159976005554199,0.4791049659252167,1747245116.6346583,-1.1686989068984985,514
485,0.8110476732254028,514,0.75,-0.6772021055221558,1.082109808921814,9381.153792747,1.003,8.804672241210938,0.30903804302215576,0.0,-1.5218745470046997,0.97,-0.4647548794746399,-1.0161056518554688,0.5421242713928223,1747245134.3503857,-1.325143575668335,515
486,0.8482677340507507,515,0.75,-0.6843295097351074,1.1099566221237183,9399.346343293,1.0053,8.281848907470703,0.22184905409812927,0.0,-1.3591128587722778,0.98,-0.471153199672699,-0.8123946189880371,0.5233778357505798,1747245152.5816133,-1.0342437028884888,516
487,0.8551393747329712,516,1.0,-0.6961995959281921,1.113004446029663,9417.049676418,1.0263,8.661149024963379,0.20487329363822937,0.0,-1.4159482717514038,0.98,-0.4948212802410126,-0.7669493556022644,0.515730082988739,1747245170.2451138,-0.9718226790428162,517
488,0.7353325486183167,517,0.75,-0.8814016580581665,0.8164965510368347,9438.777542886,0.9461,8.80595588684082,0.48936256766319275,0.0,-1.5242701768875122,0.98,-0.44848155975341797,-0.5857352018356323,0.16232803463935852,1747245191.973005,-1.0750977993011475,518
489,0.9201154708862305,518,0.5,-0.6370676755905151,1.2019627094268799,9456.056567369,1.0635,8.70179557800293,0.09554977715015411,0.0,-1.4780185222625732,0.98,-0.4736122488975525,-0.9891149401664734,0.5636945962905884,1747245209.2522361,-1.0846647024154663,519
490,0.8369057774543762,519,1.0,-0.7212785482406616,1.0494084358215332,9474.286593204,0.9911,9.322125434875488,0.23446621000766754,0.0,-1.6866669654846191,0.98,-0.49031710624694824,-0.7170328497886658,0.4250054359436035,1747245227.4820263,-0.9514990448951721,520
491,0.8666492700576782,520,0.75,-0.8534575700759888,1.1232798099517822,9492.270571879,1.0142,8.175663948059082,0.18678119778633118,0.0,-1.5391885042190552,0.98,-0.457214891910553,-0.6586005091667175,0.5132611393928528,1747245245.4664676,-0.8453817367553711,521
492,0.9046225547790527,521,0.5,-0.7157816886901855,1.1516491174697876,9510.562574072,0.9804,9.265259742736816,0.12255290150642395,0.0,-1.462573528289795,0.99,-0.44997918605804443,-0.8072324991226196,0.4940531849861145,1747245263.7591288,-0.9297853708267212,522
493,0.6993781328201294,522,1.0,-0.7222241163253784,0.9783097505569458,9527.664566494,1.0059,11.36214542388916,0.5374122262001038,0.0,-1.7465391159057617,0.99,-0.4993446469306946,-0.9989567995071411,0.5578632354736328,1747245280.8603811,-1.5363689661026,523
494,0.8652334809303284,524,0.75,-0.6072921752929688,1.0820735692977905,9562.895563283,1.0727,7.723242282867432,0.18615055084228516,0.0,-1.459989309310913,0.99,-0.45713770389556885,-0.7385948300361633,0.43368014693260193,1747245316.0925996,-0.9247453808784485,525
495,0.8425445556640625,525,0.75,-0.6708284616470337,1.0356568098068237,9581.249538768,1.0034,8.799368858337402,0.2359175831079483,0.0,-1.5888452529907227,0.99,-0.4579218924045563,-0.6559704542160034,0.38622456789016724,1747245334.4458923,-0.8918880224227905,526
496,0.8041190505027771,526,1.0,-0.7222951650619507,1.060807704925537,9598.651597762,0.9654,9.194345474243164,0.3128054141998291,0.0,-1.6518628597259521,1.0,-0.46981966495513916,-0.8671746253967285,0.5133774280548096,1747245351.8478878,-1.1799800395965576,527
497,0.932613730430603,527,0.5,-0.6591520309448242,1.1923483610153198,9616.702884283,1.0492,9.554594993591309,0.06361222267150879,0.0,-1.6058244705200195,1.0,-0.4882197678089142,-0.7656658887863159,0.5194692015647888,1747245369.8987336,-0.8292781114578247,528
498,1.1007328033447266,528,0.0,-0.680841326713562,1.3189282417297363,9638.824494638,1.0474,9.718286514282227,-0.22148177027702332,0.0,-1.3320605754852295,1.0,-0.5039955377578735,-0.6784417629241943,0.43639087677001953,1747245392.0597446,-0.45695993304252625,529
499,,529,,,,9638.827057987,,,,,,1.0,,,,1747245392.0625257,,529
