,train/losses/dpo,_step,train/rewards/accuracies,train/logps/rejected,train/losses/total,_runtime,train/loss,train/grad_norm,train/rewards/margins,train/learning_rate,train/logps/answer,train/epoch,train/logps/chosen,train/rewards/chosen,train/losses/sft,_timestamp,train/rewards/rejected,train/global_step
0,0.8372602462768555,0,0.75,-1.4433906078338623,1.57616126537323,28.467546373,1.5449,13.287504196166992,0.25610995292663574,5e-07,-1.559746265411377,0.0,-1.3005107641220093,-2.453444719314575,1.477802038192749,1747275923.608327,-2.709554672241211,1
1,0.6534483432769775,1,0.75,-1.5315666198730469,1.2905988693237305,45.371517816,1.3002,9.920961380004883,0.6822465658187866,5e-07,-1.5331305265426636,0.0,-1.1613237857818604,-2.639580249786377,1.2743009328842163,1747275940.5064938,-3.321826696395874,2
2,0.5687578320503235,7,1.0,-1.3791701793670654,1.1493182182312012,145.53556364,1.5048,12.222574234008789,0.7813360691070557,5e-07,-1.3538291454315186,0.02,-1.2429966926574707,-2.1402788162231445,1.1611206531524658,1747276040.6678946,-2.9216151237487793,8
3,1.2545287609100342,8,0.25,-1.4404072761535645,2.0392496585845947,162.339538825,1.7329,14.030294418334961,-0.3598601818084717,5e-07,-1.4990370273590088,0.02,-1.4021893739700317,-3.3175742626190186,1.5694416761398315,1747276057.472149,-2.957714080810547,9
4,1.108735203742981,9,0.5,-1.4101333618164062,1.7572044134140015,179.236526405,1.5037,10.701580047607422,-0.20492568612098694,5e-07,-1.5497188568115234,0.02,-1.2499929666519165,-2.3690099716186523,1.296938419342041,1747276074.3699985,-2.1640844345092773,10
5,0.8038836121559143,16,0.75,-1.175567865371704,1.451401710510254,296.473547584,1.6804,14.804205894470215,0.46019861102104187,5e-07,-1.3611979484558105,0.03,-1.185803771018982,-2.4210596084594727,1.2950360774993896,1747276191.6051912,-2.881258010864258,17
6,1.2509266138076782,27,0.25,-1.2973403930664062,1.9144067764282227,480.499504,1.363,8.198046684265137,-0.3870747685432434,5e-07,-1.353348731994629,0.05,-1.0532655715942383,-2.489147424697876,1.3269602060317993,1747276375.6316054,-2.1020727157592773,28
7,0.6535660028457642,28,0.75,-1.180860996246338,1.1280155181884766,497.27854364,1.6681,10.81268310546875,0.8192735314369202,5e-07,-1.3574602603912354,0.05,-1.177864909172058,-1.679656982421875,0.94889897108078,1747276392.4103084,-2.4989304542541504,29
8,1.0469738245010376,33,0.5,-1.1954245567321777,1.6179866790771484,581.046513281,1.4891,9.110542297363281,-0.030135929584503174,5e-07,-1.4769916534423828,0.06,-1.0708563327789307,-1.9943361282348633,1.1420258283615112,1747276476.1775827,-1.9642002582550049,34
9,1.3596259355545044,41,0.25,-1.053085446357727,1.8594740629196167,714.947477703,1.6108,9.132257461547852,-0.5735288262367249,5e-07,-1.3831911087036133,0.08,-1.0656025409698486,-2.060225248336792,0.9996961951255798,1747276610.080059,-1.486696481704712,42
10,0.5080420970916748,43,1.0,-1.363749384880066,1.0037617683410645,748.444522484,1.3749,9.423060417175293,0.9303992390632629,5e-07,-1.3734126091003418,0.08,-1.1411393880844116,-2.025517463684082,0.9914394617080688,1747276643.57617,-2.9559166431427,44
11,1.1102583408355713,44,0.25,-1.318795084953308,1.7455518245697021,765.246517773,1.296,8.0742826461792,-0.22622385621070862,5e-07,-1.4864726066589355,0.09,-1.0371036529541016,-2.432443618774414,1.2705870866775513,1747276660.3790264,-2.2062196731567383,45
12,1.2823805809020996,47,0.5,-1.2331849336624146,2.072108030319214,815.395499465,1.632,9.314190864562988,-0.1256941556930542,5e-07,-1.390088438987732,0.09,-1.1896275281906128,-3.0140321254730225,1.579455018043518,1747276710.528054,-2.888338088989258,48
13,0.768557071685791,48,0.75,-1.416402816772461,1.437691330909729,832.148061087,1.5266,8.730666160583496,0.38487452268600464,5e-07,-1.5524284839630127,0.09,-1.2687914371490479,-2.3661434650421143,1.338268518447876,1747276727.3194041,-2.7510180473327637,49
14,1.020725965499878,52,0.75,-1.2034971714019775,1.6822433471679688,1005.688245529,1.5157,8.418848037719727,-0.038530051708221436,5e-07,-1.417578101158142,0.1,-1.1299501657485962,-2.233783006668091,1.3230348825454712,1747276794.216964,-2.1952528953552246,53
15,0.5257250070571899,58,1.0,-1.242437481880188,1.0293394327163696,1005.693186919,1.5163,8.648985862731934,0.9730217456817627,5e-07,-1.4649980068206787,0.11,-1.1331160068511963,-1.8226594924926758,1.0072288513183594,1747276894.5791209,-2.7956814765930176,59
16,0.8255892992019653,60,0.5,-1.2707135677337646,1.486588478088379,1032.893492498,1.5215,8.9578218460083,0.29792293906211853,5e-07,-1.4478132724761963,0.12,-1.1763720512390137,-2.343489646911621,1.3219982385635376,1747276928.02461,-2.6414124965667725,61
17,0.5626623630523682,61,0.75,-1.3680419921875,1.1983554363250732,1049.659495695,1.3016,7.896459102630615,0.8971712589263916,5e-07,-1.213329792022705,0.12,-1.050248146057129,-1.861628770828247,1.2713861465454102,1747276944.7907908,-2.7588000297546387,62
18,0.5214275121688843,64,0.75,-1.335863471031189,1.0410044193267822,1099.862755296,1.3219,7.502431869506836,1.339163899421692,5e-07,-1.2382196187973022,0.12,-1.0508627891540527,-1.6188368797302246,1.039153814315796,1747276995.034081,-2.958000898361206,65
19,0.7369351983070374,67,0.75,-1.3102049827575684,1.29208242893219,1150.309502363,1.331,7.735883712768555,0.531018078327179,5e-07,-1.2238816022872925,0.13,-1.0328106880187988,-1.722520351409912,1.1102944612503052,1747277045.4410696,-2.253538131713867,68
20,0.6542912721633911,73,1.0,-1.3444530963897705,1.2144057750701904,1250.776414236,1.3993,8.634855270385742,0.6004420518875122,5e-07,-1.2987855672836304,0.14,-1.088961124420166,-1.7103019952774048,1.120228886604309,1747277145.9476912,-2.310744047164917,74
21,0.8007028698921204,74,0.75,-1.2092945575714111,1.4030178785324097,1267.484500239,1.4463,8.000123023986816,0.5525625348091125,5e-07,-1.141033411026001,0.14,-1.0509183406829834,-1.7760095596313477,1.2046300172805786,1747277162.6167934,-2.3285722732543945,75
22,0.9269310832023621,77,0.5,-1.2519629001617432,1.664103627204895,1317.614555457,1.4708,8.531412124633789,0.3683171272277832,5e-07,-1.193579912185669,0.15,-1.1398025751113892,-2.9072494506835938,1.474345088005066,1747277212.7463589,-3.275566339492798,78
23,0.8102229833602905,78,0.5,-1.3104333877563477,1.3618049621582031,1334.27845347,1.4833,9.055437088012695,0.41062816977500916,5e-07,-1.4071719646453857,0.15,-1.1601204872131348,-2.117189645767212,1.1031639575958252,1747277229.4095485,-2.527817726135254,79
24,0.8227507472038269,85,0.75,-1.2453831434249878,1.3664562702178955,1451.709464828,1.352,7.575611114501953,0.2757362723350525,5e-07,-1.3609687089920044,0.16,-1.0323872566223145,-2.094188928604126,1.0874111652374268,1747277346.8406398,-2.3699252605438232,86
25,1.01698899269104,88,0.5,-1.2967194318771362,1.6233131885528564,1502.057508067,1.3642,8.075521469116211,-0.061576515436172485,5e-07,-1.3909907341003418,0.17,-1.0904614925384521,-2.1298646926879883,1.2126483917236328,1747277397.1900887,-2.0682883262634277,89
26,0.6032325029373169,94,1.0,-1.2529741525650024,1.1410716772079468,1602.67951822,1.3713,8.969585418701172,0.7189981341362,5e-07,-1.2294018268585205,0.18,-1.032619595527649,-1.6464529037475586,1.0756783485412598,1747277497.8112962,-2.3654510974884033,95
27,0.3958227038383484,99,1.0,-1.2782279253005981,0.8708985447883606,1816.632985278,1.3769,8.029927253723145,1.3748860359191895,5e-07,-1.300804853439331,0.19,-1.0394542217254639,-1.6930644512176514,0.9501516819000244,1747277581.7107532,-3.067950487136841,100
28,0.6036161184310913,102,1.0,-1.3020888566970825,1.2751424312591553,1816.634174417,1.4117,8.294849395751953,0.7738145589828491,5e-07,-1.3366420269012451,0.19,-1.1175966262817383,-2.4711880683898926,1.343052625656128,1747277632.162644,-3.2450027465820312,103
29,0.7947995662689209,104,0.5,-1.2188694477081299,1.1864044666290283,1816.635107685,1.2634,7.687066078186035,0.35044658184051514,5e-07,-1.3081421852111816,0.2,-0.969270646572113,-1.5643353462219238,0.7832096815109253,1747277665.632239,-1.9147820472717285,105
30,0.5086220502853394,106,1.0,-1.2791831493377686,0.9053194522857666,1816.638395815,1.2207,7.917851448059082,1.1122229099273682,5e-07,-1.1987022161483765,0.2,-0.9769432544708252,-1.2910739183425903,0.7933947443962097,1747277699.0596292,-2.403296709060669,107
31,0.8642193675041199,109,0.5,-1.2792887687683105,1.3754608631134033,1854.08247932,1.2842,8.642230987548828,0.27866625785827637,5e-07,-1.2412793636322021,0.21,-1.0336823463439941,-2.0523781776428223,1.022482991218567,1747277749.2160199,-2.3310446739196777,110
32,0.9780929088592529,119,0.5,-1.2843787670135498,1.6275041103363037,2021.60951259,1.3846,8.129652976989746,0.07586866617202759,5e-07,-1.3649396896362305,0.23,-1.0885062217712402,-2.3152267932891846,1.298822283744812,1747277916.7420788,-2.3910951614379883,120
33,1.2854057550430298,120,0.25,-1.1930567026138306,2.0151240825653076,2038.409511459,1.3423,8.085095405578613,-0.4922681450843811,5e-07,-1.3734151124954224,0.23,-0.9956793785095215,-2.4299373626708984,1.4594366550445557,1747277933.542237,-1.937669277191162,121
34,0.5264400243759155,124,0.75,-1.2493902444839478,1.1002445220947266,2105.460508256,1.4114,8.322662353515625,1.5185234546661377,5e-07,-1.3278837203979492,0.24,-1.0654011964797974,-1.798721432685852,1.147608995437622,1747278000.6318164,-3.3172450065612793,125
35,0.6805222034454346,133,0.75,-1.278900384902954,1.116758108139038,2256.210315644,1.2056,7.619225025177002,0.8264086842536926,5e-07,-1.2768068313598633,0.25,-0.9453364014625549,-1.4879870414733887,0.872471809387207,1747278151.3816183,-2.3143956661224365,134
36,0.982507050037384,136,0.75,-1.22355318069458,1.4769866466522217,2431.092078991,1.331,8.383790016174316,-0.013762257993221283,5e-07,-1.2978270053863525,0.26,-1.0077704191207886,-1.8075265884399414,0.9889593124389648,1747278202.0231683,-1.793764352798462,137
37,1.1231107711791992,143,0.5,-1.2250635623931885,1.6985784769058228,2431.097872178,1.4026,9.479663848876953,-0.09904322028160095,5e-07,-1.275275468826294,0.27,-1.056962490081787,-2.366476058959961,1.150935411453247,1747278319.2204473,-2.267432689666748,144
38,1.604994773864746,147,0.25,-1.1744383573532104,2.36004638671875,2491.152538127,1.4339,9.401817321777344,-0.924278736114502,5e-07,-1.2734211683273315,0.28,-1.0485671758651733,-2.905898332595825,1.5101029872894287,1747278386.2834632,-1.9816195964813232,148
39,0.7902496457099915,149,0.75,-1.1695537567138672,1.310598373413086,2524.616520407,1.3473,8.015416145324707,0.6282573342323303,5e-07,-1.3129277229309082,0.28,-0.9697650671005249,-1.9850504398345947,1.0406973361968994,1747278419.7482536,-2.6133077144622803,150
40,0.5601150393486023,150,0.75,-1.2303467988967896,1.015625,2541.3175446,1.5077,9.572416305541992,0.993428111076355,5e-07,-1.2809326648712158,0.29,-1.1277567148208618,-1.1757885217666626,0.9110199809074402,1747278436.4497297,-2.1692166328430176,151
41,0.5880244374275208,153,1.0,-1.1810168027877808,1.0332865715026855,2609.554885808,1.3936,9.067418098449707,0.7781867980957031,5e-07,-1.3680495023727417,0.29,-1.018354892730713,-1.6595187187194824,0.8905242085456848,1747278486.9824386,-2.4377055168151855,154
42,0.4923073947429657,155,0.75,-1.2241432666778564,0.9766600728034973,2625.464464856,1.2055,7.179105281829834,1.18370521068573,5e-07,-1.226153016090393,0.29,-0.8794878721237183,-1.6948508024215698,0.9687053561210632,1747278520.5966449,-2.8785560131073,156
43,0.7874807119369507,157,0.75,-1.167891502380371,1.1808539628982544,2659.031543423,1.3566,8.332633972167969,0.4034249782562256,5e-07,-1.1266365051269531,0.3,-0.9844973087310791,-1.4615874290466309,0.7867464423179626,1747278554.1626844,-1.8650124073028564,158
44,0.7403408288955688,161,1.0,-1.244912028312683,1.2978332042694092,2726.065567044,1.3703,8.584933280944824,0.42114028334617615,5e-07,-1.2285873889923096,0.31,-1.0730626583099365,-1.9976896047592163,1.1149848699569702,1747278621.19806,-2.418829917907715,162
45,0.6310639381408691,162,1.0,-1.2274961471557617,1.148402452468872,2742.838496348,1.5467,9.279572486877441,0.7411261796951294,5e-07,-1.3199431896209717,0.31,-1.1398142576217651,-1.7659263610839844,1.0346771478652954,1747278637.969835,-2.507052421569824,163
46,0.46770337224006653,167,1.0,-1.293148159980774,0.9940652847290039,2826.462499998,1.2688,9.276150703430176,1.0934951305389404,5e-07,-1.2764593362808228,0.32,-0.9705599546432495,-1.888993740081787,1.05272376537323,1747278721.5949647,-2.9824888706207275,168
47,0.556547999382019,170,1.0,-1.218945860862732,1.148238182067871,2876.704614799,1.6103,9.507850646972656,0.9281340837478638,5e-07,-1.331833839416504,0.32,-1.2115111351013184,-2.215477228164673,1.1833802461624146,1747278771.8372364,-3.143611431121826,171
48,1.062819004058838,172,0.25,-1.2742273807525635,1.6337270736694336,2910.148469523,1.39,8.919754028320312,-0.1620628535747528,5e-07,-1.224692940711975,0.33,-1.0740456581115723,-2.350245952606201,1.1418161392211914,1747278805.2809722,-2.188183069229126,173
49,0.9236541986465454,174,0.25,-1.1156082153320312,1.6265137195587158,2943.6825088,1.4531,8.66392707824707,0.14283975958824158,5e-07,-1.3215382099151611,0.33,-1.0247019529342651,-2.5133869647979736,1.4057190418243408,1747278838.8167698,-2.656226634979248,175
50,0.8622734546661377,180,0.5,-1.2413551807403564,1.3506592512130737,3044.115493574,1.4539,8.655313491821289,0.2855721712112427,5e-07,-1.4515838623046875,0.34,-1.113517165184021,-1.8497828245162964,0.9767716526985168,1747278939.2472181,-2.135354995727539,181
51,0.6707059741020203,193,0.75,-1.2018524408340454,1.2183043956756592,3262.560500487,1.5361,9.25073528289795,0.6772801876068115,5e-07,-1.266601800918579,0.37,-1.1218950748443604,-1.9522079229354858,1.0951967239379883,1747279157.692517,-2.629488229751587,194
52,0.8658221960067749,195,0.5,-1.0699503421783447,1.2310672998428345,3295.844477339,1.5726,9.993916511535645,0.2243865728378296,5e-07,-1.3386603593826294,0.37,-1.0611417293548584,-1.526862382888794,0.7304902672767639,1747279191.0157502,-1.7512489557266235,196
53,0.9029415845870972,198,0.75,-1.077649712562561,1.3981311321258545,3346.348517211,1.5108,8.863470077514648,0.1469724029302597,5e-07,-1.2791507244110107,0.38,-1.0446196794509888,-1.7754311561584473,0.9903790354728699,1747279241.480597,-1.9224036931991577,199
54,0.8727319240570068,203,0.75,-1.2368817329406738,1.3553837537765503,3429.959516718,1.2522,8.364668846130371,0.18158502876758575,5e-07,-1.4320780038833618,0.39,-0.9494441151618958,-1.8090217113494873,0.9653037190437317,1747279325.0905726,-1.9906067848205566,204
55,0.8245505094528198,213,0.5,-1.1465001106262207,1.5703109502792358,3597.504156072,1.5026,8.409313201904297,0.514430046081543,5e-07,-1.2383160591125488,0.4,-1.0627498626708984,-2.4898037910461426,1.491520881652832,1747279492.675449,-3.0042338371276855,214
56,0.9224250316619873,214,0.75,-1.157150387763977,1.4669084548950195,3614.389456067,1.6108,9.82090950012207,0.08456981182098389,5e-07,-1.240502119064331,0.41,-1.128129482269287,-1.8732757568359375,1.088966727256775,1747279509.5220978,-1.9578455686569214,215
57,0.6523817777633667,215,0.75,-1.2234023809432983,1.2620935440063477,3631.091504687,1.4138,8.459748268127441,0.9661313891410828,5e-07,-1.2909150123596191,0.41,-1.0486533641815186,-1.9888501167297363,1.219423532485962,1747279526.224192,-2.9549813270568848,216
58,0.8693007826805115,217,0.5,-1.256485939025879,1.559481143951416,3664.481547323,1.4145,8.929370880126953,0.38960862159729004,5e-07,-1.3160791397094727,0.41,-1.0786383152008057,-2.6936423778533936,1.3803606033325195,1747279559.6128595,-3.0832509994506836,218
59,0.9289067387580872,225,0.5,-1.245625615119934,1.4333854913711548,3798.25348968,1.3457,7.627756118774414,0.2609078586101532,5e-07,-1.201362133026123,0.43,-1.0028481483459473,-1.4953217506408691,1.0089575052261353,1747279693.3847668,-1.7562296390533447,226
60,0.9499439001083374,228,0.25,-1.1605159044265747,1.5082824230194092,3848.547608572,1.3713,8.52861499786377,0.08939002454280853,5e-07,-1.1892223358154297,0.43,-0.9930087924003601,-1.6985574960708618,1.116677165031433,1747279743.679788,-1.787947416305542,229
61,0.8227124810218811,233,0.5,-1.289764404296875,1.309086799621582,3932.204546593,1.3852,8.598295211791992,0.30429714918136597,5e-07,-1.2271138429641724,0.44,-1.0810983180999756,-1.9077696800231934,0.9727485775947571,1747279827.3364377,-2.212066888809204,234
62,0.8293440341949463,234,0.75,-1.3564505577087402,1.4083383083343506,3948.909664255,1.317,8.763168334960938,0.31037113070487976,5e-07,-1.2522099018096924,0.44,-1.0893383026123047,-2.4656291007995605,1.1579886674880981,1747279844.0410817,-2.7760002613067627,235
63,0.9330641031265259,236,0.75,-1.1047072410583496,1.5104317665100098,3982.457808065,1.406,8.60021686553955,0.16973629593849182,5e-07,-1.2330436706542969,0.45,-0.9585827589035034,-1.5947861671447754,1.1547353267669678,1747279877.6291122,-1.7645225524902344,237
64,0.6935931444168091,240,0.5,-1.2591309547424316,1.091942548751831,4049.591528264,1.3735,8.967453002929688,0.6865090727806091,5e-07,-1.4124135971069336,0.46,-1.072529673576355,-1.5774563550949097,0.7966987490653992,1747279944.722608,-2.263965368270874,241
65,0.6625978350639343,241,0.75,-1.2022058963775635,1.1582194566726685,4066.437528153,1.366,8.558945655822754,0.6486026644706726,5e-07,-1.3004233837127686,0.46,-1.0310158729553223,-2.0144131183624268,0.991243302822113,1747279961.569507,-2.663015842437744,242
66,1.0331891775131226,242,0.5,-1.2839008569717407,1.7036900520324707,4083.144497087,1.4647,8.76904296875,0.07241517305374146,5e-07,-1.2674545049667358,0.46,-1.1308116912841797,-2.4661197662353516,1.3410017490386963,1747279978.275986,-2.5385351181030273,243
67,0.7291893362998962,247,0.75,-1.1814206838607788,1.2218964099884033,4166.846703551,1.4552,9.164556503295898,0.5060304403305054,5e-07,-1.127849817276001,0.47,-1.0451704263687134,-1.740430474281311,0.9854142069816589,1747280062.0179994,-2.2464609146118164,248
68,0.871253490447998,248,0.75,-1.3734492063522339,1.4252674579620361,4183.998975005,1.3528,8.345844268798828,0.1808813065290451,5e-07,-1.3651161193847656,0.47,-1.1025348901748657,-1.8886665105819702,1.1080280542373657,1747280079.1313148,-2.0695478916168213,249
69,0.9536942839622498,251,0.25,-1.1998575925827026,1.7078578472137451,4234.211583758,1.3311,8.508997917175293,0.1350477635860443,5e-07,-1.2161904573440552,0.48,-0.9679274559020996,-2.2571918964385986,1.5083272457122803,1747280129.3441696,-2.392239570617676,252
70,0.48708242177963257,259,1.0,-1.2943875789642334,1.1855416297912598,4368.342502274,1.3352,8.134918212890625,0.9903948307037354,5e-07,-1.2748658657073975,0.49,-1.0382678508758545,-1.8362034559249878,1.3969184160232544,1747280263.4746168,-2.8265981674194336,260
71,0.9580811858177185,261,0.5,-1.2505866289138794,1.5170481204986572,4401.973533704,1.3366,8.379755020141602,0.054364800453186035,5e-07,-1.1740853786468506,0.5,-0.9768755435943604,-1.79826021194458,1.117933750152588,1747280297.1103392,-1.8526250123977661,262
72,0.5059522390365601,265,1.0,-1.1733673810958862,1.0173835754394531,4468.972465909,1.4672,9.492162704467773,0.9651796817779541,5e-07,-1.2675206661224365,0.5,-1.0790629386901855,-2.0906124114990234,1.0228626728057861,1747280364.1077669,-3.0557918548583984,266
73,0.8912809491157532,269,0.5,-1.2519984245300293,1.3903319835662842,4535.976474273,1.4219,8.644733428955078,0.24150696396827698,5e-07,-1.2625939846038818,0.51,-1.0983242988586426,-1.5226386785507202,0.9981019496917725,1747280431.1076787,-1.7641456127166748,270
74,1.1161465644836426,270,0.5,-1.1861696243286133,1.7725545167922974,4552.823522459,1.5133,8.646227836608887,-0.13771867752075195,5e-07,-1.3120687007904053,0.51,-1.1022155284881592,-2.433469533920288,1.3128159046173096,1747280447.9551377,-2.295750856399536,271
75,1.1886603832244873,272,0.25,-1.286545753479004,1.9692686796188354,4586.270561937,1.4591,9.398287773132324,-0.30896681547164917,5e-07,-1.335965871810913,0.52,-1.1124910116195679,-2.718604803085327,1.5612165927886963,1747280481.402081,-2.409637928009033,273
76,1.1458313465118408,273,0.5,-1.2266494035720825,1.6849608421325684,4603.060529302,1.4869,9.340559959411621,-0.15255051851272583,5e-07,-1.303404450416565,0.52,-1.099135160446167,-2.135112762451172,1.078258991241455,1747280498.1931765,-1.9825623035430908,274
77,0.7244570255279541,274,0.75,-1.2708055973052979,1.1763149499893188,4619.847531152,1.2816,8.759418487548828,0.4722044765949249,5e-07,-1.3550548553466797,0.52,-1.0015383958816528,-1.6130419969558716,0.9037159085273743,1747280514.980033,-2.0852465629577637,275
78,0.5593624711036682,279,0.75,-1.2848420143127441,0.8951119184494019,4703.624508257,1.3425,8.163411140441895,1.0673828125,5e-07,-1.2731313705444336,0.53,-1.0482269525527954,-1.3134859800338745,0.6714989542961121,1747280598.7571511,-2.380868911743164,280
79,0.955162525177002,282,0.5,-1.231749415397644,1.5606398582458496,4753.657610202,1.3428,8.72021770477295,0.030110642313957214,5e-07,-1.2539026737213135,0.53,-1.005021572113037,-2.2203338146209717,1.2109546661376953,1747280648.7889702,-2.2504444122314453,283
80,1.2102056741714478,283,0.25,-1.2507693767547607,1.864847183227539,4770.575474916,1.5275,9.909598350524902,-0.3785725235939026,5e-07,-1.2370052337646484,0.54,-1.1725969314575195,-2.4288320541381836,1.309282898902893,1747280665.70804,-2.0502593517303467,284
81,1.1012177467346191,292,0.25,-1.1211469173431396,1.676492691040039,4921.517467254,1.6591,9.541813850402832,-0.2242015302181244,5e-07,-1.4288036823272705,0.55,-1.155053734779358,-2.136502742767334,1.1505500078201294,1747280816.6500309,-1.9123013019561768,293
82,0.8827505707740784,302,0.75,-1.3112090826034546,1.4515366554260254,5089.189508694,1.3353,8.801835060119629,0.3349636197090149,5e-07,-1.43129563331604,0.57,-1.0560511350631714,-1.9145748615264893,1.137572169303894,1747280984.3218791,-2.2495386600494385,303
83,0.6367385387420654,311,1.0,-1.3233559131622314,1.2415515184402466,5240.029504492,1.5611,10.088525772094727,0.6955207586288452,5e-07,-1.4180026054382324,0.59,-1.2087351083755493,-1.9208554029464722,1.2096259593963623,1747281135.1614838,-2.6163763999938965,312
84,0.41493386030197144,316,1.0,-1.2185252904891968,0.8757717609405518,5323.693531492,1.2786,8.66893482208252,1.237350583076477,5e-07,-1.173582911491394,0.6,-0.977733850479126,-1.8655545711517334,0.9216758012771606,1747281218.8647885,-3.1029052734375,317
85,1.2318724393844604,321,0.25,-1.2495055198669434,1.8483107089996338,5407.703531461,1.471,9.034536361694336,-0.08477872610092163,5e-07,-1.2959346771240234,0.61,-1.0853662490844727,-2.162674903869629,1.2328766584396362,1747281302.8348577,-2.0778961181640625,322
86,0.9599927663803101,324,0.75,-1.201910138130188,1.6271612644195557,5458.051524107,1.3989,8.838079452514648,0.029711753129959106,5e-07,-1.2480192184448242,0.61,-1.0564141273498535,-2.3922107219696045,1.3343368768692017,1747281353.1840658,-2.4219226837158203,325
87,0.8862962126731873,327,0.75,-1.3450450897216797,1.6237635612487793,5508.430519416,1.4282,8.551637649536133,0.1479533612728119,5e-07,-1.309006690979004,0.62,-1.1267919540405273,-2.2573745250701904,1.474934697151184,1747281403.5622134,-2.405327796936035,328
88,0.8920912146568298,330,0.5,-1.2107837200164795,1.4049654006958008,5558.592478719,1.3185,9.010120391845703,0.20912513136863708,5e-07,-1.0821870565414429,0.63,-0.9855130910873413,-1.9690673351287842,1.0257482528686523,1747281453.7249556,-2.178192615509033,331
89,0.6796318888664246,332,0.75,-1.2582390308380127,1.214667797088623,5591.982506092,1.404,8.627148628234863,0.6471376419067383,5e-07,-1.2585440874099731,0.63,-1.0751028060913086,-1.988311767578125,1.070071816444397,1747281487.1159532,-2.6354494094848633,333
90,1.1800615787506104,337,0.25,-1.1580904722213745,1.7024438381195068,5675.851469095,1.5145,10.005148887634277,-0.33568593859672546,5e-07,-1.171112298965454,0.64,-1.0635600090026855,-2.080288887023926,1.0447646379470825,1747281570.984125,-1.744602918624878,338
91,0.7716370820999146,340,1.0,-1.0337069034576416,1.3257522583007812,5726.82045281,1.4789,9.182900428771973,0.3762128949165344,5e-07,-1.1315069198608398,0.64,-0.9691759347915649,-1.8902170658111572,1.1082302331924438,1747281621.9917161,-2.266429901123047,341
92,0.6382727026939392,352,0.75,-1.3524930477142334,1.1212517023086548,5927.938496656,1.335,8.424460411071777,0.7227462530136108,5e-07,-1.2812438011169434,0.67,-1.06949782371521,-1.554247260093689,0.9659580588340759,1747281823.0713444,-2.2769935131073,353
93,0.7440854907035828,353,0.75,-1.1666980981826782,1.2837157249450684,5944.752493656,1.288,8.472049713134766,0.43560683727264404,5e-07,-1.2599437236785889,0.67,-0.9224774837493896,-1.7898778915405273,1.0792605876922607,1747281839.885276,-2.225484848022461,354
94,0.929367184638977,354,0.75,-1.0722768306732178,1.4499142169952393,5961.410602675,1.4467,8.946797370910645,0.07167896628379822,5e-07,-1.0916213989257812,0.67,-0.9777381420135498,-1.845413327217102,1.041094183921814,1747281856.5426493,-1.9170923233032227,355
95,0.6538435220718384,358,1.0,-1.1969225406646729,1.0080852508544922,6028.529640539,1.3536,9.137292861938477,0.5947534441947937,5e-07,-1.2292157411575317,0.68,-1.0255601406097412,-1.2399582862854004,0.7084835767745972,1747281923.7009633,-1.8347115516662598,359
96,1.0832874774932861,362,0.25,-1.21636164188385,1.6775786876678467,6095.843484786,1.4774,9.249171257019043,-0.1987205445766449,5e-07,-1.3856770992279053,0.69,-1.095259189605713,-2.2334156036376953,1.1885823011398315,1747281990.978234,-2.0346951484680176,363
97,0.9058750867843628,364,0.5,-1.1829428672790527,1.5297590494155884,6129.34153281,1.3382,8.978934288024902,0.1778460443019867,5e-07,-1.3155982494354248,0.69,-0.9707049131393433,-2.2165615558624268,1.2477679252624512,1747282024.4738033,-2.3944077491760254,365
98,0.9428553581237793,370,0.75,-1.367342472076416,1.6165082454681396,6229.85250828,1.2419,9.248176574707031,0.08799320459365845,5e-07,-1.342189908027649,0.7,-1.0407750606536865,-2.819037914276123,1.3473058938980103,1747282124.9852638,-2.9070310592651367,371
99,0.8298491835594177,375,0.75,-1.2369978427886963,1.422893762588501,6313.645517168,1.3143,8.589462280273438,0.2723029553890228,5e-07,-1.3350026607513428,0.71,-0.9867848753929138,-2.3104755878448486,1.1860891580581665,1747282208.778176,-2.5827784538269043,376
100,1.1977825164794922,396,0.5,-1.2669928073883057,2.0836472511291504,6665.486612343,1.3747,9.360074043273926,-0.2610803544521332,5e-07,-1.348106861114502,0.75,-1.0583651065826416,-2.9368386268615723,1.7717292308807373,1747282560.6190214,-2.6757583618164062,397
101,0.6496454477310181,398,0.75,-1.217484712600708,1.1420212984085083,6698.991679179,1.345,8.87271499633789,0.7192211747169495,5e-07,-1.3416284322738647,0.75,-1.0107702016830444,-1.764724850654602,0.9847517609596252,1747282594.1628864,-2.4839460849761963,399
102,1.162975788116455,401,0.25,-1.121556043624878,1.654011845588684,6749.274528957,1.3992,8.706720352172852,-0.33769330382347107,5e-07,-1.1115827560424805,0.76,-0.9853083491325378,-1.9330805540084839,0.9820721745491028,1747282644.4456816,-1.5953872203826904,402
103,0.9275810122489929,405,0.5,-1.2287333011627197,1.5154109001159668,6816.280498591,1.3202,8.328272819519043,0.11467956006526947,5e-07,-1.108090877532959,0.77,-0.9916966557502747,-2.052855968475342,1.1756596565246582,1747282711.4128904,-2.1675353050231934,406
104,1.2320003509521484,406,0.75,-1.3369386196136475,1.9050030708312988,6833.197515371,1.499,8.76573657989502,-0.3626391589641571,5e-07,-1.3556478023529053,0.77,-1.1837120056152344,-2.5785164833068848,1.3460055589675903,1747282728.3334143,-2.2158772945404053,407
105,0.8374056816101074,407,0.75,-1.229275107383728,1.3732614517211914,6849.982072132,1.4049,9.143875122070312,0.36563101410865784,5e-07,-1.3738592863082886,0.77,-1.0727384090423584,-2.0567750930786133,1.071711540222168,1747282745.1533735,-2.4224061965942383,408
106,0.9377246499061584,421,0.25,-1.157250165939331,1.539555549621582,7084.598577648,1.2549,8.664409637451172,0.08127081394195557,5e-07,-1.0597636699676514,0.8,-0.9099695682525635,-2.292996883392334,1.2036616802215576,1747282979.7312438,-2.374267816543579,422
107,0.6417118906974792,425,1.0,-1.198883295059204,1.189366102218628,7151.589493078,1.3554,9.005288124084473,0.6395893096923828,5e-07,-1.3570276498794556,0.81,-1.0064972639083862,-2.0990447998046875,1.095308542251587,1747283046.760809,-2.7386341094970703,426
108,1.33502197265625,429,0.25,-1.1820788383483887,1.9909932613372803,7218.644496474,1.6612,10.619196891784668,-0.5853759050369263,5e-07,-1.289811134338379,0.81,-1.178473711013794,-2.4831764698028564,1.311942458152771,1747283113.7767482,-1.8978004455566406,430
109,0.980207085609436,430,0.5,-1.1672580242156982,1.4981870651245117,7235.310519375,1.4279,10.112212181091309,0.050615131855010986,5e-07,-1.3451988697052002,0.81,-1.0463947057724,-2.057196855545044,1.035960078239441,1747283130.4426,-2.10781192779541,431
110,1.0831325054168701,441,0.25,-1.1865882873535156,1.746511697769165,7420.029671259,1.5377,9.863134384155273,0.022301197052001953,5e-07,-1.4492173194885254,0.84,-1.0982450246810913,-2.4944968223571777,1.3267582654953003,1747283315.2009869,-2.5167980194091797,442
111,0.7604724168777466,444,0.5,-1.25410795211792,1.4549579620361328,7470.395456811,1.3728,8.940644264221191,0.47411060333251953,5e-07,-1.2735280990600586,0.84,-1.0258830785751343,-2.4957823753356934,1.388971209526062,1747283365.5276365,-2.969892978668213,445
112,0.6542074084281921,447,0.75,-1.1774348020553589,1.0234301090240479,7520.580474301,1.238,9.14173698425293,0.6920081377029419,5e-07,-1.2346101999282837,0.85,-0.9130242466926575,-1.2056390047073364,0.7384453415870667,1747283415.7125576,-1.8976471424102783,448
113,1.1118078231811523,450,0.25,-1.0833120346069336,1.6548540592193604,7570.817419744,1.6167,10.486767768859863,-0.24775385856628418,5e-07,-1.3763347864151,0.85,-1.1083428859710693,-2.0977392196655273,1.0860923528671265,1747283465.988737,-1.8499853610992432,451
114,0.6474510431289673,456,0.75,-1.264658808708191,1.1629774570465088,7671.348480348,1.3744,9.220945358276367,0.7125316262245178,5e-07,-1.2104029655456543,0.86,-1.0754218101501465,-1.4456990957260132,1.0310529470443726,1747283566.4804585,-2.158230781555176,457
115,0.5509793162345886,457,0.75,-1.319408655166626,0.9911229014396667,7688.046562076,1.2551,8.900988578796387,1.035547137260437,5e-07,-1.345476746559143,0.87,-1.0128452777862549,-1.535407304763794,0.8802871704101562,1747283583.1788354,-2.5709543228149414,458
116,0.8036762475967407,471,0.75,-1.295274019241333,1.4030616283416748,7922.833532655,1.4109,9.182707786560059,0.30638134479522705,5e-07,-1.4309806823730469,0.89,-1.0964226722717285,-2.269066333770752,1.1987706422805786,1747283817.9649668,-2.5754475593566895,472
117,1.231921911239624,472,0.5,-1.255245327949524,1.7345309257507324,7939.618544905,1.553,9.935800552368164,-0.40146517753601074,5e-07,-1.1832889318466187,0.89,-1.18392813205719,-2.0003390312194824,1.0052180290222168,1747283834.7506745,-1.5988738536834717,473
118,1.0164222717285156,479,0.5,-1.2576078176498413,1.8558320999145508,8056.823513076,1.5918,9.609346389770508,0.024356961250305176,5e-07,-1.3814247846603394,0.91,-1.1851915121078491,-3.0052199363708496,1.6788196563720703,1747283951.955359,-3.0295767784118652,480
119,0.7304431200027466,481,0.75,-1.3477888107299805,1.3967936038970947,8090.280536098,1.4342,10.022791862487793,0.5159351825714111,5e-07,-1.3016427755355835,0.91,-1.1508259773254395,-1.864546775817871,1.3327009677886963,1747283985.4129708,-2.3804821968078613,482
120,1.0043022632598877,488,0.5,-1.263662338256836,1.6256492137908936,8207.774495293,1.3514,9.25259780883789,-0.06267982721328735,5e-07,-1.2721076011657715,0.92,-1.0450859069824219,-2.4326045513153076,1.2426937818527222,1747284102.9061568,-2.369924783706665,489
121,0.636536717414856,490,1.0,-1.2271769046783447,1.0928457975387573,8241.386537421,1.4142,9.022889137268066,0.6781572699546814,5e-07,-1.209242343902588,0.93,-1.0663114786148071,-1.6353759765625,0.9126181602478027,1747284136.5191529,-2.313533306121826,491
122,0.6341320276260376,495,0.75,-1.415345549583435,1.1126370429992676,8325.364494773,1.2926,8.936175346374512,0.9769597053527832,5e-07,-1.316035270690918,0.94,-1.0834190845489502,-1.9582470655441284,0.9570100903511047,1747284220.4958348,-2.935206890106201,496
123,0.829147458076477,497,0.75,-1.2471516132354736,1.5056095123291016,8358.934516216,1.698,11.612703323364258,0.293210506439209,5e-07,-1.5291483402252197,0.94,-1.2768008708953857,-2.1212029457092285,1.3529239892959595,1747284254.0672622,-2.4144134521484375,498
124,0.7287335395812988,503,0.75,-1.2739605903625488,1.3596540689468384,8577.967193734,1.357,8.927011489868164,0.5535972714424133,5e-07,-1.3724637031555176,0.95,-1.0500028133392334,-2.3369863033294678,1.261841058731079,1747284473.1384537,-2.8905835151672363,504
125,0.9174431562423706,504,0.5,-1.241027593612671,1.4769506454467773,8594.875480896,1.4764,9.822710990905762,0.1031564474105835,5e-07,-1.3369213342666626,0.95,-1.1234523057937622,-2.1537187099456787,1.119015097618103,1747284490.0066535,-2.2568752765655518,505
126,1.0684078931808472,505,0.25,-1.2247039079666138,1.651491403579712,8611.616464133,1.4292,9.959495544433594,0.13262593746185303,5e-07,-1.270607590675354,0.96,-1.050689935684204,-2.110182285308838,1.16616690158844,1747284506.749361,-2.2428081035614014,506
127,0.9026814699172974,515,0.75,-1.2385280132293701,1.5437008142471313,8779.630488017,1.3583,8.795212745666504,0.12510329484939575,5e-07,-1.2486095428466797,0.98,-1.0488460063934326,-2.1891162395477295,1.282038688659668,1747284674.7626584,-2.3142194747924805,516
128,0.757038950920105,522,0.75,-1.3072724342346191,1.2709834575653076,8897.051464097,1.3056,8.928291320800781,0.4175557494163513,5e-07,-1.4064745903015137,0.99,-1.0289196968078613,-1.9426734447479248,1.0278891324996948,1747284792.1833644,-2.360229015350342,523
129,0.8053717017173767,530,0.5,-1.2419451475143433,1.4097704887390137,9036.121511373,1.1409,8.032615661621094,0.3379393219947815,5e-07,-1.3727130889892578,1.0,-0.8732470870018005,-1.4581985473632812,1.2087976932525635,1747284931.2526512,-1.796137809753418,531
130,1.2498008012771606,531,0.25,-1.2231097221374512,1.8778235912322998,9052.789585819,1.3335,9.1362943649292,-0.45492225885391235,5e-07,-1.267611026763916,1.01,-1.0025646686553955,-2.2281367778778076,1.2560456991195679,1747284947.921116,-1.7732144594192505,532
131,1.1604127883911133,534,0.5,-1.3293259143829346,1.857762098312378,9103.153497484,1.2895,8.304123878479004,-0.19450196623802185,5e-07,-1.332476019859314,1.01,-1.0454297065734863,-2.5077037811279297,1.3946985006332397,1747284998.2863088,-2.313201904296875,535
132,0.9098854064941406,539,0.75,-1.288183569908142,1.462100625038147,9187.339283202,1.2511,8.831871032714844,0.10103771090507507,5e-07,-1.1415338516235352,1.02,-0.9907516241073608,-1.9795273542404175,1.1044304370880127,1747285082.510549,-2.0805652141571045,540
133,0.7264570593833923,541,0.75,-1.21509850025177,1.2150723934173584,9221.003689591,1.411,9.259513854980469,0.5104812979698181,5e-07,-1.2928056716918945,1.02,-1.0673282146453857,-1.828377604484558,0.9772307276725769,1747285116.1749623,-2.3388588428497314,542
134,0.8545842170715332,543,0.75,-1.207628846168518,1.3740615844726562,9254.518544655,1.5073,9.529454231262207,0.35353270173072815,5e-07,-1.2455976009368896,1.03,-1.1093008518218994,-2.2267112731933594,1.0389548540115356,1747285149.6512253,-2.5802440643310547,544
135,0.9470509886741638,547,0.25,-1.1630533933639526,1.4827780723571777,9321.581492414,1.1842,7.9235005378723145,0.1812344491481781,5e-07,-1.1982473134994507,1.04,-0.8391574621200562,-1.74251127243042,1.0714540481567383,1747285216.7178478,-1.9237456321716309,548
136,0.6563760042190552,548,0.75,-1.1999461650848389,1.0698297023773193,9338.203199387,1.2387,8.661712646484375,0.6907408237457275,5e-07,-1.1354702711105347,1.04,-0.9140377044677734,-1.3975051641464233,0.8269075155258179,1747285233.3744788,-2.0882461071014404,549
137,1.0917717218399048,550,0.5,-1.1994671821594238,1.8274469375610352,9371.663658531,1.3212,8.576498985290527,-0.09080468118190765,5e-07,-1.2984799146652222,1.04,-0.9780584573745728,-2.4642834663391113,1.4713503122329712,1747285266.834937,-2.373478889465332,551
138,0.6100599765777588,553,1.0,-1.1990151405334473,1.1283612251281738,9422.028567008,1.3711,8.894282341003418,0.8063362836837769,5e-07,-1.217470645904541,1.05,-1.0024030208587646,-1.3946690559387207,1.0366026163101196,1747285317.1616125,-2.201005458831787,554
139,0.6053014397621155,555,0.75,-1.293372392654419,1.2220466136932373,9455.630503553,1.298,9.223991394042969,0.8917701244354248,5e-07,-1.3580986261367798,1.05,-1.0005403757095337,-2.190582752227783,1.233490228652954,1747285350.763472,-3.082352876663208,556
140,0.37689459323883057,559,1.0,-1.4682649374008179,0.8613857626914978,9522.659528482,1.1337,8.601339340209961,1.413183331489563,5e-07,-1.4394423961639404,1.06,-1.0198931694030762,-1.613214135169983,0.9689823389053345,1747285417.7917826,-3.026397705078125,560
141,0.7526115775108337,567,0.75,-1.296302080154419,1.3554826974868774,9656.776531627,1.3232,9.673539161682129,0.40754061937332153,5e-07,-1.3104249238967896,1.07,-1.068756341934204,-2.4484059810638428,1.2057422399520874,1747285551.9089808,-2.8559465408325195,568
142,0.5452306270599365,568,1.0,-1.2938233613967896,1.1706011295318604,9673.58356058,1.4229,10.408647537231445,0.8957197070121765,5e-07,-1.484986662864685,1.08,-1.0982831716537476,-1.7541054487228394,1.250740885734558,1747285568.7153695,-2.649825096130371,569
143,0.5129271745681763,570,1.0,-1.3561056852340698,1.0031988620758057,9707.005612204,1.1578,8.48499870300293,1.0182825326919556,5e-07,-1.3322142362594604,1.08,-0.9671327471733093,-1.8529804944992065,0.9805433750152588,1747285602.1372383,-2.871263027191162,571
144,1.0425739288330078,573,0.5,-1.3831825256347656,1.6430120468139648,9757.227006972,1.1895,9.550847053527832,-0.05517730116844177,5e-07,-1.4070303440093994,1.09,-0.999875009059906,-2.26371693611145,1.200876235961914,1747285652.3982675,-2.2085394859313965,574
145,0.6717624664306641,580,0.75,-1.15023672580719,1.196016788482666,9874.720527716,1.4009,13.555593490600586,0.756251335144043,5e-07,-1.2930259704589844,1.1,-0.9947236776351929,-1.2300686836242676,1.0485087633132935,1747285769.8514967,-1.9863201379776,581
146,1.2636010646820068,589,0.5,-1.221283197402954,2.033318519592285,10026.07151029,1.5599,11.124778747558594,-0.43274980783462524,5e-07,-1.4026720523834229,1.12,-1.1742238998413086,-3.0322628021240234,1.5394349098205566,1747285921.2032628,-2.599512815475464,590
147,0.6479794979095459,593,1.0,-1.3707457780838013,1.2194411754608154,10092.936865044,1.1706,9.05666732788086,0.6006453633308411,5e-07,-1.4520206451416016,1.12,-0.9914747476577759,-1.9275860786437988,1.1429232358932495,1747285988.108194,-2.528231620788574,594
148,0.7524564266204834,595,0.75,-1.3377896547317505,1.1381902694702148,10126.503564148,1.3805,10.898629188537598,0.6086294651031494,5e-07,-1.4479607343673706,1.13,-1.1071062088012695,-1.7984776496887207,0.7714678049087524,1747286021.636196,-2.40710711479187,596
149,0.8597881197929382,600,0.5,-1.3931164741516113,1.4805811643600464,10210.393491144,1.1933,10.377198219299316,0.5304054021835327,5e-07,-1.3045660257339478,1.14,-0.9870946407318115,-2.3507354259490967,1.2415860891342163,1747286105.5256257,-2.881140947341919,601
150,0.5402252078056335,601,1.0,-1.3640364408493042,0.9568253755569458,10227.185612421,1.2292,9.035760879516602,0.9635642766952515,5e-07,-1.2203333377838135,1.14,-1.0089689493179321,-1.5051097869873047,0.8332003951072693,1747286122.31731,-2.4686739444732666,602
151,0.7261849641799927,612,0.75,-1.3120002746582031,1.360413670539856,10411.625545599,1.3481,10.320185661315918,0.9064345359802246,5e-07,-1.341150164604187,1.16,-1.0425198078155518,-2.014321804046631,1.2684574127197266,1747286306.7574008,-2.9207563400268555,613
152,1.036887764930725,614,0.5,-1.2636048793792725,1.7561520338058472,10445.224500014,1.4586,11.15001106262207,0.13104361295700073,5e-07,-1.2740576267242432,1.16,-1.1008210182189941,-2.162827253341675,1.4385285377502441,1747286340.3571773,-2.2938709259033203,615
153,0.9489756226539612,627,0.5,-1.376123309135437,1.4818938970565796,10663.281550652,1.1643,9.35183048248291,0.14042599499225616,5e-07,-1.429298758506775,1.19,-0.9359068870544434,-1.9198482036590576,1.0658365488052368,1747286558.4148314,-2.060274124145508,628
154,0.8213000297546387,630,0.75,-1.2401447296142578,1.3160418272018433,10713.454526385,1.3406,9.985234260559082,0.2802467942237854,5e-07,-1.2905986309051514,1.19,-0.9995384216308594,-2.2457547187805176,0.9894835352897644,1747286608.5871797,-2.526001453399658,631
155,0.6649774312973022,635,0.75,-1.3101563453674316,1.2338892221450806,10797.245205949,1.379,9.970407485961914,0.6287097930908203,5e-07,-1.2426809072494507,1.2,-1.0657459497451782,-1.8228633403778076,1.1378235816955566,1747286692.4165256,-2.451572895050049,636
156,0.7078917622566223,636,0.75,-1.3454439640045166,1.2373992204666138,10813.978527989,1.2458,9.942974090576172,0.5213283896446228,5e-07,-1.4061273336410522,1.2,-1.037843942642212,-1.7882513999938965,1.059014916419983,1747286709.1112273,-2.309579849243164,637
157,0.6246609091758728,639,1.0,-1.2420806884765625,1.2765690088272095,10864.081530093,1.1425,9.973593711853027,0.6516475677490234,5e-07,-1.3557722568511963,1.21,-0.8980885744094849,-1.7964818477630615,1.3038161993026733,1747286759.2131157,-2.448129177093506,640
158,0.8150470852851868,640,0.5,-1.2793550491333008,1.4368561506271362,10880.746488695,1.2511,9.904739379882812,0.3793533742427826,5e-07,-1.2842597961425781,1.21,-1.0060129165649414,-2.0451712608337402,1.243618130683899,1747286775.8789778,-2.4245247840881348,641
159,0.4476361870765686,643,1.0,-1.4274941682815552,0.8387298583984375,10930.964524273,1.104,8.916483879089355,1.5003392696380615,5e-07,-1.3790135383605957,1.22,-0.9396531581878662,-1.3687574863433838,0.782187283039093,1747286826.0961843,-2.8690967559814453,644
160,0.8017960786819458,647,0.5,-1.4236986637115479,1.4038037061691284,10997.794546678,1.2476,10.024541854858398,0.4219025671482086,5e-07,-1.3714933395385742,1.22,-1.0389525890350342,-2.145963668823242,1.2040152549743652,1747286892.9262688,-2.567866325378418,648
161,0.6460592150688171,650,1.0,-1.2781572341918945,1.128490686416626,11048.004484554,1.2808,10.229649543762207,0.6260033845901489,5e-07,-1.3288074731826782,1.23,-0.9897326827049255,-1.6774959564208984,0.9648630619049072,1747286943.1402056,-2.303499460220337,651
162,0.6738629341125488,664,0.75,-1.3660829067230225,1.2580848932266235,11303.017924075,1.2168,10.027034759521484,0.6555817127227783,5e-07,-1.400630235671997,1.26,-1.0235258340835571,-2.0780675411224365,1.1684439182281494,1747287177.4447877,-2.733649253845215,665
163,0.543065071105957,671,0.75,-1.2646257877349854,1.0009979009628296,11399.630652728,1.3384,10.847243309020996,1.3754019737243652,5e-07,-1.3346269130706787,1.27,-1.0288947820663452,-1.8531286716461182,0.9158656597137451,1747287294.801984,-3.2285308837890625,672
164,0.8557799458503723,680,0.75,-1.2930693626403809,1.3417434692382812,11550.360512042,1.3346,10.702927589416504,0.2741151452064514,5e-07,-1.2844536304473877,1.29,-1.0332458019256592,-1.8276667594909668,0.9719270467758179,1747287445.4928823,-2.1017818450927734,681
165,0.41528216004371643,684,1.0,-1.3749891519546509,0.7955235838890076,11617.281499336,1.1828,13.306862831115723,1.332962155342102,5e-07,-1.3064520359039307,1.29,-1.0100562572479248,-1.3798329830169678,0.7604828476905823,1747287512.4124742,-2.7127950191497803,685
166,0.4235914349555969,689,1.0,-1.2547698020935059,0.7722830772399902,11700.957523768,1.275,10.475713729858398,1.55245840549469,5e-07,-1.2714121341705322,1.3,-0.9583737850189209,-1.4495954513549805,0.6973833441734314,1747287596.0900707,-3.002053737640381,690
167,0.6664806604385376,692,0.75,-1.43520987033844,1.202360987663269,11751.146581088,1.0817,10.172561645507812,0.7468527555465698,5e-07,-1.1604459285736084,1.31,-0.9175477027893066,-1.9767279624938965,1.071760654449463,1747287646.2788186,-2.723580837249756,693
168,0.7967716455459595,698,0.75,-1.3536622524261475,1.2222322225570679,11851.893582679,1.0974,9.855081558227539,0.32609859108924866,5e-07,-1.2904613018035889,1.32,-0.9634552001953125,-1.5985991954803467,0.8509212136268616,1747287747.025739,-1.9246978759765625,699
169,0.3194291293621063,700,1.0,-1.4810829162597656,0.6133632659912109,11885.47655103,1.2897,10.73229694366455,1.5575941801071167,5e-07,-1.4342716932296753,1.33,-1.1541919708251953,-1.120352029800415,0.587868332862854,1747287780.607917,-2.677946090698242,701
170,0.726360023021698,702,1.0,-1.2562494277954102,1.4987502098083496,11918.924590583,1.2827,10.057738304138184,0.4808858633041382,5e-07,-1.2431483268737793,1.33,-0.969815731048584,-2.1654529571533203,1.5447803735733032,1747287814.0561378,-2.64633846282959,703
171,0.9230467081069946,703,0.5,-1.3845770359039307,1.7499148845672607,11935.62752097,1.3096,10.452570915222168,0.12757903337478638,5e-07,-1.3505992889404297,1.33,-1.0649733543395996,-2.5578041076660156,1.6537362337112427,1747287830.7590532,-2.6853833198547363,704
172,0.7497538328170776,707,0.75,-1.2942700386047363,1.3193950653076172,12002.419565201,1.2501,9.980135917663574,0.43555185198783875,5e-07,-1.3749821186065674,1.34,-0.9998458623886108,-2.2343149185180664,1.1392825841903687,1747287897.5513759,-2.6698670387268066,708
173,0.2942429184913635,709,1.0,-1.4574694633483887,0.8355767726898193,12036.013514857,1.1219,10.34224796295166,1.7238938808441162,5e-07,-1.3203251361846924,1.34,-0.9599739909172058,-1.4877253770828247,1.0826677083969116,1747287931.144654,-3.2116193771362305,710
174,0.8816573023796082,710,0.5,-1.1749012470245361,1.3088687658309937,12052.931478916,1.4888,10.941247940063477,0.17214152216911316,5e-07,-1.2948546409606934,1.34,-1.056748867034912,-1.4879798889160156,0.8544229865074158,1747287948.0637228,-1.6601215600967407,711
175,0.8896834850311279,716,0.75,-1.2815563678741455,1.4741535186767578,12153.615522114,1.3661,11.026918411254883,0.1879376471042633,5e-07,-1.4469695091247559,1.36,-1.0741748809814453,-2.2657485008239746,1.1689401865005493,1747288048.7473578,-2.453686237335205,717
176,0.6250667572021484,719,0.75,-1.269982099533081,1.180730938911438,12203.880516939,1.2807,9.737332344055176,0.8107335567474365,5e-07,-1.1588776111602783,1.36,-1.0143358707427979,-2.1077921390533447,1.111328363418579,1747288099.01543,-2.9185256958007812,720
177,0.7604601383209229,721,0.5,-1.3596019744873047,1.408674716949463,12237.405586015,1.3292,10.523487091064453,0.48094144463539124,5e-07,-1.135380744934082,1.36,-1.0552765130996704,-2.0508522987365723,1.29642915725708,1747288132.5369835,-2.5317935943603516,722
178,0.5541572570800781,725,1.0,-1.3292911052703857,1.063140630722046,12304.668546229,1.2652,10.81160831451416,0.8737861514091492,5e-07,-1.26556396484375,1.37,-1.0434696674346924,-2.0235679149627686,1.017966866493225,1747288199.8002553,-2.8973541259765625,726
179,0.8046829700469971,729,0.75,-1.3164515495300293,1.2618558406829834,12371.822386446,1.2595,10.11032485961914,0.36051851511001587,5e-07,-1.2701936960220337,1.38,-1.0190048217773438,-1.565739631652832,0.9143458604812622,1747288266.993595,-1.9262582063674927,730
180,0.26965200901031494,730,1.0,-1.3155264854431152,0.6723625063896179,12388.652549344,1.157,9.373065948486328,1.704595685005188,5e-07,-1.3603668212890625,1.38,-0.9338900446891785,-1.537975549697876,0.805420994758606,1747288283.7849936,-3.2425713539123535,731
181,0.8356630206108093,750,0.75,-1.5179158449172974,1.3707331418991089,12724.299527078,1.1725,9.906515121459961,0.3953161835670471,5e-07,-1.332980751991272,1.42,-1.0608391761779785,-1.830014944076538,1.0701402425765991,1747288619.4322507,-2.2253313064575195,751
182,0.5478018522262573,757,0.75,-1.4632123708724976,0.9835282564163208,12841.625501897,1.1527,9.381134033203125,1.096435546875,5e-07,-1.3157345056533813,1.43,-0.9873420000076294,-1.3605965375900269,0.8714528679847717,1747288736.7577927,-2.4570319652557373,758
183,0.8134761452674866,762,0.75,-1.3520044088363647,1.2844403982162476,12925.535534304,1.2875,11.90318489074707,0.35601258277893066,5e-07,-1.1641602516174316,1.44,-0.9845657348632812,-1.7143425941467285,0.9419284462928772,1747288820.706855,-2.070355176925659,763
184,0.6476112604141235,767,1.0,-1.3640718460083008,1.3671338558197021,13009.54952708,1.2485,9.730331420898438,0.6908382177352905,5e-07,-1.218440055847168,1.45,-1.0027012825012207,-2.1305909156799316,1.4390450716018677,1747288904.68121,-2.8214292526245117,768
185,0.7128770351409912,771,0.5,-1.412514328956604,1.4527654647827148,13076.337054595,1.3151,10.435022354125977,1.2441186904907227,5e-07,-1.314319133758545,1.46,-1.0888330936431885,-2.6990320682525635,1.4797768592834473,1747288971.508369,-3.943150520324707,772
186,1.049046277999878,773,0.5,-1.3070348501205444,1.6336743831634521,13109.952525463,1.2436,10.649826049804688,-0.11309662461280823,5e-07,-1.3636393547058105,1.46,-0.986616849899292,-1.8308966159820557,1.1692560911178589,1747289005.0835733,-1.7177999019622803,774
187,0.44417986273765564,774,0.75,-1.3642339706420898,0.8661692142486572,13126.739557339,1.2516,10.561600685119629,1.6764365434646606,5e-07,-1.241208553314209,1.47,-1.0126762390136719,-1.5296509265899658,0.8439787030220032,1747289021.8707557,-3.206087589263916,775
188,0.8705844879150391,775,0.5,-1.4571205377578735,1.3386954069137573,13143.621517505,1.1677,9.700982093811035,0.1995752453804016,5e-07,-1.3907743692398071,1.47,-1.0324735641479492,-1.8939924240112305,0.9362218379974365,1747289038.7535045,-2.0935678482055664,776
189,0.4750150740146637,780,1.0,-1.4484012126922607,1.0690616369247437,13227.241594188,1.2279,9.819823265075684,1.0443930625915527,5e-07,-1.4414923191070557,1.48,-1.07679283618927,-2.328921318054199,1.1880930662155151,1747289122.4128435,-3.373314380645752,781
190,0.9931164979934692,788,0.25,-1.2773466110229492,1.4404364824295044,13361.020463456,1.3527,10.814452171325684,0.014715924859046936,5e-07,-1.4280484914779663,1.49,-1.0676867961883545,-1.733563780784607,0.8946399688720703,1747289256.1517704,-1.7482796907424927,789
191,0.6513146162033081,789,0.75,-1.2641925811767578,1.0523335933685303,13377.640640351,1.1848,10.851385116577148,0.87774658203125,5e-07,-1.2946043014526367,1.49,-0.9109975695610046,-1.452082872390747,0.8020378947257996,1747289272.811961,-2.329829454421997,790
192,0.45091670751571655,793,1.0,-1.356367588043213,0.9604509472846985,13444.694492556,1.3059,11.846935272216797,1.2787859439849854,5e-07,-1.33388090133667,1.5,-1.0420445203781128,-1.632718801498413,1.0190684795379639,1747289339.8255482,-2.9115047454833984,794
193,1.0207505226135254,797,0.5,-1.3336697816848755,1.7272696495056152,13511.523514069,1.1315,10.22244644165039,-0.08203715085983276,5e-07,-1.3508880138397217,1.51,-0.9217169284820557,-2.5545363426208496,1.4130383729934692,1747289406.654576,-2.472499370574951,798
194,0.7014020681381226,806,0.75,-1.3646330833435059,1.2471661567687988,13662.946565543,1.0935,9.906746864318848,0.5661424398422241,5e-07,-1.1660754680633545,1.53,-0.912372887134552,-1.6826584339141846,1.0915281772613525,1747289558.0790453,-2.248800754547119,807
195,0.3335409462451935,809,1.0,-1.384169101715088,0.7862653732299805,13713.150507506,1.2999,10.873648643493652,1.4742660522460938,5e-07,-1.2896827459335327,1.53,-1.0588641166687012,-1.4173572063446045,0.905448853969574,1747289608.2817798,-2.891623020172119,810
196,0.5818603038787842,815,1.0,-1.442199468612671,1.242990255355835,13813.830532094,1.3505,11.526710510253906,0.9364343285560608,5e-07,-1.6120915412902832,1.54,-1.1511931419372559,-2.237720251083374,1.3222600221633911,1747289708.9628463,-3.174154758453369,816
197,0.6871559619903564,823,0.5,-1.5190203189849854,1.3914573192596436,13947.891299113,1.3194,11.635502815246582,0.6641858816146851,5e-07,-1.5427937507629395,1.56,-1.1799824237823486,-2.7378780841827393,1.4086025953292847,1747289843.0625863,-3.4020638465881348,824
198,0.4020242691040039,826,1.0,-1.238529920578003,0.9445509314537048,13998.3445155,1.2135,10.287359237670898,1.4883828163146973,5e-07,-1.2943534851074219,1.56,-0.9591305255889893,-2.06230092048645,1.0850533246994019,1747289893.4761682,-3.5506839752197266,827
199,0.5996690988540649,830,1.0,-1.3182467222213745,1.1378896236419678,14065.466495566,1.2762,9.997526168823242,0.7803956270217896,5e-07,-1.2485592365264893,1.57,-0.9700292348861694,-1.8037065267562866,1.0764410495758057,1747289960.6029608,-2.584102153778076,831
200,0.7486590147018433,839,0.75,-1.3408006429672241,1.203518271446228,14216.394525748,1.2344,11.625638961791992,0.5103021860122681,5e-07,-1.275228500366211,1.59,-0.9833911061286926,-1.874272108078003,0.9097185134887695,1747290111.5258448,-2.3845744132995605,840
201,1.3767789602279663,841,0.25,-1.4187097549438477,2.011256217956543,14250.024491174,1.3018,11.203351974487305,-0.5584405660629272,5e-07,-1.348661184310913,1.59,-1.071044683456421,-2.378142833709717,1.2689547538757324,1747290145.155568,-1.819702386856079,842
202,0.7154394388198853,846,0.75,-1.3490334749221802,1.4806640148162842,14334.10249364,1.2339,10.524999618530273,0.8656279444694519,5e-07,-1.1439701318740845,1.6,-0.9682788848876953,-2.7852933406829834,1.5304490327835083,1747290229.234519,-3.65092134475708,847
203,0.9839032888412476,858,0.25,-1.3608675003051758,1.5896353721618652,14535.209274395,1.4071,12.528511047363281,0.2035559117794037,5e-07,-1.478702187538147,1.62,-1.1036198139190674,-2.598423480987549,1.2114640474319458,1747290430.380589,-2.8019795417785645,859
204,0.623216986656189,863,0.75,-1.5403642654418945,1.4539393186569214,14619.123494824,1.1936,9.967245101928711,0.8898546099662781,5e-07,-1.4227702617645264,1.63,-1.0618748664855957,-2.901854991912842,1.6614446640014648,1747290514.255757,-3.7917098999023438,864
205,0.7669998407363892,865,0.5,-1.518005132675171,1.358323097229004,14652.424975679,1.0785,9.721414566040039,0.5901168584823608,5e-07,-1.2940969467163086,1.64,-0.9426686763763428,-2.2389845848083496,1.1826465129852295,1747290547.5962424,-2.829101324081421,866
206,0.41549891233444214,872,1.0,-1.4187233448028564,0.9239123463630676,14769.569511239,1.2552,10.086129188537598,1.6811774969100952,5e-07,-1.28028404712677,1.65,-1.0652718544006348,-1.8857002258300781,1.016826868057251,1747290664.7010314,-3.566877841949463,873
207,0.5552148222923279,876,1.0,-1.3063706159591675,0.9650173187255859,14836.697448049,1.2299,10.005127906799316,0.9436303377151489,5e-07,-1.324153184890747,1.66,-0.9824232459068298,-1.4671177864074707,0.8196050524711609,1747290731.8684874,-2.41074800491333,877
208,0.8791155815124512,880,0.75,-1.423663854598999,1.3766096830368042,14903.726508119,1.2204,11.437407493591309,0.18777745962142944,5e-07,-1.3902273178100586,1.67,-1.0337791442871094,-1.880490779876709,0.9949881434440613,1747290798.858168,-2.068268299102783,881
209,0.9030721187591553,882,0.5,-1.422443151473999,1.4820573329925537,14937.239088961,1.1637,10.117535591125488,0.12325195968151093,5e-07,-1.3998160362243652,1.67,-1.0071659088134766,-1.9431562423706055,1.1579703092575073,1747290832.4104016,-2.066408157348633,883
210,0.4363629221916199,893,1.0,-1.4630131721496582,0.9059407711029053,15121.656581446,1.1268,9.896062850952148,1.2069132328033447,5e-07,-1.3651469945907593,1.69,-1.0296010971069336,-1.6242388486862183,0.9391556978225708,1747291016.7890856,-2.8311519622802734,894
211,0.9289035797119141,894,0.5,-1.3143792152404785,1.4130752086639404,15138.425510778,1.2711,10.590685844421387,0.1386236548423767,5e-07,-1.4006259441375732,1.69,-1.0009331703186035,-1.7647857666015625,0.9683433175086975,1747291033.5583541,-1.9034092426300049,895
212,0.8668966889381409,900,0.5,-1.355957269668579,1.455796241760254,15238.900009983,1.433,11.224833488464355,0.2786051332950592,5e-07,-1.2692155838012695,1.7,-1.1598209142684937,-2.031433582305908,1.1777992248535156,1747291134.0713177,-2.3100388050079346,901
213,0.9925849437713623,916,0.5,-1.404465675354004,1.6229684352874756,15507.181677886,1.2582,12.116570472717285,0.009675174951553345,5e-07,-1.4721297025680542,1.73,-1.0530970096588135,-2.105113983154297,1.2607669830322266,1747291402.3529913,-2.1147894859313965,917
214,0.8133699893951416,918,0.75,-1.4039266109466553,1.3213703632354736,15540.571002558,1.3595,11.846603393554688,0.3584379553794861,5e-07,-1.4143677949905396,1.74,-1.1340763568878174,-1.702026605606079,1.0160006284713745,1747291435.7422912,-2.060464382171631,919
215,1.0366077423095703,921,0.25,-1.2934603691101074,1.605886697769165,15590.881579818,1.2973,11.427001953125,0.28631216287612915,5e-07,-1.1577763557434082,1.74,-0.980058491230011,-1.9309988021850586,1.1385579109191895,1747291486.0133066,-2.217310905456543,922
216,0.9101201295852661,922,0.5,-1.2957592010498047,1.5129849910736084,15607.603493058,1.3155,11.05844497680664,0.11804673075675964,5e-07,-1.4086697101593018,1.74,-1.018538475036621,-2.3557333946228027,1.2057297229766846,1747291502.7351959,-2.4737801551818848,923
217,0.8972011804580688,930,0.5,-1.2850213050842285,1.4073686599731445,15742.055517152,1.3338,11.798566818237305,0.1279480755329132,5e-07,-1.3802080154418945,1.76,-1.0816367864608765,-2.0090460777282715,1.020335078239441,1747291637.1879556,-2.1369941234588623,931
218,0.6419236660003662,932,0.75,-1.350450038909912,1.1540229320526123,15775.448538513,1.3608,12.028565406799316,0.8672047853469849,5e-07,-1.3664121627807617,1.76,-1.1017837524414062,-1.7144098281860352,1.0241986513137817,1747291670.5806854,-2.5816144943237305,933
219,0.5397322773933411,938,1.0,-1.4094610214233398,1.0626276731491089,15876.123520806,1.24,10.778735160827637,0.9627985954284668,5e-07,-1.2892518043518066,1.78,-1.0353862047195435,-1.9786169528961182,1.0457907915115356,1747291771.255972,-2.941415786743164,939
220,0.7430624961853027,941,0.75,-1.16013503074646,1.2561029195785522,15926.402585523,1.2266,10.858541488647461,0.5297889709472656,5e-07,-1.258756399154663,1.78,-0.8792423009872437,-1.4593045711517334,1.026080846786499,1747291821.539094,-1.989093542098999,942
221,0.5620431900024414,942,1.0,-1.370200514793396,1.0606756210327148,15943.178490445,1.3042,10.907899856567383,0.8108712434768677,5e-07,-1.2931973934173584,1.78,-1.074627161026001,-1.9057142734527588,0.9972649216651917,1747291838.3123586,-2.716585636138916,943
222,0.5609383583068848,946,0.75,-1.4008229970932007,1.1147480010986328,16010.349487931,1.2058,10.298810958862305,1.2439069747924805,5e-07,-1.1605502367019653,1.79,-1.0262362957000732,-1.863762378692627,1.1076194047927856,1747291905.482114,-3.1076693534851074,947
223,0.6594464778900146,948,1.0,-1.370755910873413,1.4598079919815063,16043.736809181,1.1362,10.578965187072754,0.6196862459182739,5e-07,-1.4100394248962402,1.79,-0.9761810302734375,-2.890619993209839,1.6007230281829834,1747291938.868731,-3.5103063583374023,949
224,0.6142797470092773,956,0.5,-1.3666412830352783,1.05864417552948,16206.271599734,1.3253,11.174983978271484,1.0008643865585327,5e-07,-1.3795586824417114,1.81,-1.0603160858154297,-1.5287243127822876,0.88872891664505,1747292072.9569006,-2.5295886993408203,957
225,0.784827709197998,965,0.75,-1.3282771110534668,1.2861696481704712,16328.634493944,1.221,10.574769973754883,0.37920454144477844,5e-07,-1.3564456701278687,1.83,-0.954245924949646,-1.6241602897644043,1.0026838779449463,1747292223.766936,-2.0033648014068604,966
226,0.6973078846931458,974,0.5,-1.3637176752090454,1.169926404953003,16479.424484882,1.2879,11.802865982055664,0.7793176174163818,5e-07,-1.455538034439087,1.84,-1.0487960577011108,-1.6719720363616943,0.9452370405197144,1747292374.5571938,-2.451289653778076,975
227,1.146874189376831,977,0.5,-1.2300190925598145,1.87715482711792,16669.304944312,1.3871,11.653459548950195,-0.13953152298927307,5e-07,-1.3624770641326904,1.85,-1.0277111530303955,-2.544023036956787,1.4605612754821777,1747292425.1476896,-2.404491662979126,978
228,0.9605365991592407,980,0.75,-1.3654706478118896,1.5038683414459229,16669.306188442,1.3035,10.531304359436035,0.17183271050453186,5e-07,-1.4202542304992676,1.85,-1.0746681690216064,-2.2992734909057617,1.0866633653640747,1747292475.6132162,-2.4711062908172607,981
229,0.7637394070625305,981,0.5,-1.500841736793518,1.4690465927124023,16669.308571214,1.1538,10.342178344726562,0.57759028673172,5e-07,-1.2612602710723877,1.86,-0.9613109230995178,-2.4915318489074707,1.410614252090454,1747292492.4065385,-3.069122076034546,982
230,0.452149897813797,985,1.0,-1.5016857385635376,0.9867472648620605,16669.310950048,1.2824,10.750024795532227,1.1211752891540527,5e-07,-1.2937290668487549,1.86,-1.1178436279296875,-1.8992388248443604,1.0691947937011719,1747292559.4540963,-3.020414113998413,986
231,0.7427132725715637,986,0.5,-1.3454421758651733,1.5312782526016235,16681.109492608,1.3852,11.51571273803711,0.8039616942405701,5e-07,-1.2928097248077393,1.87,-1.0818616151809692,-2.287233829498291,1.5771299600601196,1747292576.2410836,-3.091195583343506,987
232,0.3685532212257385,992,1.0,-1.5177438259124756,1.066390872001648,16781.7444788,1.0753,9.898114204406738,1.6652233600616455,5e-07,-1.361135721206665,1.88,-0.9473230838775635,-2.408294677734375,1.3956753015518188,1747292676.8813002,-4.073517799377441,993
233,0.5245810747146606,994,0.75,-1.4924505949020386,1.01481294631958,16815.214006717,1.2119,10.647788047790527,1.0820775032043457,5e-07,-1.3411211967468262,1.88,-1.0697004795074463,-1.8262938261032104,0.9804636836051941,1747292710.3853123,-2.9083712100982666,995
234,0.9276281595230103,995,0.75,-1.2834142446517944,1.495355486869812,16832.174556197,1.268,10.244853019714355,0.19270813465118408,5e-07,-1.5164074897766113,1.88,-0.968610942363739,-1.8563003540039062,1.1354546546936035,1747292727.307321,-2.049008369445801,996
235,0.6617395877838135,997,0.75,-1.3401528596878052,1.1606721878051758,16865.701522591,1.3374,10.876424789428711,0.7440533638000488,5e-07,-1.3154780864715576,1.89,-1.1082756519317627,-1.5329532623291016,0.9978653192520142,1747292760.8337386,-2.2770066261291504,998
236,0.8652770519256592,1000,0.75,-1.4634761810302734,1.4983432292938232,17036.88150588,1.2408,10.891841888427734,0.4558219313621521,5e-07,-1.3404215574264526,1.89,-1.0834885835647583,-2.1538479328155518,1.2661322355270386,1747292932.0372312,-2.6096701622009277,1001
237,0.5233167409896851,1004,1.0,-1.3990745544433594,0.9592992663383484,17173.910119591,1.2521,11.848851203918457,0.9301642179489136,5e-07,-1.3673639297485352,1.9,-1.0159672498703003,-1.425704002380371,0.8719650506973267,1747292999.0692282,-2.355868339538574,1005
238,0.7601293921470642,1015,0.75,-1.2003002166748047,1.2779192924499512,17288.443989092,1.2209,11.115280151367188,0.42105311155319214,5e-07,-1.2588838338851929,1.92,-0.9040950536727905,-1.8114241361618042,1.0355799198150635,1747293183.6153195,-2.2324771881103516,1016
239,0.5469414591789246,1017,0.75,-1.4016315937042236,1.1516735553741455,17322.182515167,1.3132,12.03113079071045,1.126335859298706,5e-07,-1.4127671718597412,1.92,-1.1248857975006104,-2.1999993324279785,1.2094640731811523,1747293217.3138354,-3.3263351917266846,1018
240,0.9215726852416992,1018,0.5,-1.2075097560882568,1.3839848041534424,17338.840093372,1.3151,12.065649032592773,0.12108522653579712,5e-07,-1.144448161125183,1.93,-0.9837042093276978,-1.626530408859253,0.9248242974281311,1747293234.0113945,-1.7476155757904053,1019
241,0.8902808427810669,1019,0.75,-1.2538065910339355,1.5275782346725464,17355.542506813,1.3414,10.787702560424805,0.4640348553657532,5e-07,-1.389925241470337,1.93,-0.9667295813560486,-2.1890616416931152,1.274594783782959,1747293250.6736507,-2.6530961990356445,1020
242,0.6447499990463257,1020,0.75,-1.2749741077423096,1.2574182748794556,17372.32951964,1.2939,10.882512092590332,0.7261125445365906,5e-07,-1.3131029605865479,1.93,-1.005159854888916,-2.268326997756958,1.2253365516662598,1747293267.461584,-2.9944396018981934,1021
243,0.4722733199596405,1031,0.75,-1.3623416423797607,1.0071057081222534,17556.487309691,1.2374,11.190911293029785,1.2087852954864502,5e-07,-1.300793170928955,1.95,-1.0173232555389404,-1.5518521070480347,1.0696648359298706,1747293451.6585095,-2.7606372833251953,1032
244,0.8448436856269836,1032,0.75,-1.4845800399780273,1.3720016479492188,17573.38349607,1.2767,10.156596183776855,0.24240392446517944,5e-07,-1.3870567083358765,1.95,-1.1417216062545776,-1.9024481773376465,1.0543160438537598,1747293468.5162961,-2.1448521614074707,1033
245,0.7470170855522156,1035,0.75,-1.2528241872787476,1.202313780784607,17623.80546647,1.2648,10.018007278442383,0.5500034689903259,5e-07,-1.3276629447937012,1.96,-0.9640896320343018,-1.7118325233459473,0.9105933308601379,1747293518.9364464,-2.261836051940918,1036
246,0.565990149974823,1038,0.75,-1.329798936843872,1.3050345182418823,17674.200577558,1.4757,12.682745933532715,1.0498545169830322,5e-07,-1.3498802185058594,1.96,-1.1339383125305176,-1.9785635471343994,1.4780887365341187,1747293569.3365338,-3.0284180641174316,1039
247,0.9090132713317871,1040,0.5,-1.3343486785888672,1.4403111934661865,17707.725807579,1.2977,10.645822525024414,0.12359529733657837,5e-07,-1.364223837852478,1.97,-1.0392565727233887,-2.240741729736328,1.0625957250595093,1747293602.8970568,-2.3643369674682617,1041
248,0.6617563962936401,1041,0.75,-1.3335494995117188,1.1883076429367065,17724.455467141,1.3831,11.82004165649414,0.6885651350021362,5e-07,-1.442262053489685,1.97,-1.0693936347961426,-2.088599681854248,1.0531024932861328,1747293619.5876708,-2.7771646976470947,1042
249,0.6880642771720886,1042,1.0,-1.4314205646514893,1.3635003566741943,17741.185471224,1.3715,12.239616394042969,0.5273610353469849,5e-07,-1.3438690900802612,1.97,-1.1359331607818604,-2.5441317558288574,1.3508721590042114,1747293636.317351,-3.071493148803711,1043
250,1.1620171070098877,1050,0.25,-1.2269757986068726,1.8771125078201294,17875.129453871,1.3367,10.938300132751465,-0.32335165143013,5e-07,-1.346487283706665,1.99,-0.9941109418869019,-2.465510606765747,1.4301908016204834,1747293770.261067,-2.1421589851379395,1051
251,0.50679612159729,1053,1.0,-1.4316121339797974,0.9584789276123047,17925.538487122,1.0993,9.903362274169922,0.996517539024353,5e-07,-1.2751296758651733,1.99,-0.9907563328742981,-1.382901668548584,0.9033655524253845,1747293820.6712444,-2.3794193267822266,1054
252,0.848061203956604,1058,0.5,-1.310638427734375,1.330997109413147,18013.82577912,1.1532,10.131214141845703,0.27176111936569214,5e-07,-1.1357178688049316,2.0,-0.9535366296768188,-1.7363301515579224,0.9658718109130859,1747293908.957887,-2.0080912113189697,1059
253,0.6538872718811035,1059,1.0,-1.403151512145996,1.2141170501708984,18030.608585066,1.095,11.387866020202637,0.5966271162033081,5e-07,-1.3203957080841064,2.0,-0.9305757284164429,-2.220362663269043,1.1204596757888794,1747293925.7406023,-2.8169898986816406,1060
254,0.5021905899047852,1068,1.0,-1.480588674545288,1.2114198207855225,18181.447517835,1.2867,11.298506736755371,1.0799294710159302,5e-07,-1.446219801902771,2.02,-1.1003612279891968,-2.407632827758789,1.4184584617614746,1747294076.5786288,-3.4875621795654297,1069
255,0.48695021867752075,1076,1.0,-1.573943853378296,0.9413206577301025,18315.453567502,1.0382,11.230359077453613,1.2986260652542114,5e-07,-1.4997261762619019,2.04,-1.0095025300979614,-1.6079952716827393,0.9087408781051636,1747294210.585981,-2.9066214561462402,1077
256,0.5971658229827881,1082,0.75,-1.6601531505584717,1.2123931646347046,18416.11956897,1.0718,10.725069046020508,0.8036862015724182,5e-07,-1.6102144718170166,2.05,-1.0452486276626587,-2.0705418586730957,1.230454683303833,1747294311.2518835,-2.874228000640869,1083
257,0.4102172553539276,1083,1.0,-1.467799186706543,0.980005145072937,18432.817561263,0.984,12.017618179321289,1.2904387712478638,5e-07,-1.3621892929077148,2.05,-0.9107627868652344,-1.9180269241333008,1.1395758390426636,1747294327.9501073,-3.208465576171875,1084
258,0.5323910713195801,1087,1.0,-1.6213182210922241,1.247448444366455,18499.995499537,1.1252,11.621735572814941,0.926154375076294,5e-07,-1.527951955795288,2.06,-1.1011806726455688,-2.5074613094329834,1.43011474609375,1747294395.1331162,-3.4336156845092773,1088
259,0.2459787279367447,1091,1.0,-1.8364354372024536,0.7536316514015198,18567.087545552,0.9683,11.421757698059082,2.0238022804260254,5e-07,-1.6106940507888794,2.06,-1.0815720558166504,-2.0808398723602295,1.0153058767318726,1747294462.2201858,-4.104641914367676,1092
260,0.7037356495857239,1093,0.75,-1.566039800643921,1.1362290382385254,18600.729560087,1.0487,12.722249984741211,0.6686720252037048,5e-07,-1.3784294128417969,2.07,-0.9814958572387695,-1.9148539304733276,0.8649866580963135,1747294495.8623161,-2.583526134490967,1094
261,0.43034759163856506,1099,0.75,-1.6432533264160156,0.9548814296722412,18701.170652793,1.03,11.633434295654297,1.4136731624603271,5e-07,-1.4154160022735596,2.08,-0.9880735874176025,-1.8122072219848633,1.0490676164627075,1747294596.3418908,-3.2258803844451904,1100
262,0.8106746673583984,1103,0.75,-1.4950140714645386,1.4203543663024902,18768.274486313,1.0275,11.279081344604492,0.44484153389930725,5e-07,-1.4334564208984375,2.09,-0.9296574592590332,-2.131410598754883,1.2193595170974731,1747294663.4058793,-2.576251983642578,1104
263,0.4938237965106964,1106,0.75,-1.6161103248596191,1.2028557062149048,18818.792538448,1.0447,14.322015762329102,1.4030327796936035,5e-07,-1.5487689971923828,2.09,-0.9623862504959106,-1.981379747390747,1.418063759803772,1747294713.9255326,-3.3844127655029297,1107
264,0.6506043672561646,1107,1.0,-1.4070583581924438,1.1403212547302246,18835.491491952,1.0133,12.1336030960083,0.7838103771209717,5e-07,-1.3280863761901855,2.09,-0.8616361618041992,-1.724963665008545,0.9794337153434753,1747294730.6241002,-2.5087740421295166,1108
265,0.5128231048583984,1114,0.75,-1.4918155670166016,1.0701000690460205,18952.673136891,1.0849,10.584967613220215,1.4573733806610107,5e-07,-1.3799065351486206,2.11,-0.9286152720451355,-2.34932279586792,1.1145539283752441,1747294847.8443048,-3.8066961765289307,1115
266,0.6695261597633362,1115,0.75,-1.5876696109771729,1.4125396013259888,18969.555520774,1.2024,13.51988697052002,0.6618325710296631,5e-07,-1.3858723640441895,2.11,-1.112713098526001,-2.1516449451446533,1.4860268831253052,1747294864.688021,-2.8134775161743164,1116
267,0.5601810216903687,1118,1.0,-1.466983675956726,1.1562983989715576,19019.952499161,1.0957,12.238992691040039,0.8629224300384521,5e-07,-1.3427001237869263,2.12,-0.9773773550987244,-2.1018869876861572,1.1922346353530884,1747294915.0847313,-2.9648094177246094,1119
268,0.5161693096160889,1119,1.0,-1.5833899974822998,1.245621919631958,19036.757534123,0.9152,10.951007843017578,1.0499367713928223,5e-07,-1.3723872900009155,2.12,-0.9099189043045044,-2.635148525238037,1.4589053392410278,1747294931.8896313,-3.685084819793701,1120
269,0.6289350390434265,1123,0.75,-1.6663758754730225,1.1157691478729248,19104.062238884,1.0508,11.90726089477539,1.099496603012085,5e-07,-1.3591134548187256,2.12,-1.0232183933258057,-1.7841260433197021,0.973668098449707,1747294999.2335536,-2.883622646331787,1124
270,0.7614299058914185,1125,0.75,-1.639826774597168,1.388026237487793,19137.698564476,1.0736,13.12717056274414,1.3758859634399414,5e-07,-1.357442021369934,2.13,-1.054462194442749,-2.0114686489105225,1.2531927824020386,1747295032.8294106,-3.387354850769043,1126
271,1.1199052333831787,1132,0.5,-1.486074686050415,1.610762357711792,19255.003720149,1.2185,13.986183166503906,-0.20517170429229736,5e-07,-1.6711302995681763,2.14,-1.07411527633667,-1.987960696220398,0.981714129447937,1747295150.1750457,-1.7827889919281006,1133
272,0.5286685228347778,1133,1.0,-1.6493487358093262,0.9214497804641724,19271.84784954,0.9424,10.746986389160156,0.9151308536529541,5e-07,-1.437673807144165,2.14,-0.9087478518486023,-1.5224380493164062,0.7855625152587891,1747295166.980376,-2.4375689029693604,1134
273,0.8291669487953186,1136,0.5,-1.5018538236618042,1.5685992240905762,19321.976510146,1.0036,11.162860870361328,0.306884765625,5e-07,-1.3555593490600586,2.15,-0.9292792677879333,-2.6735501289367676,1.4788646697998047,1747295217.1082928,-2.9804348945617676,1137
274,0.6425566077232361,1139,0.75,-1.5248286724090576,1.351269006729126,19372.221342962,1.1879,12.213279724121094,0.8555856347084045,5e-07,-1.4754695892333984,2.16,-1.1050702333450317,-2.6056740283966064,1.4174249172210693,1747295267.392591,-3.4612598419189453,1140
275,0.2739516794681549,1145,1.0,-1.6525580883026123,0.7134401798248291,19472.813548238,0.9837,12.039422035217285,2.014793634414673,5e-07,-1.3137403726577759,2.17,-0.978976845741272,-1.610731840133667,0.8789770007133484,1747295367.9478755,-3.62552547454834,1146
276,0.49661242961883545,1162,1.0,-1.6658445596694946,1.0957188606262207,19757.408501084,1.0204,12.57638168334961,1.1216691732406616,5e-07,-1.387369155883789,2.2,-1.03456449508667,-2.2688961029052734,1.198212742805481,1747295652.5414073,-3.3905649185180664,1163
277,0.32891449332237244,1164,1.0,-1.5981841087341309,0.8559327125549316,19790.877525245,1.0133,12.503754615783691,1.4901611804962158,5e-07,-1.396551251411438,2.2,-1.0177608728408813,-1.9986720085144043,1.0540364980697632,1747295686.0143144,-3.48883318901062,1165
278,0.454084575176239,1165,1.0,-1.5308929681777954,1.1143580675125122,19807.710083338,1.1093,14.456915855407715,1.0813117027282715,5e-07,-1.4001991748809814,2.2,-0.9999547004699707,-1.8484513759613037,1.3205469846725464,1747295702.8813837,-2.929762840270996,1166
279,0.2853560447692871,1171,1.0,-1.6767624616622925,0.8635051250457764,19908.425489546,0.8789,11.767741203308105,2.2089731693267822,5e-07,-1.404343843460083,2.22,-0.9015524983406067,-2.1729531288146973,1.1562981605529785,1747295803.5580575,-4.381926536560059,1172
280,0.3954259157180786,1172,1.0,-1.6342607736587524,0.960881769657135,19925.096533854,1.127,15.900521278381348,1.2366130352020264,5e-07,-1.3465532064437866,2.22,-1.094435453414917,-1.981128215789795,1.1309117078781128,1747295820.228775,-3.2177412509918213,1173
281,0.6336143612861633,1173,0.75,-1.66233491897583,1.2557792663574219,19941.801530425,1.1067,12.23322582244873,0.9050621390342712,5e-07,-1.5290770530700684,2.22,-1.0623068809509277,-2.2230892181396484,1.2443299293518066,1747295836.9341273,-3.1281514167785645,1174
282,0.46176546812057495,1181,1.0,-1.4499226808547974,0.9308891296386719,20076.005472848,1.052,12.950400352478027,1.1502606868743896,5e-07,-1.3133320808410645,2.23,-0.951004147529602,-1.7599084377288818,0.9382473826408386,1747295971.1414244,-2.9101691246032715,1182
283,0.6157792806625366,1182,0.75,-1.5308727025985718,1.2647199630737305,20092.677505873,1.1115,13.236568450927734,0.7954717874526978,5e-07,-1.6293524503707886,2.24,-1.0231717824935913,-2.488365411758423,1.2978814840316772,1747295987.8104877,-3.28383731842041,1183
284,0.4015870690345764,1186,1.0,-1.4946807622909546,0.8549014329910278,20159.728470992,1.0781,12.43645191192627,1.5373791456222534,5e-07,-1.410107970237732,2.24,-0.9531054496765137,-1.7793890237808228,0.9066287875175476,1747296054.8614058,-3.316768169403076,1187
285,0.6133875250816345,1188,0.75,-1.6708723306655884,1.2892427444458008,20193.120474657,1.0159,13.250810623168945,0.9702094197273254,5e-07,-1.5674716234207153,2.25,-1.0052443742752075,-2.4617116451263428,1.351710319519043,1747296088.2523003,-3.4319212436676025,1189
286,0.5069056749343872,1194,0.75,-1.6008987426757812,0.9526175260543823,20293.82049973,0.9902,12.145149230957031,1.1406705379486084,5e-07,-1.366040587425232,2.26,-0.948338508605957,-1.664912223815918,0.891423761844635,1747296188.95309,-2.8055825233459473,1195
287,0.8813278675079346,1197,0.5,-1.6176159381866455,1.4409866333007812,20343.949523676,0.9953,12.214095115661621,0.17398114502429962,5e-07,-1.4578757286071777,2.26,-0.9887086153030396,-1.9460259675979614,1.1193174123764038,1747296239.082688,-2.120007038116455,1198
288,0.7285077571868896,1198,1.0,-1.5739580392837524,1.3868675231933594,20360.768489781,1.1585,13.575742721557617,0.5280243158340454,5e-07,-1.4912630319595337,2.27,-1.0591076612472534,-2.4645893573760986,1.316719651222229,1747296255.9010258,-2.9926137924194336,1199
289,0.13916407525539398,1213,1.0,-1.625415563583374,0.6867591142654419,20611.502438008,0.9976,12.160470962524414,2.766184091567993,5e-07,-1.350208044052124,2.29,-0.9891735315322876,-2.1652166843414307,1.0951900482177734,1747296506.6337044,-4.931400775909424,1214
290,0.581060528755188,1215,1.0,-1.5861942768096924,1.1078903675079346,20645.069496857,1.1426,12.602046966552734,0.8507332801818848,5e-07,-1.6424448490142822,2.3,-1.061403751373291,-1.758419394493103,1.0536595582962036,1747296540.202138,-2.6091527938842773,1216
291,0.2073470652103424,1219,1.0,-1.7402708530426025,0.8575316667556763,20712.259153286,1.0815,11.678183555603027,2.3416779041290283,5e-07,-1.599574089050293,2.31,-1.1308624744415283,-1.834958553314209,1.300369143486023,1747296607.4303608,-4.176636695861816,1220
292,0.27913039922714233,1222,1.0,-1.8099395036697388,0.8200869560241699,20763.038530103,0.9956,12.656723976135254,1.8005781173706055,5e-07,-1.579795479774475,2.31,-1.0817878246307373,-1.983720064163208,1.0819131135940552,1747296658.1696236,-3.7842981815338135,1223
293,0.41113096475601196,1226,1.0,-1.878286600112915,0.9115505218505859,20830.28951533,0.9546,11.41911506652832,1.5573140382766724,5e-07,-1.4414355754852295,2.32,-1.06772780418396,-1.7311285734176636,1.000839114189148,1747296725.4607773,-3.288442611694336,1227
294,0.8481365442276001,1230,0.75,-1.615803599357605,1.6792181730270386,20897.554548476,1.2073,15.881134033203125,0.21608540415763855,5e-07,-1.4845263957977295,2.33,-1.120403528213501,-2.7734375,1.662163257598877,1747296792.6872227,-2.989522933959961,1231
295,0.44221043586730957,1232,0.75,-1.52653169631958,0.8851823210716248,20931.226459725,0.8845,9.580129623413086,1.5970193147659302,5e-07,-1.4091763496398926,2.33,-0.8001153469085693,-1.1435606479644775,0.8859437704086304,1747296826.3592112,-2.7405800819396973,1233
296,0.2726545035839081,1234,1.0,-1.7020342350006104,1.0238361358642578,20964.819469554,0.9962,11.204322814941406,1.7883515357971191,5e-07,-1.4155793190002441,2.33,-0.951251745223999,-2.0198917388916016,1.5023632049560547,1747296859.9907634,-3.8082432746887207,1235
297,0.39382708072662354,1245,1.0,-1.5444636344909668,0.9071539044380188,21149.021561587,1.0016,12.403337478637695,1.338677167892456,5e-07,-1.4360343217849731,2.36,-0.9670003056526184,-1.7148165702819824,1.0266536474227905,1747297044.1539216,-3.0534934997558594,1246
298,0.6666648387908936,1249,0.5,-1.4254870414733887,1.215395212173462,21216.008501131,1.2638,15.737741470336914,0.8185213804244995,5e-07,-1.3441588878631592,2.36,-1.0928781032562256,-2.0125460624694824,1.0974606275558472,1747297111.1408846,-2.8310670852661133,1250
299,0.47489190101623535,1250,1.0,-1.500104308128357,1.1594042778015137,21232.676672083,1.0495,11.97730827331543,1.2218403816223145,5e-07,-1.5355732440948486,2.36,-0.9845024347305298,-2.8129968643188477,1.3690248727798462,1747297127.8478978,-4.034837245941162,1251
300,0.7250407934188843,1253,0.75,-1.4250373840332031,1.4437100887298584,21283.164757498,1.2702,15.489375114440918,0.5317714214324951,5e-07,-1.5490403175354004,2.37,-1.0738041400909424,-2.8615074157714844,1.4373387098312378,1747297178.3360834,-3.3932790756225586,1254
301,0.4296656847000122,1254,1.0,-1.6067136526107788,0.8174207806587219,21299.896496126,1.1201,14.691495895385742,1.7640517950057983,5e-07,-1.6060714721679688,2.37,-1.0691030025482178,-1.5560332536697388,0.7755101919174194,1747297195.027955,-3.320085048675537,1255
302,0.5872822999954224,1257,1.0,-1.5678634643554688,1.0997344255447388,21350.190505185,0.9102,11.451282501220703,0.8577115535736084,5e-07,-1.4678316116333008,2.38,-0.8483837842941284,-1.9639554023742676,1.0249042510986328,1747297245.3217537,-2.821667194366455,1258
303,0.4111520051956177,1266,1.0,-1.5612565279006958,0.9452129602432251,21501.184525494,1.1307,16.823396682739258,1.5069547891616821,5e-07,-1.3975913524627686,2.4,-1.03499436378479,-2.04939603805542,1.0681219100952148,1747297396.3174691,-3.5563507080078125,1267
304,0.7707818150520325,1269,0.75,-1.4214805364608765,1.274122714996338,21551.789524223,1.1101,13.98895263671875,0.3831798732280731,5e-07,-1.430053472518921,2.4,-0.9317793250083923,-1.415581226348877,1.0066819190979004,1747297446.9216902,-1.7987611293792725,1270
305,0.7020200490951538,1270,0.75,-1.7962323427200317,1.3451008796691895,21568.496499283,1.072,12.231790542602539,0.6204904317855835,5e-07,-1.566340684890747,2.4,-1.1074612140655518,-2.455134868621826,1.2861617803573608,1747297463.6291904,-3.07562518119812,1271
306,0.35135358572006226,1271,1.0,-1.4478976726531982,0.7403757572174072,21585.20650347,0.977,12.286849975585938,1.5738760232925415,5e-07,-1.2800257205963135,2.4,-0.8590013980865479,-1.1836481094360352,0.7780443429946899,1747297480.3379648,-2.757524251937866,1272
307,0.5643432140350342,1276,0.75,-1.4068742990493774,0.9270986318588257,21669.015490599,1.0855,12.651542663574219,0.8841729164123535,5e-07,-1.232492208480835,2.41,-0.904585599899292,-1.2903059720993042,0.7255107760429382,1747297564.1474946,-2.1744790077209473,1277
308,0.41987818479537964,1291,1.0,-1.7709167003631592,0.9793657660484314,22022.644849481,0.8819,11.23293685913086,1.276789903640747,5e-07,-1.3600468635559082,2.44,-0.9376540184020996,-2.170301675796509,1.1189751625061035,1747297815.512629,-3.447091579437256,1292
309,0.2781003713607788,1292,1.0,-1.439758539199829,0.5638259649276733,22022.645228185,0.8765,12.84122371673584,1.7534382343292236,5e-07,-1.4275569915771484,2.44,-0.7585383653640747,-1.2848021984100342,0.5714511275291443,1747297832.1744082,-3.038240432739258,1293
310,0.44437122344970703,1293,0.75,-1.7122035026550293,0.7742754220962524,22022.645727608,0.8919,10.631889343261719,1.2768324613571167,5e-07,-1.3689579963684082,2.45,-0.950584352016449,-1.2620537281036377,0.659808337688446,1747297848.8413591,-2.538886070251465,1294
311,0.3883826732635498,1298,1.0,-1.7597776651382446,1.004957675933838,22037.556531251,0.912,11.151241302490234,1.3177224397659302,5e-07,-1.414277195930481,2.46,-0.9708051681518555,-2.010732650756836,1.2331500053405762,1747297932.6884696,-3.3284549713134766,1299
312,0.7535451650619507,1299,0.5,-1.5799278020858765,1.4397342205047607,22054.333560741,1.1061,13.415143966674805,0.8870800733566284,5e-07,-1.4160130023956299,2.46,-0.9892999529838562,-2.5567712783813477,1.3723781108856201,1747297949.465604,-3.4438512325286865,1300
313,0.9659887552261353,1305,0.75,-1.5385656356811523,1.5688700675964355,22154.858579615,1.0897,13.094549179077148,0.3967142403125763,5e-07,-1.5153603553771973,2.47,-0.998178243637085,-2.2018985748291016,1.2057627439498901,1747298049.9913635,-2.5986125469207764,1306
314,0.42613330483436584,1312,0.75,-1.6986671686172485,0.9334133863449097,22272.302502643,1.0903,12.706745147705078,1.5142943859100342,5e-07,-1.523940086364746,2.48,-1.0889418125152588,-1.8760347366333008,1.0145601034164429,1747298167.4337785,-3.390329122543335,1313
315,0.5677289962768555,1317,0.75,-1.3827365636825562,1.1075127124786377,22356.289531698,1.039,13.923907279968262,1.2870051860809326,5e-07,-1.3197259902954102,2.49,-0.8461037874221802,-1.7980494499206543,1.079567551612854,1747298251.422405,-3.085054874420166,1318
316,0.33770811557769775,1319,1.0,-1.6121721267700195,0.893867015838623,22389.703780134,1.1312,14.697002410888672,1.4826619625091553,5e-07,-1.5962525606155396,2.5,-1.0975879430770874,-2.11014461517334,1.1123178005218506,1747298284.8750818,-3.592806339263916,1320
317,0.7948538064956665,1324,0.75,-1.6095229387283325,1.284498691558838,22473.276520834,0.9857,12.342830657958984,0.525981068611145,5e-07,-1.1582216024398804,2.5,-0.9088116884231567,-1.8015961647033691,0.9792896509170532,1747298368.4091341,-2.3275773525238037,1325
318,0.3515804409980774,1328,1.0,-1.529005527496338,0.8408290147781372,22540.285762387,1.0253,12.418221473693848,1.4876335859298706,5e-07,-1.4253225326538086,2.51,-0.9340055584907532,-1.8120310306549072,0.9784970879554749,1747298435.4570625,-3.2996644973754883,1329
319,0.37503066658973694,1338,1.0,-1.5825685262680054,0.7311068773269653,22708.536490712,1.0842,14.07907772064209,1.3628060817718506,5e-07,-1.345733642578125,2.53,-1.0382843017578125,-1.314565658569336,0.7121524810791016,1747298603.6697822,-2.6773715019226074,1339
320,0.33902546763420105,1339,1.0,-1.638418436050415,0.8388211727142334,22725.37451235,1.0575,14.337686538696289,1.6688649654388428,5e-07,-1.5562430620193481,2.53,-1.0310633182525635,-1.6809360980987549,0.9995913505554199,1747298620.5075111,-3.3498010635375977,1340
321,0.48321324586868286,1340,1.0,-1.5791774988174438,1.0560858249664307,22742.056523377,1.0124,13.200244903564453,1.2035266160964966,5e-07,-1.3394495248794556,2.53,-0.9697394967079163,-2.323214530944824,1.1457452774047852,1747298637.189294,-3.5267412662506104,1341
322,0.8764396905899048,1349,0.5,-1.5897964239120483,1.5183087587356567,22892.75350018,1.0671,13.306316375732422,0.4551087021827698,5e-07,-1.4543308019638062,2.55,-0.9877829551696777,-2.324873924255371,1.283738136291504,1747298787.885981,-2.7799830436706543,1350
323,0.7136411666870117,1353,0.5,-1.5944643020629883,1.1935126781463623,22959.471480381,1.0619,13.304961204528809,0.5756316184997559,5e-07,-1.3436415195465088,2.56,-0.9765748977661133,-1.5537071228027344,0.9597431421279907,1747298854.607066,-2.1293387413024902,1354
324,0.4906987249851227,1363,1.0,-1.52994966506958,0.9911359548568726,23191.906700644,1.0557,12.996600151062012,1.1891505718231201,5e-07,-1.2484110593795776,2.58,-0.9653679132461548,-1.6574499607086182,1.000874400138855,1747299022.0481727,-2.8466005325317383,1364
325,0.42478466033935547,1365,0.75,-1.5240952968597412,0.7752795815467834,23191.907474231,1.128,16.599681854248047,1.9473875761032104,5e-07,-1.4589107036590576,2.58,-0.9983530044555664,-0.9214215278625488,0.700989842414856,1747299055.6368065,-2.8688089847564697,1366
326,0.41009360551834106,1366,1.0,-1.5947415828704834,0.9153357744216919,23191.907842504,1.0864,12.53174114227295,1.276527762413025,5e-07,-1.372367262840271,2.58,-1.0464563369750977,-1.7444922924041748,1.0104843378067017,1747299072.5466297,-3.0210201740264893,1367
327,0.248923659324646,1370,1.0,-1.650378942489624,0.5544149875640869,23244.089626273,1.119,13.442733764648438,2.414370059967041,5e-07,-1.501734972000122,2.59,-1.0569229125976562,-1.0980768203735352,0.6109826564788818,1747299139.2219431,-3.512446880340576,1371
328,0.6252548694610596,1371,0.75,-1.5505969524383545,1.2840936183929443,23260.845122007,1.0177,12.836653709411621,0.7372372150421143,5e-07,-1.4288547039031982,2.59,-0.934627890586853,-2.4013116359710693,1.31767737865448,1747299156.0164464,-3.1385488510131836,1372
329,0.4848380386829376,1379,1.0,-1.7177220582962036,0.9321752786636353,23395.19254558,1.0181,11.663681983947754,1.1584380865097046,5e-07,-1.4141279458999634,2.61,-1.0306020975112915,-1.5992786884307861,0.89467453956604,1747299290.3238568,-2.7577168941497803,1380
330,0.39489927887916565,1380,1.0,-1.5463811159133911,0.7820723652839661,23411.819002243,0.9991,13.197277069091797,2.363369941711426,5e-07,-1.3772069215774536,2.61,-0.8938045501708984,-1.2270678281784058,0.7743461728096008,1747299306.9902992,-3.590437650680542,1381
331,0.4294244647026062,1381,0.75,-1.65531587600708,1.0039470195770264,23428.718712167,1.0325,13.874112129211426,1.4276702404022217,5e-07,-1.3822214603424072,2.61,-1.052198886871338,-2.234553098678589,1.1490449905395508,1747299323.8511372,-3.6622233390808105,1382
332,0.8764165043830872,1388,0.5,-1.6873584985733032,1.4010531902313232,23545.607486734,1.0664,11.921615600585938,0.17592385411262512,5e-07,-1.3338220119476318,2.63,-1.0662331581115723,-2.0396194458007812,1.0492734909057617,1747299440.7420967,-2.215543270111084,1389
333,0.6789677143096924,1389,0.75,-1.5736019611358643,1.1721409559249878,23562.34481942,1.0919,13.179224967956543,0.9188939929008484,5e-07,-1.2924180030822754,2.63,-0.9936050772666931,-1.9915649890899658,0.9863464832305908,1747299457.5161104,-2.91045880317688,1390
334,0.6979278326034546,1395,0.75,-1.6401830911636353,1.250680685043335,23662.82364311,1.1552,14.64052963256836,0.62920081615448,5e-07,-1.6662952899932861,2.64,-1.0970563888549805,-1.8389301300048828,1.1055057048797607,1747299557.9546068,-2.4681310653686523,1396
335,0.42868363857269287,1397,1.0,-1.6466214656829834,0.9563549160957336,23696.194770065,1.0669,13.72280216217041,1.239854097366333,5e-07,-1.504465103149414,2.64,-1.0577340126037598,-1.8851374387741089,1.0553425550460815,1747299591.3262641,-3.1249914169311523,1398
336,0.9827322363853455,1399,0.25,-1.5645742416381836,1.801505446434021,23729.642508816,1.2397,15.059538841247559,-0.023203909397125244,5e-07,-1.3712431192398071,2.65,-1.1066046953201294,-3.2590365409851074,1.637546420097351,1747299624.774691,-3.235832452774048,1400
337,0.3968360424041748,1401,1.0,-1.7280585765838623,0.8928362131118774,23763.16760605,0.9631,11.344888687133789,1.2725749015808105,5e-07,-1.6288282871246338,2.65,-1.0145258903503418,-1.84713613986969,0.99200040102005,1747299658.2985184,-3.119710922241211,1402
338,0.6245775818824768,1405,0.75,-1.7793326377868652,1.283830165863037,23830.155938941,1.049,12.13553524017334,1.1454379558563232,5e-07,-1.6447670459747314,2.66,-1.0998269319534302,-2.3427798748016357,1.3185052871704102,1747299725.3272934,-3.488217830657959,1406
339,0.5736495852470398,1415,0.75,-1.681151032447815,0.9934980869293213,23997.720492334,1.0713,14.384820938110352,0.8741809129714966,5e-07,-1.4176998138427734,2.68,-1.056739330291748,-1.4716358184814453,0.8396970629692078,1747299892.8520975,-2.3458166122436523,1416
340,0.49564334750175476,1416,0.75,-1.5729501247406006,1.0225423574447632,24014.548472433,1.0324,12.31096076965332,1.2279740571975708,5e-07,-1.3783092498779297,2.68,-0.986216127872467,-1.9623396396636963,1.053797960281372,1747299909.7197838,-3.1903138160705566,1417
341,0.2603001892566681,1418,1.0,-1.6222195625305176,0.6845568418502808,24048.16454141,1.0176,11.288331031799316,2.006777286529541,5e-07,-1.4726029634475708,2.68,-0.9676222801208496,-1.183767557144165,0.8485133051872253,1747299943.295437,-3.190544605255127,1419
342,0.29428350925445557,1425,1.0,-1.6974350214004517,0.6787235736846924,24165.630793525,0.9782,13.476649284362793,1.7002618312835693,5e-07,-1.4084100723266602,2.7,-0.9604344964027405,-1.231887698173523,0.7688801288604736,1747300060.8019023,-2.9321494102478027,1426
343,0.26409655809402466,1426,1.0,-1.6514620780944824,0.7395075559616089,24182.343491635,1.0293,13.468608856201172,1.9591104984283447,5e-07,-1.3797245025634766,2.7,-1.0374329090118408,-1.7268919944763184,0.9508220553398132,1747300077.4751844,-3.686002492904663,1427
344,0.8372450470924377,1432,0.75,-1.5344576835632324,1.4350194931030273,24282.889211414,1.2615,14.61441421508789,0.43977582454681396,5e-07,-1.71822190284729,2.71,-1.1237733364105225,-2.2193031311035156,1.1955490112304688,1747300178.0605059,-2.659079074859619,1433
345,0.4697529077529907,1433,1.0,-1.6021164655685425,1.0859954357147217,24299.795547223,1.0904,14.535408020019531,1.1523655652999878,5e-07,-1.5281352996826172,2.71,-1.0888530015945435,-2.5964479446411133,1.2324849367141724,1747300194.927225,-3.7488136291503906,1434
346,0.31125837564468384,1434,1.0,-1.7377467155456543,0.6966954469680786,24316.660515504,1.0424,14.134383201599121,1.820979356765747,5e-07,-1.6418969631195068,2.71,-1.0324044227600098,-1.5576282739639282,0.7708740830421448,1747300211.7915015,-3.378607749938965,1435
347,0.5807828307151794,1439,0.75,-1.5881935358047485,1.1971168518066406,24400.708499846,1.2154,15.426302909851074,0.9887740612030029,5e-07,-1.4198906421661377,2.72,-1.1078568696975708,-2.305074691772461,1.2326680421829224,1747300295.8408103,-3.293848752975464,1440
348,0.6086141467094421,1447,1.0,-1.8225500583648682,1.2394566535949707,24534.581471612,1.0874,15.8202486038208,0.7535853981971741,5e-07,-1.4999287128448486,2.74,-1.1786918640136719,-2.486616849899292,1.2616851329803467,1747300429.7169476,-3.2402024269104004,1448
349,1.0179998874664307,1452,0.75,-1.4355576038360596,1.6476233005523682,24618.663525006,1.2232,14.23731517791748,0.3200995624065399,5e-07,-1.4343838691711426,2.75,-1.0724736452102661,-2.3968560695648193,1.2592469453811646,1747300513.796534,-2.7169556617736816,1453
350,0.5023305416107178,1455,0.75,-1.5317599773406982,0.9735368490219116,24668.917471062,1.046,14.462862968444824,1.3868011236190796,5e-07,-1.4270989894866943,2.75,-0.9634177088737488,-1.7750790119171143,0.9424126744270325,1747300564.05011,-3.1618802547454834,1456
351,1.5208545923233032,1456,0.5,-1.6554841995239258,2.2964792251586914,24685.531962269,1.2643,18.458633422851562,-0.2266850769519806,5e-07,-1.4614943265914917,2.75,-1.1634325981140137,-3.1200103759765625,1.5512491464614868,1747300580.70328,-2.8933253288269043,1457
352,1.0080702304840088,1457,0.75,-1.644757628440857,1.4610990285873413,24702.454495774,1.1487,16.289623260498047,0.23530066013336182,5e-07,-1.5774331092834473,2.76,-1.1036005020141602,-2.430285692214966,0.906057596206665,1747300597.5871532,-2.665586471557617,1458
353,0.38046228885650635,1461,1.0,-1.6755484342575073,0.775680661201477,24769.547485035,1.1581,16.723806381225586,1.5924866199493408,5e-07,-1.5082063674926758,2.76,-1.1004412174224854,-1.3043125867843628,0.7904367446899414,1747300664.6806293,-2.896799087524414,1462
354,0.4021143317222595,1466,1.0,-1.5813062191009521,1.0807723999023438,24853.37951808,1.0821,12.75088882446289,1.6391804218292236,5e-07,-1.4067950248718262,2.77,-0.9939221143722534,-2.3949034214019775,1.357316255569458,1747300748.5111234,-4.034083843231201,1467
355,0.6786340475082397,1468,0.75,-1.6205915212631226,1.1844415664672852,24887.00947372,1.0327,12.788446426391602,0.7262903451919556,5e-07,-1.4615013599395752,2.78,-0.936428964138031,-1.6513850688934326,1.0116150379180908,1747300782.141638,-2.3776755332946777,1469
356,0.5398972630500793,1472,1.0,-1.5950145721435547,0.9776853322982788,24954.085518822,0.9987,12.053725242614746,0.9379346370697021,5e-07,-1.252158522605896,2.78,-0.9296185374259949,-1.6355760097503662,0.8755761981010437,1747300849.216981,-2.5735106468200684,1473
357,0.5918463468551636,1473,0.75,-1.4575142860412598,1.228949785232544,24970.726728766,0.9332,12.164567947387695,0.9423205852508545,5e-07,-1.3167858123779297,2.79,-0.817352294921875,-2.5453829765319824,1.2742067575454712,1747300865.898013,-3.487703323364258,1474
358,0.6484411954879761,1479,0.75,-1.5970988273620605,1.0412919521331787,25071.447559632,0.9112,12.062668800354004,0.8302536010742188,5e-07,-1.40287446975708,2.8,-0.9014846086502075,-1.7485876083374023,0.7857013940811157,1747300966.5803401,-2.578841209411621,1480
359,0.5902789831161499,1488,0.75,-1.7338473796844482,1.0523409843444824,25222.433486032,0.9665,12.712523460388184,0.8595767617225647,5e-07,-1.4449118375778198,2.81,-1.0111134052276611,-1.7525744438171387,0.9241241216659546,1747301117.5648708,-2.6121513843536377,1489
360,0.32383471727371216,1514,1.0,-1.6592261791229248,0.6807746887207031,25811.509520179,1.0176,12.546717643737793,1.6794979572296143,5e-07,-1.378411889076233,2.86,-0.9528232216835022,-1.1436142921447754,0.7138799428939819,1747301706.6422358,-2.8231122493743896,1515
361,0.328226238489151,1515,1.0,-1.6138712167739868,0.8747955560684204,25828.221602697,1.0306,13.155475616455078,1.6446977853775024,5e-07,-1.4973254203796387,2.87,-1.0011645555496216,-2.1446876525878906,1.0931386947631836,1747301723.3543496,-3.7893855571746826,1516
362,0.5427507758140564,1516,0.75,-1.5971417427062988,1.1615805625915527,25844.952522631,1.0434,13.132734298706055,1.1068615913391113,5e-07,-1.4414992332458496,2.87,-0.950893759727478,-2.2555055618286133,1.2376595735549927,1747301740.0847187,-3.3623671531677246,1517
363,0.35563716292381287,1519,1.0,-1.6020476818084717,0.8103544116020203,25895.255064338,1.0085,14.137479782104492,1.6587646007537842,5e-07,-1.389958381652832,2.87,-0.9675927758216858,-1.539715051651001,0.9094344973564148,1747301790.4263883,-3.198479652404785,1520
364,0.4746822416782379,1521,1.0,-1.5337260961532593,1.0858380794525146,25928.743586146,1.2484,17.67465591430664,1.0065975189208984,5e-07,-1.4911491870880127,2.88,-1.1172537803649902,-2.448770523071289,1.2223117351531982,1747301823.8787742,-3.4553680419921875,1522
365,0.2924906611442566,1522,1.0,-1.8721284866333008,0.7844232320785522,25945.535600247,0.9353,12.25424575805664,2.206176280975342,5e-07,-1.507714033126831,2.88,-1.0011307001113892,-1.96052086353302,0.9838652014732361,1747301840.6686032,-4.166697025299072,1523
366,0.607323169708252,1523,1.0,-1.6584951877593994,1.0231122970581055,25962.336507656,0.9692,14.038705825805664,0.7009658813476562,5e-07,-1.5924547910690308,2.88,-0.9836258888244629,-1.7219589948654175,0.8315783739089966,1747301857.4679646,-2.4229249954223633,1524
367,0.7123913764953613,1524,0.75,-1.6172748804092407,1.1963682174682617,25979.056521883,0.9708,11.799501419067383,0.7175391912460327,5e-07,-1.6126165390014648,2.88,-0.8695394992828369,-1.4099786281585693,0.9679537415504456,1747301874.1896982,-2.1275177001953125,1525
368,0.34390977025032043,1525,1.0,-1.6499122381210327,0.8684192895889282,25995.836585775,0.8914,11.039762496948242,1.4340555667877197,5e-07,-1.438509225845337,2.88,-0.919094443321228,-2.1345043182373047,1.0490190982818604,1747301890.9688222,-3.5685598850250244,1526
369,0.3915635943412781,1527,0.75,-1.6132701635360718,0.823135256767273,26029.355508297,0.9861,11.381760597229004,1.5452097654342651,5e-07,-1.3692567348480225,2.89,-0.9586454629898071,-1.6062871217727661,0.8631433844566345,1747301924.4877946,-3.1514968872070312,1528
370,0.8576449155807495,1529,0.5,-1.6240184307098389,1.3616461753845215,26062.940484631,1.0862,14.22476577758789,0.21490633487701416,5e-07,-1.4236087799072266,2.89,-1.0276572704315186,-1.6011204719543457,1.0080026388168335,1747301958.073288,-1.8160268068313599,1530
371,0.18443891406059265,1534,1.0,-1.6198019981384277,0.6062067747116089,26147.018528076,0.979,12.361995697021484,2.6901655197143555,5e-07,-1.4004509449005127,2.9,-0.9070116281509399,-1.5303654670715332,0.8435356616973877,1747302042.1514275,-4.220530986785889,1535
372,0.2916536033153534,1536,1.0,-1.7493250370025635,0.6581298112869263,26180.594481709,0.8622,11.556842803955078,2.0078723430633545,5e-07,-1.562906265258789,2.91,-0.9673057198524475,-1.6140785217285156,0.732952356338501,1747302075.7263355,-3.62195086479187,1537
373,0.36745792627334595,1542,1.0,-1.6849815845489502,0.984017014503479,26280.947479855,1.0313,15.850778579711914,2.031741142272949,5e-07,-1.4013099670410156,2.92,-1.0012593269348145,-2.180222988128662,1.2331181764602661,1747302176.0799341,-4.211964130401611,1543
374,0.5681161284446716,1543,0.75,-1.706017255783081,1.1067111492156982,26297.612526243,1.0751,19.648977279663086,0.9524978399276733,5e-07,-1.6080784797668457,2.92,-1.096308946609497,-2.277182102203369,1.0771900415420532,1747302192.7490158,-3.229679822921753,1544
375,0.5793147087097168,1545,0.75,-1.556290626525879,1.278552532196045,26331.064507686,1.1487,14.784099578857422,1.0983707904815674,5e-07,-1.4675432443618774,2.92,-1.0496939420700073,-2.541346549987793,1.3984755277633667,1747302226.1963096,-3.6397173404693604,1546
376,0.5097666382789612,1546,0.75,-1.7736334800720215,0.9999890327453613,26347.80997339,1.084,14.549541473388672,1.6700413227081299,5e-07,-1.5465199947357178,2.92,-1.0685808658599854,-1.6381295919418335,0.9804447293281555,1747302242.9813,-3.308171033859253,1547
377,0.46388643980026245,1551,0.75,-1.7740254402160645,1.109360933303833,26431.589493889,0.8723,13.756449699401855,1.4698009490966797,5e-07,-1.5056953430175781,2.93,-0.9690899848937988,-2.3331408500671387,1.2909488677978516,1747302326.7214358,-3.8029417991638184,1552
378,0.34939685463905334,1555,1.0,-1.6775579452514648,0.899100661277771,26498.770790544,0.9661,12.361806869506836,2.2145612239837646,5e-07,-1.6272248029708862,2.94,-0.914647102355957,-1.6495391130447388,1.0994075536727905,1747302393.94213,-3.864100456237793,1556
379,0.5738242268562317,1558,0.75,-1.5836600065231323,1.1556732654571533,26549.078599031,1.022,13.550883293151855,0.9747148752212524,5e-07,-1.3270037174224854,2.95,-0.9727087020874023,-1.9855055809020996,1.1636981964111328,1747302444.2094178,-2.9602205753326416,1559
380,0.5761675238609314,1559,1.0,-1.4467023611068726,0.9507582187652588,26565.854482215,1.104,12.853236198425293,0.8287305235862732,5e-07,-1.550633430480957,2.95,-0.9648175835609436,-1.328660488128662,0.7491813898086548,1747302460.9861498,-2.15739107131958,1560
381,0.4915394186973572,1563,0.75,-1.5349798202514648,1.1466989517211914,26632.771448609,1.2405,15.654224395751953,1.2947993278503418,5e-07,-1.5918660163879395,2.96,-1.0856842994689941,-2.2286810874938965,1.310318946838379,1747302527.9033933,-3.5234804153442383,1564
382,0.5588930249214172,1566,0.75,-1.7728475332260132,1.088033676147461,26683.187673955,1.0073,12.943053245544434,1.0712573528289795,5e-07,-1.381455659866333,2.96,-1.0303223133087158,-2.1061081886291504,1.0582811832427979,1747302578.3191445,-3.177365303039551,1567
383,0.47224199771881104,1570,0.75,-1.6887016296386719,1.2901300191879272,26750.361803339,1.2228,13.497570037841797,1.426922082901001,5e-07,-1.5729937553405762,2.97,-1.190394401550293,-2.5747811794281006,1.6357760429382324,1747302645.53309,-4.001703262329102,1571
384,0.4853382706642151,1571,1.0,-1.5912384986877441,1.0692706108093262,26767.193481642,0.9972,12.042689323425293,1.089150071144104,5e-07,-1.4590883255004883,2.97,-0.9140884876251221,-1.561107873916626,1.1678645610809326,1747302662.324599,-2.6502580642700195,1572
385,0.5345466732978821,1576,0.75,-1.6860790252685547,1.044262409210205,26850.825496627,0.9708,13.193915367126465,1.303135871887207,5e-07,-1.4171757698059082,2.98,-0.980588972568512,-1.8833274841308594,1.0194315910339355,1747302745.9575825,-3.1864633560180664,1577
386,0.40546756982803345,1582,1.0,-1.6902434825897217,0.9361945986747742,26951.231564126,1.0866,14.916717529296875,1.5574054718017578,5e-07,-1.6607589721679688,2.99,-1.1025934219360352,-2.073995590209961,1.0614540576934814,1747302846.3655179,-3.6314010620117188,1583
387,0.3967876434326172,1588,1.0,-1.834973931312561,0.7291710376739502,27057.41148121,0.8308,12.508149147033691,1.3198628425598145,5e-07,-1.565438151359558,3.0,-0.8941339254379272,-1.218653678894043,0.6647668480873108,1747302952.5444117,-2.5385165214538574,1589
388,0.2574862837791443,1589,1.0,-1.815394401550293,0.7790136933326721,27074.210511835,0.7874,11.296385765075684,2.2407774925231934,5e-07,-1.634235143661499,3.01,-0.9064497351646423,-1.6071897745132446,1.0430548191070557,1747302969.3418565,-3.8479671478271484,1590
389,0.18048349022865295,1597,1.0,-2.112790107727051,0.5840860605239868,27208.376538789,0.869,12.835400581359863,2.558445930480957,5e-07,-1.388203501701355,3.02,-1.099127173423767,-1.5620287656784058,0.8072052001953125,1747303103.5092342,-4.120474338531494,1598
390,0.5827024579048157,1607,0.75,-1.8197340965270996,1.0709242820739746,27376.321580052,0.8293,13.260148048400879,1.1922831535339355,5e-07,-1.588712453842163,3.04,-0.9287202954292297,-1.8125150203704834,0.9764437675476074,1747303271.4545002,-3.004798412322998,1608
391,0.23598510026931763,1609,1.0,-2.263782024383545,0.921122670173645,27409.990434196,0.8625,12.896120071411133,2.5902819633483887,5e-07,-1.8841848373413086,3.04,-1.1312837600708008,-2.4169375896453857,1.3702751398086548,1747303305.1617382,-5.007219314575195,1610
392,0.27528801560401917,1610,1.0,-1.8986692428588867,0.8089184761047363,27426.810551351,0.8607,12.43638801574707,2.067312240600586,5e-07,-1.7179889678955078,3.05,-0.9769034385681152,-1.638418197631836,1.0672608613967896,1747303321.9425275,-3.705730438232422,1611
393,0.30296629667282104,1612,1.0,-1.8505363464355469,1.0189399719238281,27460.503504068,0.9449,14.749284744262695,1.7901008129119873,5e-07,-1.7066287994384766,3.05,-1.0559442043304443,-2.2710063457489014,1.4319472312927246,1747303355.6355205,-4.061107158660889,1613
394,0.14034870266914368,1614,1.0,-1.9093250036239624,0.6349372267723083,27494.025510571,0.9132,13.51616382598877,2.687699317932129,5e-07,-1.3466814756393433,3.05,-1.0585740804672241,-1.7530676126480103,0.9891770482063293,1747303389.159849,-4.440767288208008,1615
395,0.06306861340999603,1615,1.0,-2.116126537322998,0.42732375860214233,27511.025600749,0.7282,10.826749801635742,3.808793544769287,5e-07,-1.5727027654647827,3.05,-0.9244301915168762,-1.417992115020752,0.728510320186615,1747303406.1580875,-5.226785659790039,1616
396,0.3273874521255493,1622,1.0,-1.9303159713745117,0.6928097605705261,27628.197519957,0.7118,12.249701499938965,2.2416303157806396,5e-07,-1.5085711479187012,3.07,-0.8250234127044678,-1.262245535850525,0.7308446168899536,1747303523.3288958,-3.503875732421875,1623
397,0.29608431458473206,1625,1.0,-1.861577033996582,0.4418172836303711,27678.471596668,0.7927,12.608357429504395,1.750712275505066,5e-07,-1.5185248851776123,3.07,-0.9091212153434753,-0.48441118001937866,0.2914659082889557,1747303573.6100898,-2.235123634338379,1626
398,0.21879488229751587,1626,1.0,-1.9188995361328125,0.655872106552124,27695.32106807,0.8647,12.105104446411133,2.092970848083496,5e-07,-1.4996238946914673,3.08,-1.0054798126220703,-1.719550371170044,0.8741544485092163,1747303590.4923313,-3.812520980834961,1627
399,0.19204989075660706,1638,1.0,-1.8419471979141235,0.672411322593689,27896.34749258,0.8723,13.444781303405762,2.069251537322998,5e-07,-1.6388463973999023,3.1,-0.974437952041626,-1.7663391828536987,0.960722804069519,1747303791.4800258,-3.8355906009674072,1639
400,0.350275456905365,1648,1.0,-2.0323853492736816,0.8330128192901611,28063.681545268,0.9017,13.112957000732422,1.393398642539978,5e-07,-1.5824006795883179,3.12,-1.03362238407135,-1.9936838150024414,0.9654747247695923,1747303958.8137517,-3.38708233833313,1649
401,0.2331896722316742,1653,1.0,-1.8796637058258057,0.8177940845489502,28147.570987064,0.9311,12.93269157409668,2.1437535285949707,5e-07,-1.444832444190979,3.13,-0.9970625638961792,-2.1854960918426514,1.1692088842391968,1747304042.742308,-4.329249382019043,1654
402,0.2550961971282959,1656,1.0,-1.9942972660064697,0.7077659368515015,28197.953514637,0.8182,12.071039199829102,1.7536101341247559,5e-07,-1.5083670616149902,3.13,-0.9661314487457275,-1.6362214088439941,0.9053394198417664,1747304093.0847368,-3.38983154296875,1657
403,0.22927935421466827,1660,1.0,-1.9705889225006104,0.6894267201423645,28264.864764162,0.7194,13.156384468078613,2.1235570907592773,5e-07,-1.4603190422058105,3.14,-0.9056054353713989,-1.8379319906234741,0.9202947616577148,1747304160.0360913,-3.961488723754883,1661
404,0.17090047895908356,1674,1.0,-1.8013768196105957,0.5895926356315613,28500.002509563,0.9113,14.023208618164062,2.2943944931030273,5e-07,-1.54412841796875,3.17,-0.9665262699127197,-1.5944254398345947,0.8373842835426331,1747304395.134648,-3.888819694519043,1675
405,0.17331451177597046,1675,1.0,-2.16143536567688,0.6311237812042236,28516.703545257,0.8801,15.029772758483887,2.555006980895996,5e-07,-1.7484521865844727,3.17,-1.0599644184112549,-1.869803547859192,0.9156185984611511,1747304411.8349683,-4.424810409545898,1676
406,0.3989686071872711,1685,0.75,-2.1181206703186035,0.8775049448013306,28684.021521076,0.8232,12.85818099975586,1.7101564407348633,5e-07,-1.9377707242965698,3.19,-1.0518831014633179,-1.9289332628250122,0.9570727348327637,1747304579.1582217,-3.639089584350586,1686
407,0.1746443808078766,1687,1.0,-1.9049214124679565,0.7469475269317627,28717.570536762,0.8247,13.945658683776855,2.4044809341430664,5e-07,-1.7460055351257324,3.19,-0.9616959691047668,-1.931520700454712,1.144606351852417,1747304612.7032146,-4.336001396179199,1688
408,0.2578333914279938,1690,1.0,-1.8148789405822754,0.8898928165435791,28767.987511887,0.9139,14.438813209533691,2.592144012451172,5e-07,-1.5309431552886963,3.2,-0.9362577199935913,-2.146118640899658,1.2641187906265259,1747304663.132509,-4.73826265335083,1691
409,0.6044484376907349,1706,0.75,-1.710585594177246,1.3484922647476196,29037.595518668,0.9158,17.560665130615234,0.8184453248977661,5e-07,-1.4538054466247559,3.23,-0.9192206859588623,-2.518845558166504,1.4880876541137695,1747304932.7387652,-3.3372910022735596,1707
410,0.2514205873012543,1716,1.0,-1.972125768661499,1.0130438804626465,29205.667576325,0.8467,15.324312210083008,1.754988193511963,5e-07,-1.5765914916992188,3.25,-0.9432986974716187,-2.4493680000305176,1.5232465267181396,1747305100.800333,-4.2043561935424805,1717
411,0.19229064881801605,1725,1.0,-2.2229743003845215,0.7624240517616272,29357.618460598,0.7817,12.165064811706543,3.117243766784668,5e-07,-1.5635559558868408,3.26,-1.0351810455322266,-1.9424099922180176,1.1402667760849,1747305252.7510405,-5.059654235839844,1726
412,0.1916694939136505,1731,1.0,-1.8615177869796753,0.816474437713623,29458.16954562,0.8305,12.121657371520996,2.4062490463256836,5e-07,-1.4360833168029785,3.27,-0.94436115026474,-2.3220911026000977,1.2496099472045898,1747305353.301954,-4.728340148925781,1732
413,0.3538917005062103,1732,0.75,-1.8961548805236816,0.9492628574371338,29475.052488632,0.82,12.056933403015137,2.4268221855163574,5e-07,-1.4893651008605957,3.28,-0.9018422961235046,-2.2065072059631348,1.1907422542572021,1747305370.1851153,-4.633329391479492,1733
414,0.3276134431362152,1741,1.0,-2.0464751720428467,0.960432767868042,29626.264515861,0.8181,12.733101844787598,1.7248238325119019,5e-07,-1.747807264328003,3.29,-0.9567419290542603,-2.112417697906494,1.2656387090682983,1747305521.3959734,-3.8372411727905273,1742
415,0.36037206649780273,1745,1.0,-1.7536375522613525,0.8413437008857727,29693.033169163,0.8375,13.288082122802734,2.1279115676879883,5e-07,-1.7612547874450684,3.3,-0.9335962533950806,-1.568387508392334,0.9619432687759399,1747305588.2044106,-3.696298837661743,1746
416,0.13372071087360382,1753,1.0,-2.0099992752075195,0.660212516784668,29827.691457673,0.6909,13.793377876281738,2.93208909034729,5e-07,-1.682055950164795,3.32,-0.8732585906982422,-1.9079612493515015,1.0529836416244507,1747305722.822783,-4.84005069732666,1754
417,0.2180911898612976,1754,1.0,-2.00742506980896,0.6351550221443176,29844.500952067,0.8095,14.958473205566406,2.462303400039673,5e-07,-1.6688004732131958,3.32,-1.0027509927749634,-1.6385588645935059,0.83412766456604,1747305739.6722097,-4.100862503051758,1755
418,0.5463494062423706,1762,0.75,-1.7337578535079956,1.1814357042312622,29979.078498107,0.9464,16.199825286865234,1.1215182542800903,5e-07,-1.5380299091339111,3.33,-0.9870157241821289,-2.202707052230835,1.2701725959777832,1747305874.2099223,-3.324225425720215,1763
419,0.4063337445259094,1765,1.0,-1.9454175233840942,1.0257256031036377,30029.174559584,0.9212,15.929091453552246,1.2814980745315552,5e-07,-1.6031147241592407,3.34,-1.0999388694763184,-2.0070595741271973,1.2387837171554565,1747305924.305492,-3.288557529449463,1766
420,0.372717946767807,1768,0.75,-2.057394027709961,1.0443711280822754,30079.735481996,0.6779,11.639299392700195,1.9351496696472168,5e-07,-1.523611068725586,3.34,-0.8367285132408142,-2.1807668209075928,1.343306303024292,1747305974.8821294,-4.1159162521362305,1769
421,0.34029462933540344,1770,1.0,-1.9864505529403687,0.8436297178268433,30113.306313813,0.7368,13.53538703918457,1.4629685878753662,5e-07,-1.7855215072631836,3.35,-0.8877432346343994,-1.8460499048233032,1.0066701173782349,1747306008.477467,-3.309018611907959,1771
422,0.20251600444316864,1773,1.0,-2.0590262413024902,0.788663923740387,30163.927520361,0.7333,12.685117721557617,2.622316837310791,5e-07,-1.4181315898895264,3.35,-0.9015882015228271,-2.023435354232788,1.1722958087921143,1747306059.069448,-4.645751953125,1774
423,0.24700936675071716,1777,1.0,-1.8997654914855957,0.7133619785308838,30230.908968967,0.8453,15.77122974395752,2.0165750980377197,5e-07,-1.5308209657669067,3.36,-0.9241960048675537,-1.830777883529663,0.9327052235603333,1747306126.0788069,-3.847353219985962,1778
424,0.24391445517539978,1780,1.0,-2.109306812286377,0.8082726001739502,30281.111533073,0.8063,13.656510353088379,2.0152769088745117,5e-07,-1.5413124561309814,3.37,-0.9966895580291748,-1.9370901584625244,1.1287163496017456,1747306176.2435896,-3.952367067337036,1781
425,0.36078697443008423,1789,1.0,-2.12511944770813,0.878365159034729,30432.065489206,0.9085,16.302640914916992,1.7570924758911133,5e-07,-1.816967248916626,3.38,-1.1281107664108276,-1.7080687284469604,1.0351563692092896,1747306327.1978793,-3.4651613235473633,1790
426,0.7380724549293518,1805,0.75,-1.838417649269104,1.3293418884277344,30700.774445793,0.9933,13.591695785522461,0.4808458685874939,5e-07,-1.496222972869873,3.41,-1.0166141986846924,-2.1246352195739746,1.1825388669967651,1747306595.9056692,-2.6054811477661133,1806
427,0.31255480647087097,1813,1.0,-1.9495357275009155,0.7530074119567871,30835.059552812,0.9344,14.792947769165039,2.4070794582366943,5e-07,-1.726162314414978,3.43,-1.0317857265472412,-1.3019185066223145,0.8809052109718323,1747306730.2308376,-3.7089977264404297,1814
428,0.19392552971839905,1818,1.0,-1.9295315742492676,0.6113518476486206,30919.119497023,0.8785,14.118990898132324,2.630880355834961,5e-07,-1.6019097566604614,3.44,-0.9909409284591675,-1.6936864852905273,0.8348525762557983,1747306814.25189,-4.324566841125488,1819
429,0.6321656703948975,1819,0.75,-2.0904650688171387,1.2553436756134033,30935.882520418,0.77,15.016732215881348,1.3771116733551025,5e-07,-1.722598671913147,3.44,-0.8937880992889404,-2.2334365844726562,1.2463561296463013,1747306831.0182045,-3.6105480194091797,1820
430,0.400476336479187,1823,1.0,-1.8255366086959839,0.9367291927337646,31003.072563815,0.7858,13.487229347229004,1.376159906387329,5e-07,-1.550092339515686,3.45,-0.8190222978591919,-1.3312711715698242,1.0725057125091553,1747306898.205222,-2.7074310779571533,1824
431,0.2309851348400116,1847,1.0,-2.0117855072021484,0.9127645492553711,31406.246909382,0.8171,13.65221118927002,2.081015110015869,5e-07,-1.592658281326294,3.49,-0.9816642999649048,-2.388397216796875,1.3635588884353638,1747307301.3772502,-4.469412326812744,1848
432,0.2285187691450119,1851,1.0,-1.9440360069274902,0.883310079574585,31473.608577495,0.8636,17.32154083251953,2.4772493839263916,5e-07,-1.5661115646362305,3.5,-0.9925849437713623,-1.4789761304855347,1.3095825910568237,1747307368.7405412,-3.956225633621216,1852
433,0.27836769819259644,1856,1.0,-2.0638797283172607,0.8063797354698181,31557.311486364,0.6834,14.748686790466309,1.828027606010437,5e-07,-1.660018801689148,3.51,-0.8268616199493408,-2.100001335144043,1.0560240745544434,1747307452.4442992,-3.9280288219451904,1857
434,0.4968374967575073,1861,1.0,-1.9987123012542725,1.107147455215454,31642.269570521,0.8648,13.228680610656738,1.0925356149673462,5e-07,-1.559958577156067,3.52,-1.0118093490600586,-2.1332783699035645,1.220619797706604,1747307537.4408486,-3.225813865661621,1862
435,0.44925421476364136,1862,0.75,-2.0565433502197266,0.8798424005508423,31659.13645534,0.6865,12.79054069519043,1.348520040512085,5e-07,-1.413272500038147,3.52,-0.8768945336341858,-1.3595128059387207,0.8611763119697571,1747307554.30769,-2.7080328464508057,1863
436,0.7220897674560547,1868,0.5,-2.1265039443969727,1.203393816947937,31759.895510849,0.9555,15.383785247802734,0.7543720602989197,5e-07,-1.7796268463134766,3.53,-1.132612943649292,-1.8407979011535645,0.9626080393791199,1747307655.0280602,-2.595170021057129,1869
437,0.20030075311660767,1873,1.0,-2.0292704105377197,0.7906328439712524,31843.464246465,0.8478,13.427841186523438,2.439105987548828,5e-07,-1.488231897354126,3.54,-0.9913575649261475,-2.0783207416534424,1.1806641817092896,1747307738.6355584,-4.517426490783691,1874
438,0.19594576954841614,1875,1.0,-1.841825246810913,0.6468454599380493,31877.217514924,0.7711,12.819906234741211,2.247783660888672,5e-07,-1.679389476776123,3.55,-0.8432871103286743,-1.157957911491394,0.9017994403839111,1747307772.348932,-3.4057416915893555,1876
439,0.49045276641845703,1876,0.75,-2.0392873287200928,1.038576364517212,31893.907529077,0.7522,15.869793891906738,1.515963077545166,5e-07,-1.646254539489746,3.55,-0.945029616355896,-2.1149659156799316,1.0962471961975098,1747307789.040375,-3.6309289932250977,1877
440,0.21358656883239746,1877,1.0,-1.863288402557373,0.7950457334518433,31910.832536393,0.834,13.228840827941895,2.3763046264648438,5e-07,-1.416945457458496,3.55,-0.9079952836036682,-1.871795654296875,1.1629183292388916,1747307805.964347,-4.248100280761719,1878
441,0.3397221565246582,1879,1.0,-2.181334972381592,0.8535699844360352,31944.405475634,0.6997,14.344018936157227,1.5843651294708252,5e-07,-1.7196762561798096,3.55,-0.9296584725379944,-1.8818466663360596,1.027695655822754,1747307839.53715,-3.4662115573883057,1880
442,0.5138030052185059,1880,0.75,-1.906275749206543,1.160119891166687,31961.270455545,0.9194,15.193991661071777,1.8241513967514038,5e-07,-1.7467448711395264,3.56,-1.012639045715332,-2.386774778366089,1.2926337718963623,1747307856.4032583,-4.210926055908203,1881
443,0.12678861618041992,1886,1.0,-2.2495853900909424,0.6790260672569275,32116.349386646,0.8426,16.38336181640625,3.0794973373413086,5e-07,-1.66648530960083,3.57,-1.1165556907653809,-1.7624363899230957,1.1044749021530151,1747307957.1920266,-4.841933250427246,1887
444,0.28121840953826904,1893,1.0,-1.9623390436172485,0.7649431824684143,32179.167473068,0.8526,14.083477020263672,3.1324963569641113,5e-07,-1.7321313619613647,3.58,-0.9758915901184082,-1.6421409845352173,0.9674495458602905,1747308074.303695,-4.774637222290039,1894
445,0.2731109857559204,1895,1.0,-1.9797978401184082,0.6712907552719116,32212.863659169,0.804,14.035115242004395,2.083280563354492,5e-07,-1.7339465618133545,3.58,-0.9724531769752502,-1.4017884731292725,0.7963595986366272,1747308108.0349262,-3.4850687980651855,1896
446,0.27873361110687256,1896,1.0,-1.9833898544311523,0.7014830112457275,32229.831489071,0.7483,13.974491119384766,1.9012008905410767,5e-07,-1.7729570865631104,3.59,-0.9130520820617676,-1.399463176727295,0.84549880027771,1747308124.974209,-3.300663948059082,1897
447,0.34289586544036865,1902,1.0,-1.7913178205490112,0.8509705662727356,32330.555577642,0.8683,14.736865997314453,1.5560070276260376,5e-07,-1.4394640922546387,3.6,-0.9225246906280518,-1.618867039680481,1.0161494016647339,1747308225.686838,-3.1748738288879395,1903
448,0.3160301744937897,1903,1.0,-1.7710051536560059,0.7443760633468628,32347.448509049,0.8528,12.325355529785156,2.160135507583618,5e-07,-1.4967381954193115,3.6,-0.8555350303649902,-1.2810461521148682,0.856691837310791,1747308242.5795834,-3.4411816596984863,1904
449,0.3466455042362213,1906,1.0,-2.1455283164978027,1.0616990327835083,32398.116467057,0.8115,13.719714164733887,2.0008835792541504,5e-07,-1.6931800842285156,3.6,-0.9926173090934753,-2.4491987228393555,1.4301069974899292,1747308293.2495387,-4.450081825256348,1907
450,0.1961836814880371,1908,1.0,-2.1733169555664062,0.7881247997283936,32431.717485342,0.7379,13.066634178161621,2.5298538208007812,5e-07,-1.694491982460022,3.61,-0.9779492616653442,-2.468411445617676,1.183882236480713,1747308326.8505669,-4.998265743255615,1909
451,0.23637232184410095,1909,1.0,-1.9049947261810303,0.6215075254440308,32448.631473911,0.7761,14.587159156799316,2.0175423622131348,5e-07,-1.7689019441604614,3.61,-0.9079367518424988,-1.7087125778198242,0.7702704071998596,1747308343.773406,-3.726254940032959,1910
452,0.3545117676258087,1918,1.0,-1.824708342552185,0.6896698474884033,32600.434487949,0.8469,14.890931129455566,1.5795345306396484,5e-07,-1.6656107902526855,3.63,-0.9403495192527771,-1.1612036228179932,0.670316219329834,1747308495.5667348,-2.7407381534576416,1919
453,0.23279398679733276,1920,1.0,-2.3968992233276367,0.7680611610412598,32634.66039525,0.8025,12.694039344787598,2.4113681316375732,5e-07,-1.6048235893249512,3.63,-1.122132658958435,-1.8552484512329102,1.070534348487854,1747308529.831547,-4.2666168212890625,1921
454,0.23584526777267456,1930,1.0,-1.9216620922088623,0.7603707909584045,32802.075978151,0.835,17.268186569213867,1.9233815670013428,5e-07,-1.696669101715088,3.65,-1.0089473724365234,-2.1171951293945312,1.04905104637146,1747308697.2058158,-4.040576934814453,1931
455,0.37916189432144165,1934,0.75,-1.984514832496643,0.8873087763786316,32869.874533271,0.8306,14.68656063079834,1.9023431539535522,5e-07,-1.8577039241790771,3.66,-0.9631632566452026,-1.8743300437927246,1.0162937641143799,1747308765.016537,-3.7766730785369873,1935
456,0.31614992022514343,1943,1.0,-1.8327821493148804,0.6490092873573303,33021.070548323,0.81,13.91677188873291,1.809824824333191,5e-07,-1.5528640747070312,3.67,-0.8694671988487244,-1.2538833618164062,0.6657187342643738,1747308916.203003,-3.0637083053588867,1944
457,0.1968049556016922,1945,1.0,-2.071413278579712,0.834743320941925,33054.767508128,0.8012,14.492571830749512,2.7937874794006348,5e-07,-1.5422240495681763,3.68,-0.9555329084396362,-2.329524040222168,1.275876760482788,1747308949.938687,-5.123311519622803,1946
458,0.45039069652557373,1950,1.0,-2.2401556968688965,0.9778894782066345,33138.891498022,0.7021,10.70779800415039,1.1533747911453247,5e-07,-1.5798072814941406,3.69,-0.8811973333358765,-1.6047379970550537,1.0549975633621216,1747309034.0234532,-2.758112907409668,1951
459,0.2694603502750397,1953,1.0,-1.9569902420043945,0.8681209087371826,33189.153563783,0.8936,14.687254905700684,1.8938262462615967,5e-07,-1.7916412353515625,3.69,-1.035491943359375,-2.3978872299194336,1.1973211765289307,1747309084.2856019,-4.291713714599609,1954
460,0.11806666851043701,1958,1.0,-1.899791955947876,0.7096105813980103,33273.469599938,0.8267,17.297937393188477,2.606809139251709,5e-07,-1.5691554546356201,3.7,-0.93720543384552,-2.220628023147583,1.1830878257751465,1747309168.6009984,-4.827437400817871,1959
461,0.21722236275672913,1959,1.0,-1.968676209449768,0.7415691614151001,33290.539512763,0.8616,14.517253875732422,2.9799323081970215,5e-07,-1.7401964664459229,3.71,-0.9588205814361572,-1.8528671264648438,1.0486936569213867,1747309185.683299,-4.832798957824707,1960
462,0.18819281458854675,1967,1.0,-2.0453405380249023,0.6294050216674805,33424.965521514,0.7957,16.062889099121094,2.2685623168945312,5e-07,-1.4127986431121826,3.72,-0.9930046796798706,-1.4682297706604004,0.8824243545532227,1747309320.0989869,-3.7367920875549316,1968
463,0.3907802700996399,1971,0.75,-1.871269702911377,1.0432896614074707,33492.027463956,0.9521,22.778846740722656,1.7426731586456299,5e-07,-1.7425823211669922,3.73,-0.995456337928772,-1.8975529670715332,1.305018663406372,1747309387.1592634,-3.640225887298584,1972
464,0.3568977117538452,1973,1.0,-1.8096997737884521,0.8143007755279541,33525.527502746,0.8545,15.449972152709961,1.6463104486465454,5e-07,-1.859313726425171,3.73,-0.9330655932426453,-1.6888115406036377,0.914806067943573,1747309420.6587574,-3.3351221084594727,1974
465,0.2566617727279663,1985,1.0,-2.0149433612823486,0.6951724886894226,33808.344788999,0.8244,13.424942016601562,2.28995418548584,5e-07,-1.6258702278137207,3.75,-1.0064184665679932,-1.592547059059143,0.8770214319229126,1747309622.4135537,-3.8825011253356934,1986
466,0.2962246835231781,1991,1.0,-1.9421744346618652,0.7825973629951477,33827.603667613,0.7739,12.579047203063965,2.4227347373962402,5e-07,-1.386871337890625,3.77,-0.8492587804794312,-1.6757304668426514,0.9727453589439392,1747309722.7337282,-4.098465442657471,1992
467,0.13452160358428955,1995,1.0,-1.8608994483947754,0.6431171894073486,33894.567112086,0.7653,13.148204803466797,2.868028402328491,5e-07,-1.5523556470870972,3.77,-0.8749716877937317,-1.8126825094223022,1.0171911716461182,1747309789.7384295,-4.680710792541504,1996
468,0.3887529969215393,2001,1.0,-2.0715322494506836,0.984301745891571,34245.473842315,0.7623,14.567693710327148,1.4932855367660522,5e-07,-1.4919772148132324,3.78,-0.9493277072906494,-2.2807435989379883,1.1910974979400635,1747310015.5797048,-3.77402925491333,2002
469,0.4702146053314209,2002,1.0,-2.107518434524536,1.2095186710357666,34245.474389398,0.813,18.796695709228516,1.153726577758789,5e-07,-1.6073945760726929,3.79,-0.9950777292251587,-3.159956932067871,1.478608250617981,1747310032.386077,-4.31368350982666,2003
470,0.18792429566383362,2005,1.0,-1.834218144416809,0.6114672422409058,34245.476027885,0.6772,12.90691089630127,2.548964738845825,5e-07,-1.3776600360870361,3.79,-0.7875524163246155,-1.5037846565246582,0.8470858335494995,1747310082.505498,-4.0527496337890625,2006
471,0.31036943197250366,2007,1.0,-1.7682907581329346,0.9707192182540894,34245.479612883,0.7536,14.292675018310547,1.9212651252746582,5e-07,-1.6525471210479736,3.8,-0.8227724432945251,-2.2269082069396973,1.3206995725631714,1747310116.1700728,-4.1481733322143555,2008
472,0.18755245208740234,2016,1.0,-2.140665292739868,0.6762559413909912,34371.905483366,0.7628,14.963103294372559,2.431455373764038,5e-07,-1.7714617252349854,3.81,-0.9800690412521362,-1.7115583419799805,0.9774069786071777,1747310267.0378985,-4.143013954162598,2017
473,0.21703141927719116,2017,1.0,-2.1683669090270996,0.7078131437301636,34388.584513733,0.7497,13.08336353302002,2.1236491203308105,5e-07,-1.7781574726104736,3.81,-1.005601167678833,-1.790360689163208,0.9815635085105896,1747310283.7193656,-3.9140098094940186,2018
474,0.2999514043331146,2019,1.0,-1.9016973972320557,0.6335268020629883,34422.246520711,0.6946,11.395214080810547,1.9315221309661865,5e-07,-1.4601702690124512,3.82,-0.8382553458213806,-1.5502207279205322,0.6671507358551025,1747310317.381188,-3.4817428588867188,2020
475,0.20317402482032776,2024,1.0,-1.8282252550125122,0.6047170162200928,34506.279571803,0.8115,14.184924125671387,2.5200066566467285,5e-07,-1.7740669250488281,3.83,-0.8563692569732666,-1.5212552547454834,0.8030860424041748,1747310401.4124427,-4.041261672973633,2025
476,0.29479730129241943,2027,1.0,-1.7664974927902222,0.7837783098220825,34556.43854008,0.8212,15.171950340270996,1.9690911769866943,5e-07,-1.5420098304748535,3.83,-0.8779478669166565,-1.6276590824127197,0.9779620170593262,1747310451.5713546,-3.596750259399414,2028
477,0.10739809274673462,2029,1.0,-2.0437536239624023,0.5181261301040649,34589.804476811,0.6511,13.172113418579102,2.7368106842041016,5e-07,-1.644606113433838,3.84,-0.849528968334198,-1.5658903121948242,0.8214560747146606,1747310484.9369748,-4.302700996398926,2030
478,0.3703826069831848,2031,0.75,-2.1154370307922363,0.8512429594993591,34623.720495867,0.754,12.521470069885254,3.0269248485565186,5e-07,-1.5803940296173096,3.84,-0.9066329002380371,-1.573254108428955,0.9617207050323486,1747310518.8528993,-4.6001787185668945,2032
479,0.31508883833885193,2034,1.0,-2.251253604888916,0.8544650077819824,34674.179610501,0.7417,13.21728229522705,1.621678113937378,5e-07,-1.4311952590942383,3.85,-0.979206383228302,-1.9895122051239014,1.0787523984909058,1747310569.3126101,-3.6111900806427,2035
480,0.9344469904899597,2037,0.5,-1.719545602798462,1.5230581760406494,34724.853912266,0.8913,14.748921394348145,0.551800012588501,5e-07,-1.5889370441436768,3.85,-0.9024941325187683,-2.2300047874450684,1.177222490310669,1747310620.0252202,-2.7818048000335693,2038
481,0.4251454472541809,2038,1.0,-1.9533030986785889,0.968744158744812,34741.693511477,0.788,14.099810600280762,1.4474411010742188,5e-07,-1.6954429149627686,3.85,-0.9223278164863586,-2.057825803756714,1.0871974229812622,1747310636.8252945,-3.5052671432495117,2039
482,0.535558819770813,2039,0.75,-1.9693412780761719,0.8485538959503174,34758.422661022,0.7643,14.059953689575195,1.425361156463623,5e-07,-1.6081088781356812,3.86,-0.8428926467895508,-1.1188263893127441,0.625990092754364,1747310653.5938542,-2.544187545776367,2040
483,0.17570433020591736,2040,1.0,-1.8088678121566772,0.5456112027168274,34775.129532703,0.8038,12.17840576171875,2.2156410217285156,5e-07,-1.5925263166427612,3.86,-0.8782093524932861,-1.3702588081359863,0.7398137450218201,1747310670.2622943,-3.585899829864502,2041
484,0.4826379120349884,2045,0.75,-1.9019043445587158,0.9474952220916748,34858.933077674,0.8234,15.160358428955078,1.5320823192596436,5e-07,-1.4641228914260864,3.87,-0.9077224731445312,-1.4403982162475586,0.9297146797180176,1747310754.1044025,-2.9724807739257812,2046
485,0.4231170415878296,2051,0.75,-1.9213231801986694,0.9218944311141968,34959.576535588,0.7986,13.682039260864258,1.6909899711608887,5e-07,-1.6596561670303345,3.88,-0.9384465217590332,-1.738111972808838,0.9975547194480896,1747310854.7087545,-3.4291019439697266,2052
486,0.18507850170135498,2052,1.0,-1.890841007232666,0.8017670512199402,34976.5695742,0.7905,15.689226150512695,2.11610746383667,5e-07,-1.4430458545684814,3.88,-0.9028874039649963,-2.0707168579101562,1.2333770990371704,1747310871.7132857,-4.186824321746826,2053
487,0.3439561128616333,2054,1.0,-1.9468897581100464,0.8035561442375183,35009.917500809,0.763,13.588160514831543,1.5114413499832153,5e-07,-1.5810282230377197,3.88,-0.8812728524208069,-1.8241199254989624,0.91920006275177,1747310905.0505154,-3.3355612754821777,2055
488,0.20947369933128357,2058,1.0,-1.8863999843597412,0.7467261552810669,35077.024470493,0.851,13.63207721710205,2.2853221893310547,5e-07,-1.6057374477386475,3.89,-0.926800012588501,-1.3296290636062622,1.0745048522949219,1747310972.1561203,-3.6149513721466064,2059
489,0.08437667042016983,2065,1.0,-2.05094575881958,0.7243340611457825,35194.522585435,0.8318,13.768019676208496,2.9896750450134277,5e-07,-2.025402784347534,3.91,-0.984491229057312,-2.155363082885742,1.2799147367477417,1747311089.655224,-5.145038604736328,2066
490,0.17031575739383698,2069,1.0,-2.143332004547119,0.7028897404670715,35261.77050009,0.769,10.797990798950195,2.353776216506958,5e-07,-1.552481770515442,3.91,-0.9246851205825806,-1.6181195974349976,1.0651479959487915,1747311156.9034207,-3.971895694732666,2070
491,0.20492476224899292,2070,1.0,-2.1748416423797607,0.9628187417984009,35278.492451088,0.9172,13.140714645385742,2.0759572982788086,5e-07,-1.7169286012649536,3.91,-1.1975147724151611,-2.849391460418701,1.515787959098816,1747311173.6290483,-4.92534875869751,2071
492,0.3499329686164856,2076,1.0,-1.8355238437652588,0.9418374300003052,35379.334966904,0.8932,37.78248977661133,1.735753059387207,5e-07,-1.6083221435546875,3.93,-0.9304362535476685,-2.1139092445373535,1.1838089227676392,1747311274.392226,-3.8496623039245605,2077
493,0.7550199031829834,2077,0.5,-1.7504065036773682,1.3938077688217163,35396.017543224,0.8787,14.290958404541016,0.7243615388870239,5e-07,-1.4362738132476807,3.93,-0.908271074295044,-2.2275681495666504,1.2775757312774658,1747311291.1499028,-2.9519295692443848,2078
494,0.7346177697181702,2078,0.75,-2.0195116996765137,1.175129771232605,35412.813463807,0.8752,13.93638801574707,0.8302000164985657,5e-07,-1.573329210281372,3.93,-1.0227696895599365,-1.747334599494934,0.8810240030288696,1747311307.9461837,-2.5775346755981445,2079
495,0.21257518231868744,2093,1.0,-2.2974324226379395,0.9997409582138062,35664.663598111,0.885,15.02886962890625,2.2408876419067383,5e-07,-1.5963644981384277,3.96,-1.066778302192688,-2.32779598236084,1.574331521987915,1747311559.7961762,-4.568683624267578,2094
496,0.12014786899089813,2094,1.0,-1.9509522914886475,0.6091498732566833,35681.391446395,0.9152,17.02373695373535,2.597827196121216,5e-07,-1.5577101707458496,3.96,-0.9773731231689453,-1.6636695861816406,0.9780040383338928,1747311576.5235763,-4.261496543884277,2095
497,0.24912011623382568,2095,1.0,-2.0540003776550293,0.7499584555625916,35698.219588299,0.9019,13.967052459716797,2.377674102783203,5e-07,-1.924098014831543,3.96,-1.0580344200134277,-1.6744344234466553,1.0016766786575317,1747311593.3860836,-4.052108287811279,2096
498,0.2527869641780853,2102,1.0,-2.0960283279418945,0.8133043050765991,35815.656520547,0.893,22.28824806213379,3.05112886428833,5e-07,-1.8119983673095703,3.98,-1.0016398429870605,-2.0214624404907227,1.1210346221923828,1747311710.7882814,-5.072591304779053,2103
499,0.1894698590040207,2107,1.0,-2.00553035736084,0.5364089608192444,35899.434102888,0.8346,15.354470252990723,2.967179298400879,5e-07,-1.7165634632110596,3.98,-0.9456549882888794,-1.252648115158081,0.693878173828125,1747311794.6053717,-4.219827651977539,2108
