,train/losses/dpo,_step,train/rewards/accuracies,train/logps/rejected,train/losses/total,_runtime,train/loss,train/grad_norm,train/rewards/margins,train/learning_rate,train/logps/answer,train/epoch,train/logps/chosen,train/rewards/chosen,train/losses/sft,_timestamp,train/rewards/rejected,train/global_step
0,0.9556846618652344,0,0.75,-1.1020584106445312,1.4424333572387695,28.276103081,1.3338,7.645110607147217,0.027564510703086853,2.358490566037736e-09,-1.6431562900543213,0.0,-0.9368711709976196,-1.8531436920166016,0.9734973311424255,1747291828.7403808,-1.8807082176208496,1
1,0.6729090809822083,1,0.75,-1.129065990447998,1.0671278238296509,46.506028723,1.3401,8.497103691101074,0.6331334114074707,4.716981132075472e-09,-1.5813238620758057,0.0,-0.9608892202377319,-1.2509944438934326,0.78843754529953,1747291846.9627678,-1.8841276168823242,2
2,1.056392788887024,7,0.25,-1.0048372745513916,1.5894525051116943,151.172040028,1.3299,8.964755058288574,-0.15459273755550385,1.8867924528301887e-08,-1.2143535614013672,0.02,-0.8689029216766357,-1.7663078308105469,1.0661194324493408,1747291951.6281867,-1.6117150783538818,8
3,0.9550632834434509,8,0.75,-1.0814518928527832,1.4580042362213135,168.785671527,1.3326,8.71841812133789,0.3771183490753174,2.122641509433962e-08,-1.476703405380249,0.02,-0.8924294710159302,-1.6218996047973633,1.0058817863464355,1747291969.2803614,-1.9990180730819702,9
4,1.0279521942138672,9,0.25,-1.0597078800201416,1.5031166076660156,187.384046539,1.4419,9.11703872680664,-0.10814675688743591,2.3584905660377358e-08,-1.491466760635376,0.02,-0.9822201132774353,-1.6409695148468018,0.9503289461135864,1747291987.8413556,-1.532822847366333,10
5,1.0113835334777832,16,0.75,-1.0802733898162842,1.481520414352417,312.512017462,1.2245,9.009506225585938,-0.05491629242897034,4.0094339622641506e-08,-1.4786772727966309,0.03,-0.8208380937576294,-1.4645403623580933,0.940273642539978,1747292112.9685383,-1.4096240997314453,17
6,0.8751920461654663,27,0.75,-1.068137764930725,1.376784086227417,509.415037171,1.3905,8.494122505187988,0.2543036639690399,6.60377358490566e-08,-1.7459239959716797,0.05,-0.9663927555084229,-1.8841131925582886,1.003184199333191,1747292309.8719637,-2.1384167671203613,28
7,0.541830837726593,28,1.0,-1.1315467357635498,1.0119428634643555,527.633018022,1.2845,7.286411762237549,1.1882609128952026,6.839622641509433e-08,-1.5377202033996582,0.05,-0.9209804534912109,-1.570934534072876,0.9402241706848145,1747292328.0890708,-2.759195566177368,29
8,1.3020644187927246,33,0.25,-1.1036889553070068,1.7564120292663574,760.438625343,1.4985,10.565610885620117,-0.512854814529419,8.018867924528301e-08,-1.5847821235656738,0.06,-1.0769104957580566,-1.8063384294509888,0.9086953401565552,1747292418.4665318,-1.2934834957122803,34
9,1.0500264167785645,41,0.5,-1.1287620067596436,1.4978746175765991,760.449269055,1.3025,6.984726905822754,0.05956152826547623,9.905660377358491e-08,-1.4574154615402222,0.08,-0.9186027646064758,-1.5633559226989746,0.8956963419914246,1747292560.2243767,-1.6229175329208374,42
10,0.9766968488693237,43,0.25,-1.1108025312423706,1.4196646213531494,795.311081957,1.3644,8.88864803314209,-0.009244590997695923,1.0377358490566037e-07,-1.581179141998291,0.08,-0.973970890045166,-1.9208509922027588,0.8859356641769409,1747292595.7687037,-1.9116064310073853,44
11,0.6019409894943237,44,1.0,-1.039201021194458,1.0581409931182861,813.025070347,1.3292,8.052699089050293,0.7465935945510864,1.0613207547169811e-07,-1.5329670906066895,0.09,-0.9011541604995728,-1.6999002695083618,0.91239994764328,1747292613.4817927,-2.4464938640594482,45
12,0.8716760873794556,47,0.5,-1.1630706787109375,1.4386292695999146,865.475041505,1.3828,10.255902290344238,0.22184401750564575,1.1320754716981131e-07,-1.6143977642059326,0.09,-1.0190002918243408,-2.2778608798980713,1.133906364440918,1747292665.9323397,-2.4997048377990723,48
13,1.0089854001998901,48,0.5,-1.1506540775299072,1.5848745107650757,882.637027286,1.3651,10.881783485412598,0.018789142370224,1.1556603773584905e-07,-1.568872332572937,0.09,-1.0005158185958862,-2.129667282104492,1.151778221130371,1747292683.0964057,-2.148456573486328,49
14,0.6968801021575928,52,0.75,-1.0782325267791748,1.182148814201355,954.030045507,1.3999,8.487936973571777,0.6067995429039001,1.25e-07,-1.592861533164978,0.1,-0.9726918339729309,-1.3622393608093262,0.9705374240875244,1747292754.4881492,-1.9690388441085815,53
15,0.7480555772781372,58,0.75,-1.0062196254730225,1.2088944911956787,1062.013026828,1.3915,7.674925327301025,0.48141157627105713,1.391509433962264e-07,-1.5586974620819092,0.11,-0.923978328704834,-1.531813144683838,0.921677827835083,1747292862.4703784,-2.0132248401641846,59
16,0.6248269081115723,60,0.75,-1.1538687944412231,1.081512689590454,1096.633052146,1.1872,8.093450546264648,0.6950874328613281,1.4386792452830188e-07,-1.5988893508911133,0.12,-0.8537652492523193,-1.0245007276535034,0.9133716821670532,1747292897.0930963,-1.7195881605148315,61
17,1.091994047164917,61,0.25,-1.1693792343139648,1.6165897846221924,1114.037043552,1.2764,7.418063640594482,-0.21394240856170654,1.4622641509433962e-07,-1.4930202960968018,0.12,-0.915198564529419,-1.8657753467559814,1.0491914749145508,1747292914.497924,-1.6518330574035645,62
18,0.6641301512718201,64,0.75,-0.9788618087768555,1.0285212993621826,1167.645087661,1.4067,8.607390403747559,0.917365312576294,1.533018867924528e-07,-1.381742238998413,0.12,-0.8948289752006531,-1.0683858394622803,0.7287821769714355,1747292968.1045742,-1.9857509136199951,65
19,0.7957051992416382,67,0.75,-1.1652079820632935,1.366957187652588,1219.768124168,1.4203,9.20084285736084,0.37044912576675415,1.6037735849056602e-07,-1.7038686275482178,0.13,-1.0492208003997803,-2.273775577545166,1.1425038576126099,1747293020.2628036,-2.6442246437072754,68
20,0.520979106426239,73,1.0,-1.0894520282745361,0.973139226436615,1325.848914873,1.37,8.62739086151123,0.9060773849487305,1.7452830188679243e-07,-1.4357857704162598,0.14,-0.9655054211616516,-1.407959222793579,0.904320240020752,1747293126.343448,-2.3140366077423096,74
21,0.7137628793716431,74,0.75,-1.0519386529922485,1.1559786796569824,1343.778037793,1.4638,8.073452949523926,0.5801355838775635,1.7688679245283017e-07,-1.7496669292449951,0.14,-1.0017359256744385,-1.664766550064087,0.8844317197799683,1747293144.2353613,-2.2449021339416504,75
22,0.7082403302192688,77,1.0,-1.1638097763061523,1.2441890239715576,1396.267075393,1.2788,7.843960285186768,0.5774376392364502,1.8396226415094338e-07,-1.3713819980621338,0.15,-0.9213093519210815,-1.3436495065689087,1.071897268295288,1747293196.7233617,-1.9210871458053589,78
23,0.8272581100463867,78,0.5,-1.2914454936981201,1.320425033569336,1413.375040675,1.181,8.486671447753906,0.3335505723953247,1.8632075471698112e-07,-1.4728820323944092,0.15,-0.9462003707885742,-2.0465517044067383,0.9863337874412537,1747293213.8313382,-2.3801021575927734,79
24,0.9428775310516357,85,0.75,-1.1922699213027954,1.54430091381073,1537.329017016,1.1894,8.385889053344727,0.14450743794441223,2.028301886792453e-07,-1.6922327280044556,0.16,-0.8807748556137085,-2.0795092582702637,1.2028467655181885,1747293337.7859082,-2.2240166664123535,86
25,0.8982521295547485,88,0.5,-1.2366032600402832,1.3660765886306763,1590.40504816,1.2769,7.905163288116455,0.37854042649269104,2.0990566037735848e-07,-1.6883269548416138,0.17,-1.00021493434906,-1.9271738529205322,0.9356489181518555,1747293390.8658202,-2.3057143688201904,89
26,1.1091029644012451,94,0.0,-1.1715977191925049,1.6091874837875366,1697.114188403,1.3431,7.310235500335693,-0.2521762251853943,2.240566037735849e-07,-1.6192712783813477,0.18,-1.002487301826477,-2.1277074813842773,1.000169038772583,1747293497.5721016,-1.8755311965942383,95
27,0.6408601999282837,99,1.0,-1.0518468618392944,1.0973433256149292,1786.429069062,1.4134,7.811000347137451,1.0450685024261475,2.3584905660377358e-07,-1.6293492317199707,0.19,-0.9676896333694458,-1.7064549922943115,0.9129663109779358,1747293586.887907,-2.751523494720459,100
28,0.3728489875793457,102,1.0,-1.294324517250061,0.731291651725769,1839.816037108,1.1671,7.891131401062012,1.4451584815979004,2.429245283018868e-07,-1.5788590908050537,0.19,-0.9449760913848877,-1.4149270057678223,0.7168853282928467,1747293640.2760985,-2.8600852489471436,103
29,1.112548589706421,104,0.5,-1.0337272882461548,1.5755914449691772,1876.054177411,1.378,7.57992696762085,-0.19097542762756348,2.476415094339623e-07,-1.8400118350982666,0.2,-0.9312302470207214,-1.7155189514160156,0.9260856509208679,1747293676.5100243,-1.5245435237884521,105
30,0.670538067817688,106,0.5,-1.1800392866134644,1.129044771194458,1911.201773496,1.168,6.903470039367676,0.7946763634681702,2.5235849056603775e-07,-1.4941229820251465,0.2,-0.8685680031776428,-1.3678183555603027,0.9170134663581848,1747293711.6964767,-2.162494659423828,107
31,0.8431407809257507,109,0.75,-1.1196696758270264,1.2641655206680298,1966.117000087,1.3505,7.6724958419799805,0.2727518677711487,2.5943396226415094e-07,-1.534974455833435,0.21,-0.9575034379959106,-1.442535161972046,0.8420494794845581,1747293766.574191,-1.7152869701385498,110
32,0.8058863878250122,119,0.5,-1.1989481449127197,1.2749565839767456,2143.946075741,1.1741,8.605332374572754,0.32353121042251587,2.830188679245283e-07,-1.6533787250518799,0.23,-0.9025541543960571,-1.7160089015960693,0.9381404519081116,1747293944.4039276,-2.0395402908325195,120
33,0.9429957866668701,120,0.5,-1.203385829925537,1.3771950006484985,2161.915046408,1.2661,8.052278518676758,0.06504859030246735,2.8537735849056604e-07,-1.7082475423812866,0.23,-0.9731597304344177,-1.8228211402893066,0.8683983683586121,1747293962.3733494,-1.8878695964813232,121
34,0.8037223815917969,124,1.0,-1.3096824884414673,1.4562957286834717,2368.86573051,1.2989,8.41060733795166,0.29944103956222534,2.94811320754717e-07,-1.7570083141326904,0.24,-1.0310397148132324,-2.3865132331848145,1.3051468133926392,1747294032.9792871,-2.6859543323516846,125
35,0.6211826205253601,133,0.75,-1.231973648071289,1.054944634437561,2391.570503671,1.3792,8.475560188293457,0.7523912191390991,3.1603773584905657e-07,-1.6322109699249268,0.25,-1.0416901111602783,-1.7695790529251099,0.8675240874290466,1747294192.0652213,-2.521970272064209,134
36,0.5116606950759888,136,0.75,-1.0872985124588013,0.94390869140625,2445.59909176,1.3546,9.06009292602539,1.1504100561141968,3.231132075471698e-07,-1.7037303447723389,0.26,-0.9177240133285522,-0.9211010932922363,0.8644959330558777,1747294246.0560234,-2.0715112686157227,137
37,1.0590004920959473,143,0.25,-1.3339462280273438,1.5696971416473389,2569.600151279,1.1587,7.8382110595703125,-0.15720391273498535,3.396226415094339e-07,-1.5025196075439453,0.27,-0.9541177749633789,-1.769713044166565,1.0213932991027832,1747294370.06061,-1.6125091314315796,144
38,0.7391618490219116,147,0.5,-1.315830945968628,1.2931020259857178,2640.292106828,1.2245,8.100836753845215,0.5062031745910645,3.4905660377358486e-07,-1.7138774394989014,0.28,-0.9748420715332031,-1.6056172847747803,1.1078803539276123,1747294440.7483215,-2.111820697784424,148
39,0.872123658657074,149,0.25,-1.2999331951141357,1.3406577110290527,2675.119075451,1.4585,8.835464477539062,0.3862062096595764,3.5377358490566033e-07,-1.8054962158203125,0.28,-1.1664588451385498,-2.0397400856018066,0.9370682239532471,1747294475.5814543,-2.4259462356567383,150
40,1.0529464483261108,150,0.25,-1.2126853466033936,1.5976881980895996,2692.649879616,1.3271,7.826725959777832,-0.15146112442016602,3.561320754716981e-07,-1.5518147945404053,0.29,-1.0105853080749512,-2.3000049591064453,1.089483380317688,1747294493.1445248,-2.1485438346862793,151
41,0.9286335706710815,153,0.75,-1.232324242591858,1.4767742156982422,2745.811074989,1.2947,8.64895248413086,0.4158356189727783,3.632075471698113e-07,-1.6612825393676758,0.29,-0.9924054741859436,-2.3642287254333496,1.0962812900543213,1747294546.268254,-2.780064344406128,154
42,0.6532456278800964,155,0.75,-1.2528643608093262,1.1199859380722046,2780.981881329,1.2598,7.601522922515869,0.6811105012893677,3.6792452830188677e-07,-1.7439016103744507,0.29,-0.9628229141235352,-1.482216238975525,0.9334806799888611,1747294581.4765263,-2.1633267402648926,156
43,0.7007707357406616,157,0.75,-1.3890272378921509,1.12067711353302,2815.906010154,1.2791,8.601839065551758,0.7155119180679321,3.7264150943396224e-07,-1.7656567096710205,0.3,-1.1051208972930908,-1.7596795558929443,0.8398127555847168,1747294616.3637784,-2.475191593170166,158
44,0.5311601161956787,161,0.75,-1.5486247539520264,1.138822078704834,2886.000401893,1.1674,7.660765647888184,1.2227656841278076,3.820754716981132e-07,-1.7109172344207764,0.31,-1.0842015743255615,-1.9518287181854248,1.2153239250183105,1747294686.4951067,-3.1745944023132324,162
45,0.630374550819397,162,0.75,-1.394445776939392,1.2354886531829834,2903.439212876,1.3144,8.682283401489258,0.8137434720993042,3.844339622641509e-07,-1.5943999290466309,0.31,-1.0993077754974365,-1.8254008293151855,1.2102283239364624,1747294703.933914,-2.6391444206237793,163
46,0.35699462890625,167,1.0,-1.631446123123169,0.8200984001159668,2992.987828696,0.9763,6.571849346160889,1.5165250301361084,3.9622641509433963e-07,-1.7391295433044434,0.32,-0.9589605927467346,-1.623707890510559,0.9262075424194336,1747294793.4824889,-3.140232801437378,168
47,0.8651834726333618,170,0.75,-1.4101096391677856,1.300600528717041,3045.779018372,1.1158,7.737377166748047,0.20623281598091125,4.033018867924528e-07,-1.5421265363693237,0.32,-0.9587206840515137,-1.6567068099975586,0.8708339929580688,1747294846.2354722,-1.8629395961761475,171
48,0.6855725049972534,172,0.75,-1.481503963470459,1.2068569660186768,3080.799061236,1.3651,10.320934295654297,0.8462633490562439,4.080188679245283e-07,-1.7560620307922363,0.33,-1.1897096633911133,-2.432645320892334,1.0425689220428467,1747294881.264311,-3.2789087295532227,173
49,0.7173558473587036,174,0.5,-1.256174087524414,1.224389672279358,3116.535051134,1.1869,7.467874050140381,0.6450321674346924,4.127358490566037e-07,-1.7091188430786133,0.33,-0.9093021154403687,-1.6506743431091309,1.0140676498413086,1747294916.9955752,-2.2957065105438232,175
50,0.9122816324234009,180,0.5,-1.5774040222167969,1.4743094444274902,3224.219351931,1.223,8.31895637512207,0.3354942798614502,4.2688679245283016e-07,-1.7886693477630615,0.34,-1.0646586418151855,-1.802825927734375,1.1240557432174683,1747295024.7140708,-2.138319969177246,181
51,0.5547428727149963,193,1.0,-1.5871665477752686,0.9921841621398926,3450.768036213,1.1492,8.19455623626709,1.1310687065124512,4.5754716981132073e-07,-1.8075807094573975,0.37,-1.084038257598877,-1.8981435298919678,0.8748825192451477,1747295251.2263942,-3.02921199798584,194
52,0.5463933348655701,195,0.75,-1.6375715732574463,0.9767601490020752,3486.295080173,1.0478,7.5399250984191895,1.1923828125,4.622641509433962e-07,-1.8171278238296509,0.37,-1.0270332098007202,-1.3102648258209229,0.860733687877655,1747295286.7550938,-2.5026473999023438,196
53,0.9870820045471191,198,0.25,-1.598137617111206,1.4870601892471313,3539.505007307,1.0934,8.975140571594238,0.017968416213989258,4.693396226415094e-07,-1.8792428970336914,0.38,-1.1094372272491455,-2.148947238922119,0.9999563694000244,1747295339.9625204,-2.1669156551361084,199
54,0.5624561309814453,203,0.75,-1.59590482711792,1.148591160774231,3627.117042687,1.237,7.979245662689209,1.139647364616394,4.811320754716981e-07,-1.9922537803649902,0.39,-1.119144082069397,-2.5689704418182373,1.1722700595855713,1747295427.5740175,-3.708617687225342,204
55,0.761465311050415,213,0.75,-1.6152667999267578,1.3964909315109253,3802.266417052,1.2419,10.627035140991211,0.633566677570343,4.994747899159664e-07,-1.7715177536010742,0.4,-1.1475950479507446,-3.1437957286834717,1.2700512409210205,1747295602.7611282,-3.77736234664917,214
56,0.8316158652305603,214,0.75,-1.7489627599716187,1.5194100141525269,3819.991763999,1.2086,8.607645034790039,0.2827521562576294,4.992121848739496e-07,-2.137113094329834,0.41,-1.2493349313735962,-3.0554022789001465,1.375588297843933,1747295620.4865088,-3.3381543159484863,215
57,0.5042160749435425,215,1.0,-1.4847426414489746,0.9806131720542908,3837.215145202,1.3233,9.691781044006348,1.4674580097198486,4.989495798319327e-07,-1.9560563564300537,0.41,-1.132416009902954,-1.7314066886901855,0.9527941942214966,1747295637.6723332,-3.198864698410034,216
58,0.7155076265335083,217,0.5,-1.6831772327423096,1.2001951932907104,3872.752027888,1.1859,10.74852180480957,0.7703346014022827,4.984243697478991e-07,-2.000527858734131,0.41,-1.2099223136901855,-2.2267866134643555,0.9693750739097595,1747295673.2087607,-2.9971210956573486,218
59,0.44034671783447266,225,1.0,-1.6471054553985596,1.0240275859832764,4017.446108778,1.1252,8.687039375305176,1.419914722442627,4.963235294117647e-07,-1.793855905532837,0.43,-1.0606341361999512,-1.757503628730774,1.1673617362976074,1747295817.9021318,-3.1774182319641113,226
60,0.3764053285121918,228,1.0,-1.7383662462234497,0.8689972162246704,4071.454100419,1.0767,10.082857131958008,1.7875251770019531,4.955357142857143e-07,-1.830981731414795,0.43,-1.165440320968628,-2.0120112895965576,0.985183835029602,1747295871.9169133,-3.7995364665985107,229
61,0.8957638740539551,233,0.5,-1.7224154472351074,1.4249851703643799,4160.397055975,1.2011,11.552844047546387,1.0501517057418823,4.942226890756303e-07,-1.8871241807937622,0.44,-1.188388466835022,-2.0321688652038574,1.0584425926208496,1747295960.8557396,-3.0823206901550293,234
62,1.368936538696289,234,0.5,-1.7034194469451904,2.08235502243042,4177.921021772,1.1232,11.474455833435059,-0.515250027179718,4.939600840336134e-07,-1.8953754901885986,0.44,-1.128102421760559,-3.1752395629882812,1.4268369674682617,1747295978.4157014,-2.659989595413208,235
63,0.7480378150939941,236,0.75,-1.653581142425537,1.2358465194702148,4214.559730795,1.1347,8.177994728088379,0.767533540725708,4.934348739495798e-07,-1.7378599643707275,0.45,-1.081343173980713,-1.5635349750518799,0.9756174683570862,1747296015.0543447,-2.331068515777588,237
64,0.6430211067199707,240,0.75,-1.840820550918579,1.2972500324249268,4284.183108168,1.0103,6.497355937957764,0.7770746350288391,4.923844537815126e-07,-1.8072608709335327,0.46,-1.0813100337982178,-2.360405683517456,1.3084577322006226,1747296084.6777165,-3.1374802589416504,241
65,0.7688891291618347,241,0.75,-1.6048521995544434,1.2924251556396484,4302.695378508,1.0892,8.310757637023926,0.3741382360458374,4.921218487394957e-07,-1.847987413406372,0.46,-1.0528217554092407,-1.4899975061416626,1.047071933746338,1747296103.1900787,-1.8641357421875,242
66,0.6639028191566467,242,0.75,-1.6695082187652588,1.1758781671524048,4321.21305863,1.0935,8.254948616027832,0.9182923436164856,4.91859243697479e-07,-2.0644707679748535,0.46,-1.1118885278701782,-2.42496657371521,1.0239506959915161,1747296121.6690466,-3.343258857727051,243
67,0.6114078164100647,247,0.5,-1.5495405197143555,1.0518325567245483,4411.59603766,1.0944,10.482487678527832,1.0527242422103882,4.905462184873949e-07,-1.7868947982788086,0.47,-1.0250505208969116,-1.8453376293182373,0.8808494806289673,1747296212.0557296,-2.898061752319336,248
68,0.9785852432250977,248,0.75,-1.8137688636779785,1.4956942796707153,4601.16332639,1.2293,11.802888870239258,0.037272632122039795,4.902836134453781e-07,-2.1154613494873047,0.47,-1.2279326915740967,-1.966063141822815,1.0342180728912354,1747296230.4047613,-2.003335952758789,249
69,0.29044389724731445,251,1.0,-1.9691290855407715,0.8544980883598328,4601.164105047,1.0532,8.950864791870117,2.8119001388549805,4.894957983193276e-07,-1.8844249248504639,0.48,-1.2487566471099854,-2.067788600921631,1.1281083822250366,1747296283.712381,-4.879688262939453,252
70,0.5238922238349915,259,0.75,-1.9535943269729614,1.052770972251892,4625.04607602,1.0805,10.519755363464355,1.3368077278137207,4.873949579831933e-07,-2.001316547393799,0.49,-1.2917585372924805,-2.79032039642334,1.0577574968338013,1747296425.5050087,-4.1271281242370605,260
71,0.4393090605735779,261,0.75,-1.83571457862854,1.0335474014282227,4659.455785975,1.0859,7.750102996826172,1.640915036201477,4.868697478991597e-07,-1.88242506980896,0.5,-1.163050651550293,-2.6251955032348633,1.1884765625,1747296459.9504752,-4.266110420227051,262
72,0.7474162578582764,265,0.5,-1.9391777515411377,1.310922384262085,4730.53106108,1.1465,10.175057411193848,0.8040268421173096,4.858193277310924e-07,-2.1092448234558105,0.5,-1.2439968585968018,-2.0774447917938232,1.1270121335983276,1747296530.987201,-2.881471633911133,266
73,0.4478414058685303,269,1.0,-1.757660984992981,0.9392470717430115,4800.71206234,1.0338,9.500200271606445,1.3729441165924072,4.847689075630252e-07,-1.9528014659881592,0.51,-1.0951038599014282,-1.8173924684524536,0.9828113317489624,1747296601.168993,-3.1903367042541504,270
74,0.17679253220558167,270,1.0,-1.9877368211746216,0.8349627256393433,4818.06903878,1.0798,10.442816734313965,2.45495343208313,4.845063025210083e-07,-1.9028966426849365,0.51,-1.2301208972930908,-3.2599029541015625,1.3163403272628784,1747296618.525604,-5.714856147766113,271
75,0.5111500024795532,272,0.75,-1.9505298137664795,1.0775057077407837,4854.632393188,1.0633,7.146028995513916,2.121288776397705,4.839810924369747e-07,-1.9018824100494385,0.52,-1.1376709938049316,-2.222809076309204,1.132711410522461,1747296655.1270769,-4.34409761428833,273
76,0.2636032998561859,273,1.0,-1.8362947702407837,0.8565889596939087,4872.206295902,1.139,8.408020973205566,2.07967209815979,4.83718487394958e-07,-2.016796350479126,0.52,-1.1817584037780762,-2.1996898651123047,1.1859712600708008,1747296672.7008924,-4.279361724853516,274
77,0.5218080282211304,274,0.75,-1.8556554317474365,1.0502433776855469,4890.008193749,0.9949,7.8537092208862305,1.5056586265563965,4.834558823529411e-07,-1.9694788455963135,0.52,-1.045128345489502,-2.316789150238037,1.056870698928833,1747296690.4643629,-3.8224477767944336,275
78,0.6546741724014282,279,0.5,-1.803195595741272,0.9189143180847168,4979.432058506,1.151,11.601676940917969,1.3443188667297363,4.821428571428571e-07,-1.9652817249298096,0.53,-1.1883338689804077,-2.6269209384918213,0.5284802913665771,1747296779.8932192,-3.9712398052215576,280
79,0.322780966758728,282,1.0,-1.8809367418289185,0.6622710824012756,5033.921870235,1.086,8.256857872009277,2.8308281898498535,4.813550420168068e-07,-2.0598015785217285,0.53,-1.1523106098175049,-1.596089482307434,0.6789802312850952,1747296834.4165576,-4.426917552947998,283
80,0.5059796571731567,283,0.75,-1.8806949853897095,1.076930284500122,5051.595385776,1.0792,6.837559700012207,1.0502283573150635,4.810924369747899e-07,-2.2106385231018066,0.54,-1.1381574869155884,-2.1418440341949463,1.1419013738632202,1747296852.0900598,-3.1920721530914307,284
81,0.3917940557003021,292,1.0,-2.053499221801758,0.9220846891403198,5209.691045929,1.0726,9.422534942626953,3.9554316997528076,4.787289915966387e-07,-2.0884664058685303,0.55,-1.1586036682128906,-2.2449169158935547,1.0605813264846802,1747297010.1474996,-6.200348854064941,293
82,0.3664044141769409,302,0.75,-1.8961341381072998,0.7753397226333618,5387.453067001,1.2368,9.496435165405273,2.4327094554901123,4.7610294117647054e-07,-1.8785336017608643,0.57,-1.23812997341156,-1.7465215921401978,0.8178706169128418,1747297187.910494,-4.1792311668396,303
83,0.3720739185810089,311,0.75,-2.091787576675415,0.8752855062484741,5630.146592857,1.0116,9.052555084228516,1.7884535789489746,4.737394957983193e-07,-2.0411126613616943,0.59,-1.1401376724243164,-1.2942719459533691,1.0064232349395752,1747297348.5363066,-3.0827255249023438,312
84,0.4268490672111511,316,0.75,-2.2486789226531982,1.0123776197433472,5636.811045219,1.1045,10.21142292022705,2.447232246398926,4.724264705882353e-07,-1.9680904150009155,0.6,-1.2463562488555908,-2.22918438911438,1.171057105064392,1747297437.2682357,-4.676416397094727,317
85,0.5992172956466675,321,1.0,-1.9461126327514648,1.0524544715881348,5725.755376054,1.0072,8.984357833862305,2.0218889713287354,4.7111344537815123e-07,-1.8525208234786987,0.61,-1.1299993991851807,-2.1046783924102783,0.9064744710922241,1747297526.2500753,-4.1265668869018555,322
86,1.036182165145874,324,0.5,-1.874871850013733,1.6858091354370117,5780.807009773,1.0546,10.367223739624023,-0.09594997763633728,4.703256302521008e-07,-2.0164310932159424,0.61,-1.1969122886657715,-2.6212682723999023,1.2992539405822754,1747297581.266494,-2.5253183841705322,325
87,1.1912868022918701,327,0.25,-1.7668976783752441,1.8005127906799316,5834.474231723,1.3515,14.331206321716309,-0.37273767590522766,4.695378151260504e-07,-2.1438026428222656,0.62,-1.2925060987472534,-2.9527792930603027,1.2184520959854126,1747297634.9689088,-2.5800414085388184,328
88,0.32790762186050415,330,1.0,-1.9004687070846558,0.47081148624420166,6065.774652924,0.8554,8.362364768981934,1.980080008506775,4.6874999999999996e-07,-2.0359315872192383,0.63,-1.032470703125,-1.329801321029663,0.2858077585697174,1747297691.964749,-3.3098812103271484,331
89,0.4728851914405823,332,0.75,-1.9896160364151,1.039398431777954,6065.775243597,1.0769,8.395672798156738,1.934798002243042,4.6822478991596634e-07,-1.8610471487045288,0.63,-1.1074398756027222,-1.8432749509811401,1.1330265998840332,1747297728.4159524,-3.7780728340148926,333
90,0.21483099460601807,337,1.0,-1.9896571636199951,0.7415162324905396,6065.837076147,1.0306,9.116087913513184,2.0866470336914062,4.6691176470588235e-07,-2.019197463989258,0.64,-1.2088733911514282,-2.040269374847412,1.053370475769043,1747297818.271478,-4.126916408538818,338
91,0.6618882417678833,340,1.0,-1.8576972484588623,1.1277769804000854,6071.357494711,1.1176,11.617602348327637,0.6764225959777832,4.6612394957983193e-07,-2.3062407970428467,0.64,-1.0842053890228271,-1.9595965147018433,0.9317774176597595,1747297871.8521786,-2.636019229888916,341
92,0.6553055047988892,352,0.75,-1.9630231857299805,1.02333402633667,6437.403004716,1.2536,11.484007835388184,0.6417584419250488,4.6297268907563023e-07,-1.9658006429672241,0.67,-1.3290889263153076,-1.894984245300293,0.7360570430755615,1747298084.743485,-2.536742687225342,353
93,0.32007864117622375,353,1.0,-1.929898977279663,0.785935640335083,6437.403389204,1.0962,9.657758712768555,2.833535671234131,4.627100840336134e-07,-2.0092740058898926,0.67,-1.1037681102752686,-1.5339441299438477,0.9317139983177185,1747298102.4889905,-4.367480278015137,354
94,0.16490688920021057,354,1.0,-1.965376377105713,0.7183808088302612,6437.403764349,1.0065,8.015789985656738,2.6991677284240723,4.624474789915966e-07,-1.693993330001831,0.67,-1.1405951976776123,-2.9289908409118652,1.1069477796554565,1747298120.1566448,-5.6281585693359375,355
95,0.4123181104660034,358,1.0,-2.014556407928467,1.0312741994857788,6437.470015182,1.097,7.989930152893066,1.345435619354248,4.6139705882352943e-07,-1.9765019416809082,0.68,-1.2223494052886963,-2.6217968463897705,1.2379121780395508,1747298190.673588,-3.9672322273254395,359
96,0.5617488622665405,362,1.0,-1.9758285284042358,1.1438257694244385,6462.589219945,1.0943,9.789426803588867,2.290388345718384,4.6034663865546215e-07,-2.1192922592163086,0.69,-1.1658737659454346,-1.533820390701294,1.1641539335250854,1747298263.0839264,-3.8242087364196777,363
97,0.42091473937034607,364,0.75,-1.8117903470993042,0.9718440771102905,6498.176036723,1.1491,8.49794864654541,1.9474525451660156,4.5982142857142853e-07,-2.088759422302246,0.69,-1.1752114295959473,-2.079878568649292,1.1018586158752441,1747298298.6331577,-4.027331352233887,365
98,0.5589756369590759,370,0.5,-2.3069474697113037,1.251598834991455,6603.298205327,0.9982,7.480417251586914,1.3325111865997314,4.582457983193277e-07,-2.394003391265869,0.7,-1.2415292263031006,-2.318272829055786,1.3852462768554688,1747298403.757853,-3.6507840156555176,371
99,0.14448395371437073,375,1.0,-1.9938256740570068,0.48487353324890137,6691.717053626,1.1099,9.085610389709473,3.5648677349090576,4.5693277310924364e-07,-2.1470065116882324,0.71,-1.2207952737808228,-1.7970651388168335,0.6807791590690613,1747298492.1743107,-5.361932754516602,376
100,0.46830952167510986,396,0.75,-1.9310879707336426,0.9915391802787781,7063.043928675,1.1124,9.10103988647461,2.644594669342041,4.514180672268907e-07,-1.8911340236663818,0.75,-1.118040680885315,-1.662686824798584,1.0464593172073364,1747298863.5386097,-4.307281494140625,397
101,0.6030739545822144,398,0.75,-2.0825982093811035,1.1883752346038818,7098.100072781,1.2078,9.512463569641113,0.8445291519165039,4.508928571428571e-07,-2.0298938751220703,0.75,-1.3097784519195557,-2.2247939109802246,1.170602560043335,1747298898.5563612,-3.0693230628967285,399
102,1.1359312534332275,401,0.5,-1.9382336139678955,1.5919522047042847,7150.759163711,1.0146,9.179265022277832,-0.05753433704376221,4.5010504201680673e-07,-1.7999866008758545,0.76,-1.075904369354248,-1.890597939491272,0.912041962146759,1747298951.2538376,-1.8330636024475098,402
103,0.5430265665054321,405,0.75,-2.008251428604126,1.0639383792877197,7220.704028615,1.0807,12.264580726623535,1.3835253715515137,4.490546218487395e-07,-2.1519949436187744,0.77,-1.2325263023376465,-1.9081553220748901,1.0418235063552856,1747299021.1626356,-3.2916808128356934,406
104,0.7043288946151733,406,0.5,-1.9329931735992432,1.311517357826233,7238.594022095,1.0312,8.827998161315918,0.7721736431121826,4.487920168067227e-07,-1.8152003288269043,0.77,-1.1083767414093018,-2.6894307136535645,1.2143769264221191,1747299039.051832,-3.461604118347168,407
105,0.887434184551239,407,0.75,-1.8383100032806396,1.3809280395507812,7256.214414644,1.188,10.537549018859863,0.6505816578865051,4.485294117647059e-07,-2.3299365043640137,0.77,-1.2814383506774902,-2.3251399993896484,0.986987829208374,1747299056.709023,-2.975721597671509,408
106,0.29255837202072144,421,1.0,-2.0221996307373047,0.7354110479354858,7503.728019077,1.0254,13.69089126586914,3.2825093269348145,4.448529411764705e-07,-2.067674160003662,0.8,-1.1453502178192139,-1.7696126699447632,0.885705292224884,1747299304.1881037,-5.052122116088867,422
107,0.14566898345947266,425,1.0,-2.3078808784484863,0.7530940175056458,7574.337555969,1.0059,8.983903884887695,4.351824760437012,4.4380252100840334e-07,-2.180537223815918,0.81,-1.1653727293014526,-2.109945058822632,1.2148500680923462,1747299374.8322318,-6.4617695808410645,426
108,0.14627498388290405,429,1.0,-2.5440187454223633,0.5591518878936768,7645.032067505,0.8302,6.587679862976074,2.842618703842163,4.427521008403361e-07,-2.1452646255493164,0.81,-1.1737935543060303,-1.502791404724121,0.8257538080215454,1747299445.526741,-4.345410346984863,430
109,0.17234684526920319,430,1.0,-2.1819517612457275,0.7487784624099731,7662.683226155,1.0265,11.19813060760498,2.2817492485046387,4.424894957983193e-07,-2.006131410598755,0.81,-1.2766413688659668,-2.7160420417785645,1.1528632640838623,1747299463.1779253,-4.997791290283203,431
110,0.1722758412361145,441,1.0,-2.259746551513672,0.7866276502609253,7859.420005926,0.9143,10.65402603149414,3.7536516189575195,4.396008403361344e-07,-1.955660104751587,0.84,-1.1472883224487305,-2.249241828918457,1.2287036180496216,1747299659.8813148,-6.002893447875977,442
111,0.43559300899505615,444,1.0,-2.158389091491699,0.9292410612106323,7912.425057532,0.8561,6.919232368469238,1.3209831714630127,4.3881302521008403e-07,-1.9724819660186768,0.84,-1.131993293762207,-1.9380364418029785,0.9872960448265076,1747299712.884099,-3.259019613265991,445
112,0.5496774911880493,447,0.75,-2.0349388122558594,1.1410331726074219,7964.791090241,0.9712,10.432181358337402,1.319765567779541,4.380252100840336e-07,-2.08768892288208,0.85,-1.067203164100647,-2.3044424057006836,1.1827114820480347,1747299765.2857912,-3.6242079734802246,448
113,0.14498847723007202,450,1.0,-2.4869706630706787,0.6268956661224365,8019.41900094,0.9217,6.490472793579102,3.4101386070251465,4.372373949579832e-07,-1.8281580209732056,0.85,-1.1886471509933472,-1.9650038480758667,0.9638143181800842,1747299819.875285,-5.375142574310303,451
114,0.3040692210197449,456,1.0,-2.1484408378601074,1.0139901638031006,8124.437029768,1.223,16.70806312561035,2.2101035118103027,4.3566176470588234e-07,-2.329665184020996,0.86,-1.495365023612976,-3.3051278591156006,1.4198417663574219,1747299924.8939428,-5.515231132507324,457
115,0.7828839421272278,457,0.75,-2.4099552631378174,1.2919670343399048,8141.508229448,1.0169,8.840514183044434,1.4969115257263184,4.3539915966386553e-07,-1.9796687364578247,0.87,-1.1164984703063965,-1.79304039478302,1.018166184425354,1747299942.002943,-3.289952039718628,458
116,0.7023526430130005,471,0.5,-2.2687058448791504,1.3114540576934814,8390.899055803,1.0688,8.390358924865723,0.7432781457901001,4.3172268907563027e-07,-2.0472209453582764,0.89,-1.240776538848877,-2.4026987552642822,1.2182029485702515,1747300191.3600473,-3.1459767818450928,472
117,0.4165576696395874,472,1.0,-2.2529478073120117,0.9500021934509277,8408.636065797,1.0405,10.841813087463379,1.9810147285461426,4.3146008403361346e-07,-1.7310417890548706,0.89,-1.1730345487594604,-1.5008114576339722,1.0668890476226807,1747300209.0932233,-3.4818263053894043,473
118,0.38469064235687256,479,1.0,-2.2840347290039062,0.9406779408454895,8531.474928319,0.9876,13.785184860229492,1.7953341007232666,4.2962184873949575e-07,-2.0311355590820312,0.91,-1.235828161239624,-2.4411678314208984,1.1119745969772339,1747300331.9694788,-4.236501693725586,480
119,0.1841726452112198,481,1.0,-2.2533364295959473,0.8116553425788879,8566.239449389,0.9511,7.546031951904297,2.459359884262085,4.2909663865546213e-07,-2.2894320487976074,0.91,-1.231203556060791,-2.698305368423462,1.2549654245376587,1747300366.7341576,-5.157665252685547,482
120,0.6363194584846497,488,0.75,-2.280766487121582,1.1597466468811035,8689.95501234,0.8678,7.1204094886779785,2.0289740562438965,4.2725840336134447e-07,-2.069040298461914,0.92,-1.129289150238037,-2.2737374305725098,1.0468544960021973,1747300490.4118962,-4.302711486816406,489
121,0.7549627423286438,490,0.5,-2.3207647800445557,1.363329291343689,8725.082063177,0.9736,9.980032920837402,1.170792818069458,4.267331932773109e-07,-2.0025596618652344,0.93,-1.1955682039260864,-2.0712366104125977,1.2167330980300903,1747300525.5383968,-3.2420294284820557,491
122,0.41028526425361633,495,1.0,-2.004098415374756,0.9535151720046997,8813.062024639,1.0407,8.731607437133789,3.046241283416748,4.2542016806722687e-07,-2.004034996032715,0.94,-1.0680582523345947,-1.6310415267944336,1.086459755897522,1747300613.520777,-4.67728328704834,496
123,0.24435341358184814,497,1.0,-2.352036714553833,0.821725070476532,8847.907430622,1.1531,13.447752952575684,2.5473532676696777,4.2489495798319325e-07,-2.025515079498291,0.94,-1.3398844003677368,-2.069770574569702,1.1547433137893677,1747300648.4020638,-4.617124080657959,498
124,0.590456485748291,503,0.5,-2.027480125427246,1.1739416122436523,8954.449951996,1.0632,7.8659257888793945,2.086294174194336,4.233193277310924e-07,-2.287137985229492,0.95,-1.1983630657196045,-1.888540267944336,1.1669702529907227,1747300754.9446108,-3.974834442138672,504
125,0.35635802149772644,504,1.0,-1.9304629564285278,0.7848556637763977,8972.599990026,1.0248,8.765557289123535,2.802910089492798,4.230567226890756e-07,-2.136446475982666,0.95,-1.025234341621399,-1.1117258071899414,0.8569952845573425,1747300773.0572343,-3.9146361351013184,505
126,0.5536075830459595,505,1.0,-2.296147108078003,1.132918357849121,8990.252479139,1.0371,11.837547302246094,1.3472506999969482,4.227941176470588e-07,-1.9307069778442383,0.96,-1.3185651302337646,-2.5223045349121094,1.1586216688156128,1747300790.7092931,-3.8695552349090576,506
127,0.2829219102859497,515,1.0,-2.224128484725952,0.7529890537261963,9167.188327635,0.9471,7.470022678375244,2.648787021636963,4.2016806722689076e-07,-1.701134443283081,0.98,-1.0686160326004028,-1.8246455192565918,0.9401342868804932,1747300967.6829994,-4.473432540893555,516
128,0.7760992646217346,522,0.75,-2.1658194065093994,1.5666152238845825,9291.94705039,1.089,9.125450134277344,0.48645415902137756,4.183298319327731e-07,-2.220816135406494,0.99,-1.243239164352417,-2.5132527351379395,1.5810319185256958,1747301092.4074662,-2.999706745147705,523
129,0.7520096302032471,530,0.75,-2.249634265899658,1.335608959197998,9437.746245199,0.9111,8.93342399597168,0.9298161864280701,4.1622899159663863e-07,-2.1875853538513184,1.0,-1.108696699142456,-2.6872777938842773,1.167198657989502,1747301238.2409363,-3.617094039916992,531
130,0.5290905237197876,531,1.0,-2.328113317489624,1.1254703998565674,9455.090051846,0.9542,8.725034713745117,1.136310338973999,4.159663865546218e-07,-2.1661157608032227,1.01,-1.2079005241394043,-2.8320605754852295,1.19275963306427,1747301255.5483265,-3.9683709144592285,532
131,0.24145668745040894,534,1.0,-2.1220672130584717,0.7453063726425171,9507.164761213,0.9731,8.172718048095703,2.605226755142212,4.1517857142857145e-07,-2.016932487487793,1.01,-1.1133347749710083,-2.509002208709717,1.0076993703842163,1747301307.6594334,-5.114229202270508,535
132,0.5573897957801819,539,1.0,-2.3435299396514893,1.08225417137146,9596.756582091,0.9728,6.980403900146484,1.1309233903884888,4.1386554621848736e-07,-1.8594887256622314,1.02,-1.182790994644165,-2.1424129009246826,1.0497287511825562,1747301397.2512546,-3.273336172103882,540
133,0.326287180185318,541,1.0,-2.3154664039611816,0.8369547128677368,9632.753074531,0.9367,8.162370681762695,1.8719842433929443,4.1334033613445374e-07,-2.1245193481445312,1.02,-1.1715056896209717,-2.216562032699585,1.0213351249694824,1747301433.208933,-4.088546276092529,542
134,0.663654625415802,543,0.75,-2.4477791786193848,1.2544792890548706,9668.521059723,0.9959,8.053730964660645,0.6432769298553467,4.1281512605042013e-07,-2.162489891052246,1.03,-1.306480050086975,-3.106245517730713,1.1816493272781372,1747301468.9779644,-3.7495224475860596,544
135,0.4930495619773865,547,0.75,-2.136922836303711,0.9763181209564209,9739.358041429,0.9281,8.41214656829834,1.2096357345581055,4.117647058823529e-07,-1.9620107412338257,1.04,-1.139772653579712,-2.216747760772705,0.9665370583534241,1747301539.8142595,-3.4263834953308105,548
136,0.29095613956451416,548,1.0,-2.2582926750183105,0.7322518229484558,9757.022061991,0.841,6.046113967895508,2.5087428092956543,4.115021008403361e-07,-1.9863286018371582,1.04,-1.095237374305725,-1.6308443546295166,0.8825913667678833,1747301557.4779525,-4.13958740234375,549
137,0.6981269121170044,550,0.75,-2.2417240142822266,1.1214556694030762,9793.029868954,0.8912,8.15925407409668,0.8293187618255615,4.1097689075630247e-07,-1.9386277198791504,1.04,-1.1090415716171265,-1.483731746673584,0.8466575145721436,1747301593.524514,-2.3130505084991455,551
138,0.2873746156692505,553,1.0,-2.113964080810547,0.7621647119522095,9846.021027821,0.9893,9.277419090270996,1.948531150817871,4.1018907563025205e-07,-1.7414523363113403,1.05,-1.1465507745742798,-2.0576844215393066,0.949580192565918,1747301646.4801948,-4.006215572357178,554
139,0.2201204001903534,555,1.0,-2.3804125785827637,0.758243203163147,9881.95063209,0.8847,10.897616386413574,3.082132577896118,4.096638655462185e-07,-2.0252251625061035,1.05,-1.1244876384735107,-2.1922054290771484,1.0762455463409424,1747301682.4453099,-5.2743377685546875,556
140,0.4420991539955139,559,1.0,-2.1840500831604004,0.8903415203094482,9952.2580629,1.0502,11.082849502563477,2.6845502853393555,4.0861344537815125e-07,-2.173823356628418,1.06,-1.1661272048950195,-1.6060467958450317,0.8964847922325134,1747301752.714496,-4.290596961975098,560
141,0.32649558782577515,567,1.0,-2.218126058578491,0.8797968626022339,10096.32155314,0.914,7.720441818237305,1.8695151805877686,4.065126050420168e-07,-1.791678786277771,1.07,-1.1010571718215942,-2.2793030738830566,1.1066025495529175,1747301896.8162303,-4.148818492889404,568
142,0.511276125907898,568,0.75,-2.120400905609131,0.9854966402053833,10114.054053013,1.0176,12.567683219909668,1.3822484016418457,4.0625e-07,-2.1759698390960693,1.08,-1.2138291597366333,-1.6903060674667358,0.9484410881996155,1747301914.5105119,-3.072554349899292,569
143,0.8554949760437012,570,0.5,-2.529508590698242,1.5220450162887573,10148.821031144,0.9018,9.850337982177734,1.2109907865524292,4.0572478991596636e-07,-2.0479960441589355,1.08,-1.1881158351898193,-2.7117156982421875,1.3331000804901123,1747301949.2776778,-3.9227066040039062,571
144,0.4148421585559845,573,0.75,-2.2900431156158447,0.981846809387207,10202.05907534,1.0075,8.622102737426758,2.0974273681640625,4.0493697478991593e-07,-2.2126035690307617,1.09,-1.1506824493408203,-2.09354305267334,1.1340093612670898,1747302002.5164378,-4.190970420837402,574
145,0.17002499103546143,580,1.0,-2.4626479148864746,0.6859681606292725,10325.593039374,1.009,10.865744590759277,5.767322540283203,4.0309873949579833e-07,-1.9776561260223389,1.1,-1.1464791297912598,-1.6077600717544556,1.031886339187622,1747302126.0501375,-7.375082969665527,581
146,0.3033646047115326,589,1.0,-2.380613327026367,0.8599616289138794,10485.710169787,0.8781,9.89632797241211,2.6063098907470703,4.0073529411764706e-07,-2.190305233001709,1.12,-1.1654844284057617,-2.7980380058288574,1.1131939888000488,1747302286.204867,-5.404347896575928,590
147,0.6357329487800598,593,0.5,-2.365658760070801,1.2895492315292358,10557.072435288,1.0706,9.918936729431152,1.844827651977539,3.996848739495798e-07,-2.0249431133270264,1.12,-1.2465145587921143,-2.176945209503174,1.307632565498352,1747302357.56699,-4.021772861480713,594
148,0.20812010765075684,595,1.0,-2.3630881309509277,0.7267703413963318,10592.39803144,0.9154,8.159244537353516,2.6644363403320312,3.991596638655462e-07,-2.088527202606201,1.13,-1.1748028993606567,-2.2484021186828613,1.03730046749115,1747302392.8551173,-4.912838459014893,596
149,0.2741256356239319,600,1.0,-1.9760152101516724,0.6520182490348816,10681.208044674,1.0607,9.289834022521973,3.120161533355713,3.9784663865546217e-07,-2.1139490604400635,1.14,-1.171140193939209,-1.3668380975723267,0.7557852268218994,1747302481.6648269,-4.48699951171875,601
150,0.4736630320549011,601,0.75,-2.2980294227600098,0.865411102771759,10699.040922334,0.893,8.61030101776123,2.634770631790161,3.9758403361344536e-07,-2.178450107574463,1.14,-1.0454858541488647,-1.450537085533142,0.7834961414337158,1747302499.535603,-4.085307598114014,602
151,0.5283094644546509,612,0.75,-2.543360471725464,1.0160801410675049,10896.937075483,1.0742,20.7557373046875,1.17680823802948,3.9469537815126047e-07,-1.8765828609466553,1.16,-1.1565964221954346,-1.5370171070098877,0.9755412936210632,1747302697.39612,-2.7138254642486572,613
152,0.12132036685943604,614,1.0,-2.4751148223876953,0.6711347103118896,10932.725333921,1.0685,9.46850872039795,4.670334815979004,3.9417016806722685e-07,-2.1964774131774902,1.16,-1.3226872682571411,-2.622810125350952,1.0996286869049072,1747302733.2199428,-7.293145179748535,615
153,0.27788490056991577,627,1.0,-2.662996530532837,0.8266420364379883,11162.189032955,0.8694,6.302873611450195,2.5233192443847656,3.907563025210084e-07,-2.170736074447632,1.19,-1.2065606117248535,-2.2552273273468018,1.097514271736145,1747302962.6460469,-4.778546333312988,628
154,0.39945000410079956,630,1.0,-2.143017530441284,0.950945258140564,11216.819172749,0.9407,9.790669441223145,2.2791197299957275,3.8996848739495797e-07,-2.1753993034362793,1.19,-1.0923758745193481,-1.9423210620880127,1.1029905080795288,1747303017.2817028,-4.221440315246582,631
155,0.8927134871482849,635,0.5,-1.878017544746399,1.572295904159546,11304.254078832,1.1475,12.179488182067871,0.2872142195701599,3.8865546218487393e-07,-2.0509676933288574,1.2,-1.223297357559204,-3.094569683074951,1.3591649532318115,1747303104.70955,-3.381783962249756,636
156,0.44109851121902466,636,1.0,-2.549184560775757,0.9488230347633362,11322.10710715,0.9749,8.226646423339844,1.5227463245391846,3.883928571428571e-07,-1.931997299194336,1.2,-1.0781586170196533,-2.0084567070007324,1.015449047088623,1747303122.5679605,-3.531203031539917,637
157,0.7024009823799133,639,0.5,-2.000452995300293,1.2441320419311523,11374.616080389,1.0013,10.478565216064453,1.1450120210647583,3.876050420168067e-07,-1.9919538497924805,1.21,-1.1120328903198242,-2.2584547996520996,1.083462119102478,1747303175.0721107,-3.4034669399261475,640
158,0.7914741039276123,640,0.75,-2.155339241027832,1.4337137937545776,11391.782036855,1.0277,10.241260528564453,0.6702027916908264,3.873424369747899e-07,-1.6461904048919678,1.21,-1.123465657234192,-2.4316139221191406,1.2844793796539307,1747303192.240007,-3.1018166542053223,641
159,0.45109978318214417,643,0.75,-2.025825023651123,0.9633520841598511,11445.843640963,1.0696,9.103362083435059,1.3267256021499634,3.865546218487395e-07,-2.0923633575439453,1.22,-1.1434612274169922,-1.7985460758209229,1.024504542350769,1747303246.3383198,-3.125271797180176,644
160,0.3916446566581726,647,0.75,-2.2379708290100098,0.8830877542495728,11516.069020866,0.9116,9.085805892944336,3.8661983013153076,3.855042016806723e-07,-1.9406788349151611,1.22,-1.1181623935699463,-1.5251483917236328,0.9828861355781555,1747303316.5270498,-5.3913469314575195,648
161,0.09815406054258347,650,1.0,-2.3562817573547363,0.758513867855072,11568.503437095,0.9479,9.91385269165039,3.582740306854248,3.8471638655462186e-07,-1.8262722492218018,1.23,-1.046086311340332,-2.2441048622131348,1.320719599723816,1747303368.9981048,-5.826845169067383,651
162,0.2815822958946228,664,1.0,-2.3807740211486816,0.7343666553497314,11817.171131309,0.9339,11.539960861206055,1.6988688707351685,3.810399159663865e-07,-2.378689765930176,1.26,-1.3302292823791504,-2.0490212440490723,0.9055687785148621,1747303617.635589,-3.7478902339935303,665
163,0.36968207359313965,671,0.75,-2.441197633743286,0.6270809173583984,11940.969046033,0.878,9.474385261535645,2.0650181770324707,3.792016806722689e-07,-2.014481544494629,1.27,-1.153388261795044,-1.641140341758728,0.5147977471351624,1747303741.4247615,-3.706158399581909,672
164,0.1782260239124298,680,1.0,-2.6815574169158936,0.6886532306671143,12100.304992185,0.8017,6.911865234375,4.155056953430176,3.768382352941176e-07,-2.1096413135528564,1.29,-1.0884413719177246,-1.5676628351211548,1.0208544731140137,1747303900.7624507,-5.722720146179199,681
165,0.25632956624031067,684,1.0,-2.2336857318878174,0.7601363658905029,12170.070942138,0.8837,8.555768966674805,1.9840341806411743,3.757878151260504e-07,-1.6772907972335815,1.29,-1.0748158693313599,-1.790353775024414,1.0076136589050293,1747303970.5655687,-3.774387836456299,685
166,0.1822347193956375,689,1.0,-2.4301109313964844,0.6495936512947083,12257.685631148,0.9105,8.31147289276123,4.742279052734375,3.744747899159664e-07,-1.8497037887573242,1.3,-1.1180119514465332,-1.8739900588989258,0.9347178339958191,1747304058.1803565,-6.616269111633301,690
167,0.192134290933609,692,1.0,-2.1825928688049316,0.7527124881744385,12311.077118061,0.9837,8.125344276428223,2.9191861152648926,3.7368697478991597e-07,-2.3631250858306885,1.31,-1.1955490112304688,-2.353090286254883,1.1211564540863037,1747304111.5327444,-5.272276401519775,693
168,0.6829872131347656,698,0.75,-2.558183431625366,1.3360300064086914,12419.330581452,0.9416,15.203886032104492,0.7616197466850281,3.721113445378151e-07,-1.969512939453125,1.32,-1.2103052139282227,-3.0071349143981934,1.306085467338562,1747304219.8253148,-3.768754482269287,699
169,0.43789374828338623,700,1.0,-2.0464136600494385,0.9584680199623108,12455.208053687,0.9747,13.433332443237305,1.4434319734573364,3.715861344537815e-07,-1.9069836139678955,1.33,-1.1260703802108765,-1.8724160194396973,1.0411485433578491,1747304255.6647909,-3.315847873687744,701
170,0.36474913358688354,702,1.0,-2.329458475112915,0.884602963924408,12491.014056272,0.9946,8.294361114501953,2.1954848766326904,3.710609243697479e-07,-2.2117884159088135,1.33,-1.2074894905090332,-2.4024829864501953,1.0397076606750488,1747304291.4704397,-4.597968101501465,703
171,0.40783217549324036,703,0.75,-2.541351318359375,0.9670593738555908,12509.092404327,0.9707,10.120964050292969,2.5849153995513916,3.707983193277311e-07,-2.008270502090454,1.33,-1.2711268663406372,-1.918447494506836,1.1184544563293457,1747304309.5870469,-4.503362655639648,704
172,0.4231632649898529,707,0.75,-2.7328672409057617,0.9698727130889893,12580.233035878,0.8688,7.286698818206787,2.696377754211426,3.6974789915966385e-07,-1.8326966762542725,1.34,-1.180814504623413,-2.1666455268859863,1.093418836593628,1747304380.6918771,-4.86302375793457,708
173,0.438677579164505,709,0.75,-2.3367698192596436,1.028098464012146,12616.189958961,0.8689,10.892437934875488,1.6712019443511963,3.692226890756303e-07,-1.975834608078003,1.34,-1.1091747283935547,-2.0104241371154785,1.1788418292999268,1747304416.6845162,-3.681626319885254,710
174,0.2240285873413086,710,1.0,-2.132744312286377,0.8214418888092041,12633.421039914,0.8249,6.492236137390137,2.024080753326416,3.689600840336135e-07,-1.6207444667816162,1.34,-0.9373518228530884,-2.2224502563476562,1.194826602935791,1747304433.8765936,-4.246530532836914,711
175,0.4309537708759308,716,0.75,-2.304351329803467,0.9429181814193726,12740.296893667,0.9852,7.251936912536621,1.8478047847747803,3.673844537815126e-07,-2.3578238487243652,1.36,-1.1657297611236572,-1.791503667831421,1.0239288806915283,1747304540.7915833,-3.639308452606201,717
176,0.4087846279144287,719,0.75,-2.2672066688537598,1.1580710411071777,12794.211387077,0.9205,7.421919345855713,1.817988634109497,3.6659663865546215e-07,-2.061619281768799,1.36,-1.0840816497802734,-2.349069118499756,1.498572826385498,1747304594.7060866,-4.167057991027832,720
177,0.2900335490703583,721,1.0,-2.404548168182373,0.7708335518836975,12830.180997303,0.8939,7.252642631530762,3.6035006046295166,3.6607142857142853e-07,-2.0807557106018066,1.36,-1.024686574935913,-1.464728593826294,0.9616000056266785,1747304630.675688,-5.0682291984558105,722
178,0.4132891297340393,725,0.75,-2.5120675563812256,0.9612571597099304,12901.642067298,0.8462,8.174768447875977,1.456328272819519,3.650210084033613e-07,-2.2225139141082764,1.37,-1.1760691404342651,-2.3576760292053223,1.0959360599517822,1747304702.1012776,-3.8140041828155518,726
179,0.1865525245666504,729,1.0,-2.738762617111206,0.8976300358772278,12972.77307906,0.7772,9.606535911560059,3.514094829559326,3.6397058823529406e-07,-1.965187430381775,1.38,-1.1053844690322876,-2.54766845703125,1.4221550226211548,1747304773.22994,-6.061763286590576,730
180,0.25018030405044556,730,1.0,-2.8088934421539307,0.7818273901939392,12990.164278152,0.842,9.431723594665527,2.6000826358795166,3.6370798319327726e-07,-2.0547752380371094,1.38,-1.1428850889205933,-2.081902503967285,1.0632941722869873,1747304790.6589122,-4.681984901428223,731
181,1.0274171829223633,750,0.25,-2.1672024726867676,1.8029123544692993,13344.339067287,1.3024,17.899860382080078,0.6780985593795776,3.5845588235294115e-07,-1.946075439453125,1.42,-1.3969495296478271,-4.294918537139893,1.550990343093872,1747305144.7990649,-4.97301721572876,751
182,0.16338881850242615,757,1.0,-2.1828713417053223,0.3184230327606201,13473.232015973,0.9403,10.740461349487305,2.450589656829834,3.5661764705882354e-07,-2.249133825302124,1.43,-1.114838719367981,-2.546509265899658,0.31006839871406555,1747305273.6903048,-4.997098922729492,758
183,0.5222383141517639,762,1.0,-2.6772103309631348,1.1067979335784912,13563.285138982,0.9427,11.106575965881348,1.1530027389526367,3.553046218487395e-07,-2.19472599029541,1.44,-1.267751932144165,-2.831904411315918,1.1691193580627441,1747305363.7425842,-3.984907388687134,763
184,0.168634295463562,767,1.0,-2.278207302093506,0.6816328763961792,13653.481076209,1.0124,9.229482650756836,3.9637372493743896,3.5399159663865546e-07,-2.3497557640075684,1.45,-1.1861283779144287,-2.6148953437805176,1.0259971618652344,1747305453.9373722,-6.578632354736328,768
185,0.8911367654800415,771,0.5,-2.489572048187256,1.408887505531311,13724.179041393,0.8815,8.013689041137695,1.2491419315338135,3.529411764705882e-07,-1.9782752990722656,1.46,-1.0611217021942139,-2.02457857131958,1.035501480102539,1747305524.6425788,-3.2737205028533936,772
186,0.17580872774124146,773,1.0,-2.7889323234558105,0.7050480246543884,13759.23463485,1.0672,11.489870071411133,14.279454231262207,3.524159663865546e-07,-1.818810224533081,1.46,-1.2157717943191528,-1.7149200439453125,1.058478593826294,1747305559.7293203,-15.994373321533203,774
187,0.14568498730659485,774,1.0,-2.515799045562744,0.7390540838241577,13776.840068392,0.7988,8.878213882446289,3.701870918273926,3.521533613445378e-07,-1.9084768295288086,1.47,-1.0868192911148071,-2.114588975906372,1.186738133430481,1747305577.2977555,-5.816459655761719,775
188,0.1954866647720337,775,1.0,-1.9965038299560547,0.6376662850379944,13794.184036714,1.027,18.057289123535156,3.9924240112304688,3.51890756302521e-07,-1.7809313535690308,1.47,-1.1292641162872314,-1.582599401473999,0.8843592405319214,1747305594.641056,-5.575023651123047,776
189,0.05874459445476532,780,1.0,-2.4969239234924316,0.48076605796813965,13882.307140288,0.9431,9.565126419067383,4.959819793701172,3.5057773109243695e-07,-2.105362892150879,1.48,-1.138803243637085,-1.7173967361450195,0.8440428972244263,1747305682.7624257,-6.677216529846191,781
190,0.17512190341949463,788,1.0,-2.7090981006622314,0.8350671529769897,14023.493103902,0.7807,8.49731731414795,4.017979621887207,3.484768907563025e-07,-1.762775182723999,1.49,-1.102583646774292,-2.5087757110595703,1.3198904991149902,1747305823.949123,-6.526754856109619,789
191,0.08851892501115799,789,1.0,-2.3081958293914795,0.6147763729095459,14041.181113671,0.8581,9.810457229614258,4.135608673095703,3.482142857142857e-07,-2.348837375640869,1.49,-1.1037625074386597,-2.240424394607544,1.052514910697937,1747305841.6758075,-6.376033306121826,790
192,0.5629895925521851,793,0.75,-2.5784740447998047,1.0518916845321655,14113.287036925,0.9526,11.872737884521484,2.940652847290039,3.4716386554621844e-07,-2.0349197387695312,1.5,-1.1542471647262573,-2.153623580932617,0.9778041243553162,1747305913.7447186,-5.094276428222656,794
193,0.3000193238258362,797,1.0,-2.474642753601074,0.8095641732215881,14183.974063749,0.9325,9.732182502746582,2.8616549968719482,3.461134453781512e-07,-2.076475143432617,1.51,-1.2595350742340088,-2.587531089782715,1.019089698791504,1747305984.4299874,-5.449185848236084,798
194,0.3375115990638733,806,0.75,-2.3556289672851562,1.0563173294067383,14344.849252999,0.9618,11.145087242126465,2.6341137886047363,3.4375e-07,-2.0768704414367676,1.53,-1.1047483682632446,-3.121553659439087,1.4376115798950195,1747306145.3081326,-5.755667686462402,807
195,0.13352686166763306,809,1.0,-2.5290675163269043,0.6417203545570374,14397.997070569,0.8592,7.669693470001221,3.904045581817627,3.4296218487394957e-07,-2.208162546157837,1.53,-1.1219377517700195,-1.6764411926269531,1.0163869857788086,1747306198.457565,-5.580487251281738,810
196,0.38241827487945557,815,0.75,-2.646156072616577,0.8412918448448181,14503.532101478,0.8356,11.374348640441895,2.99733829498291,3.413865546218487e-07,-2.0409750938415527,1.54,-1.107339859008789,-2.1748461723327637,0.9177471399307251,1747306303.9877834,-5.172183990478516,816
197,0.40856653451919556,823,1.0,-2.36456561088562,0.8796955347061157,14644.739102158,0.7937,9.997178077697754,1.5637855529785156,3.392857142857143e-07,-1.7940058708190918,1.56,-1.003730058670044,-1.6480622291564941,0.9422580599784851,1747306445.198447,-3.211848020553589,824
198,0.29077261686325073,826,0.75,-2.721072196960449,0.9632551670074463,14697.332054679,0.8404,8.541878700256348,5.709225177764893,3.384978991596639e-07,-1.8839324712753296,1.56,-1.0676863193511963,-2.5773587226867676,1.3449651002883911,1747306497.7890446,-8.28658390045166,827
199,0.3233698606491089,830,0.75,-2.2191579341888428,0.7618090510368347,14766.207066756,0.8397,9.394756317138672,2.7357094287872314,3.3744747899159665e-07,-2.0301592350006104,1.57,-1.050272822380066,-1.8764278888702393,0.8768783807754517,1747306566.6683183,-4.612137794494629,831
200,0.3363690674304962,839,1.0,-2.148794174194336,0.9631140232086182,14926.814273969,0.9999,14.187359809875488,2.7034778594970703,3.350840336134453e-07,-1.9006123542785645,1.59,-1.093127727508545,-2.1957225799560547,1.2534898519515991,1747306727.308927,-4.899200439453125,840
201,0.3750331997871399,841,1.0,-2.1083168983459473,0.9018487930297852,14961.826458861,0.9408,7.237089157104492,1.9315729141235352,3.345588235294117e-07,-1.793832540512085,1.59,-1.0257418155670166,-1.8901300430297852,1.0536311864852905,1747306762.3211384,-3.8217029571533203,842
202,0.5938430428504944,846,0.75,-2.102539539337158,1.1901763677597046,15051.095007439,0.9932,15.111337661743164,1.0942326784133911,3.332457983193277e-07,-2.01037335395813,1.6,-1.1448025703430176,-2.7974510192871094,1.1926666498184204,1747306851.5895467,-3.89168381690979,847
203,0.2119463086128235,858,1.0,-2.6126081943511963,0.8077203631401062,15261.732623377,0.8625,12.766475677490234,3.1752614974975586,3.30094537815126e-07,-1.9579066038131714,1.62,-1.152105450630188,-2.4982199668884277,1.1915481090545654,1747307062.2269094,-5.673480987548828,859
204,0.1268640011548996,863,1.0,-2.41886043548584,0.6632292866706848,15350.996591759,0.7433,8.223594665527344,4.300771713256836,3.28781512605042e-07,-2.0201103687286377,1.63,-0.9673915505409241,-2.0039453506469727,1.072730541229248,1747307151.491296,-6.304717063903809,864
205,0.47736233472824097,865,1.0,-2.6889562606811523,1.1557015180587769,15386.280018429,0.8993,12.374149322509766,1.6116585731506348,3.282563025210084e-07,-1.9946932792663574,1.64,-1.2132610082626343,-3.001011848449707,1.3566783666610718,1747307186.737522,-4.6126708984375,866
206,0.3923705220222473,872,1.0,-2.351881742477417,0.9715542197227478,15509.165045458,0.828,7.908277988433838,1.264322280883789,3.2641806722689075e-07,-1.7296624183654785,1.65,-1.0486857891082764,-2.1552734375,1.158367395401001,1747307309.6246405,-3.419595718383789,873
207,0.3737379312515259,876,1.0,-2.264467716217041,0.9543768167495728,15581.119022022,0.8371,10.747676849365234,2.053976535797119,3.253676470588235e-07,-2.0117383003234863,1.66,-0.9413480758666992,-2.22353458404541,1.1612777709960938,1747307381.5764294,-4.277511119842529,877
208,0.3790755867958069,880,0.75,-2.7800378799438477,0.9076727628707886,15651.243174666,0.7172,7.284528732299805,2.3353052139282227,3.243172268907563e-07,-1.9725111722946167,1.67,-0.9667627811431885,-2.6562395095825195,1.0571943521499634,1747307451.7379026,-4.991544723510742,881
209,0.7969814538955688,882,0.5,-2.5764083862304688,1.3875540494918823,15686.032045515,0.9724,17.789945602416992,1.3117918968200684,3.2379201680672267e-07,-2.037598133087158,1.67,-1.228480577468872,-2.758793354034424,1.181145191192627,1747307486.488514,-4.070585250854492,883
210,0.6005508899688721,893,1.0,-2.2814764976501465,1.1421620845794678,15879.185083566,0.9016,9.33021354675293,1.795533537864685,3.2090336134453784e-07,-2.155168294906616,1.69,-1.0636076927185059,-2.2217087745666504,1.0832222700119019,1747307679.6417248,-4.017242431640625,894
211,0.3742619752883911,894,0.75,-2.4747180938720703,1.0326615571975708,15896.719043464,0.9843,19.097423553466797,2.242109775543213,3.2064075630252103e-07,-1.9821531772613525,1.69,-1.0787818431854248,-2.1656453609466553,1.3167991638183594,1747307697.1795003,-4.407754898071289,895
212,0.35339975357055664,900,1.0,-2.6589860916137695,0.8177928924560547,16003.200037857,0.7744,7.840234756469727,1.9120606184005737,3.190651260504201e-07,-2.1960229873657227,1.7,-1.148975133895874,-2.748231887817383,0.9287862777709961,1747307803.655885,-4.660292625427246,901
213,0.22730684280395508,916,1.0,-2.191495418548584,0.7247195243835449,16286.447012674,0.8865,9.079340934753418,3.2582101821899414,3.1486344537815125e-07,-2.3527982234954834,1.73,-1.0546057224273682,-2.0164644718170166,0.9948253035545349,1747308086.9078045,-5.274674415588379,917
214,2.0561227798461914,918,0.75,-2.3742990493774414,2.8468217849731445,16322.231842658,1.1971,17.48173713684082,0.30489879846572876,3.1433823529411763e-07,-2.219282627105713,1.74,-1.3705998659133911,-4.630793571472168,1.5813981294631958,1747308122.726488,-4.935692310333252,919
215,0.29365110397338867,921,1.0,-2.7463788986206055,0.9272313117980957,16375.821045306,0.8511,9.555984497070312,3.8519811630249023,3.135504201680672e-07,-1.8503786325454712,1.74,-1.1340867280960083,-1.9906762838363647,1.267160415649414,1747308176.2775705,-5.842657089233398,922
216,0.5192300081253052,922,1.0,-2.130634307861328,1.0760111808776855,16393.137044967,1.0119,9.642520904541016,1.2743024826049805,3.132878151260504e-07,-2.1863205432891846,1.74,-1.187309741973877,-1.7722707986831665,1.1135624647140503,1747308193.5929117,-3.0465731620788574,923
217,0.46651333570480347,930,0.75,-2.539505958557129,0.9501569867134094,16535.105115236,0.9652,14.467118263244629,5.037202835083008,3.1118697478991593e-07,-2.200596332550049,1.76,-1.1544548273086548,-2.4831645488739014,0.9672873020172119,1747308335.5610228,-7.520367622375488,931
218,0.49391481280326843,932,0.75,-2.313389539718628,0.9740889072418213,16570.56310211,0.9896,19.076641082763672,2.421298027038574,3.1066176470588237e-07,-2.2028186321258545,1.76,-1.2222919464111328,-2.792734146118164,0.9603481888771057,1747308371.018878,-5.214032173156738,933
219,0.2962494194507599,938,1.0,-2.45969295501709,0.702872633934021,16678.245073402,0.7865,9.136490821838379,2.759610652923584,3.090861344537815e-07,-1.741461157798767,1.78,-0.8650726079940796,-0.8915928602218628,0.813246488571167,1747308478.7025065,-3.6512036323547363,939
220,0.21816840767860413,941,1.0,-2.738243579864502,0.7872642278671265,16731.985364117,0.7632,8.477972030639648,2.44193959236145,3.082983193277311e-07,-1.9210526943206787,1.78,-1.0016824007034302,-1.4248082637786865,1.1381915807724,1747308532.4800103,-3.8667478561401367,942
221,0.4159467816352844,942,0.75,-2.617593765258789,0.9683303833007812,16749.995036552,0.8829,11.511604309082031,3.5308520793914795,3.080357142857143e-07,-1.921525478363037,1.78,-1.125420093536377,-2.5959510803222656,1.1047672033309937,1747308550.4534943,-6.126803398132324,943
222,1.103330373764038,946,0.5,-2.2078185081481934,1.6364641189575195,16820.891441244,1.0405,13.698655128479004,-0.17848505079746246,3.0698529411764705e-07,-2.0291595458984375,1.79,-1.126866102218628,-1.8696339130401611,1.0662673711776733,1747308621.3860953,-1.6911488771438599,947
223,0.4829011559486389,948,0.75,-2.849130392074585,1.0057193040847778,16857.250099534,0.9163,20.168149948120117,3.5561628341674805,3.0646008403361344e-07,-2.278977632522583,1.79,-1.3479909896850586,-2.455075979232788,1.0456362962722778,1747308657.7065883,-6.011239051818848,949
224,0.20680567622184753,956,1.0,-2.5472657680511475,0.8014938831329346,16996.756863249,1.1012,12.067090034484863,3.4207398891448975,3.0435924369747897e-07,-2.0760583877563477,1.81,-1.1680324077606201,-2.2276110649108887,1.1893764734268188,1747308797.2515662,-5.648351192474365,957
225,0.31096673011779785,965,1.0,-2.5344150066375732,0.7275537252426147,17155.968067221,0.8728,7.025643348693848,2.642287254333496,3.019957983193277e-07,-2.2822275161743164,1.83,-1.1584599018096924,-1.3611931800842285,0.833173930644989,1747308956.4251924,-4.003480434417725,966
226,0.6816069483757019,974,0.75,-2.373821258544922,1.2742254734039307,17315.301639377,0.9624,9.472535133361816,1.5215966701507568,2.996323529411764e-07,-2.2976903915405273,1.84,-1.1741915941238403,-2.8214030265808105,1.1852370500564575,1747309115.7961469,-4.342999458312988,975
227,0.18909326195716858,977,1.0,-2.254415512084961,0.7880381345748901,17369.046049794,0.946,9.744648933410645,2.4876952171325684,2.9884453781512605e-07,-2.1738672256469727,1.85,-1.1778671741485596,-2.662468910217285,1.1978896856307983,1747309169.502833,-5.1501641273498535,978
228,0.46586278080940247,980,1.0,-2.237114191055298,0.9077447652816772,17421.842751344,0.8424,13.922622680664062,1.378388524055481,2.9805672268907563e-07,-1.983087182044983,1.85,-1.009783387184143,-1.704688549041748,0.8837640285491943,1747309222.3374581,-3.0830769538879395,981
229,0.22550350427627563,981,1.0,-2.6540253162384033,0.7205119132995605,17440.009038753,0.8778,11.813679695129395,3.582014799118042,2.977941176470588e-07,-2.2652788162231445,1.86,-1.1822631359100342,-1.7594116926193237,0.990016758441925,1747309240.4663806,-5.341426849365234,982
230,0.35001039505004883,985,1.0,-2.3060193061828613,0.9168887734413147,17510.989031001,0.9549,28.526639938354492,2.175520896911621,2.967436974789916e-07,-1.9661308526992798,1.86,-1.127598524093628,-1.5257701873779297,1.1337567567825317,1747309311.44542,-3.701291084289551,986
231,0.2101137787103653,986,1.0,-2.4252405166625977,0.6751186847686768,17529.284185133,0.908,10.40390682220459,3.042266607284546,2.964810924369748e-07,-1.9936764240264893,1.87,-1.159275770187378,-1.9117703437805176,0.9300097823143005,1747309329.741662,-4.954036712646484,987
232,0.523697555065155,992,1.0,-2.376638412475586,1.063838005065918,17635.794071617,1.0491,12.452917098999023,0.9171669483184814,2.9490546218487393e-07,-2.167943000793457,1.88,-1.1924388408660889,-1.8743454217910767,1.0802810192108154,1747309436.250898,-2.7915124893188477,993
233,0.4264425039291382,994,1.0,-2.4478917121887207,0.9470984935760498,17671.996912995,0.8572,7.2386579513549805,4.8567891120910645,2.943802521008403e-07,-1.9682071208953857,1.88,-1.0280011892318726,-1.6200462579727173,1.0413119792938232,1747309472.4916487,-6.476835250854492,995
234,0.13953886926174164,995,1.0,-2.483941078186035,0.7773779034614563,17689.164037411,0.854,14.567819595336914,3.094481945037842,2.941176470588235e-07,-1.9461419582366943,1.88,-1.0615097284317017,-2.152048110961914,1.275678038597107,1747309489.6203249,-5.246530532836914,996
235,0.06635745614767075,997,1.0,-2.7924094200134277,0.614625096321106,17907.890479146,0.7749,6.784643650054932,3.455913543701172,2.9359243697478994e-07,-2.118741512298584,1.89,-1.159199833869934,-2.589745044708252,1.096535325050354,1747309524.7163103,-6.045658588409424,998
236,0.3597179055213928,1000,1.0,-2.630601644515991,1.1823325157165527,17907.891556606,0.9941,15.76967716217041,3.105396032333374,2.928046218487395e-07,-2.2244882583618164,1.89,-1.292320966720581,-3.2153587341308594,1.6452293395996094,1747309577.6764698,-6.3207550048828125,1001
237,1.2857295274734497,1004,0.75,-2.520468235015869,2.0586137771606445,17907.952842911,1.1321,12.539705276489258,0.616205096244812,2.917542016806723e-07,-2.3596038818359375,1.9,-1.365337610244751,-4.969115257263184,1.5457686185836792,1747309648.146611,-5.585320472717285,1005
238,0.3976563811302185,1015,1.0,-2.334929943084717,1.0558183193206787,18042.336046493,1.0018,8.72108268737793,2.343839645385742,2.8886554621848734e-07,-2.0477957725524902,1.92,-1.2603782415390015,-2.2957210540771484,1.3163238763809204,1747309842.792396,-4.639560699462891,1016
239,0.47338539361953735,1017,0.75,-2.6036744117736816,1.1616199016571045,18076.662069576,0.9969,14.56834602355957,2.598771095275879,2.883403361344537e-07,-2.027905225753784,1.92,-1.2683463096618652,-3.3301124572753906,1.3764691352844238,1747309877.1191037,-5.9288835525512695,1018
240,1.0771616697311401,1018,0.25,-2.48452091217041,1.6905180215835571,18094.306696624,0.9955,9.141551971435547,1.5163575410842896,2.880777310924369e-07,-2.0155227184295654,1.93,-1.0883556604385376,-2.379680633544922,1.226712703704834,1747309894.801433,-3.8960378170013428,1019
241,0.19125021994113922,1019,1.0,-2.5582926273345947,0.7035999298095703,18111.78303529,0.7939,11.749715805053711,4.573880195617676,2.878151260504201e-07,-2.3791370391845703,1.93,-1.0917298793792725,-2.3401217460632324,1.0246994495391846,1747309912.2408113,-6.914001941680908,1020
242,0.779013991355896,1020,0.75,-1.9861561059951782,1.3034462928771973,18130.440025516,0.957,10.092554092407227,0.3738775849342346,2.8755252100840335e-07,-1.8027675151824951,1.93,-1.0537227392196655,-2.0897083282470703,1.048864722251892,1747309930.8977141,-2.46358585357666,1021
243,0.6353956460952759,1031,0.75,-2.2765746116638184,1.1767070293426514,18324.497027075,0.9003,13.821073532104492,0.7312585115432739,2.8466386554621846e-07,-2.581531047821045,1.95,-1.11423921585083,-2.1155903339385986,1.0826228857040405,1747310124.9563427,-2.846848964691162,1032
244,0.23917455971240997,1032,1.0,-2.161146879196167,0.8014307618141174,18343.352027626,0.9187,11.862028121948242,1.931657314300537,2.8440126050420165e-07,-1.912534236907959,1.95,-1.115950584411621,-1.5236095190048218,1.1245124340057373,1747310143.807808,-3.4552669525146484,1033
245,0.5605930685997009,1035,0.75,-2.9943792819976807,0.9748480319976807,18397.138581567,0.7741,9.903834342956543,2.4996683597564697,2.8361344537815123e-07,-2.404405117034912,1.96,-1.053938627243042,-1.9785696268081665,0.8285099864006042,1747310197.633356,-4.478238105773926,1036
246,0.21680638194084167,1038,1.0,-2.6759021282196045,0.817865252494812,18449.430013333,0.8624,8.969768524169922,3.1439013481140137,2.828256302521008e-07,-1.850858449935913,1.96,-1.2123587131500244,-2.266679525375366,1.2021178007125854,1747310249.8882713,-5.410581111907959,1039
247,0.16451537609100342,1040,1.0,-2.6526198387145996,0.7314942479133606,18485.796964819,0.8031,8.813156127929688,3.600414276123047,2.823004201680672e-07,-2.190127372741699,1.97,-1.141036033630371,-2.1262731552124023,1.1339577436447144,1747310286.2916462,-5.726687431335449,1041
248,0.446588933467865,1041,1.0,-2.833200693130493,0.9394396543502808,18504.011039758,0.8556,9.038372039794922,2.5634617805480957,2.820378151260504e-07,-2.18566632270813,1.97,-1.2196311950683594,-1.942570447921753,0.9857015013694763,1747310304.4683104,-4.5060319900512695,1042
249,0.20469802618026733,1042,1.0,-2.847015619277954,0.7815436720848083,18521.222009233,0.8489,9.684045791625977,4.499560356140137,2.817752100840336e-07,-2.19238018989563,1.97,-1.1725143194198608,-1.6385293006896973,1.153691291809082,1747310321.6787324,-6.138089179992676,1043
250,0.19552013278007507,1050,1.0,-2.20143985748291,0.6864535808563232,18664.770989646,1.0278,10.521737098693848,2.5893077850341797,2.7967436974789916e-07,-2.377406597137451,1.99,-1.259304165840149,-2.566801071166992,0.9818668365478516,1747310465.2656896,-5.156108856201172,1051
251,0.6810320615768433,1053,0.75,-2.415863513946533,1.1534864902496338,18718.16306673,0.8607,9.794340133666992,0.6741224527359009,2.7888655462184873e-07,-1.9802687168121338,1.99,-1.027353048324585,-1.3439393043518066,0.9449087977409363,1747310518.6200957,-2.018061637878418,1054
252,0.16373616456985474,1058,1.0,-2.504741907119751,0.6303149461746216,18812.737103869,0.8401,9.57720947265625,3.574185371398926,2.775735294117647e-07,-2.2939610481262207,2.0,-1.1670640707015991,-2.0724892616271973,0.9331575036048889,1747310613.1982057,-5.646674156188965,1059
253,0.10628025978803635,1059,1.0,-2.9031667709350586,0.6730439066886902,18830.853204545,0.9061,9.589925765991211,2.817136526107788,2.773109243697479e-07,-2.151054859161377,2.0,-1.3742432594299316,-3.1547889709472656,1.1335272789001465,1747310631.312358,-5.971925735473633,1060
254,0.15132762491703033,1068,1.0,-2.870966911315918,0.5937803983688354,18992.727088467,0.7726,5.690809726715088,2.7737841606140137,2.7494747899159666e-07,-2.2783725261688232,2.02,-1.2178353071212769,-1.619152545928955,0.8849055767059326,1747310793.1832356,-4.392936706542969,1069
255,0.26234930753707886,1076,1.0,-2.949096441268921,0.812364399433136,19133.291083088,0.7692,10.354950904846191,3.0758614540100098,2.7284663865546214e-07,-1.8626141548156738,2.04,-1.0931017398834229,-2.095871686935425,1.1000301837921143,1747310933.7503285,-5.171733379364014,1077
256,0.3065939247608185,1082,1.0,-2.6289095878601074,0.9324418306350708,19238.906126549,0.8449,8.086496353149414,2.677229404449463,2.712710084033613e-07,-2.355923652648926,2.05,-1.0564502477645874,-2.937403917312622,1.2516958713531494,1747311039.3645296,-5.614633560180664,1083
257,0.40541478991508484,1083,0.75,-2.5546250343322754,0.8908756375312805,19256.620041711,0.8071,6.4210309982299805,1.8689754009246826,2.710084033613445e-07,-1.7747852802276611,2.05,-0.9650258421897888,-1.7103477716445923,0.9709216952323914,1747311057.0764647,-3.5793228149414062,1084
258,0.19917075335979462,1087,1.0,-2.770127773284912,0.781304121017456,19327.213110656,0.7745,11.925437927246094,3.347672462463379,2.699579831932773e-07,-2.3106741905212402,2.06,-1.0951459407806396,-3.2279510498046875,1.1642667055130005,1747311127.7074049,-6.575623035430908,1088
259,0.17247168719768524,1091,1.0,-2.112265110015869,0.5001365542411804,19399.556074678,0.97,10.75604248046875,3.894230604171753,2.689075630252101e-07,-2.3211264610290527,2.06,-1.1005046367645264,-1.0435206890106201,0.6553297638893127,1747311200.0158684,-4.937751293182373,1092
260,0.6411361694335938,1093,0.75,-2.579080581665039,1.1348203420639038,19435.17409196,0.8251,7.151261329650879,0.9224903583526611,2.6838235294117646e-07,-1.9576107263565063,2.07,-1.1509952545166016,-2.328935146331787,0.9873682856559753,1747311235.631836,-3.2514255046844482,1094
261,0.21576081216335297,1099,1.0,-2.968395709991455,0.7375389933586121,19543.345029286,0.7645,15.554917335510254,2.5913257598876953,2.668067226890756e-07,-2.250092029571533,2.08,-1.1947312355041504,-2.3729519844055176,1.0435563325881958,1747311343.8018365,-4.964277267456055,1100
262,0.40548965334892273,1103,1.0,-2.423366069793701,1.062840223312378,19613.420052257,0.9543,17.888261795043945,2.334092140197754,2.657563025210084e-07,-2.1163952350616455,2.09,-1.3137208223342896,-3.402754783630371,1.3147010803222656,1747311413.878382,-5.736846923828125,1104
263,0.3233959972858429,1106,0.75,-2.3565311431884766,0.9475150108337402,19666.142058423,0.8203,7.97330379486084,2.434724807739258,2.6496848739495795e-07,-2.0837693214416504,2.09,-1.042224645614624,-2.5652334690093994,1.24823796749115,1747311466.5981922,-4.999958038330078,1107
264,0.15655028820037842,1107,1.0,-2.6017613410949707,0.5967308878898621,19683.789903343,0.786,10.854218482971191,3.2572832107543945,2.6470588235294114e-07,-1.889231562614441,2.09,-1.0393948554992676,-1.5590713024139404,0.8803611993789673,1747311484.2845254,-4.816354751586914,1108
265,0.19875413179397583,1114,1.0,-2.3042640686035156,0.6410804986953735,19809.746064988,0.9488,9.089584350585938,4.896340370178223,2.6286764705882354e-07,-1.7352104187011719,2.11,-1.0248260498046875,-1.4566683769226074,0.8846527934074402,1747311610.2029421,-6.353009223937988,1115
266,0.18716199696063995,1115,1.0,-2.7820658683776855,0.7830141186714172,19826.862044779,0.9415,34.790496826171875,6.753365516662598,2.6260504201680673e-07,-1.8789277076721191,2.11,-1.234680414199829,-2.2736921310424805,1.191704273223877,1747311627.3210778,-9.027057647705078,1116
267,0.2360645830631256,1118,1.0,-2.1462531089782715,0.7995381355285645,19880.274143655,0.9118,7.809921741485596,3.3596599102020264,2.618172268907563e-07,-1.891170620918274,2.12,-1.0583395957946777,-2.1698358058929443,1.1269471645355225,1747311680.7322216,-5.529495716094971,1119
268,0.21189886331558228,1119,1.0,-2.500981569290161,0.7082604765892029,19897.806542577,0.8783,10.408588409423828,2.579296350479126,2.615546218487395e-07,-2.125308036804199,2.12,-1.20588219165802,-3.2184531688690186,0.9927232265472412,1747311698.3012292,-5.7977495193481445,1120
269,0.9214686155319214,1123,0.75,-2.5520272254943848,1.3218929767608643,19969.018049988,0.9107,9.91150951385498,1.9371994733810425,2.6050420168067226e-07,-1.9834582805633545,2.12,-1.1025028228759766,-1.9998513460159302,0.8008486032485962,1747311769.4792504,-3.9370508193969727,1124
270,0.4361360967159271,1125,1.0,-2.6924164295196533,0.8425335884094238,20005.159061344,0.845,16.087980270385742,3.6757214069366455,2.5997899159663865e-07,-2.3371496200561523,2.13,-1.178009271621704,-2.0710389614105225,0.8127949237823486,1747311805.617897,-5.746760368347168,1126
271,0.4083198308944702,1132,0.75,-2.6823062896728516,0.8986142873764038,20131.759069014,0.887,7.5984086990356445,2.1603665351867676,2.5814075630252104e-07,-2.192686080932617,2.14,-1.2285878658294678,-1.9372743368148804,0.980588972568512,1747311932.2215726,-4.0976409912109375,1133
272,0.6093674898147583,1133,0.75,-2.918863296508789,1.1383466720581055,20149.378042911,0.8924,17.349990844726562,1.8212281465530396,2.5787815126050424e-07,-2.1687841415405273,2.14,-1.1526179313659668,-3.024085760116577,1.0579582452774048,1747311949.8429859,-4.845314025878906,1134
273,0.0868849903345108,1136,1.0,-2.7827768325805664,0.6484936475753784,20202.594087039,0.7814,11.60397720336914,4.990120887756348,2.5709033613445376e-07,-1.9911561012268066,2.15,-1.1340038776397705,-2.6609816551208496,1.1232173442840576,1747312003.0504167,-7.651102542877197,1137
274,0.10034365206956863,1139,1.0,-2.6118807792663574,0.5927878618240356,20255.496809977,0.7816,15.473770141601562,4.291786193847656,2.5630252100840333e-07,-1.8182681798934937,2.16,-1.0775606632232666,-2.6313605308532715,0.9848883748054504,1747312055.991497,-6.923147201538086,1140
275,0.4160037636756897,1145,0.75,-2.685560941696167,1.114141821861267,20366.692072654,0.9062,9.317693710327148,1.8373771905899048,2.547268907563025e-07,-2.1293396949768066,2.17,-1.176329255104065,-2.5836877822875977,1.3962761163711548,1747312167.1491797,-4.421065330505371,1146
276,0.0994672030210495,1162,1.0,-2.809704303741455,0.6634204983711243,20668.046059765,0.8415,12.166548728942871,3.005093812942505,2.502626050420168e-07,-2.336341381072998,2.2,-1.1144859790802002,-2.353192090988159,1.1279065608978271,1747312468.5034604,-5.358285903930664,1163
277,0.30402690172195435,1164,0.75,-2.8854637145996094,0.7503563761711121,20703.733057915,0.8004,13.819662094116211,5.422151565551758,2.497373949579832e-07,-1.7727266550064087,2.2,-1.0447008609771729,-1.7958086729049683,0.8926589488983154,1747312504.1891735,-7.217960357666016,1165
278,0.2228080928325653,1165,1.0,-3.1005988121032715,0.7955722808837891,20721.12803794,0.7963,9.13949966430664,3.895474910736084,2.4947478991596637e-07,-2.0269181728363037,2.2,-1.129688024520874,-2.2080321311950684,1.1455283164978027,1747312521.5869622,-6.103507041931152,1166
279,0.103032685816288,1171,1.0,-2.980459690093994,0.7137183547019958,20827.4986907,0.7289,7.98159646987915,3.7933897972106934,2.478991596638655e-07,-2.1373772621154785,2.22,-1.026745319366455,-1.9804465770721436,1.2213712930679321,1747312627.9933379,-5.773836135864258,1172
280,0.24363155663013458,1172,1.0,-2.6609275341033936,0.7169339060783386,20845.376630649,0.8195,11.778018951416016,3.6464662551879883,2.476365546218487e-07,-1.8188958168029785,2.22,-1.1602495908737183,-1.6537246704101562,0.9466046690940857,1747312645.8713145,-5.3001909255981445,1173
281,0.37398287653923035,1173,1.0,-2.6658058166503906,1.1993733644485474,20862.537068782,0.8877,9.079233169555664,1.3126847743988037,2.473739495798319e-07,-2.158057689666748,2.22,-1.241223692893982,-4.02595329284668,1.6507809162139893,1747312662.9934292,-5.3386383056640625,1174
282,0.4270719885826111,1181,1.0,-2.7741360664367676,1.1082565784454346,21004.215208695,0.7544,14.908019065856934,2.4593284130096436,2.4527310924369744e-07,-2.109400987625122,2.23,-1.1844128370285034,-4.002127170562744,1.3623690605163574,1747312804.6718097,-6.461455821990967,1182
283,0.2751176357269287,1182,1.0,-3.1205742359161377,0.86565762758255,21022.091035055,0.6733,5.822716236114502,3.3698372840881348,2.4501050420168063e-07,-1.8771781921386719,2.24,-1.0453572273254395,-2.10064959526062,1.1810799837112427,1747312822.547082,-5.470487117767334,1183
284,0.23574145138263702,1186,1.0,-2.7876627445220947,0.6483520865440369,21093.335016516,0.7644,12.287161827087402,2.5829548835754395,2.4396008403361345e-07,-2.30859637260437,2.24,-1.3012028932571411,-3.9788434505462646,0.8252212405204773,1747312893.7917876,-6.561798572540283,1187
285,0.1419861912727356,1188,1.0,-3.03887939453125,0.8719140887260437,21128.116385168,0.8535,8.200569152832031,3.310990333557129,2.4343487394957984e-07,-1.908768892288208,2.25,-1.1806457042694092,-3.253269672393799,1.4598557949066162,1747312928.6110659,-6.564260005950928,1189
286,0.1511555314064026,1194,1.0,-2.659003734588623,0.6453826427459717,21234.991870883,0.7587,10.094337463378906,3.2442264556884766,2.41859243697479e-07,-1.774653673171997,2.26,-1.0355184078216553,-2.021650552749634,0.9884542226791382,1747313035.4488118,-5.265876770019531,1195
287,0.1737278401851654,1197,1.0,-2.344992160797119,0.6076962351799011,21288.7310278,0.8924,7.647932529449463,2.988739013671875,2.4107142857142856e-07,-1.895509123802185,2.26,-1.0477640628814697,-1.673193097114563,0.8679367899894714,1747313089.1879027,-4.661931991577148,1198
288,0.6197438836097717,1198,0.75,-3.179875135421753,1.295130729675293,21305.983598427,0.8107,15.56042194366455,4.072028160095215,2.4080882352941175e-07,-2.1137900352478027,2.27,-1.1910005807876587,-3.2338778972625732,1.350773572921753,1747313106.478273,-7.305906295776367,1199
289,0.06518815457820892,1213,1.0,-2.5907340049743652,0.5568855404853821,21571.369066463,0.7887,9.64119815826416,3.9129109382629395,2.3686974789915966e-07,-2.181101083755493,2.29,-1.0913188457489014,-1.9829195737838745,0.9833948016166687,1747313371.8272161,-5.895831108093262,1214
290,0.18913498520851135,1215,1.0,-2.5560412406921387,0.7805341482162476,21606.442953955,0.8182,19.883642196655273,3.44057559967041,2.3634453781512604e-07,-2.3157007694244385,2.3,-1.1464920043945312,-2.622539520263672,1.1827983856201172,1747313406.937617,-6.063115119934082,1216
291,1.729987621307373,1219,0.75,-2.4728569984436035,2.5201239585876465,21677.239169889,1.0706,20.451187133789062,-0.3584080934524536,2.352941176470588e-07,-2.138810634613037,2.31,-1.288935661315918,-4.482223987579346,1.5802724361419678,1747313477.6961346,-4.123816013336182,1220
292,0.05942317843437195,1222,1.0,-2.7542104721069336,0.565186619758606,21730.38770303,0.7751,7.603200912475586,5.431507110595703,2.3450630252100838e-07,-2.153386116027832,2.31,-1.091362476348877,-2.976156711578369,1.0115269422531128,1747313530.882304,-8.407663345336914,1223
293,0.10946033895015717,1226,1.0,-2.4661450386047363,0.7304235696792603,21800.227051645,0.8008,11.051188468933105,2.7475085258483887,2.3345588235294118e-07,-1.9898083209991455,2.32,-1.1012356281280518,-2.0962069034576416,1.2419264316558838,1747313600.6833403,-4.843715190887451,1227
294,0.4799196124076843,1230,1.0,-2.676835060119629,1.1485989093780518,21870.430032901,0.8483,7.793643951416016,2.782743453979492,2.3240546218487394e-07,-2.1573972702026367,2.33,-1.1629407405853271,-2.2214486598968506,1.3373585939407349,1747313670.8863611,-5.004191875457764,1231
295,0.34211108088493347,1232,1.0,-2.790421962738037,0.939203143119812,21905.057033578,0.8334,19.364988327026367,2.2344627380371094,2.3188025210084033e-07,-1.878732681274414,2.33,-1.1187764406204224,-1.6687347888946533,1.1941841840744019,1747313705.5140984,-3.903197765350342,1233
296,0.34126102924346924,1234,1.0,-2.939502716064453,0.9693880677223206,21941.327134586,0.8405,12.914219856262207,2.8500726222991943,2.313550420168067e-07,-2.2709717750549316,2.33,-1.2027021646499634,-3.077071189880371,1.2562540769577026,1747313741.8217876,-5.9271440505981445,1235
297,0.08516626060009003,1245,1.0,-2.450669050216675,0.4865760803222656,22137.919055503,0.839,8.902761459350586,3.9924304485321045,2.2846638655462182e-07,-2.0687880516052246,2.36,-1.1355738639831543,-1.598719835281372,0.8028196096420288,1747313938.376395,-5.591150283813477,1246
298,0.07780769467353821,1249,1.0,-2.880735397338867,0.49690037965774536,22207.489667915,0.7888,10.377793312072754,5.327714443206787,2.2741596638655461e-07,-2.247985363006592,2.36,-1.0746983289718628,-1.3462581634521484,0.8381853699684143,1747314007.9843898,-6.6739726066589355,1250
299,0.24853546917438507,1250,1.0,-2.646933078765869,0.8468590974807739,22225.172018172,0.7887,11.648444175720215,1.8828198909759521,2.271533613445378e-07,-2.109877347946167,2.36,-1.05870521068573,-2.2911341190338135,1.1966472864151,1747314025.6323617,-4.173954010009766,1251
300,0.3864097595214844,1253,1.0,-3.022947311401367,1.0924155712127686,22277.575015667,0.8198,10.327680587768555,2.450169324874878,2.2636554621848738e-07,-2.0415279865264893,2.37,-1.1887145042419434,-2.823652744293213,1.4120115041732788,1747314078.03192,-5.273821830749512,1254
301,0.6513178944587708,1254,0.5,-2.3842074871063232,1.3285820484161377,22295.205039428,1.0115,13.347757339477539,2.02200984954834,2.2610294117647057e-07,-2.2201695442199707,2.37,-1.1593149900436401,-2.4732823371887207,1.3545281887054443,1747314095.6613352,-4.495292663574219,1255
302,0.10782189667224884,1257,1.0,-2.655179977416992,0.7617743015289307,22348.792028672,0.9491,14.223932266235352,3.8850021362304688,2.2531512605042015e-07,-2.024423122406006,2.38,-1.2092623710632324,-2.4093856811523438,1.307904839515686,1747314149.2522936,-6.2943878173828125,1258
303,0.1847597062587738,1266,1.0,-2.5433998107910156,0.8401929140090942,22508.560462055,0.8026,8.315943717956543,3.528902769088745,2.229516806722689e-07,-2.0827763080596924,2.4,-1.1063933372497559,-1.9824484586715698,1.310866355895996,1747314309.055164,-5.511351585388184,1267
304,0.11192818731069565,1269,1.0,-2.753033399581909,0.5853045582771301,22560.552036967,0.7977,10.560193061828613,4.4840569496154785,2.2216386554621848e-07,-2.110565185546875,2.4,-1.0652506351470947,-1.3459835052490234,0.9467527866363525,1747314361.0097003,-5.83004093170166,1270
305,0.16347280144691467,1270,1.0,-3.0283539295196533,0.6743899583816528,22577.761152817,0.7793,19.9678897857666,4.071744441986084,2.2190126050420167e-07,-1.7995402812957764,2.4,-1.187240719795227,-2.0343527793884277,1.0218342542648315,1747314378.220425,-6.106097221374512,1271
306,0.30838632583618164,1271,1.0,-2.878662109375,0.8699124455451965,22595.501005275,0.8684,9.328497886657715,4.5283708572387695,2.2163865546218486e-07,-2.2630114555358887,2.4,-1.0979812145233154,-1.9557218551635742,1.1230522394180298,1747314395.961709,-6.484092712402344,1272
307,0.04350665956735611,1276,1.0,-3.1272921562194824,0.5466740131378174,22684.238016863,0.7321,8.659968376159668,4.173952579498291,2.2032563025210082e-07,-2.0428452491760254,2.41,-1.0877001285552979,-2.64898419380188,1.006334662437439,1747314484.6950586,-6.82293701171875,1277
308,0.23667719960212708,1291,1.0,-3.0140585899353027,0.7867571115493774,22950.899118087,0.7229,9.210409164428711,2.947484016418457,2.1638655462184875e-07,-2.3621368408203125,2.44,-1.0698678493499756,-1.925051212310791,1.100159764289856,1747314751.357231,-4.87253475189209,1292
309,0.28512462973594666,1292,1.0,-2.7155561447143555,0.8654890060424805,22968.060028902,0.8867,14.066926956176758,2.196571111679077,2.1612394957983194e-07,-1.956595778465271,2.44,-1.1954631805419922,-2.0179708003997803,1.1607286930084229,1747314768.516107,-4.214542388916016,1293
310,0.4592355787754059,1293,0.75,-2.343317747116089,0.8982475996017456,22987.08052721,0.9304,7.922727108001709,3.9780075550079346,2.1586134453781513e-07,-2.0886380672454834,2.45,-1.0769712924957275,-1.0884826183319092,0.8780240416526794,1747314787.5751271,-5.066490173339844,1294
311,0.10292553901672363,1298,1.0,-2.788926839828491,0.7146721482276917,23075.368008244,0.8887,12.969949722290039,3.373730421066284,2.1454831932773107e-07,-2.1110434532165527,2.46,-1.2282299995422363,-2.8196849822998047,1.223493218421936,1747314875.824733,-6.193415641784668,1299
312,0.7424038052558899,1299,0.75,-2.281635046005249,1.4083324670791626,23093.362918417,1.0349,18.47031021118164,0.5916733741760254,2.1428571428571426e-07,-2.398031234741211,2.46,-1.196023941040039,-2.3157434463500977,1.3318573236465454,1747314893.8575227,-2.907416820526123,1300
313,0.16344699263572693,1305,1.0,-2.6944565773010254,0.8194053173065186,23199.407527853,0.7771,13.538765907287598,4.575563907623291,2.1271008403361343e-07,-2.3271546363830566,2.47,-1.0919089317321777,-2.9447717666625977,1.311916708946228,1747314999.902231,-7.5203351974487305,1306
314,0.19736234843730927,1312,1.0,-2.3943307399749756,0.7394983768463135,23321.863117302,0.9518,13.635943412780762,3.4027161598205566,2.1087184873949578e-07,-2.506488561630249,2.48,-1.2326695919036865,-2.331500768661499,1.084272027015686,1747315122.3578074,-5.734216690063477,1313
315,0.2782745063304901,1317,1.0,-2.774545431137085,0.797510027885437,23411.053485924,0.7688,5.993275165557861,4.358887672424316,2.0955882352941176e-07,-2.314791679382324,2.49,-1.1545286178588867,-1.7492114305496216,1.0384711027145386,1747315211.5482147,-6.108098983764648,1318
316,1.0437183380126953,1319,0.5,-3.0430197715759277,1.960805892944336,23445.986032214,0.9645,13.003775596618652,1.9060567617416382,2.0903361344537815e-07,-2.27040958404541,2.5,-1.347745656967163,-4.653735160827637,1.8341752290725708,1747315246.4423318,-6.559791564941406,1320
317,0.5682862401008606,1324,0.75,-2.801929473876953,1.1833022832870483,23534.656028947,0.9642,34.8851318359375,2.920502185821533,2.0772058823529413e-07,-2.346127986907959,2.5,-1.273806095123291,-2.4115066528320312,1.2300320863723755,1747315335.1143057,-5.3320088386535645,1325
318,0.1858631819486618,1328,1.0,-2.866884231567383,0.8254562616348267,23606.106029106,0.8345,12.85073471069336,4.267093658447266,2.0667016806722687e-07,-2.425291061401367,2.51,-1.1007342338562012,-2.6793265342712402,1.2791861295700073,1747315406.5621758,-6.946419715881348,1329
319,0.13647091388702393,1338,1.0,-3.015361785888672,0.5850096940994263,23783.785038837,0.78,8.626709938049316,4.783912658691406,2.0404411764705882e-07,-2.239654064178467,2.53,-1.142909049987793,-1.9551455974578857,0.8970776200294495,1747315584.2431445,-6.739058017730713,1339
320,0.36776024103164673,1339,0.75,-2.8632144927978516,0.9721300601959229,23801.407374584,0.8182,9.74142074584961,3.629833698272705,2.03781512605042e-07,-2.071621894836426,2.53,-1.1332011222839355,-2.176942825317383,1.2087396383285522,1747315601.902011,-5.806776523590088,1340
321,0.33768153190612793,1340,1.0,-2.7967114448547363,0.9297093749046326,23819.008023014,0.7672,9.18705940246582,2.078144073486328,2.035189075630252e-07,-1.9858365058898926,2.53,-1.0252635478973389,-2.3677964210510254,1.1840556859970093,1747315619.4641025,-4.4459404945373535,1341
322,0.25004979968070984,1349,1.0,-2.6743533611297607,0.6898179054260254,23981.477494415,0.8063,12.251566886901855,2.980942726135254,2.0115546218487395e-07,-1.9646079540252686,2.55,-1.0614185333251953,-1.4239609241485596,0.8795362710952759,1747315781.9721751,-4.404903411865234,1350
323,0.2542475461959839,1353,1.0,-2.5413947105407715,0.7014192342758179,24054.267066406,0.755,8.162233352661133,4.555771827697754,2.0010504201680672e-07,-1.9227672815322876,2.56,-1.0170159339904785,-1.7062256336212158,0.8943433165550232,1747315854.7241933,-6.261997222900391,1354
324,0.6241755485534668,1363,0.75,-2.934821128845215,1.2736186981201172,24230.706018072,0.816,9.064248085021973,3.9544100761413574,1.9747899159663864e-07,-2.381462574005127,2.58,-1.131589412689209,-2.6522295475006104,1.2988862991333008,1747316031.1623142,-6.606639862060547,1364
325,0.19766837358474731,1365,1.0,-2.8595938682556152,0.6381266713142395,24265.671074456,0.7179,8.764265060424805,2.6788620948791504,1.9695378151260502e-07,-2.3362479209899902,2.58,-1.0432032346725464,-1.4539746046066284,0.8809165954589844,1747316066.127928,-4.13283634185791,1366
326,0.24006256461143494,1366,1.0,-2.895336151123047,0.7257504463195801,24283.419630422,0.8959,29.304475784301758,3.0661838054656982,1.966911764705882e-07,-2.3112831115722656,2.58,-1.1864968538284302,-2.6281397342681885,0.9713758230209351,1747316083.9143548,-5.694323539733887,1367
327,0.013674881309270859,1370,1.0,-2.9104878902435303,0.42488113045692444,24354.23203042,0.7135,6.734781265258789,7.397191047668457,1.95640756302521e-07,-2.225599765777588,2.59,-1.0401434898376465,-2.293708324432373,0.8224124908447266,1747316154.691628,-9.690898895263672,1371
328,0.2527049779891968,1371,1.0,-2.3300673961639404,0.7602590322494507,24371.786393509,0.904,49.28263473510742,1.8507513999938965,1.953781512605042e-07,-2.3487629890441895,2.59,-1.1999465227127075,-1.8666115999221802,1.0151081085205078,1747316172.281056,-3.717363119125366,1372
329,0.168377086520195,1379,1.0,-2.3629724979400635,0.6308016180992126,24515.988019399,0.8904,11.090210914611816,5.84745979309082,1.9327731092436976e-07,-2.076559543609619,2.61,-1.0682517290115356,-1.6912527084350586,0.9248490333557129,1747316316.4445603,-7.538712501525879,1380
330,0.16936564445495605,1380,1.0,-2.6045522689819336,0.8248345255851746,24533.156459846,0.8662,13.201111793518066,3.150653839111328,1.9301470588235295e-07,-2.2424798011779785,2.61,-1.1667554378509521,-2.3106749057769775,1.310937762260437,1747316333.651085,-5.461328506469727,1381
331,0.30198150873184204,1381,1.0,-2.6959517002105713,0.7718673944473267,24551.293940572,0.7644,7.128992080688477,3.5133910179138184,1.9275210084033614e-07,-2.0278162956237793,2.61,-1.0406813621520996,-2.052105188369751,0.9397717714309692,1747316351.7886126,-5.56549596786499,1382
332,0.4396560788154602,1388,0.75,-2.8391971588134766,0.8123489618301392,24677.198055282,0.8073,13.435136795043945,2.2098257541656494,1.9091386554621846e-07,-1.9310725927352905,2.63,-1.144099235534668,-1.2338688373565674,0.7453857064247131,1747316477.658952,-3.443694591522217,1389
333,0.15273979306221008,1389,1.0,-2.640882730484009,0.5627066493034363,24694.307018325,0.7921,8.404489517211914,3.2688536643981934,1.9065126050420165e-07,-1.818328619003296,2.63,-1.0370793342590332,-1.5153987407684326,0.8199337124824524,1747316494.7632937,-4.784252166748047,1390
334,0.26235949993133545,1395,0.75,-2.7964508533477783,0.8729181885719299,24799.965027024,0.6879,7.241485118865967,4.736597537994385,1.8907563025210083e-07,-2.0097856521606445,2.64,-0.9771358370780945,-2.367885112762451,1.221117377281189,1747316600.4219768,-7.104482650756836,1396
335,0.33932334184646606,1397,1.0,-2.969352960586548,0.685183584690094,24836.604036917,0.868,12.593277931213379,2.125491142272949,1.885504201680672e-07,-2.1096811294555664,2.64,-1.1771693229675293,-2.2208030223846436,0.6917204856872559,1747316637.0600107,-4.346294403076172,1398
336,0.20737336575984955,1399,1.0,-2.8354949951171875,0.7314636707305908,24872.163043018,0.8469,10.306151390075684,3.9476919174194336,1.880252100840336e-07,-1.7726554870605469,2.65,-1.1905430555343628,-2.2384111881256104,1.0481805801391602,1747316672.6207054,-6.186102867126465,1400
337,0.28419291973114014,1401,0.75,-2.414767265319824,0.6797176599502563,24908.46100487,0.9526,8.56698989868164,3.488032817840576,1.875e-07,-2.1567554473876953,2.65,-1.1466381549835205,-1.5665788650512695,0.7910494804382324,1747316708.955702,-5.054611682891846,1402
338,0.15637610852718353,1405,1.0,-3.156745195388794,0.6477293372154236,24979.08803474,0.7905,11.787379264831543,5.671184539794922,1.8644957983193277e-07,-1.941399335861206,2.66,-1.2550499439239502,-2.065880537033081,0.9827064275741577,1747316779.5451257,-7.737065315246582,1406
339,0.11132396757602692,1415,1.0,-3.2641077041625977,0.7905833125114441,25158.207008665,0.7795,12.354592323303223,8.089239120483398,1.8382352941176472e-07,-2.1007766723632812,2.68,-1.1257468461990356,-1.8175865411758423,1.3585187196731567,1747316958.662463,-9.90682601928711,1416
340,0.15217091143131256,1416,1.0,-2.6917076110839844,0.711353600025177,25175.204034494,0.7385,8.559069633483887,2.9892334938049316,1.8356092436974788e-07,-2.1602511405944824,2.68,-1.0471662282943726,-2.40645432472229,1.1183654069900513,1747316975.662848,-5.395688056945801,1417
341,0.4019084572792053,1418,0.75,-2.581493854522705,1.0295212268829346,25210.76717711,1.0028,12.500815391540527,3.5421531200408936,1.8303571428571427e-07,-2.2364869117736816,2.68,-1.2652353048324585,-1.685605764389038,1.255225658416748,1747317011.2618475,-5.227758884429932,1419
342,0.33619728684425354,1425,1.0,-3.071321964263916,0.8831390142440796,25335.000042556,0.7958,8.76318073272705,6.886205673217773,1.8119747899159663e-07,-1.888555884361267,2.7,-1.0912261009216309,-1.9371120929718018,1.0938835144042969,1747317135.4571862,-8.823317527770996,1426
343,0.21059389412403107,1426,1.0,-2.804393768310547,0.824164867401123,25352.757046128,0.8332,14.762528419494629,2.2930965423583984,1.8093487394957983e-07,-2.317690372467041,2.7,-1.1447432041168213,-2.386892557144165,1.2271419763565063,1747317153.216233,-4.679988861083984,1427
344,0.19635239243507385,1432,1.0,-2.6391570568084717,0.4857335388660431,25461.186055425,0.7503,10.519253730773926,5.4582600593566895,1.7935924369747898e-07,-2.1893553733825684,2.71,-1.0354902744293213,-1.7656266689300537,0.5787622928619385,1747317261.6427217,-7.223886966705322,1433
345,0.11991545557975769,1433,1.0,-2.925140142440796,0.7411128282546997,25479.431346346,0.8501,9.858194351196289,6.540263652801514,1.7909663865546217e-07,-2.4437904357910156,2.71,-1.1045461893081665,-2.121053695678711,1.2423946857452393,1747317279.9260395,-8.661317825317383,1434
346,0.2803979814052582,1434,1.0,-3.1606929302215576,0.8443647623062134,25496.881093467,0.8087,8.738983154296875,3.8683323860168457,1.7883403361344536e-07,-2.197462558746338,2.71,-1.2249404191970825,-2.085559129714966,1.1279335021972656,1747317297.3390584,-5.953891754150391,1435
347,0.3805139660835266,1439,0.75,-3.491610527038574,0.7723066806793213,25583.924847824,0.8787,8.802188873291016,3.9535470008850098,1.7752100840336135e-07,-2.348649501800537,2.72,-1.1759746074676514,-1.0682792663574219,0.7835854291915894,1747317384.4195197,-5.021826267242432,1440
348,0.6299536228179932,1447,0.75,-2.8863420486450195,1.4154257774353027,25726.119002404,0.8752,20.29388999938965,1.2340929508209229,1.7542016806722688e-07,-2.2297494411468506,2.74,-1.4005707502365112,-3.825622081756592,1.5709443092346191,1747317526.5753543,-5.059715270996094,1448
349,0.4225608706474304,1452,0.75,-2.9292101860046387,0.8533863425254822,25813.618911158,0.8163,14.818446159362793,2.8730335235595703,1.7410714285714284e-07,-1.9559283256530762,2.75,-1.2604470252990723,-3.207505702972412,0.8616509437561035,1747317614.1136026,-6.080539703369141,1453
350,0.28388509154319763,1455,0.75,-2.6003949642181396,0.7049464583396912,25865.784038947,0.7763,10.249442100524902,5.236725807189941,1.7331932773109241e-07,-1.9965876340866089,2.75,-1.0166147947311401,-1.269025444984436,0.8421227335929871,1747317666.2399793,-6.505751609802246,1456
351,0.2683985233306885,1456,1.0,-2.7294695377349854,0.664284348487854,25883.969688083,0.7638,15.537861824035645,4.59123420715332,1.730567226890756e-07,-2.0481674671173096,2.75,-1.1255213022232056,-1.3719737529754639,0.791771650314331,1747317684.4644144,-5.963207721710205,1457
352,0.522649884223938,1457,0.75,-2.5640738010406494,1.012478232383728,25901.611626869,0.8215,8.792383193969727,4.702593803405762,1.7279411764705882e-07,-2.003917694091797,2.76,-0.9497559070587158,-2.487745761871338,0.9796566963195801,1747317702.1063387,-7.190339088439941,1458
353,0.4417482018470764,1461,0.75,-3.042200803756714,0.8457317352294922,25973.078021884,0.752,6.506464958190918,5.562986373901367,1.717436974789916e-07,-2.14731764793396,2.76,-1.0366637706756592,-1.012220025062561,0.8079670667648315,1747317773.5475817,-6.575206756591797,1462
354,0.15673036873340607,1466,1.0,-3.0356218814849854,0.8269175887107849,26062.072042571,0.7393,7.886914253234863,3.0901052951812744,1.7043067226890755e-07,-2.2451348304748535,2.77,-1.1060911417007446,-2.5101215839385986,1.34037446975708,1747317862.5279832,-5.600226879119873,1467
355,0.4056425094604492,1468,0.75,-2.951582670211792,0.7959951162338257,26099.214046322,0.9114,10.824004173278809,13.816425323486328,1.6990546218487396e-07,-1.8961379528045654,2.78,-1.0415945053100586,-1.3920347690582275,0.7807052135467529,1747317899.6691408,-15.208460807800293,1469
356,0.20864766836166382,1472,1.0,-2.6328468322753906,0.762769877910614,26169.775997927,0.8394,9.751529693603516,3.776559352874756,1.6885504201680673e-07,-2.2479233741760254,2.78,-1.1452020406723022,-2.3099915981292725,1.1082444190979004,1747317970.2705941,-6.086550712585449,1473
357,0.3277425169944763,1473,0.75,-2.9460372924804688,0.7508653402328491,26187.256016203,0.8598,8.339778900146484,3.0380163192749023,1.6859243697478992e-07,-2.2693839073181152,2.79,-1.1739332675933838,-1.249893069267273,0.8462457060813904,1747317987.711914,-4.287909507751465,1474
358,0.22075805068016052,1479,1.0,-2.3763785362243652,0.7424659729003906,26292.527265018,0.89,11.016122817993164,3.4375357627868652,1.6701680672268907e-07,-2.3430514335632324,2.8,-1.021600365638733,-1.9446332454681396,1.043415904045105,1747318093.021945,-5.382168769836426,1480
359,0.48723703622817993,1488,0.75,-2.8536033630371094,0.9835164546966553,26451.430003094,0.8177,13.547776222229004,2.7403111457824707,1.646533613445378e-07,-1.8822816610336304,2.81,-1.057352900505066,-2.0214390754699707,0.9925588369369507,1747318251.8876321,-4.7617506980896,1489
360,0.17419929802417755,1514,1.0,-3.056950330734253,0.760259211063385,26916.383068815,0.774,10.119608879089355,3.20615553855896,1.5782563025210084e-07,-1.9676475524902344,2.86,-1.1494038105010986,-2.845254421234131,1.1721198558807373,1747318716.8399932,-6.051409721374512,1515
361,0.580157458782196,1515,0.5,-2.3417305946350098,1.1305773258209229,26934.155012206,0.9924,19.005037307739258,2.1355178356170654,1.5756302521008403e-07,-1.8546435832977295,2.87,-1.1478519439697266,-2.4452807903289795,1.100839614868164,1747318734.626771,-4.580798625946045,1516
362,0.9731634259223938,1516,0.75,-2.3469552993774414,1.4024834632873535,26952.630894407,0.8045,18.184215545654297,3.593512535095215,1.5730042016806722e-07,-1.8370574712753296,2.87,-1.0257682800292969,-3.2399120330810547,0.8586399555206299,1747318753.1255794,-6.8334245681762695,1517
363,0.23735985159873962,1519,1.0,-2.592440605163574,0.6662942171096802,27005.75912416,0.7416,6.885687828063965,2.473407506942749,1.565126050420168e-07,-1.7871441841125488,2.87,-0.999369740486145,-1.4595143795013428,0.8578687310218811,1747318806.2144797,-3.932921886444092,1520
364,0.0677783340215683,1521,1.0,-2.91965651512146,0.736372709274292,27041.551255988,0.924,11.878009796142578,3.880234718322754,1.5598739495798318e-07,-2.057410717010498,2.88,-1.1807281970977783,-2.858215808868408,1.337188720703125,1747318842.0459175,-6.738450050354004,1522
365,0.26448720693588257,1522,1.0,-2.9169092178344727,0.7830789685249329,27059.315036163,0.782,7.133728981018066,2.1337857246398926,1.5572478991596637e-07,-1.8561993837356567,2.88,-1.0294686555862427,-2.1496925354003906,1.0371835231781006,1747318859.7729301,-4.283478260040283,1523
366,0.3891032636165619,1523,1.0,-2.6456501483917236,0.9009475708007812,27076.503036518,0.77,15.104500770568848,2.391350030899048,1.554621848739496e-07,-1.9519364833831787,2.88,-1.0426301956176758,-2.329730272293091,1.023688554763794,1747318876.9615083,-4.721080303192139,1524
367,0.37229862809181213,1524,0.75,-3.3339545726776123,0.9062179327011108,27094.079980246,0.8184,14.755159378051758,1.921121597290039,1.5519957983193278e-07,-2.06032657623291,2.88,-1.1704405546188354,-1.906572937965393,1.0678386688232422,1747318894.5371578,-3.8276944160461426,1525
368,0.22888655960559845,1525,1.0,-2.5444743633270264,0.749209463596344,27111.507040901,0.8417,9.283109664916992,3.077208995819092,1.5493697478991597e-07,-2.0940194129943848,2.88,-0.9894807934761047,-2.130887985229492,1.0406458377838135,1747318911.965992,-5.208096981048584,1526
369,0.22748371958732605,1527,1.0,-2.6126136779785156,0.7716227769851685,27147.023107169,0.8839,11.895415306091309,4.932923316955566,1.5441176470588236e-07,-2.143857955932617,2.89,-1.0851174592971802,-1.7041676044464111,1.08827805519104,1747318947.4833095,-6.637091636657715,1528
370,0.3312903344631195,1529,1.0,-2.533952236175537,0.884028434753418,27181.960030315,0.8764,9.006569862365723,1.5890696048736572,1.5388655462184874e-07,-2.0748677253723145,2.89,-1.1386778354644775,-2.210045337677002,1.1054761409759521,1747318982.4171371,-3.799114942550659,1530
371,0.27207323908805847,1534,1.0,-2.6397454738616943,0.9202916622161865,27270.935022906,0.7315,7.785081386566162,3.770536422729492,1.5257352941176472e-07,-2.0960159301757812,2.9,-1.0226794481277466,-2.4198157787323,1.2964367866516113,1747319071.3963373,-6.190351963043213,1535
372,0.19622871279716492,1536,1.0,-2.6844630241394043,0.5607127547264099,27307.022037738,0.8281,8.748027801513672,4.439977169036865,1.5204831932773108e-07,-2.0111773014068604,2.91,-0.9802151918411255,-1.4855422973632812,0.72896808385849,1747319107.4781268,-5.925518989562988,1537
373,0.450309693813324,1542,0.75,-2.78474760055542,0.9383752346038818,27412.169032482,0.8014,11.939412117004395,4.280085563659668,1.5047268907563023e-07,-1.8635900020599365,2.92,-1.054747462272644,-1.7981531620025635,0.9761310815811157,1747319212.6257668,-6.078238487243652,1543
374,0.47008270025253296,1543,1.0,-2.6708145141601562,0.9851670861244202,27429.730115025,0.752,16.926055908203125,1.2461917400360107,1.5021008403361342e-07,-2.0769143104553223,2.92,-1.032480239868164,-1.915745735168457,1.0301687717437744,1747319230.1926806,-3.161937713623047,1544
375,0.19293849170207977,1545,1.0,-2.8026537895202637,0.7166171669960022,27465.622341845,0.8572,10.475152015686035,3.7193846702575684,1.4968487394957983e-07,-2.4018988609313965,2.92,-1.265589714050293,-2.598092794418335,1.0473573207855225,1747319266.117031,-6.317477226257324,1546
376,0.06081828474998474,1546,1.0,-2.7475850582122803,0.6331756114959717,27483.226023068,0.8116,9.654014587402344,4.473028659820557,1.4942226890756303e-07,-2.009117603302002,2.92,-1.1834871768951416,-2.530944347381592,1.144714593887329,1747319283.6836789,-7.00397253036499,1547
377,0.0631389170885086,1551,1.0,-3.226874828338623,0.582390308380127,27571.711006928,0.7891,14.055452346801758,4.1293158531188965,1.4810924369747898e-07,-2.102351665496826,2.93,-1.0378491878509521,-1.9211156368255615,1.038502812385559,1747319372.1699371,-6.050431251525879,1552
378,0.31813153624534607,1555,0.75,-3.3161425590515137,0.9067749977111816,27641.413906735,0.8447,13.28960132598877,3.237764358520508,1.4705882352941175e-07,-2.4174211025238037,2.94,-1.2608346939086914,-3.019733428955078,1.177286982536316,1747319441.9085808,-6.257497787475586,1556
379,0.44453126192092896,1558,0.75,-2.547006607055664,0.9034824371337891,27694.52803749,0.9059,26.435209274291992,1.3910409212112427,1.4627100840336135e-07,-2.22476863861084,2.95,-1.0416005849838257,-1.512271761894226,0.917902410030365,1747319494.9840953,-2.9033126831054688,1559
380,0.28112852573394775,1559,1.0,-2.609941244125366,0.797109067440033,27712.598043991,1.0096,15.604166984558105,2.542247772216797,1.4600840336134455e-07,-2.38645339012146,2.95,-1.271342396736145,-2.362245559692383,1.0319610834121704,1747319513.0664613,-4.90449333190918,1560
381,0.18328458070755005,1563,1.0,-2.8561789989471436,0.6240048408508301,27782.674002031,0.8254,18.143083572387695,4.198187351226807,1.449579831932773e-07,-1.6752903461456299,2.96,-1.0375826358795166,-1.2090013027191162,0.8814405202865601,1747319583.1303566,-5.407188415527344,1564
382,0.35322681069374084,1566,0.75,-2.8510942459106445,0.8630170822143555,27834.681008752,0.7072,10.941129684448242,4.3371992111206055,1.4417016806722686e-07,-2.2244250774383545,2.96,-0.9817018508911133,-1.7432053089141846,1.019580602645874,1747319635.1383317,-6.080404281616211,1567
383,0.1804860681295395,1570,1.0,-2.9624974727630615,0.541594386100769,27906.480980609,0.8037,11.176213264465332,5.167943477630615,1.4311974789915966e-07,-2.041205644607544,2.97,-0.9798307418823242,-0.8002164959907532,0.7222166657447815,1747319706.9414945,-5.968160152435303,1571
384,0.573733389377594,1571,0.75,-2.6155872344970703,1.050560474395752,27924.693078927,0.7806,8.022933959960938,2.370053768157959,1.4285714285714285e-07,-2.026031017303467,2.97,-1.0257521867752075,-2.1072914600372314,0.9536541104316711,1747319725.150176,-4.477344989776611,1572
385,0.44991055130958557,1576,1.0,-3.257105588912964,0.9640109539031982,28013.021072476,0.708,9.624314308166504,2.012230157852173,1.415441176470588e-07,-1.895080804824829,2.98,-1.0061129331588745,-2.297091007232666,1.0282008647918701,1747319813.4801357,-4.309321403503418,1577
386,0.18663938343524933,1582,1.0,-2.5573620796203613,0.7668277025222778,28119.452010463,0.9223,11.335517883300781,3.078979730606079,1.3996848739495798e-07,-2.4045486450195312,2.99,-1.2298405170440674,-2.1050970554351807,1.1603766679763794,1747319919.90895,-5.18407678604126,1583
387,0.4171839654445648,1588,0.75,-2.836960792541504,1.0978432893753052,28232.224049389,0.915,12.155472755432129,4.095315456390381,1.3839285714285713e-07,-2.2650797367095947,3.0,-1.2045490741729736,-2.4037528038024902,1.361318588256836,1747320032.6810946,-6.499068260192871,1589
388,0.2979505658149719,1589,1.0,-2.685988426208496,0.8622039556503296,28250.114042023,0.8131,11.838594436645508,3.896157741546631,1.3813025210084033e-07,-2.037611246109009,3.01,-1.057520866394043,-2.114250421524048,1.1285067796707153,1747320050.5708275,-6.010408401489258,1590
389,0.09742391854524612,1597,1.0,-3.17415714263916,0.5252156257629395,28390.857238175,0.6809,7.352022171020508,4.686371326446533,1.3602941176470586e-07,-1.9670261144638062,3.02,-0.9932751655578613,-1.61322021484375,0.8555833697319031,1747320191.3183477,-6.299591541290283,1598
390,0.11684878915548325,1607,1.0,-2.7616894245147705,0.6877577304840088,28567.59202628,0.7842,21.32883071899414,3.105233669281006,1.334033613445378e-07,-2.01546573638916,3.04,-1.033015251159668,-2.348071575164795,1.1418179273605347,1747320368.0488007,-5.453305244445801,1608
391,0.14059555530548096,1609,1.0,-2.9508473873138428,0.6494491100311279,28602.103086666,0.745,9.12446403503418,3.52677583694458,1.328781512605042e-07,-2.133910655975342,3.04,-1.0048738718032837,-2.0127944946289062,1.017707109451294,1747320402.5977616,-5.539570331573486,1610
392,0.09334825724363327,1610,1.0,-2.741755962371826,0.6887639164924622,28619.490021412,0.7108,7.491072177886963,5.83405876159668,1.3261554621848738e-07,-1.937626600265503,3.05,-0.9365839958190918,-2.058053493499756,1.1908313035964966,1747320419.9473088,-7.892111778259277,1611
393,0.13553525507450104,1612,1.0,-2.87424635887146,0.7177147269248962,28654.535058839,0.8596,11.602628707885742,3.6942367553710938,1.320903361344538e-07,-2.386013984680176,3.05,-1.258833885192871,-2.6033215522766113,1.1643589735031128,1747320455.0003366,-6.297558307647705,1613
394,0.009249191731214523,1614,1.0,-3.307016372680664,0.6019373536109924,28690.14601025,0.7422,8.930564880371094,7.973063945770264,1.3156512605042017e-07,-1.962666630744934,3.05,-1.0544613599777222,-2.0881762504577637,1.1853762865066528,1747320490.6071315,-10.061241149902344,1615
395,0.11422216892242432,1615,1.0,-3.051309585571289,0.6835125088691711,28707.524082171,0.8292,12.475637435913086,3.7857227325439453,1.3130252100840336e-07,-2.451599597930908,3.05,-1.1647305488586426,-2.45658016204834,1.1385806798934937,1747320508.0187943,-6.242302894592285,1616
396,0.48361486196517944,1622,0.75,-2.348487138748169,1.020877718925476,28830.085113904,0.8099,13.917780876159668,1.4966683387756348,1.294642857142857e-07,-1.8900249004364014,3.07,-0.9575702548027039,-1.9859445095062256,1.0745257139205933,1747320630.5440533,-3.4826128482818604,1623
397,0.1565638780593872,1625,1.0,-2.587930679321289,0.6609683632850647,28883.803012733,0.9506,9.523813247680664,6.556952476501465,1.2867647058823528e-07,-2.3647704124450684,3.07,-0.9983175992965698,-1.9435733556747437,1.008808970451355,1747320684.2606502,-8.500526428222656,1626
398,0.09846705943346024,1626,1.0,-3.3168699741363525,0.5658276081085205,28902.255593273,0.6562,6.360340595245361,4.826066970825195,1.2841386554621847e-07,-1.8411189317703247,3.08,-1.0444910526275635,-2.0914225578308105,0.9347211122512817,1747320702.7502503,-6.917490005493164,1627
399,0.055907078087329865,1638,1.0,-3.05370831489563,0.4862555265426636,29113.942143782,0.8097,27.327167510986328,4.712773323059082,1.252626050420168e-07,-1.992051124572754,3.1,-1.0205459594726562,-1.4875868558883667,0.8606969118118286,1747320914.4368272,-6.200360298156738,1639
400,0.20790515840053558,1648,1.0,-2.502938747406006,0.7943453788757324,29288.502015293,0.7646,10.552450180053711,5.199585914611816,1.2263655462184872e-07,-1.9074418544769287,3.12,-0.9774829745292664,-2.0518009662628174,1.1728804111480713,1747321088.9595478,-7.251387596130371,1649
401,0.27360907196998596,1653,0.75,-2.978257656097412,0.7652008533477783,29377.564075988,0.7817,10.758792877197266,4.365458011627197,1.213235294117647e-07,-2.0944066047668457,3.13,-1.0587759017944336,-1.8539867401123047,0.9831836223602295,1747321178.0225756,-6.219444274902344,1654
402,0.16029459238052368,1656,1.0,-2.8964006900787354,0.5814791917800903,29430.748043234,0.7651,14.304245948791504,4.18595552444458,1.2053571428571428e-07,-2.0545785427093506,3.13,-1.1171255111694336,-1.707687497138977,0.8423692584037781,1747321231.2053866,-5.893643379211426,1657
403,0.024721331894397736,1660,1.0,-2.9787001609802246,0.4757320284843445,29501.400033888,0.7078,10.987338066101074,5.3133392333984375,1.1948529411764705e-07,-2.396846294403076,3.14,-1.0809485912322998,-1.7078588008880615,0.9020214080810547,1747321301.868147,-7.021198272705078,1661
404,0.08953575044870377,1674,1.0,-2.755985736846924,0.6856052279472351,29752.371022518,0.773,9.823005676269531,5.598133087158203,1.1580882352941176e-07,-1.76436185836792,3.17,-0.9972458481788635,-1.8592090606689453,1.192138910293579,1747321552.8394628,-7.457342624664307,1675
405,0.2957097589969635,1675,0.75,-2.964144706726074,0.8353087902069092,29770.648055026,0.7873,9.822168350219727,6.048061847686768,1.1554621848739496e-07,-2.0480828285217285,3.17,-1.0282151699066162,-1.812516689300537,1.0791981220245361,1747321571.1061773,-7.860578536987305,1676
406,0.5129638910293579,1685,0.75,-3.304893970489502,1.0077688694000244,29945.684078221,0.6974,6.939171314239502,3.281085968017578,1.1292016806722688e-07,-2.1530604362487793,3.19,-1.1033976078033447,-2.258669853210449,0.9896100163459778,1747321746.1414945,-5.539755821228027,1686
407,0.09470972418785095,1687,1.0,-3.662410259246826,0.6874560117721558,29980.946002095,0.6708,12.482912063598633,4.978076934814453,1.1239495798319328e-07,-2.4174399375915527,3.19,-1.1152255535125732,-2.6002860069274902,1.1854926347732544,1747321781.4042695,-7.578362464904785,1688
408,0.15472552180290222,1690,1.0,-3.053344488143921,0.7315329313278198,30034.334008785,0.6797,10.206231117248535,4.448556900024414,1.1160714285714285e-07,-2.068800210952759,3.2,-1.0479979515075684,-1.8085405826568604,1.15361487865448,1747321834.7922814,-6.257097244262695,1691
409,0.05653662234544754,1706,1.0,-3.296870231628418,0.47368547320365906,30317.263425599,0.7509,8.685835838317871,9.507139205932617,1.0740546218487394e-07,-2.099029541015625,3.23,-1.117676019668579,-1.4916754961013794,0.8342977166175842,1747322117.7581568,-10.998815536499023,1707
410,0.11511828005313873,1716,1.0,-2.719334125518799,0.5955666303634644,30494.856786124,0.7332,8.457655906677246,3.1527299880981445,1.0477941176470588e-07,-2.0630526542663574,3.25,-1.0144661664962769,-2.0301122665405273,0.9608967304229736,1747322295.3514314,-5.182842254638672,1717
411,0.21416102349758148,1725,1.0,-2.697380542755127,0.7868261933326721,30653.935011764,0.8519,11.293610572814941,2.9483814239501953,1.0241596638655462e-07,-2.1225125789642334,3.26,-1.2020835876464844,-2.09157657623291,1.1453303098678589,1747322454.391042,-5.0399580001831055,1726
412,0.418810099363327,1731,1.0,-2.87026309967041,1.0249102115631104,30760.632013391,0.755,13.56624984741211,3.2955305576324463,1.0084033613445378e-07,-2.283670425415039,3.27,-1.1576809883117676,-2.001922607421875,1.2122001647949219,1747322561.087578,-5.297453880310059,1732
413,0.34502625465393066,1732,1.0,-2.7731704711914062,0.7779891490936279,30778.176343305,0.7612,11.655303955078125,2.288809299468994,1.0057773109243698e-07,-2.036255359649658,3.28,-1.0473469495773315,-2.54465913772583,0.8659258484840393,1747322578.6708539,-4.833468437194824,1733
414,0.25107789039611816,1741,1.0,-2.729384422302246,0.7936556935310364,30938.919060194,0.8237,9.392501831054688,1.9557610750198364,9.82142857142857e-08,-2.6180419921875,3.29,-1.0579103231430054,-1.9296116828918457,1.0851556062698364,1747322739.3755107,-3.8853728771209717,1742
415,0.3011644780635834,1745,1.0,-2.9477763175964355,1.0744768381118774,31011.178234849,0.761,8.96346378326416,2.222301721572876,9.716386554621848e-08,-1.9666457176208496,3.3,-1.156007170677185,-3.1962287425994873,1.546624779701233,1747322811.6729698,-5.418530464172363,1746
416,0.2721230387687683,1753,1.0,-3.092985153198242,0.8268063068389893,31238.944131858,0.762,12.684309959411621,3.5521087646484375,9.506302521008403e-08,-2.12589168548584,3.32,-1.0775516033172607,-2.0121705532073975,1.109366536140442,1747322954.9337516,-5.564279556274414,1754
417,0.4656720757484436,1754,0.75,-2.4073314666748047,0.9067715406417847,31238.944499221,0.8473,9.026195526123047,1.5836455821990967,9.480042016806722e-08,-2.1262481212615967,3.32,-1.0539051294326782,-1.2956569194793701,0.8821988701820374,1747322972.6576672,-2.879302501678467,1755
418,0.3447002172470093,1762,1.0,-3.0448241233825684,1.0626192092895508,31315.820003265,0.8777,9.15495777130127,4.764420509338379,9.269957983193277e-08,-2.1487479209899902,3.33,-1.186130166053772,-3.2147016525268555,1.435837984085083,1747323116.275727,-7.979122161865234,1763
419,0.1879788041114807,1765,1.0,-3.47798490524292,0.7441572546958923,31368.417482687,0.7295,8.430221557617188,2.5358757972717285,9.191176470588236e-08,-2.0948948860168457,3.34,-1.0334351062774658,-1.968667984008789,1.1123569011688232,1747323168.912159,-4.504543304443359,1766
420,0.030906744301319122,1768,1.0,-2.9347329139709473,0.5264325141906738,31421.066049724,0.6986,7.377426624298096,4.983388900756836,9.112394957983192e-08,-2.3153090476989746,3.34,-1.1342263221740723,-2.086149215698242,0.9910515546798706,1747323221.5220122,-7.069538116455078,1769
421,0.175201877951622,1770,1.0,-3.2134103775024414,0.7101444602012634,31456.761768275,0.7246,8.554386138916016,4.133150100708008,9.059873949579832e-08,-2.0754566192626953,3.35,-1.1099748611450195,-2.151153326034546,1.0698851346969604,1747323257.256502,-6.284303665161133,1771
422,0.2036224603652954,1773,1.0,-3.050668478012085,0.7684056758880615,31509.210048364,0.7439,9.521645545959473,3.619128704071045,8.981092436974789e-08,-2.353929042816162,3.35,-1.0698671340942383,-2.102538585662842,1.1295664310455322,1747323309.6669052,-5.721667289733887,1774
423,0.1564623862504959,1777,1.0,-3.1528403759002686,0.7524837255477905,31581.911864739,0.7561,8.026861190795898,2.9029057025909424,8.876050420168067e-08,-1.9770054817199707,3.36,-1.1149970293045044,-2.9414381980895996,1.1920427083969116,1747323382.4063692,-5.844343662261963,1778
424,0.07833464443683624,1780,1.0,-2.991605520248413,0.509460985660553,31634.931624931,0.6619,7.764414310455322,3.512570381164551,8.797268907563025e-08,-1.8078367710113525,3.37,-0.9526801705360413,-1.4966659545898438,0.8622527122497559,1747323435.4263132,-5.0092363357543945,1781
425,0.3305877447128296,1789,1.0,-2.794130563735962,0.6256680488586426,31797.898011647,0.7945,48.88115310668945,2.4180362224578857,8.560924369747899e-08,-2.2680230140686035,3.38,-1.073938012123108,-1.8951514959335327,0.5901606678962708,1747323598.3585863,-4.313187599182129,1790
426,0.14726272225379944,1805,1.0,-2.8242239952087402,0.7362003326416016,32082.120048018,0.7374,12.728156089782715,3.4692952632904053,8.140756302521008e-08,-1.892134189605713,3.41,-0.9974402189254761,-1.7623125314712524,1.177875280380249,1747323882.5799387,-5.231607913970947,1806
427,0.1099298745393753,1813,1.0,-3.310572624206543,0.6435947418212891,32224.529038955,0.7778,19.050479888916016,6.3050079345703125,7.930672268907562e-08,-2.3427014350891113,3.43,-1.1494104862213135,-1.618882417678833,1.06732976436615,1747324024.9955466,-7.923890113830566,1814
428,0.13813792169094086,1818,1.0,-3.016508102416992,0.6421477198600769,32312.159523234,0.7593,8.856648445129395,5.984872341156006,7.799369747899159e-08,-2.4414546489715576,3.44,-1.0796607732772827,-2.481982707977295,1.0080195665359497,1747324112.6542325,-8.466856002807617,1819
429,0.14434602856636047,1819,1.0,-2.9437670707702637,0.5383193492889404,32330.571081443,0.686,10.927910804748535,4.151611328125,7.77310924369748e-08,-2.1026220321655273,3.44,-0.9831622838973999,-1.6788547039031982,0.7879465818405151,1747324131.0657606,-5.830465793609619,1820
430,0.2099502980709076,1823,1.0,-2.711240291595459,0.6494754552841187,32400.876276852,0.7377,8.953866004943848,3.2607359886169434,7.668067226890756e-08,-2.300536632537842,3.45,-1.0398526191711426,-1.8401250839233398,0.8790503740310669,1747324201.3709555,-5.100860595703125,1824
431,0.36476245522499084,1847,1.0,-2.901177406311035,0.9993596076965332,32827.094086028,0.703,15.170943260192871,1.5230975151062012,7.03781512605042e-08,-1.7645630836486816,3.49,-1.0706171989440918,-2.4272663593292236,1.2691943645477295,1747324627.558819,-3.950364112854004,1848
432,0.1746312379837036,1851,1.0,-2.858910083770752,0.7133697271347046,32898.227025934,0.7397,11.199759483337402,4.553280830383301,6.932773109243697e-08,-2.270124912261963,3.5,-1.0813101530075073,-2.175297260284424,1.077476978302002,1747324698.6819131,-6.728578567504883,1852
433,0.20320792496204376,1856,1.0,-3.3311767578125,0.7190754413604736,32986.265012947,0.7648,10.615775108337402,5.325812816619873,6.801470588235293e-08,-1.9365674257278442,3.51,-1.1052182912826538,-1.7515106201171875,1.0317350625991821,1747324786.7208273,-7.0773234367370605,1857
434,0.481180340051651,1861,0.75,-2.9399075508117676,1.0531885623931885,33075.875196725,0.801,7.225940227508545,4.937786102294922,6.67016806722689e-08,-2.452585458755493,3.52,-1.0285125970840454,-2.2965617179870605,1.1440165042877197,1747324876.369871,-7.234348297119141,1862
435,0.2951061725616455,1862,0.75,-3.0420289039611816,0.8756431341171265,33094.167038841,0.7521,8.908451080322266,4.419166564941406,6.64390756302521e-08,-2.0444071292877197,3.52,-1.0469820499420166,-1.6427936553955078,1.161073923110962,1747324894.6260736,-6.061960220336914,1863
436,0.2172747701406479,1868,1.0,-2.826265811920166,0.7027177214622498,33201.836065071,0.8693,9.348592758178711,3.468407392501831,6.486344537815126e-08,-2.2592058181762695,3.53,-1.1069507598876953,-1.3271944522857666,0.9708858728408813,1747325002.2921433,-4.795601844787598,1869
437,0.07726305723190308,1873,1.0,-2.8660435676574707,0.6878749132156372,33291.573007781,0.7224,12.162298202514648,5.0616631507873535,6.355042016806722e-08,-2.016148090362549,3.54,-1.0213719606399536,-2.342716693878174,1.2212237119674683,1747325092.0288239,-7.404379844665527,1874
438,0.1311163604259491,1875,1.0,-2.9514966011047363,0.7661631107330322,33326.38800706,0.7783,14.509278297424316,3.947251319885254,6.302521008403361e-08,-2.4487147331237793,3.55,-1.126406192779541,-2.2506399154663086,1.2700934410095215,1747325126.8443282,-6.1978912353515625,1876
439,0.3624236583709717,1876,1.0,-2.644040107727051,0.8085551857948303,33343.992792631,0.8494,16.057371139526367,2.767033100128174,6.27626050420168e-08,-2.414285659790039,3.55,-1.1384365558624268,-2.005016326904297,0.8922630548477173,1747325144.4875267,-4.7720489501953125,1877
440,0.42911338806152344,1877,0.75,-3.105396270751953,0.9283496141433716,33361.399236518,0.7125,11.362516403198242,2.2870726585388184,6.25e-08,-1.7363667488098145,3.55,-0.9792510271072388,-1.9860477447509766,0.9984723925590515,1747325161.8939147,-4.273119926452637,1878
441,0.07075095921754837,1879,1.0,-2.964374542236328,0.6019725203514099,33396.870010926,0.7225,13.389423370361328,3.2364885807037354,6.197478991596638e-08,-2.1741702556610107,3.55,-1.0629680156707764,-2.0178022384643555,1.0624431371688843,1747325197.3262,-5.25429105758667,1880
442,0.5550799369812012,1880,0.75,-2.5954158306121826,1.0204675197601318,33414.180987564,0.859,22.656356811523438,2.3057148456573486,6.171218487394959e-08,-2.197340250015259,3.56,-1.1716587543487549,-2.5706982612609863,0.9307752847671509,1747325214.6465397,-4.876412868499756,1881
443,0.3048766851425171,1886,1.0,-2.9797303676605225,0.7324365973472595,33523.458017802,0.8424,23.16132354736328,3.6928768157958984,6.013655462184874e-08,-2.012801170349121,3.57,-1.1711978912353516,-1.490410566329956,0.8551198244094849,1747325323.9185812,-5.183287620544434,1887
444,0.1557864099740982,1893,1.0,-3.0504236221313477,0.6178084015846252,33649.021005164,0.7177,15.308749198913574,5.5230207443237305,5.829831932773109e-08,-1.9709886312484741,3.58,-1.0064427852630615,-1.7004032135009766,0.9240439534187317,1747325449.4766748,-7.223423957824707,1894
445,0.3145027756690979,1895,1.0,-2.651370048522949,0.8422626256942749,33684.121032789,0.8426,17.667783737182617,2.0424695014953613,5.777310924369748e-08,-2.2257485389709473,3.58,-1.1147716045379639,-1.9198609590530396,1.055519700050354,1747325484.5762253,-3.9623305797576904,1896
446,0.2769293189048767,1896,1.0,-2.7484514713287354,0.8981846570968628,33701.898008194,0.9028,12.923030853271484,2.481342315673828,5.751050420168067e-08,-2.279067039489746,3.59,-1.1234532594680786,-2.4301061630249023,1.2425106763839722,1747325502.3535945,-4.9114484786987305,1897
447,0.2577361762523651,1902,1.0,-3.0587143898010254,0.890000581741333,33808.97810938,0.733,9.331841468811035,4.105827331542969,5.593487394957983e-08,-2.1710548400878906,3.6,-1.0055681467056274,-2.556708812713623,1.2645288705825806,1747325609.4391441,-6.66253662109375,1903
448,0.2844153642654419,1903,1.0,-2.880727767944336,0.8893511295318604,33826.304000381,0.7351,16.568269729614258,4.02646541595459,5.5672268907563023e-08,-1.920236587524414,3.6,-1.0130224227905273,-2.10833740234375,1.209871530532837,1747325626.7598233,-6.13480281829834,1904
449,0.27831920981407166,1906,1.0,-3.1084494590759277,0.6981140375137329,33879.232004651,0.7986,13.491156578063965,3.807157039642334,5.48844537815126e-08,-2.406569004058838,3.6,-1.1381161212921143,-1.2814761400222778,0.8395896553993225,1747325679.6889913,-5.0886335372924805,1907
450,0.26048216223716736,1908,1.0,-3.158295154571533,0.7963513135910034,33914.282021325,0.7319,10.980599403381348,3.872995138168335,5.435924369747899e-08,-2.0859150886535645,3.61,-1.0455498695373535,-1.6045334339141846,1.0717382431030273,1747325714.7431598,-5.4775285720825195,1909
451,0.3718530833721161,1909,0.75,-2.8353350162506104,0.9145066738128662,33932.018945928,0.6927,9.458066940307617,4.165377616882324,5.409663865546219e-08,-2.41530179977417,3.61,-0.9982874393463135,-1.416001319885254,1.085307240486145,1747325732.5135531,-5.581378936767578,1910
452,0.2187788486480713,1918,1.0,-3.621039390563965,0.7294393181800842,34092.36702148,0.661,6.300078392028809,6.166782379150391,5.173319327731092e-08,-2.112663745880127,3.63,-1.103589415550232,-2.1112060546875,1.0213209390640259,1747325892.825276,-8.27798843383789,1919
453,0.18472424149513245,1920,1.0,-3.008176326751709,0.6891483068466187,34127.373491145,0.7976,19.672679901123047,5.392526626586914,5.120798319327731e-08,-2.37612247467041,3.63,-1.2083280086517334,-2.320889472961426,1.0088480710983276,1747325927.8681293,-7.71341609954834,1921
454,0.07404135167598724,1930,1.0,-2.882519245147705,0.6256083250045776,34306.827038292,0.7611,12.32234001159668,5.39601993560791,4.858193277310924e-08,-2.21368408203125,3.65,-1.1079094409942627,-2.6692495346069336,1.1031339168548584,1747326107.2836661,-8.06527042388916,1931
455,0.3493751585483551,1934,1.0,-2.773763418197632,0.8723870515823364,34377.819096812,0.7644,11.545966148376465,4.163626670837402,4.7531512605042015e-08,-2.308511257171631,3.66,-1.0445739030838013,-1.9935855865478516,1.0460238456726074,1747326178.2749193,-6.157212257385254,1935
456,0.08271471410989761,1943,1.0,-3.224334716796875,0.618960976600647,34536.232042464,0.6996,7.032928943634033,3.7262392044067383,4.5168067226890754e-08,-1.7965812683105469,3.67,-0.9917405843734741,-2.433319091796875,1.0724924802780151,1747326336.687593,-6.159558296203613,1944
457,1.017725944519043,1945,0.5,-2.813532590866089,1.5579233169555664,34571.835024472,0.8833,22.236961364746094,-0.02536901831626892,4.4642857142857145e-08,-2.1846861839294434,3.68,-1.0966166257858276,-3.6138672828674316,1.0803946256637573,1747326372.290164,-3.588498115539551,1946
458,0.2629719078540802,1950,1.0,-2.7301058769226074,0.7346054315567017,34662.6110348,0.851,12.992901802062988,2.55403995513916,4.3329831932773104e-08,-1.7875020503997803,3.69,-1.0724031925201416,-2.2037832736968994,0.9432669878005981,1747326463.0682416,-4.757823467254639,1951
459,0.4413144588470459,1953,0.75,-2.8748509883880615,0.9698258638381958,34715.935976108,0.7694,11.261041641235352,3.3878984451293945,4.2542016806722686e-08,-2.1756198406219482,3.69,-1.0967700481414795,-1.8820675611495972,1.0570228099822998,1747326516.3934336,-5.269966125488281,1954
460,0.313267320394516,1958,0.75,-3.0255541801452637,0.8131964206695557,34810.078060017,0.7818,14.584238052368164,5.361565113067627,4.122899159663865e-08,-2.304123878479004,3.7,-1.0520281791687012,-1.8926639556884766,0.9998581409454346,1747326610.535117,-7.254229545593262,1959
461,0.24384376406669617,1959,1.0,-3.061718463897705,0.7168777585029602,34827.818026287,0.7348,8.088874816894531,3.545073986053467,4.096638655462185e-08,-2.076972484588623,3.71,-1.097064733505249,-1.9956176280975342,0.9460679888725281,1747326628.2749667,-5.540691375732422,1960
462,0.19476871192455292,1967,1.0,-3.3698601722717285,0.8184725046157837,34968.372016767,0.7617,10.718494415283203,5.459924697875977,3.88655462184874e-08,-2.4518918991088867,3.72,-1.1642537117004395,-2.122267007827759,1.2474075555801392,1747326768.82976,-7.5821919441223145,1968
463,0.009468109346926212,1971,1.0,-2.9334425926208496,0.5908802151679993,35038.60912137,0.7157,8.616668701171875,6.492621898651123,3.7815126050420164e-08,-1.9102323055267334,3.73,-1.0100213289260864,-1.89568030834198,1.1628241539001465,1747326839.0650778,-8.388301849365234,1972
464,0.2701031565666199,1973,0.75,-2.741732597351074,0.7234384417533875,35074.461079451,0.7231,11.376456260681152,3.41404390335083,3.7289915966386554e-08,-2.033874034881592,3.73,-0.9613966345787048,-1.6342442035675049,0.9066705703735352,1747326874.9557464,-5.048288345336914,1974
465,0.15292948484420776,1985,1.0,-2.719827175140381,0.6772862672805786,35288.777022678,0.7836,19.245681762695312,4.910737991333008,3.413865546218487e-08,-2.0168652534484863,3.75,-1.1337915658950806,-2.1136622428894043,1.0487135648727417,1747327089.2330308,-7.024399757385254,1986
466,0.29721421003341675,1991,1.0,-2.4956464767456055,0.6988714337348938,35395.785064809,0.8229,11.306231498718262,3.3641843795776367,3.256302521008403e-08,-2.128559112548828,3.77,-1.0926443338394165,-1.6863062381744385,0.8033144474029541,1747327196.240907,-5.050490379333496,1992
467,0.15654979646205902,1995,1.0,-3.292133331298828,0.5828707814216614,35466.904128545,0.7128,9.4774169921875,6.523542881011963,3.151260504201681e-08,-2.307703971862793,3.77,-1.1247525215148926,-1.5995218753814697,0.8526419401168823,1747327267.3610246,-8.123064994812012,1996
468,0.17019057273864746,2001,1.0,-3.1285862922668457,0.6857709884643555,35574.006197633,0.7973,10.032628059387207,4.936429977416992,2.9936974789915964e-08,-1.9562785625457764,3.78,-1.119925618171692,-4.2175140380859375,1.031160831451416,1747327374.472433,-9.15394401550293,2002
469,0.35794609785079956,2002,1.0,-3.225635528564453,0.6765466332435608,35591.188005238,0.6893,10.515580177307129,2.054558277130127,2.9674369747899156e-08,-1.9265334606170654,3.79,-0.9059788584709167,-1.093932867050171,0.6372010707855225,1747327391.6479611,-3.148491144180298,2003
470,0.3279808461666107,2005,0.75,-2.9187088012695312,0.8579503297805786,35646.365899209,0.7856,16.5548152923584,2.241694927215576,2.888655462184874e-08,-1.9937243461608887,3.79,-1.104069709777832,-2.2061119079589844,1.059938907623291,1747327446.8605838,-4.4478068351745605,2006
471,0.21150483191013336,2007,1.0,-2.9972987174987793,0.7231811881065369,35682.140017749,0.7077,6.114932537078857,4.732509613037109,2.8361344537815125e-08,-1.7806107997894287,3.8,-0.9611793756484985,-2.2917866706848145,1.0233527421951294,1747327482.5960348,-7.024295806884766,2008
472,0.04276185482740402,2016,1.0,-3.591766357421875,0.481915146112442,35841.931033149,0.6514,8.683443069458008,4.905970573425293,2.5997899159663864e-08,-1.5865890979766846,3.81,-1.0015695095062256,-1.7564924955368042,0.8783065676689148,1747327642.3889577,-6.6624627113342285,2017
473,0.05208691954612732,2017,1.0,-3.4806461334228516,0.688281774520874,35859.258034646,0.718,13.15473461151123,4.596208572387695,2.5735294117647056e-08,-2.273653030395508,3.81,-1.2397528886795044,-1.937598466873169,1.2723896503448486,1747327659.7138975,-6.533806800842285,2018
474,0.13881391286849976,2019,1.0,-3.4970240592956543,0.6839905977249146,35896.001995946,0.8054,9.46631145477295,3.4677720069885254,2.5210084033613446e-08,-1.7811012268066406,3.82,-1.1204078197479248,-2.434394359588623,1.0903533697128296,1747327696.4670606,-5.902166366577148,2020
475,0.06382675468921661,2024,1.0,-3.239284038543701,0.7379447817802429,35983.249031026,0.8071,16.284706115722656,4.1951727867126465,2.389705882352941e-08,-2.2621335983276367,3.83,-1.0978118181228638,-2.1848983764648438,1.348236083984375,1747327783.7063956,-6.38007116317749,2025
476,0.3314812481403351,2027,1.0,-2.6657814979553223,0.8527194261550903,36036.42293121,0.8172,15.166653633117676,4.958009719848633,2.310924369747899e-08,-1.7851181030273438,3.83,-1.0195488929748535,-2.004951000213623,1.0424764156341553,1747327836.9175096,-6.962961196899414,2028
477,0.15496039390563965,2029,1.0,-3.280895471572876,0.4781200885772705,36072.071032109,0.6718,9.39244556427002,6.965234756469727,2.2584033613445377e-08,-2.442155361175537,3.84,-1.085143804550171,-1.646496295928955,0.6463193893432617,1747327872.5274835,-8.61173152923584,2030
478,0.16333569586277008,2031,1.0,-2.583872079849243,0.5757226943969727,36108.833011005,0.7265,13.294000625610352,4.154277801513672,2.2058823529411764e-08,-2.296111822128296,3.84,-1.0090482234954834,-1.164186954498291,0.8247740268707275,1747327909.2879553,-5.318465232849121,2032
479,1.0682982206344604,2034,0.75,-3.322025775909424,1.5386801958084106,36162.701049293,0.7811,24.841535568237305,4.518287181854248,2.1271008403361343e-08,-2.418363332748413,3.85,-1.1859508752822876,-4.176101207733154,0.9407639503479004,1747327963.157089,-8.694389343261719,2035
480,0.4252775013446808,2037,1.0,-2.965883493423462,1.0371359586715698,36216.365509534,0.8778,72.95213317871094,4.117213726043701,2.0483193277310925e-08,-2.4962785243988037,3.85,-1.1802852153778076,-2.1978485584259033,1.2237169742584229,1747328016.8601673,-6.315062522888184,2038
481,0.1612059772014618,2038,1.0,-3.0704197883605957,0.675154447555542,36234.032006461,0.7562,11.807296752929688,2.9152069091796875,2.0220588235294117e-08,-2.139387369155884,3.85,-1.2074267864227295,-1.9356598854064941,1.0278968811035156,1747328034.488971,-4.850866794586182,2039
482,0.35093945264816284,2039,0.75,-2.952589273452759,0.8843017220497131,36253.291010127,0.81,18.159597396850586,4.659465789794922,1.9957983193277308e-08,-1.8288806676864624,3.86,-0.9338460564613342,-1.1614410877227783,1.0667245388031006,1747328053.7469747,-5.820906639099121,2040
483,0.558695912361145,2040,0.5,-2.923086166381836,1.0765502452850342,36271.471023713,0.8135,15.019327163696289,1.6406872272491455,1.9695378151260503e-08,-2.119767665863037,3.86,-1.1850773096084595,-1.755531668663025,1.0357087850570679,1747328071.9306607,-3.396218776702881,2041
484,0.21118174493312836,2045,1.0,-2.8631181716918945,0.8554539680480957,36359.323980219,0.7395,17.727458953857422,5.36495304107666,1.838235294117647e-08,-2.3563036918640137,3.87,-1.0824589729309082,-2.3064498901367188,1.2885444164276123,1747328159.780212,-7.671402931213379,2046
485,0.07162068784236908,2051,1.0,-3.0660061836242676,0.5590065121650696,36467.791684753,0.8069,11.333874702453613,3.681425094604492,1.680672268907563e-08,-2.156345844268799,3.88,-1.2038087844848633,-1.6499067544937134,0.9747716784477234,1747328268.2863889,-5.331331729888916,2052
486,0.09952604025602341,2052,1.0,-3.7132904529571533,0.5097682476043701,36485.202077175,0.6665,11.734987258911133,6.720512390136719,1.654411764705882e-08,-2.1105098724365234,3.88,-1.0862092971801758,-1.7838551998138428,0.8204843997955322,1747328285.6967745,-8.50436782836914,2053
487,0.2964068651199341,2054,0.75,-2.635685920715332,0.7997964024543762,36521.051059593,0.7743,11.168472290039062,2.9606690406799316,1.6018907563025208e-08,-1.8909118175506592,3.88,-1.055002212524414,-1.4769529104232788,1.0067790746688843,1747328321.507871,-4.4376220703125,2055
488,0.5265803337097168,2058,1.0,-3.022709846496582,1.2172818183898926,36591.687015207,0.7702,17.953020095825195,1.7070691585540771,1.4968487394957982e-08,-2.019399881362915,3.89,-1.1823439598083496,-3.7717366218566895,1.3814029693603516,1747328392.1452537,-5.478806495666504,2059
489,0.11013562232255936,2065,1.0,-3.0484814643859863,0.593693196773529,36716.761008727,0.8225,26.997661590576172,4.9302873611450195,1.3130252100840336e-08,-2.518301010131836,3.91,-1.151165246963501,-2.0348124504089355,0.9671151041984558,1747328517.220032,-6.965100288391113,2066
490,0.24140599370002747,2069,1.0,-2.895704507827759,0.7749950885772705,36787.725240426,0.8001,10.046974182128906,5.063777923583984,1.207983193277311e-08,-2.1436052322387695,3.91,-1.0224158763885498,-1.6880786418914795,1.0671781301498413,1747328588.219972,-6.751856803894043,2070
491,0.17993974685668945,2070,1.0,-2.8302929401397705,0.7145519256591797,36804.94906588,0.7954,17.79327964782715,3.831580638885498,1.1817226890756302e-08,-1.6783300638198853,3.91,-1.0188140869140625,-1.79063081741333,1.0692243576049805,1747328605.405262,-5.622211456298828,2071
492,0.3201947808265686,2076,1.0,-3.3538012504577637,0.8286755681037903,36910.81006207,0.7397,18.64874267578125,4.08526086807251,1.0241596638655462e-08,-2.146827459335327,3.93,-0.9674519896507263,-1.122316837310791,1.0169615745544434,1747328711.2681096,-5.207577705383301,2077
493,0.21460315585136414,2077,1.0,-2.6771204471588135,0.7754220962524414,36928.371032035,0.7795,12.395254135131836,3.148160696029663,9.978991596638654e-09,-2.0849947929382324,3.93,-1.0422111749649048,-1.9786583185195923,1.1216379404067993,1747328728.8396747,-5.126819133758545,2078
494,0.14051787555217743,2078,1.0,-3.4316213130950928,0.5456172227859497,36946.100030417,0.6876,5.923244476318359,4.690149307250977,9.71638655462185e-09,-2.01235294342041,3.93,-1.1092028617858887,-1.5819506645202637,0.8101987242698669,1747328746.556164,-6.272100448608398,2079
495,0.23460809886455536,2093,1.0,-2.7710037231445312,0.665543794631958,37211.451018952,0.7714,13.016416549682617,4.768937587738037,5.7773109243697476e-09,-1.9674227237701416,3.96,-1.1055538654327393,-1.732961654663086,0.8618714213371277,1747329011.9072912,-6.501898765563965,2094
496,0.0621555931866169,2094,1.0,-2.859159469604492,0.7108519077301025,37228.862018514,1.0349,16.411195755004883,3.600877046585083,5.514705882352941e-09,-2.0734715461730957,3.96,-1.3195862770080566,-3.007312774658203,1.2973926067352295,1747329029.3192537,-6.608189582824707,2095
497,0.26432859897613525,2095,0.75,-2.5687201023101807,0.7342979311943054,37247.925022933,0.8444,14.37024974822998,3.7528021335601807,5.2521008403361345e-09,-2.4403393268585205,3.96,-1.108133316040039,-1.5486868619918823,0.9399386644363403,1747329048.3830607,-5.301488876342773,2096
498,0.06267957389354706,2102,1.0,-3.1483519077301025,0.6505445837974548,37371.0189675,0.7507,18.61626625061035,5.298111915588379,3.4138655462184873e-09,-2.0064537525177,3.98,-1.1022179126739502,-1.800302267074585,1.1757299900054932,1747329171.4765935,-7.098414897918701,2103
499,0.45505160093307495,2107,0.75,-3.078338384628296,1.1684167385101318,37458.985862722,0.8695,11.107121467590332,2.6386067867279053,2.1008403361344537e-09,-2.551576614379883,3.98,-1.2348783016204834,-3.5532331466674805,1.4267301559448242,1747329259.4805212,-6.191840171813965,2108
