,train/losses/dpo,_step,train/ref_logps/answer,train/rewards/accuracies,train/logps/rejected,train/losses/total,_runtime,train/loss,train/grad_norm,train/ref_logps/chosen,train/rewards/margins,train/learning_rate,train/logps/answer,train/epoch,train/logps/chosen,train/rewards/chosen,train/losses/sft,train/ref_logps/rejected,_timestamp,train/rewards/rejected,train/global_step
0,0.0625,0,-1.9965927600860596,0,-1.0821837186813354,0.5936171412467957,6.644830703735352,0.4624,0.8437228202819824,-0.7997877597808838,0.0,2.94811320754717e-10,-1.9965927600860596,0.0,-0.7997877597808838,0.0,1.0622342824935913,-1.0821837186813354,1741097175.4921818,0.0,1
1,0.0625,1,-1.5160102844238281,0,-1.132258653640747,0.8277869820594788,9.580087423324585,0.634,0.8612416386604309,-1.1430391073226929,0.0,5.89622641509434e-10,-1.5160102844238281,0.0,-1.1430391073226929,0.0,1.5305739641189575,-1.132258653640747,1741097178.4274385,0.0,2
2,0.0625,2,-1.6619492769241333,0,-0.9172927141189575,0.528376579284668,12.626412391662598,0.4872,0.48851367831230164,-0.8494833707809448,0.0,8.844339622641509e-10,-1.6619492769241333,0.0,-0.8494833707809448,0.0,0.9317531585693359,-0.9172927141189575,1741097181.4737635,0.0,3
3,0.0625,3,-1.5138089656829834,0,-0.7449406385421753,0.3384356200695038,15.556862115859985,0.4333,0.953919529914856,-0.7403640747070312,0.0,1.179245283018868e-09,-1.5133516788482666,0.0,-0.7408336400985718,0.0,0.5518712401390076,-0.7452455759048462,1741097184.4042132,0.0,4
4,0.06564205139875412,4,-1.6925506591796875,0,-1.2265583276748657,0.7006778717041016,18.501260995864868,0.689,0.8261107206344604,-1.2545039653778076,-0.012414097785949707,1.4740566037735849e-09,-1.6926922798156738,0.0,-1.253349781036377,-0.011088132858276367,1.2700716257095337,-1.2273770570755005,1741097187.348612,0.0013259649276733398,5
5,0.06185721606016159,5,-1.232538104057312,1,-1.0532994270324707,0.7054358124732971,21.441341638565063,0.4722,1.5196733474731445,-0.8174788951873779,0.0025777816772460938,1.7688679245283018e-09,-1.2345662117004395,0.0,-0.8176076412200928,0.0005426406860351562,1.2871571779251099,-1.0549042224884033,1741097190.2886927,-0.0020351409912109375,6
6,0.063995860517025,6,-1.4889774322509766,0,-1.4743232727050781,0.5588908195495605,24.39908766746521,0.4874,0.6886736154556274,-0.8474149703979492,-0.005948066711425781,2.063679245283019e-09,-1.4897364377975464,0.0,-0.8490018844604492,-0.0046405792236328125,0.9897899031639099,-1.4736175537109375,1741097193.2464387,0.0013074874877929688,7
7,0.06469134986400604,7,-2.024566888809204,0,-1.183199405670166,0.7554842829704285,27.34981417655945,0.5861,0.49595120549201965,-1.0459872484207153,-0.00868988037109375,2.358490566037736e-09,-2.021510601043701,0.0,-1.046417236328125,-0.011738061904907227,1.3815858364105225,-1.1835647821426392,1741097196.1971653,-0.0030481815338134766,8
8,0.06090456619858742,8,-1.140312671661377,1,-0.8962383270263672,0.6584731936454773,30.283551454544067,0.4242,1.3737003803253174,-0.7289750576019287,0.006422996520996094,2.6533018867924524e-09,-1.1389528512954712,0.0,-0.7248021364212036,0.016796588897705078,1.1951372623443604,-0.8988949060440063,1741097199.1309025,0.010373592376708984,9
9,0.060460906475782394,9,-1.752383828163147,1,-0.9551692008972168,0.4709502160549164,33.39970803260803,0.5945,0.70328289270401,-1.0673117637634277,0.008224010467529297,2.9481132075471697e-09,-1.7516582012176514,0.0,-1.0668160915374756,-0.00025522708892822266,0.8209786415100098,-0.9528640508651733,1741097202.247059,-0.00847923755645752,10
10,0.05766061693429947,10,-2.0544776916503906,1,-1.4973207712173462,0.7710323333740234,36.34971070289612,0.5509,0.8620073199272156,-0.9802201986312866,0.019747495651245117,3.2429245283018866e-09,-2.0484778881073,0.0,-0.9790983200073242,0.007281780242919922,1.4267433881759644,-1.4960951805114746,1741097205.1970618,-0.012465715408325195,11
11,0.06382706761360168,11,-0.8976465463638306,0,-1.2657253742218018,0.5386288166046143,39.28883600234985,0.4727,1.202999472618103,-0.8215370178222656,-0.0052803754806518555,3.5377358490566036e-09,-0.8963788151741028,0.0,-0.821224570274353,-0.004802346229553223,0.9496034979820251,-1.265139102935791,1741097208.136187,0.0004780292510986328,12
12,0.06166758015751839,12,-1.649038314819336,1,-1.359921932220459,0.553713858127594,42.39986038208008,0.5832,1.0859630107879639,-1.0475422143936157,0.0033408403396606445,3.8325471698113205e-09,-1.6479473114013672,0.0,-1.0458743572235107,0.0025342702865600586,0.9840925335884094,-1.3569114208221436,1741097211.2472115,-0.0008065700531005859,13
13,0.06545791774988174,13,-1.9682815074920654,0,-1.117853045463562,0.7328574657440186,45.338534355163574,0.5964,0.8745192289352417,-1.0689693689346313,-0.011694908142089844,4.127358490566038e-09,-1.9651771783828735,0.0,-1.070417881011963,-0.013684749603271484,1.33479905128479,-1.1137582063674927,1741097214.1858854,-0.0019898414611816406,14
14,0.06050708144903183,14,-1.443969488143921,1,-0.9000717401504517,0.4508291184902191,48.294347286224365,0.5323,0.7915862202644348,-0.9403383135795593,0.008036255836486816,4.422169811320754e-09,-1.4458497762680054,0.0,-0.9407873153686523,0.001279592514038086,0.7806440591812134,-0.8983914256095886,1741097217.1416984,-0.0067566633224487305,15
15,0.06494856625795364,15,-1.7457213401794434,0,-1.0365440845489502,0.41975137591362,51.25234580039978,0.5831,0.8502318859100342,-1.0329475402832031,-0.009700179100036621,4.716981132075472e-09,-1.7517565488815308,0.0,-1.0357939004898071,-0.006179690361022949,0.7096056342124939,-1.0390381813049316,1741097220.0996969,0.003520488739013672,16
16,0.06537297368049622,16,-1.7019648551940918,0,-1.2278963327407837,0.5500494241714478,54.19785714149475,0.6578,0.8023949861526489,-1.1981267929077148,-0.011362791061401367,5.011792452830188e-09,-1.6994614601135254,0.0,-1.1939506530761719,-0.00021457672119140625,0.9693529605865479,-1.2286598682403564,1741097223.0452082,0.011148214340209961,17
17,0.061708882451057434,17,-1.5869593620300293,1,-1.251727819442749,0.592898428440094,57.137529373168945,0.6558,0.7695382833480835,-1.1900057792663574,0.0031745433807373047,5.306603773584905e-09,-1.5870423316955566,0.0,-1.1884104013442993,-0.0015766620635986328,1.0623791217803955,-1.2514902353286743,1741097225.9848804,-0.0047512054443359375,18
18,0.05962804704904556,18,-1.4441890716552734,1,-0.9950074553489685,0.5851532220840454,60.052786111831665,0.6087,2.174501657485962,-1.0924466848373413,0.011622905731201172,5.601415094339622e-09,-1.4431867599487305,0.0,-1.0903905630111694,0.011111974716186523,1.0510503053665161,-0.9989576935768127,1741097228.9001372,-0.0005109310150146484,19
19,0.060540661215782166,19,-1.4232242107391357,1,-0.9520379304885864,0.596811830997467,62.99748373031616,0.5161,0.46532830595970154,-0.9109537601470947,0.007899761199951172,5.896226415094339e-09,-1.4249907732009888,0.0,-0.9112892746925354,-0.002460002899169922,1.0725423097610474,-0.9476334452629089,1741097231.8448348,-0.010359764099121094,20
20,0.06341443955898285,20,-1.918239712715149,0,-1.2623744010925293,0.7141749262809753,65.94312953948975,0.6405,1.0821938514709473,-1.1459970474243164,-0.0036444664001464844,6.191037735849057e-09,-1.9152276515960693,0.0,-1.1493117809295654,0.004582643508911133,1.3015209436416626,-1.2657337188720703,1741097234.7904806,0.008227109909057617,21
21,0.06133827194571495,21,-1.63080894947052,1,-1.113694667816162,0.3557116389274597,68.88262939453125,0.6194,0.8539484143257141,-1.1113002300262451,0.004668831825256348,6.485849056603773e-09,-1.6315606832504272,0.01,-1.1130653619766235,0.00284421443939209,0.5887467265129089,-1.1125671863555908,1741097237.7299805,-0.0018246173858642578,22
22,0.05668221041560173,22,-1.4054479598999023,1,-1.021885633468628,0.5168992280960083,71.80166411399841,0.6362,0.7497725486755371,-1.15087890625,0.023839473724365234,6.780660377358491e-09,-1.4074978828430176,0.01,-1.1494371891021729,0.009773850440979004,0.9204340577125549,-1.0211091041564941,1741097240.6490152,-0.01406562328338623,23
23,0.06316626816987991,23,-1.4592993259429932,0,-0.8855278491973877,0.5169931054115295,74.76679039001465,0.4818,0.6888744831085205,-0.8358854651451111,-0.0026580095291137695,7.075471698113207e-09,-1.463306188583374,0.01,-0.8367788791656494,-0.004323601722717285,0.9076536893844604,-0.8864223957061768,1741097243.6141415,-0.0016655921936035156,24
24,0.06108807399868965,24,-1.375434398651123,1,-0.924218475818634,0.5016863346099854,77.70234107971191,0.5611,0.5195086598396301,-1.0043177604675293,0.005679965019226074,7.3702830188679245e-09,-1.3804694414138794,0.01,-1.001316785812378,0.00012123584747314453,0.8811965584754944,-0.9231117367744446,1741097246.5496922,-0.00555872917175293,25
25,0.06817996501922607,25,-0.938687801361084,0,-0.89801025390625,0.5795751214027405,80.61761713027954,0.394,0.7826470136642456,-0.670846164226532,-0.02222585678100586,7.665094339622641e-09,-0.9373694658279419,0.01,-0.6665308475494385,-0.001127481460571289,1.0227903127670288,-0.898614764213562,1741097249.4649682,0.02109837532043457,26
26,0.06401534378528595,26,-2.116771697998047,0,-1.067814826965332,0.5261489748954773,83.68347430229187,0.6181,0.3462463617324829,-1.1158199310302734,-0.006025075912475586,7.959905660377358e-09,-2.1153926849365234,0.01,-1.1144545078277588,-0.007494330406188965,0.9242672324180603,-1.065927267074585,1741097252.5308254,-0.001469254493713379,27
27,0.06273990124464035,27,-1.640511155128479,0,-1.0319702625274658,0.6049408912658691,86.62707352638245,0.5589,1.1659207344055176,-0.9975929260253906,-0.0009586811065673828,8.254716981132076e-09,-1.6363072395324707,0.01,-0.9966479539871216,0.004351377487182617,1.0844019651412964,-1.0290324687957764,1741097255.4744246,0.00531005859375,28
28,0.06592915952205658,28,-1.3435139656066895,0,-1.3103716373443604,0.5241333842277527,89.55074453353882,0.5418,1.6487436294555664,-0.9638305902481079,-0.013533473014831543,8.549528301886791e-09,-1.348820447921753,0.01,-0.9624298810958862,-0.0051146745681762695,0.9164084196090698,-1.307652235031128,1741097258.3980956,0.008418798446655273,29
29,0.06250143051147461,29,-1.2341256141662598,0,-1.0580058097839355,0.5857535600662231,92.62000846862793,0.3628,0.8634864091873169,-0.600848376750946,-5.7220458984375e-06,8.844339622641509e-09,-1.226823091506958,0.01,-0.6014875769615173,-0.0009734630584716797,1.046504259109497,-1.0565130710601807,1741097261.4673595,-0.0009677410125732422,30
30,0.06381019949913025,30,-1.1818019151687622,0,-0.9359208345413208,0.36029312014579773,95.56329393386841,0.4134,0.8500878214836121,-0.7057452201843262,-0.005213618278503418,9.139150943396226e-09,-1.179133415222168,0.01,-0.7048903703689575,-0.006795406341552734,0.592965841293335,-0.9335857033729553,1741097264.410645,-0.0015817880630493164,31
31,0.06376064568758011,31,-1.7386229038238525,0,-1.1666401624679565,0.4237239956855774,98.62925815582275,0.5981,1.0579276084899902,-1.0719414949417114,-0.005017399787902832,9.433962264150943e-09,-1.7362257242202759,0.01,-1.0720937252044678,-0.003731369972229004,0.7199267148971558,-1.1656203269958496,1741097267.4766092,0.0012860298156738281,32
32,0.06648216396570206,32,-1.6282248497009277,0,-0.776925265789032,0.8864769339561462,101.57577395439148,0.6066,1.1023045778274536,-1.0845035314559937,-0.015682697296142578,9.728773584905659e-09,-1.6275526285171509,0.01,-1.0861482620239258,-0.005602359771728516,1.6399894952774048,-0.7772500514984131,1741097270.423125,0.010080337524414062,33
33,0.061490945518016815,33,-1.6353743076324463,1,-0.719711422920227,0.45384711027145386,104.51406955718994,0.4313,0.7821691036224365,-0.7375019788742065,0.004052639007568359,1.0023584905660376e-08,-1.6346638202667236,0.01,-0.7387168407440186,-0.003275156021118164,0.7847123146057129,-0.7172501087188721,1741097273.3614206,-0.0073277950286865234,34
34,0.06367136538028717,34,-1.6277801990509033,0,-1.253428339958191,0.675918459892273,107.47433018684387,0.6206,1.3824249505996704,-1.1159167289733887,-0.004663705825805664,1.0318396226415094e-08,-1.6280596256256104,0.01,-1.1170381307601929,-0.004869699478149414,1.224494218826294,-1.2513775825500488,1741097276.3216813,-0.00020599365234375,35
35,0.06368803232908249,35,-1.6357603073120117,0,-1.2810657024383545,0.5697612762451172,110.40234589576721,0.5309,1.549963355064392,-0.9485757946968079,-0.004729747772216797,1.061320754716981e-08,-1.632995367050171,0.01,-0.9436126947402954,0.002015829086303711,1.0121464729309082,-1.2789745330810547,1741097279.249697,0.006745576858520508,36
36,0.06043291464447975,36,-1.3434712886810303,1,-1.1536433696746826,0.538945734500885,113.33294892311096,0.5019,0.7289164066314697,-0.8793319463729858,0.008337855339050293,1.0908018867924527e-08,-1.3418588638305664,0.01,-0.8800441026687622,0.0024749040603637695,0.9570255875587463,-1.1516538858413696,1741097282.1803,-0.0058629512786865234,37
37,0.06118537113070488,37,-1.2424595355987549,1,-1.1620734930038452,0.46747100353240967,116.27434182167053,0.4624,0.9790646433830261,-0.7986274361610413,0.005286455154418945,1.1202830188679244e-08,-1.2472320795059204,0.01,-0.7996246814727783,0.008109092712402344,0.8125712871551514,-1.1611697673797607,1741097285.121693,0.0028226375579833984,38
38,0.062384091317653656,38,-1.12595796585083,1,-1.0891506671905518,0.3714442551136017,119.18547868728638,0.521,1.7345739603042603,-0.920224666595459,0.00046384334564208984,1.1497641509433961e-08,-1.1255903244018555,0.01,-0.9199848175048828,0.0065125226974487305,0.6181203126907349,-1.0862877368927002,1741097288.0328298,0.006048679351806641,39
39,0.060096316039562225,39,-1.1995699405670166,1,-0.7356165647506714,0.6867527961730957,122.11612343788147,0.3776,1.3781728744506836,-0.6338998675346375,0.009709000587463379,1.1792452830188679e-08,-1.201789379119873,0.01,-0.6320289969444275,0.007294416427612305,1.2533129453659058,-0.7354816198348999,1741097290.9634745,-0.0024145841598510742,40
40,0.05850256234407425,40,-1.9065814018249512,1,-1.227050542831421,0.5711223483085632,125.0697455406189,0.5986,0.7388203740119934,-1.0718296766281128,0.016253948211669922,1.2087264150943396e-08,-1.9047966003417969,0.01,-1.0734403133392334,0.0038306713104248047,1.0252395868301392,-1.224184274673462,1741097293.9170966,-0.012423276901245117,41
41,0.06077924370765686,41,-1.8548243045806885,1,-1.0874354839324951,0.6556177139282227,128.0317587852478,0.5656,0.5517577528953552,-1.0072553157806396,0.0069310665130615234,1.2382075471698113e-08,-1.8563112020492554,0.01,-1.0070478916168213,0.0031783580780029297,1.1896770000457764,-1.0868217945098877,1741097296.8791099,-0.0037527084350585938,42
42,0.06133514270186424,42,-1.6156796216964722,1,-1.007901906967163,0.6104308366775513,130.97263979911804,0.5729,1.0361464023590088,-1.0217952728271484,0.00468134880065918,1.2676886792452831e-08,-1.6125458478927612,0.01,-1.0202312469482422,0.00692296028137207,1.0981913805007935,-1.0100209712982178,1741097299.8199909,0.0022416114807128906,43
43,0.06493671983480453,43,-1.1194140911102295,0,-0.9410370588302612,0.5957677960395813,133.91271924972534,0.4721,1.2218512296676636,-0.8198307156562805,-0.009653687477111816,1.2971698113207547e-08,-1.1265960931777954,0.01,-0.8200178146362305,-0.005982637405395508,1.061662197113037,-0.9399206638336182,1741097302.7600703,0.0036710500717163086,44
44,0.060010019689798355,44,-0.9297329783439636,1,-1.020279884338379,0.5182327032089233,136.8342592716217,0.2744,1.7903355360031128,-0.41895753145217896,0.010061144828796387,1.3266509433962264e-08,-0.9249876737594604,0.01,-0.419245183467865,-0.0003072023391723633,0.9164453148841858,-1.0244507789611816,1741097305.6816103,-0.01036834716796875,45
45,0.060206130146980286,45,-2.1074047088623047,1,-1.1790324449539185,0.5106485486030579,139.90680384635925,0.5324,0.5968751907348633,-0.9402320384979248,0.009261250495910645,1.3561320754716981e-08,-2.1059927940368652,0.01,-0.9396622180938721,-0.00012576580047607422,0.9008848071098328,-1.179667592048645,1741097308.754155,-0.009387016296386719,46
46,0.06388743221759796,46,-1.1353071928024292,0,-1.0952571630477905,0.4223591089248657,142.97990345954895,0.4394,1.0906304121017456,-0.7549610137939453,-0.005519270896911621,1.3856132075471699e-08,-1.1323741674423218,0.01,-0.7542672157287598,0.002945423126220703,0.7169433236122131,-1.0955063104629517,1741097311.8272545,0.008464694023132324,47
47,0.05841493979096413,47,-1.8971164226531982,1,-1.0978561639785767,0.49537762999534607,146.0358054637909,0.5041,0.8330165147781372,-0.8824578523635864,0.016616344451904297,1.4150943396226414e-08,-1.898369312286377,0.01,-0.8825441002845764,0.0034873485565185547,0.8739253878593445,-1.0983474254608154,1741097314.8831565,-0.013128995895385742,48
48,0.061267875134944916,48,-1.6299858093261719,1,-1.0835195779800415,0.5397862792015076,149.10762906074524,0.5766,0.7740769982337952,-1.025390863418579,0.00495302677154541,1.4445754716981132e-08,-1.6343234777450562,0.01,-1.026386022567749,0.002601027488708496,0.9570367932319641,-1.0843911170959473,1741097317.9549801,-0.002351999282836914,49
49,0.06676444411277771,49,-1.4000016450881958,0,-1.314164161682129,0.6749268770217896,152.1676242351532,0.5172,1.1004741191864014,-0.9058331251144409,-0.016776323318481445,1.4740566037735849e-08,-1.4076581001281738,0.01,-0.9070194363594055,-0.003969907760620117,1.216324806213379,-1.315392255783081,1741097321.0149753,0.012806415557861328,50
50,0.06470093131065369,50,-1.7492866516113281,0,-1.4203823804855347,0.6045337915420532,155.11672472953796,0.6139,0.5177080035209656,-1.1030572652816772,-0.008727550506591797,1.5035377358490565e-08,-1.752694845199585,0.01,-1.1030480861663818,-0.003687143325805664,1.0796656608581543,-1.4201505184173584,1741097323.9640758,0.005040407180786133,51
51,0.06307701766490936,51,-2.035947799682617,0,-1.0307323932647705,0.4894867539405823,158.07536673545837,0.5934,0.5483109354972839,-1.0584237575531006,-0.0023027658462524414,1.5330188679245282e-08,-2.0351626873016357,0.01,-1.059916615486145,0.0011421442031860352,0.8528195023536682,-1.031053066253662,1741097326.9227178,0.0034449100494384766,52
52,0.06468837708234787,52,-1.5545870065689087,0,-1.255558967590332,0.6596187353134155,161.00982880592346,0.6403,0.9555104374885559,-1.1579859256744385,-0.008678197860717773,1.5625e-08,-1.5533344745635986,0.01,-1.1571943759918213,-0.004559993743896484,1.1898607015609741,-1.2547307014465332,1741097329.8571799,0.004118204116821289,53
53,0.06172413378953934,53,-1.4952318668365479,1,-1.153944969177246,0.5452675819396973,163.92970824241638,0.6872,0.9806864261627197,-1.2419915199279785,0.0031131505966186523,1.5919811320754717e-08,-1.4944674968719482,0.01,-1.244645357131958,0.001050710678100586,0.967086911201477,-1.1560202836990356,1741097332.7770593,-0.0020624399185180664,54
54,0.06396365910768509,54,-1.6340324878692627,0,-0.7821067571640015,0.5734155178070068,166.8653793334961,0.5181,0.47567301988601685,-0.9062241315841675,-0.005820751190185547,1.6214622641509434e-08,-1.637327790260315,0.01,-0.9075822830200195,-0.0050830841064453125,1.0189037322998047,-0.7842728495597839,1741097335.7127304,0.0007376670837402344,55
55,0.05880003795027733,55,-1.3274359703063965,1,-1.245330572128296,0.6340682506561279,169.81337547302246,0.5711,0.9760460257530212,-1.0199623107910156,0.015025615692138672,1.650943396226415e-08,-1.327321171760559,0.01,-1.0194854736328125,0.0022954940795898438,1.1505364179611206,-1.2434931993484497,1741097338.6607265,-0.012730121612548828,56
56,0.059619370847940445,56,-1.0533545017242432,1,-1.066803216934204,0.660801351070404,172.7424292564392,0.5604,1.2860060930252075,-0.9903790950775146,0.011658430099487305,1.6804245283018865e-08,-1.0584888458251953,0.01,-0.9931661486625671,-0.000667572021484375,1.2023639678955078,-1.066481113433838,1741097341.5897803,-0.01232600212097168,57
57,0.06350158154964447,57,-1.0492420196533203,0,-0.9239562749862671,0.6976732015609741,175.6825520992279,0.5181,1.0648607015609741,-0.9039634466171265,-0.0039904117584228516,1.7099056603773583e-08,-1.053501844406128,0.01,-0.9091349840164185,-0.011104345321655273,1.268343210220337,-0.9208320379257202,1741097344.5299032,-0.007113933563232422,58
58,0.06451791524887085,58,-1.4157425165176392,0,-1.1073448657989502,0.6953109502792358,178.6497733592987,0.5441,1.1974635124206543,-0.9669830203056335,-0.008007526397705078,1.73938679245283e-08,-1.4122018814086914,0.01,-0.9643112421035767,-0.0033080577850341797,1.26158607006073,-1.1088528633117676,1741097347.4971244,0.0046994686126708984,59
59,0.06576807051897049,59,-1.2099837064743042,0,-0.9302659034729004,0.4960937798023224,181.59113669395447,0.5025,0.9806352853775024,-0.8785228133201599,-0.012905716896057129,1.7688679245283017e-08,-1.2104032039642334,0.01,-0.8786207437515259,-0.00908958911895752,0.860651433467865,-0.9314910173416138,1741097350.4384878,0.0038161277770996094,60
60,0.06068417802453041,60,-0.9620168209075928,1,-1.0656770467758179,0.3926037847995758,184.5330159664154,0.3752,1.114654302597046,-0.6278149485588074,0.0073168277740478516,1.7983490566037735e-08,-0.9638792276382446,0.01,-0.6269421577453613,-0.001181483268737793,0.6638392210006714,-1.0650417804718018,1741097353.380367,-0.008498311042785645,61
61,0.0642256811261177,61,-1.3553061485290527,0,-1.1047230958938599,0.5560209155082703,187.45957612991333,0.5354,1.2569183111190796,-0.9443747401237488,-0.00685572624206543,1.8278301886792452e-08,-1.3563103675842285,0.01,-0.9453349113464355,-0.005244135856628418,0.9835904240608215,-1.1042715311050415,1741097356.3069272,0.0016115903854370117,62
62,0.0619194358587265,62,-1.3371284008026123,1,-0.8428425788879395,0.54835444688797,190.3764045238495,0.4111,1.5451968908309937,-0.6889346837997437,0.0023276805877685547,1.857311320754717e-08,-1.3364155292510986,0.01,-0.6919260621070862,0.0011714696884155273,0.9728699922561646,-0.8448415398597717,1741097359.2237556,-0.0011562108993530273,63
63,0.06398030370473862,63,-1.325069546699524,0,-0.9836996793746948,0.5881396532058716,193.30374693870544,0.5339,0.9196215271949768,-0.9438727498054504,-0.005886554718017578,1.8867924528301887e-08,-1.3206422328948975,0.02,-0.9429745078086853,0.0023665428161621094,1.0483187437057495,-0.9844785928726196,1741097362.151098,0.008253097534179688,64
64,0.06310825049877167,64,-0.9510096907615662,0,-0.9534663558006287,0.6040799021720886,196.22787976264954,0.4448,0.9678000211715698,-0.7637565732002258,-0.0024271011352539062,1.91627358490566e-08,-0.9499980211257935,0.02,-0.7640289068222046,-0.0008828639984130859,1.0819432735443115,-0.9536916017532349,1741097365.0752308,0.0015442371368408203,65
65,0.061324574053287506,65,-1.5975234508514404,1,-0.8740811347961426,0.5864819884300232,199.20161294937134,0.519,0.8079636693000793,-0.9097471237182617,0.004724025726318359,1.9457547169811318e-08,-1.5968620777130127,0.02,-0.9102113842964172,-7.700920104980469e-05,1.0503147840499878,-0.876264214515686,1741097368.048964,-0.004801034927368164,66
66,0.0574948824942112,66,-1.249753713607788,1,-1.2922463417053223,0.3783903419971466,202.2694113254547,0.4627,1.108406662940979,-0.8002541065216064,0.020438194274902344,1.9752358490566035e-08,-1.2473315000534058,0.02,-0.8009661436080933,0.002640962600708008,0.6417909264564514,-1.290980339050293,1741097371.1167624,-0.017797231674194336,67
67,0.060941990464925766,67,-1.4844398498535156,1,-0.7284510135650635,0.7535514831542969,205.1903636455536,0.4042,1.3361763954162598,-0.675987958908081,0.0062713623046875,2.0047169811320753e-08,-1.4841057062149048,0.02,-0.679498016834259,0.001374959945678711,1.3852189779281616,-0.7287858724594116,1741097374.0377147,-0.004896402359008789,68
68,0.06189597398042679,68,-2.0560412406921387,1,-1.294368028640747,0.4944917857646942,208.14348101615906,0.636,0.8858914375305176,-1.144588828086853,0.0024219751358032227,2.034198113207547e-08,-2.053464651107788,0.02,-1.1471600532531738,-0.001925826072692871,0.865191638469696,-1.2915160655975342,1741097376.990832,-0.004347801208496094,69
69,0.05684097483754158,69,-1.973958134651184,1,-1.3856620788574219,0.5341519713401794,211.07564997673035,0.6397,0.970769464969635,-1.1588236093521118,0.023173093795776367,2.0636792452830187e-08,-1.9737879037857056,0.02,-1.1576168537139893,0.00782918930053711,0.9546219706535339,-1.383551001548767,1741097379.923001,-0.015343904495239258,70
70,0.06534234434366226,70,-0.6907711029052734,0,-0.8639879822731018,0.747241735458374,214.0086703300476,0.3654,1.414435625076294,-0.6159616112709045,-0.011242985725402832,2.0931603773584905e-08,-0.6902022361755371,0.02,-0.6129031777381897,-0.0102996826171875,1.36379873752594,-0.859728217124939,1741097382.8560214,0.000943303108215332,71
71,0.06463387608528137,71,-1.7975335121154785,0,-1.2820647954940796,0.4946867823600769,216.94516015052795,0.6013,1.0054173469543457,-1.075911283493042,-0.008463859558105469,2.122641509433962e-08,-1.7995152473449707,0.02,-1.075832724571228,-0.004086732864379883,0.8601058125495911,-1.2838513851165771,1741097385.7925112,0.004377126693725586,72
72,0.0633314922451973,72,-1.1329460144042969,0,-1.072331190109253,0.7595638632774353,219.89097833633423,0.5796,1.1789395809173584,-1.0350784063339233,-0.003314971923828125,2.1521226415094336e-08,-1.1289244890213013,0.02,-1.034843921661377,0.0023851394653320312,1.3924647569656372,-1.0718592405319214,1741097388.7383294,0.005700111389160156,73
73,0.058839473873376846,73,-1.3391506671905518,1,-1.1129893064498901,0.7765042185783386,222.84173440933228,0.5255,1.32387375831604,-0.9280146360397339,0.014863014221191406,2.1816037735849054e-08,-1.34478759765625,0.02,-0.9272000193595886,0.0009229183197021484,1.4353294372558594,-1.112647533416748,1741097391.6890855,-0.013940095901489258,74
74,0.06099226698279381,74,-1.2882087230682373,1,-0.8067408800125122,0.6972437500953674,225.76870393753052,0.5402,0.6881823539733887,-0.9534859657287598,0.006067752838134766,2.211084905660377e-08,-1.2875261306762695,0.02,-0.95494544506073,0.002218961715698242,1.2725030183792114,-0.8056689500808716,1741097394.616055,-0.0038487911224365234,75
75,0.062337979674339294,75,-1.7810887098312378,1,-1.226658582687378,0.7047664523124695,228.73748350143433,0.5807,0.5552311539649963,-1.0354106426239014,0.00064849853515625,2.2405660377358488e-08,-1.7787556648254395,0.02,-1.0353772640228271,-0.005863189697265625,1.284856915473938,-1.2277770042419434,1741097397.5848346,-0.006511688232421875,76
76,0.0628887191414833,76,-1.8912878036499023,0,-1.4004071950912476,0.5472275614738464,231.93488216400146,0.4852,0.6064238548278809,-0.8505270481109619,-0.0015524625778198242,2.2700471698113206e-08,-1.8917269706726074,0.02,-0.8483748435974121,0.00459742546081543,0.9686776399612427,-1.3995251655578613,1741097400.7822332,0.006149888038635254,77
77,0.06422604620456696,77,-1.2826915979385376,0,-0.9566601514816284,0.6006866097450256,234.87008786201477,0.5095,1.8178362846374512,-0.8981584310531616,-0.006857156753540039,2.2995283018867923e-08,-1.2835332155227661,0.02,-0.8948703408241272,-0.00531005859375,1.0729211568832397,-0.959067702293396,1741097403.717439,0.001547098159790039,78
78,0.06260861456394196,78,-1.7214605808258057,0,-0.9268255233764648,0.5224484801292419,237.83156394958496,0.3756,0.7793310880661011,-0.6297221779823303,-0.0004342794418334961,2.329009433962264e-08,-1.7208709716796875,0.02,-0.6283982992172241,-0.002349376678466797,0.9196797609329224,-0.9259575605392456,1741097406.678915,-0.0019150972366333008,79
79,0.0678207278251648,79,-1.492750883102417,0,-0.9842931628227234,1.052426815032959,240.76115202903748,0.83,1.2487521171569824,-1.5223987102508545,-0.02084827423095703,2.3584905660377358e-08,-1.4964929819107056,0.02,-1.5292819738388062,-0.01943206787109375,1.9692120552062988,-0.9827976226806641,1741097409.608503,0.0014162063598632812,80
80,0.0669950395822525,80,-1.8481197357177734,0,-1.0543572902679443,0.6321085691452026,243.71021056175232,0.5118,1.027843713760376,-0.8899555206298828,-0.01766800880432129,2.3879716981132075e-08,-1.8498414754867554,0.02,-0.894068717956543,-0.0072901248931884766,1.1302270889282227,-1.0547595024108887,1741097412.5575616,0.010377883911132812,81
81,0.06301891803741455,81,-1.1555135250091553,0,-1.2076998949050903,0.6695675253868103,246.65591502189636,0.5346,1.7752200365066528,-0.9487046003341675,-0.002071380615234375,2.4174528301886792e-08,-1.1521844863891602,0.02,-0.9497981071472168,-0.007295131683349609,1.2130972146987915,-1.2008285522460938,1741097415.503266,-0.005223751068115234,82
82,0.061154916882514954,82,-1.241425633430481,1,-1.1312122344970703,0.5393246412277222,249.78527808189392,0.4472,0.7564226984977722,-0.7700397968292236,0.005409598350524902,2.446933962264151e-08,-1.2425174713134766,0.02,-0.7702010869979858,-0.0028210878372192383,0.956339418888092,-1.130249261856079,1741097418.6326292,-0.00823068618774414,83
83,0.0623675100505352,83,-1.9191306829452515,1,-0.9939439296722412,0.5764124393463135,252.7353868484497,0.6073,0.5521326661109924,-1.0940618515014648,0.000530242919921875,2.4764150943396227e-08,-1.918407678604126,0.02,-1.0925105810165405,0.0015959739685058594,1.0280898809432983,-0.992523729801178,1741097421.582738,0.0010657310485839844,84
84,0.06749001145362854,84,-1.5999360084533691,0,-1.0118904113769531,0.6871492862701416,255.6638855934143,0.6376,1.125884771347046,-1.1427193880081177,-0.0195767879486084,2.5058962264150944e-08,-1.6004607677459717,0.02,-1.1450915336608887,-0.006618976593017578,1.2393184900283813,-1.0144940614700317,1741097424.5112367,0.01295781135559082,85
85,0.06313442438840866,85,-1.857460856437683,0,-0.9867140650749207,0.5800527334213257,258.6013286113739,0.6895,1.2478774785995483,-1.2548493146896362,-0.002531290054321289,2.5353773584905662e-08,-1.853174090385437,0.02,-1.2552317380905151,-0.00025200843811035156,1.0338366031646729,-0.9849374890327454,1741097427.4486797,0.0022792816162109375,86
86,0.06329408288002014,86,-1.6212645769119263,0,-0.8013910055160522,0.5348130464553833,261.53911328315735,0.5261,1.1270695924758911,-0.929296612739563,-0.0031663179397583008,2.564858490566038e-08,-1.6259433031082153,0.02,-0.9275621175765991,0.0012646913528442383,0.9430379867553711,-0.8026462197303772,1741097430.3864644,0.004431009292602539,87
87,0.06594344973564148,87,-1.3356645107269287,0,-1.0125813484191895,0.4462672472000122,264.5022053718567,0.4457,0.5405306816101074,-0.765531599521637,-0.013589143753051758,2.5943396226415093e-08,-1.3346056938171387,0.02,-0.7658642530441284,0.0020608901977539062,0.7606475949287415,-1.012764811515808,1741097433.3495564,0.015650033950805664,88
88,0.06190412864089012,88,-1.4583327770233154,1,-1.0013773441314697,0.626253604888916,267.4517867565155,0.5959,1.421216368675232,-1.0607664585113525,0.002389192581176758,2.623820754716981e-08,-1.455894947052002,0.02,-1.062603235244751,0.0025742053985595703,1.1286989450454712,-1.003669023513794,1741097436.2991378,0.0001850128173828125,89
89,0.06168309226632118,89,-1.3375012874603271,1,-1.1387804746627808,0.47697892785072327,270.40876865386963,0.3991,0.6869639158248901,-0.6787678599357605,0.003278374671936035,2.6533018867924528e-08,-1.333725929260254,0.02,-0.6755019426345825,0.0011605024337768555,0.8305916786193848,-1.139623761177063,1741097439.2561197,-0.0021178722381591797,90
90,0.06442637741565704,90,-1.4080603122711182,0,-0.9647427797317505,0.673366904258728,273.34875750541687,0.6066,0.892030656337738,-1.090040922164917,-0.007647037506103516,2.6827830188679245e-08,-1.403714656829834,0.02,-1.0902557373046875,-0.0031414031982421875,1.2178810834884644,-0.9624447226524353,1741097442.1961086,0.004505634307861328,91
91,0.0622694231569767,91,-1.7650752067565918,1,-1.136832356452942,0.5677118897438049,276.5347692966461,0.6778,0.5564664006233215,-1.2343380451202393,0.00092315673828125,2.7122641509433962e-08,-1.7649312019348145,0.02,-1.2333037853240967,0.003319978713989258,1.0108848810195923,-1.135115146636963,1741097445.3821204,0.002396821975708008,92
92,0.06219085678458214,92,-1.8791717290878296,1,-1.218995213508606,0.4690687954425812,279.71140122413635,0.469,1.4851188659667969,-0.8090375661849976,0.001238107681274414,2.741745283018868e-08,-1.8800393342971802,0.02,-0.8115684986114502,-0.0016942024230957031,0.8137558698654175,-1.2178754806518555,1741097448.5587523,-0.002932310104370117,93
93,0.06601926684379578,93,-1.407660722732544,0,-1.3275376558303833,0.621666669845581,282.68557357788086,0.6629,0.8030397295951843,-1.1975417137145996,-0.013884305953979492,2.7712264150943397e-08,-1.4072805643081665,0.02,-1.1982403993606567,-0.004637718200683594,1.1112948656082153,-1.3293585777282715,1741097451.5329247,0.009246587753295898,94
94,0.06268753856420517,94,-1.5509381294250488,0,-0.9601089954376221,0.8580224514007568,285.6165380477905,0.5337,1.021816372871399,-0.9384492635726929,-0.0007495880126953125,2.800707547169811e-08,-1.550208568572998,0.02,-0.9385136365890503,-0.0002048015594482422,1.590669870376587,-0.9639182090759277,1741097454.4638891,0.0005447864532470703,95
95,0.06226978078484535,95,-1.1687512397766113,1,-0.7156524658203125,0.5144548416137695,288.5377037525177,0.4368,1.1442861557006836,-0.7522265315055847,0.0009217262268066406,2.830188679245283e-08,-1.1677541732788086,0.02,-0.7495028972625732,-0.0004642009735107422,0.9043700695037842,-0.7174128293991089,1741097457.3850548,-0.0013859272003173828,96
96,0.06685099005699158,96,-1.3722753524780273,0,-0.8516415953636169,0.5001672506332397,291.4791305065155,0.3833,0.9581488370895386,-0.6370876431465149,-0.01711118221282959,2.8596698113207546e-08,-1.3760173320770264,0.02,-0.6402044296264648,-0.006393074989318848,0.8666324615478516,-0.849754810333252,1741097460.3264816,0.010718107223510742,97
97,0.05974544584751129,97,-1.3354377746582031,1,-0.9372519850730896,0.559419572353363,294.42212176322937,0.4075,0.8440976738929749,-0.686318039894104,0.011142373085021973,2.8891509433962263e-08,-1.3355348110198975,0.02,-0.688213586807251,0.004224061965942383,0.9993482828140259,-0.937089741230011,1741097463.2694728,-0.00691831111907959,98
98,0.06167024374008179,98,-1.8256434202194214,1,-1.1002345085144043,0.524509847164154,297.3864634037018,0.4871,1.3947893381118774,-0.8550946712493896,0.0033301115036010742,2.918632075471698e-08,-1.8300708532333374,0.02,-0.8532348275184631,-0.0035985708236694336,0.9256792068481445,-1.0977730751037598,1741097466.2338145,-0.006928682327270508,99
99,0.06115182116627693,99,-1.6886563301086426,1,-0.9211795330047607,0.6052131056785583,300.4517433643341,0.5075,0.9606218338012695,-0.8923868536949158,0.005422115325927734,2.9481132075471698e-08,-1.6894652843475342,0.02,-0.891093373298645,0.0013744831085205078,1.0881226062774658,-0.9213122129440308,1741097469.2990944,-0.0040476322174072266,100
100,0.06037268042564392,100,-1.6085898876190186,1,-1.0251896381378174,0.4035085439682007,303.41870188713074,0.5073,0.8557296991348267,-0.888893723487854,0.0085829496383667,2.9775943396226415e-08,-1.6111464500427246,0.02,-0.8897554278373718,-0.00414121150970459,0.6862717270851135,-1.0241594314575195,1741097472.266053,-0.012724161148071289,101
101,0.0641755685210228,101,-2.3966121673583984,0,-1.2407315969467163,0.5210189819335938,306.3979766368866,0.5587,0.49628397822380066,-0.9913774132728577,-0.006657958030700684,3.007075471698113e-08,-2.4050307273864746,0.02,-0.9905057549476624,0.0012999773025512695,0.9136868715286255,-1.2435266971588135,1741097475.2453277,0.007957935333251953,102
102,0.06093792989850044,102,-1.7381460666656494,1,-1.2249749898910522,0.5281705856323242,309.3462851047516,0.5297,0.7187150716781616,-0.9354830980300903,0.006287813186645508,3.036556603773585e-08,-1.7441898584365845,0.02,-0.9341225624084473,0.004511594772338867,0.9344652891159058,-1.2265697717666626,1741097478.1936362,-0.0017762184143066406,103
103,0.06352042406797409,103,-1.834404706954956,0,-0.8807603120803833,0.4456939399242401,312.3163728713989,0.5675,0.6154595017433167,-1.0081218481063843,-0.004065155982971191,3.0660377358490564e-08,-1.8337985277175903,0.02,-1.0089259147644043,-0.001697540283203125,0.7643470168113708,-0.8809428811073303,1741097481.163724,0.0023676156997680664,104
104,0.062409792095422745,104,-1.91189706325531,1,-1.23698890209198,0.7130404114723206,315.25091195106506,0.7181,0.8944993615150452,-1.3163671493530273,0.0003609657287597656,3.0955188679245285e-08,-1.9180314540863037,0.02,-1.3141623735427856,0.004303455352783203,1.3012611865997314,-1.2360446453094482,1741097484.098263,0.0039424896240234375,105
105,0.06148615851998329,105,-1.638826608657837,1,-1.2930954694747925,0.6096137166023254,318.1944534778595,0.7147,0.9093424677848816,-1.3010145425796509,0.004071950912475586,3.125e-08,-1.6406540870666504,0.03,-1.3029837608337402,0.003242015838623047,1.0962550640106201,-1.2924435138702393,1741097487.0418046,-0.0008299350738525391,106
106,0.06103266403079033,106,-1.55196213722229,1,-1.2006587982177734,0.673928439617157,321.16109323501587,0.6591,1.0264384746551514,-1.2034623622894287,0.005904197692871094,3.154481132075472e-08,-1.5508743524551392,0.03,-1.1983487606048584,0.003955364227294922,1.225791573524475,-1.2006232738494873,1741097490.0084443,-0.0019488334655761719,107
107,0.05858268588781357,107,-1.4595109224319458,1,-0.9921948909759521,0.5527406930923462,324.1272029876709,0.4984,0.6837206482887268,-0.8843057751655579,0.01592278480529785,3.183962264150943e-08,-1.4573326110839844,0.03,-0.8806616067886353,0.011068105697631836,0.988315999507904,-0.9868032932281494,1741097492.974554,-0.004854679107666016,108
108,0.06019820272922516,108,-1.457766056060791,1,-1.0359196662902832,0.5397413372993469,327.088125705719,0.4221,0.581148624420166,-0.7206456661224365,0.009293556213378906,3.2134433962264154e-08,-1.4580001831054688,0.03,-0.7210724353790283,0.0016901493072509766,0.9590862393379211,-1.0335347652435303,1741097495.9354768,-0.00760340690612793,109
109,0.061646297574043274,109,-1.534633755683899,1,-1.3781929016113281,0.45767855644226074,330.1648676395416,0.572,0.939501941204071,-1.0267558097839355,0.0034265518188476562,3.242924528301887e-08,-1.5282697677612305,0.03,-1.0239218473434448,0.0006263256072998047,0.7920645475387573,-1.376117467880249,1741097499.0122187,-0.0028002262115478516,110
110,0.06393110007047653,110,-1.670689344406128,0,-1.1444180011749268,0.5732038021087646,333.1128988265991,0.4041,0.9770277142524719,-0.6868152022361755,-0.005692005157470703,3.272405660377359e-08,-1.670494556427002,0.03,-0.6848710179328918,-0.0007166862487792969,1.018545389175415,-1.1446481943130493,1741097501.96025,0.004975318908691406,111
111,0.0598343200981617,111,-1.1069047451019287,1,-0.916627049446106,0.7456422448158264,336.06701827049255,0.531,1.7196928262710571,-0.9368850588798523,0.01077890396118164,3.30188679245283e-08,-1.1051301956176758,0.03,-0.9377172589302063,0.004773378372192383,1.3716158866882324,-0.9151561856269836,1741097504.9143693,-0.006005525588989258,112
112,0.06423761695623398,112,-1.532867193222046,0,-0.9216306209564209,0.5827059745788574,339.0068943500519,0.5781,1.2645398378372192,-1.0197393894195557,-0.006902813911437988,3.331367924528302e-08,-1.5319567918777466,0.03,-1.024224042892456,0.0019159317016601562,1.0369367599487305,-0.9239203929901123,1741097507.8542454,0.008818745613098145,113
113,0.06471870094537735,113,-1.485097050666809,0,-1.17484450340271,0.5673413276672363,341.97561478614807,0.5729,1.0755867958068848,-1.0160303115844727,-0.008797407150268555,3.360849056603773e-08,-1.4849824905395508,0.03,-1.0185706615447998,-0.004985809326171875,1.0052452087402344,-1.174572467803955,1741097510.8229659,0.0038115978240966797,114
114,0.06265620142221451,114,-1.3724819421768188,0,-0.9390711784362793,0.6823124885559082,344.9240925312042,0.5849,1.1539363861083984,-1.0454275608062744,-0.0006244182586669922,3.390330188679245e-08,-1.3724826574325562,0.03,-1.0465984344482422,0.0057294368743896484,1.2393125295639038,-0.9360107183456421,1741097513.7714436,0.006353855133056641,115
115,0.06504150480031967,115,-1.717232346534729,0,-1.172776699066162,0.6567035913467407,347.8490746021271,0.6398,1.4329869747161865,-1.1526360511779785,-0.01006472110748291,3.4198113207547165e-08,-1.7168265581130981,0.03,-1.1534342765808105,-0.0057201385498046875,1.1833242177963257,-1.1731480360031128,1741097516.6964257,0.004344582557678223,116
116,0.06673752516508102,116,-1.816977858543396,0,-1.0589848756790161,0.6545316576957703,350.79519295692444,0.6097,0.6801819801330566,-1.093563199043274,-0.016672134399414062,3.4492924528301886e-08,-1.8196778297424316,0.03,-1.0931682586669922,-0.012482166290283203,1.1755882501602173,-1.0605154037475586,1741097519.642544,0.004189968109130859,117
117,0.05976727232336998,117,-1.1559760570526123,1,-0.9385322332382202,0.37905147671699524,353.7272398471832,0.3476,0.5539953112602234,-0.5782896876335144,0.011053085327148438,3.47877358490566e-08,-1.1525907516479492,0.03,-0.5763896703720093,0.0032684803009033203,0.6385684013366699,-0.9341970682144165,1741097522.574591,-0.007784605026245117,118
118,0.06266482919454575,118,-1.6801445484161377,0,-1.1968339681625366,0.5596976280212402,356.67638635635376,0.5995,0.6239917278289795,-1.0779931545257568,-0.000658869743347168,3.508254716981132e-08,-1.6824551820755005,0.03,-1.0770655870437622,0.0014702081680297852,0.9940655827522278,-1.1947007179260254,1741097525.5237374,0.002129077911376953,119
119,0.06156019866466522,119,-1.5875952243804932,1,-0.9376131892204285,0.3897950053215027,359.62142848968506,0.4562,1.455647349357605,-0.7901499271392822,0.0037734508514404297,3.5377358490566035e-08,-1.5841031074523926,0.03,-0.7876760959625244,0.002528667449951172,0.6564696431159973,-0.9398185014724731,1741097528.4687796,-0.0012447834014892578,120
120,0.06289245188236237,120,-2.183621406555176,0,-1.0511705875396729,0.5474942922592163,362.7942638397217,0.5443,0.6381985545158386,-0.9652025699615479,-0.0015673637390136719,3.5672169811320755e-08,-2.1830246448516846,0.03,-0.9644681215286255,-0.0013713836669921875,0.9692036509513855,-1.051107406616211,1741097531.641615,0.00019598007202148438,121
121,0.06185958907008171,121,-1.5397937297821045,1,-1.300370216369629,0.4527341425418854,365.8859944343567,0.5005,0.6077784895896912,-0.8839629888534546,0.0025682449340820312,3.596698113207547e-08,-1.5371286869049072,0.03,-0.8817005157470703,0.0006502866744995117,0.7817491292953491,-1.2967890501022339,1741097534.7333455,-0.0019179582595825195,122
122,0.061961445957422256,122,-1.5116978883743286,1,-1.1677762269973755,0.5087276101112366,369.0220320224762,0.6041,0.5119972229003906,-1.0816211700439453,0.0021588802337646484,3.626179245283019e-08,-1.5105262994766235,0.03,-1.0833460092544556,-0.003912806510925293,0.8935322761535645,-1.1659839153289795,1741097537.869383,-0.006071686744689941,123
123,0.06267327070236206,123,-1.4262936115264893,0,-1.1086139678955078,0.56459641456604,371.9715836048126,0.4709,0.6017630696296692,-0.8159229755401611,-0.0006926059722900391,3.6556603773584904e-08,-1.4266895055770874,0.03,-0.8170977830886841,-2.384185791015625e-07,1.003846287727356,-1.1070221662521362,1741097540.8189347,0.0006923675537109375,124
124,0.06306055188179016,124,-1.5112217664718628,0,-0.8228776454925537,0.4361288547515869,374.92382764816284,0.4331,0.5474170446395874,-0.7445555925369263,-0.0022372007369995117,3.6851415094339625e-08,-1.513750433921814,0.03,-0.741898238658905,0.0019342899322509766,0.7461366057395935,-0.824697732925415,1741097543.7711787,0.004171490669250488,125
125,0.0632573813199997,125,-1.657613754272461,0,-1.1152753829956055,0.5000346302986145,377.87544679641724,0.4269,0.7245055437088013,-0.7283347249031067,-0.0030204057693481445,3.714622641509434e-08,-1.6539983749389648,0.03,-0.7283889651298523,0.00033080577850341797,0.873554527759552,-1.115647315979004,1741097546.7227979,0.0033512115478515625,126
126,0.06144726276397705,126,-1.0555917024612427,1,-0.8297750353813171,0.5525435209274292,380.8057427406311,0.6201,1.1781108379364014,-1.1119729280471802,0.004228830337524414,3.744103773584906e-08,-1.0600459575653076,0.03,-1.1128009557724,0.012519240379333496,0.9821925759315491,-0.8312928676605225,1741097549.6530938,0.008290410041809082,127
127,0.06445573270320892,127,-1.2598886489868164,0,-0.9009133577346802,0.5611753463745117,383.7409632205963,0.4861,1.0166068077087402,-0.8499550223350525,-0.0077626705169677734,3.7735849056603774e-08,-1.2600207328796387,0.03,-0.8504266142845154,-0.009960651397705078,0.993439257144928,-0.8969674110412598,1741097552.5883143,-0.0021979808807373047,128
128,0.059830181300640106,128,-1.6709372997283936,1,-0.7976312041282654,0.595410168170929,386.6677348613739,0.4122,0.7401180267333984,-0.6976547241210938,0.010795831680297852,3.803066037735849e-08,-1.669193148612976,0.03,-0.6994384527206421,0.003942728042602539,1.0711599588394165,-0.7957559823989868,1741097555.515086,-0.0068531036376953125,129
129,0.06254375725984573,129,-1.3710269927978516,0,-0.6931689977645874,0.29454895853996277,389.5875277519226,0.3834,2.129178285598755,-0.6493619680404663,-0.00017493963241577148,3.83254716981132e-08,-1.3621854782104492,0.03,-0.6444672346115112,0.010326921939849854,0.46401041746139526,-0.6954658031463623,1741097558.4348788,0.010501861572265625,130
130,0.06395919620990753,130,-1.2899069786071777,0,-0.9514445066452026,0.6529781222343445,392.5323441028595,0.5473,1.282280445098877,-0.9661736488342285,-0.005803108215332031,3.862028301886792e-08,-1.285953164100647,0.03,-0.9664062857627869,-0.005538463592529297,1.1780378818511963,-0.9543139934539795,1741097561.3796952,0.0002646446228027344,131
131,0.06312885135412216,131,-1.0728449821472168,0,-1.0356197357177734,0.567995011806488,395.6446464061737,0.5069,0.39686253666877747,-0.8945732116699219,-0.0025091171264648438,3.8915094339622636e-08,-1.0741157531738281,0.03,-0.8910322189331055,-0.004623889923095703,1.0097323656082153,-1.0368207693099976,1741097564.4919975,-0.0021147727966308594,132
132,0.05431785434484482,132,-1.367974042892456,1,-1.2374954223632812,0.49791622161865234,398.5555968284607,0.5353,1.5304292440414429,-0.9516985416412354,0.03387618064880371,3.920990566037736e-08,-1.3715122938156128,0.03,-0.948087751865387,0.010240793228149414,0.8871967196464539,-1.238446831703186,1741097567.402948,-0.023635387420654297,133
133,0.06132764369249344,133,-1.7410414218902588,1,-1.1452994346618652,0.6778916120529175,401.4993438720703,0.4422,0.48849794268608093,-0.7618852853775024,0.004711627960205078,3.950471698113207e-08,-1.7379109859466553,0.03,-0.7620509266853333,0.003002166748046875,1.2331279516220093,-1.1425538063049316,1741097570.346695,-0.0017094612121582031,134
134,0.06445203721523285,134,-1.8348387479782104,0,-1.1197021007537842,0.5907785296440125,404.4442980289459,0.455,0.7030920386314392,-0.7812842130661011,-0.007748126983642578,3.979952830188679e-08,-1.8384661674499512,0.03,-0.7839292883872986,-0.007903099060058594,1.0526529550552368,-1.1180181503295898,1741097573.291649,-0.00015497207641601562,135
135,0.06666301935911179,135,-1.4831827878952026,0,-1.6465535163879395,0.4526030421257019,407.507524728775,0.4997,1.0572357177734375,-0.8779031038284302,-0.016383647918701172,4.0094339622641506e-08,-1.486379623413086,0.03,-0.8761955499649048,-0.006422996520996094,0.771880030632019,-1.6462974548339844,1741097576.3548758,0.009960651397705078,136
136,0.06186492368578911,136,-1.0724443197250366,1,-0.9655055999755859,0.5947031378746033,410.48031759262085,0.4542,1.3156229257583618,-0.7845428586006165,0.0025467872619628906,4.0389150943396226e-08,-1.0755833387374878,0.03,-0.7841482162475586,-0.004223823547363281,1.0656764507293701,-0.9651237726211548,1741097579.3276687,-0.006770610809326172,137
137,0.06334564834833145,137,-1.1496669054031372,0,-1.181715726852417,0.5790560245513916,413.4088363647461,0.484,1.480586051940918,-0.8410184383392334,-0.0033712387084960938,4.068396226415094e-08,-1.1489355564117432,0.03,-0.8414832353591919,-0.00029468536376953125,1.0314207077026367,-1.182640552520752,1741097582.2561874,0.0030765533447265625,138
138,0.06476161628961563,138,-1.4759567975997925,0,-1.1595336198806763,0.5104603171348572,416.6042926311493,0.6741,0.784157931804657,-1.223358392715454,-0.00896608829498291,4.097877358490566e-08,-1.4750378131866455,0.03,-1.2235586643218994,-0.005772113800048828,0.8913973569869995,-1.1589465141296387,1741097585.4516437,0.003193974494934082,139
139,0.062108177691698074,139,-1.6334925889968872,1,-1.0688791275024414,0.7691572308540344,419.5689899921417,0.523,0.6133701205253601,-0.9217623472213745,0.0015697479248046875,4.1273584905660375e-08,-1.6382924318313599,0.03,-0.9223724603652954,0.0002167224884033203,1.4140981435775757,-1.0668158531188965,1741097588.416341,-0.0013530254364013672,140
140,0.06344770640134811,140,-1.2922155857086182,0,-1.1183626651763916,0.6350204944610596,422.51926374435425,0.584,1.7451863288879395,-1.0463156700134277,-0.00377655029296875,4.1568396226415096e-08,-1.295034408569336,0.03,-1.0434452295303345,-0.0013723373413085938,1.1431455612182617,-1.120678186416626,1741097591.3666148,0.0024042129516601562,141
141,0.06683657318353653,141,-2.185772180557251,0,-0.8560720682144165,0.6479893326759338,425.43760085105896,0.5923,1.0981693267822266,-1.052947759628296,-0.017055392265319824,4.186320754716981e-08,-2.1881914138793945,0.03,-1.0560877323150635,-0.010255813598632812,1.162305474281311,-0.8563655614852905,1741097594.284952,0.006799578666687012,142
142,0.06040651351213455,142,-1.2458350658416748,1,-0.6980831027030945,0.6216815114021301,428.3654136657715,0.3992,1.147016167640686,-0.6812329888343811,0.008445262908935547,4.215801886792453e-08,-1.2477614879608154,0.03,-0.6767697930335999,0.002626180648803711,1.1225500106811523,-0.6991260051727295,1741097597.2127647,-0.005819082260131836,143
143,0.06342410296201706,143,-1.6267216205596924,0,-1.0801986455917358,0.6468702554702759,431.30885672569275,0.6374,0.8462307453155518,-1.1496893167495728,-0.003682851791381836,4.245283018867924e-08,-1.626291275024414,0.03,-1.1497108936309814,-0.0024814605712890625,1.1668922901153564,-1.0802093744277954,1741097600.1562078,0.0012013912200927734,144
144,0.059309665113687515,144,-1.5303168296813965,1,-1.0402555465698242,0.7581843733787537,434.25995779037476,0.4702,1.2528921365737915,-0.8110821843147278,0.012928485870361328,4.274764150943396e-08,-1.5282011032104492,0.03,-0.8135330677032471,0.0022330284118652344,1.397749423980713,-1.0396944284439087,1741097603.1073089,-0.010695457458496094,145
145,0.06420628726482391,145,-1.5849695205688477,0,-1.080441951751709,0.5335425138473511,437.2021698951721,0.5683,1.2549816370010376,-1.022080898284912,-0.006779193878173828,4.304245283018867e-08,-1.5867594480514526,0.03,-1.0163854360580444,0.001382589340209961,0.9386724233627319,-1.08132004737854,1741097606.049521,0.008161783218383789,146
146,0.06412463635206223,146,-1.5730770826339722,0,-1.1367911100387573,0.4354206919670105,440.31913590431213,0.5103,1.0278490781784058,-0.8973137140274048,-0.006456851959228516,4.333726415094339e-08,-1.5737000703811646,0.03,-0.895980715751648,-0.0032041072845458984,0.7425920963287354,-1.1378166675567627,1741097609.166487,0.003252744674682617,147
147,0.06240556389093399,147,-1.5151246786117554,1,-1.1246545314788818,0.8346232175827026,443.2693250179291,0.5789,1.1851062774658203,-1.0365265607833862,0.00037789344787597656,4.363207547169811e-08,-1.5150282382965088,0.03,-1.0338120460510254,0.0001163482666015625,1.5444352626800537,-1.1263149976730347,1741097612.116676,-0.00026154518127441406,148
148,0.06195865571498871,148,-1.4978053569793701,1,-1.2733168601989746,0.5830949544906616,446.2082459926605,0.5978,1.3003127574920654,-1.0595245361328125,0.002170085906982422,4.392688679245283e-08,-1.5006901025772095,0.04,-1.063399314880371,0.0041921138763427734,1.0422725677490234,-1.2764365673065186,1741097615.055597,0.0020220279693603516,149
149,0.06429938971996307,149,-1.4357566833496094,0,-1.067131757736206,0.4366552233695984,449.296710729599,0.4507,1.1738784313201904,-0.7750619649887085,-0.007146477699279785,4.422169811320754e-08,-1.4304993152618408,0.04,-0.7755882740020752,-0.004212617874145508,0.7447116374969482,-1.0674777030944824,1741097618.1440618,0.0029338598251342773,150
150,0.06111176684498787,150,-1.2575252056121826,1,-0.8651846647262573,0.46722909808158875,452.23831129074097,0.5664,1.0022485256195068,-1.0114892721176147,0.005584120750427246,4.451650943396226e-08,-1.2622058391571045,0.04,-1.0093979835510254,0.0056111812591552734,0.81223464012146,-0.8657149076461792,1741097621.0856624,2.7060508728027344e-05,151
151,0.06407909095287323,151,-1.2585415840148926,0,-1.4239732027053833,0.528314471244812,455.173996925354,0.5195,0.8020354509353638,-0.9104454517364502,-0.006276965141296387,4.4811320754716976e-08,-1.2551965713500977,0.04,-0.9109262228012085,-0.004592299461364746,0.9284707307815552,-1.426506757736206,1741097624.021348,0.0016846656799316406,152
152,0.057890478521585464,152,-1.8308446407318115,1,-1.0963549613952637,0.6834818720817566,458.10174036026,0.6571,1.220725655555725,-1.1989264488220215,0.01879119873046875,4.51061320754717e-08,-1.825683832168579,0.04,-1.196967601776123,0.011343955993652344,1.2511827945709229,-1.0903040170669556,1741097626.9490914,-0.007447242736816406,153
153,0.06128986179828644,153,-1.890453577041626,1,-1.197934865951538,0.7904002666473389,461.0371804237366,0.7512,1.297027826309204,-1.3753629922866821,0.004864215850830078,4.540094339622641e-08,-1.889473795890808,0.04,-1.3788340091705322,-0.006939888000488281,1.4582208395004272,-1.192867636680603,1741097629.8845315,-0.01180410385131836,154
154,0.06013977900147438,154,-1.9163929224014282,1,-1.3159301280975342,0.6672413349151611,463.990761756897,0.6466,0.7409310340881348,-1.174600601196289,0.009531736373901367,4.569575471698113e-08,-1.91422438621521,0.04,-1.1730180978775024,0.001995563507080078,1.214203119277954,-1.3125152587890625,1741097632.8381128,-0.007536172866821289,155
155,0.06256958097219467,155,-2.12827205657959,0,-1.1654365062713623,0.6873710751533508,466.9432837963104,0.6599,0.6741113066673279,-1.1934032440185547,-0.00027823448181152344,4.5990566037735846e-08,-2.1274194717407227,0.04,-1.1950597763061523,-0.0057392120361328125,1.249603033065796,-1.1635239124298096,1741097635.7906349,-0.005460977554321289,156
156,0.06482352316379547,156,-1.9703893661499023,0,-1.1558386087417603,0.6498268842697144,469.8930149078369,0.5733,1.0376625061035156,-1.0215437412261963,-0.009209275245666504,4.6285377358490567e-08,-1.9720494747161865,0.04,-1.0223389863967896,0.002452373504638672,1.1700067520141602,-1.154187798500061,1741097638.740366,0.011661648750305176,157
157,0.06109803169965744,157,-1.087071418762207,1,-1.0788071155548096,0.5097081661224365,472.84410572052,0.5671,1.245864748954773,-1.00607430934906,0.00563967227935791,4.658018867924528e-08,-1.0930241346359253,0.04,-1.0078235864639282,0.0029703378677368164,0.8972203135490417,-1.078362226486206,1741097641.6914568,-0.0026693344116210938,158
158,0.061464227735996246,158,-1.076660394668579,1,-1.2787113189697266,0.5827667117118835,475.78327226638794,0.4288,1.4640836715698242,-0.7307982444763184,0.004160404205322266,4.6875e-08,-1.0778495073318481,0.04,-0.7316354513168335,-0.0031099319458007812,1.042604923248291,-1.2786977291107178,1741097644.6306233,-0.007270336151123047,159
159,0.0630936324596405,159,-1.7541999816894531,0,-0.8193162083625793,0.5731009244918823,478.7262840270996,0.5575,0.8819533586502075,-0.9922266006469727,-0.002368927001953125,4.7169811320754715e-08,-1.754675030708313,0.04,-0.9907019138336182,0.0009088516235351562,1.0200146436691284,-0.8200032711029053,1741097647.573635,0.0032777786254882812,160
160,0.06200430169701576,160,-1.4602165222167969,1,-1.2418601512908936,0.6252439618110657,481.670622587204,0.463,0.5768852233886719,-0.8091152310371399,0.0019867420196533203,4.746462264150943e-08,-1.4619107246398926,0.04,-0.8067221641540527,-0.0023055076599121094,1.1264792680740356,-1.238524317741394,1741097650.5179737,-0.00429224967956543,161
161,0.062034908682107925,161,-1.855330467224121,1,-0.9208208918571472,0.5242840051651001,484.7833080291748,0.5921,0.5253146886825562,-1.059775710105896,0.0018638372421264648,4.775943396226415e-08,-1.8567497730255127,0.04,-1.0593796968460083,0.0029839277267456055,0.9244982004165649,-0.9210902452468872,1741097653.630659,0.0011200904846191406,162
162,0.06351104378700256,162,-1.5177448987960815,0,-0.8451349139213562,0.5044409036636353,487.85974764823914,0.5978,0.8370736241340637,-1.0693261623382568,-0.004027962684631348,4.8054245283018864e-08,-1.5191574096679688,0.04,-1.0701415538787842,-0.008258461952209473,0.8818597793579102,-0.8446236848831177,1741097656.7070987,-0.004230499267578125,163
163,0.061069305986166,163,-1.835879921913147,1,-1.1825249195098877,0.9016688466072083,490.82187151908875,0.6831,0.8882540464401245,-1.240048885345459,0.005755901336669922,4.8349056603773585e-08,-1.8358830213546753,0.04,-1.2385518550872803,0.008095264434814453,1.681199073791504,-1.186492681503296,1741097659.6692226,0.0023393630981445312,164
164,0.061653103679418564,164,-1.730799913406372,1,-1.2100005149841309,0.5999292731285095,493.7662308216095,0.7092,0.6953811049461365,-1.295259952545166,0.0033991336822509766,4.86438679245283e-08,-1.729038953781128,0.04,-1.292970061302185,0.0044553279876708984,1.076552391052246,-1.212697148323059,1741097662.613582,0.0010561943054199219,165
165,0.0624939501285553,165,-1.5059878826141357,1,-0.9750282168388367,0.5594024658203125,496.72087121009827,0.4956,0.6391469240188599,-0.8586176037788391,2.4199485778808594e-05,4.893867924528302e-08,-1.5088114738464355,0.04,-0.8616440296173096,-0.0049751996994018555,0.9938170313835144,-0.9764105081558228,1741097665.5682223,-0.004999399185180664,166
166,0.05882212519645691,166,-1.2004387378692627,1,-1.1907641887664795,0.6066839694976807,499.6648499965668,0.5641,1.4114488363265991,-1.0119926929473877,0.014934539794921875,4.9233490566037733e-08,-1.2045263051986694,0.04,-1.0080974102020264,0.006969928741455078,1.0957237482070923,-1.1897366046905518,1741097668.512201,-0.007964611053466797,167
167,0.06304103136062622,167,-1.374413013458252,0,-0.8599556684494019,0.7493124604225159,502.5904908180237,0.4351,0.8746418952941895,-0.7368147969245911,-0.0021594762802124023,4.9528301886792454e-08,-1.3769428730010986,0.04,-0.7402622699737549,0.003776073455810547,1.3725428581237793,-0.8613753318786621,1741097671.437842,0.005935549736022949,168
168,0.06046316400170326,168,-1.625993251800537,1,-1.0816740989685059,0.48507922887802124,505.72897124290466,0.5558,0.6520463228225708,-0.9809999465942383,0.008214831352233887,4.982311320754717e-08,-1.628312587738037,0.04,-0.9831706881523132,0.004112362861633301,0.8492321372032166,-1.08285391330719,1741097674.5763223,-0.004102468490600586,169
169,0.058102577924728394,169,-1.0616648197174072,1,-1.2070400714874268,0.43682655692100525,508.6730086803436,0.3735,1.145923376083374,-0.6241835951805115,0.017910480499267578,5.011792452830189e-08,-1.0584030151367188,0.04,-0.6240561604499817,0.002323627471923828,0.7574479579925537,-1.2049579620361328,1741097677.5203598,-0.01558685302734375,170
170,0.06073666736483574,170,-1.0583879947662354,1,-0.8865997195243835,0.33166128396987915,511.61584520339966,0.31,1.2179170846939087,-0.4918678104877472,0.0071038007736206055,5.04127358490566e-08,-1.0578680038452148,0.04,-0.49354007840156555,0.0005997419357299805,0.5418492555618286,-0.8862581253051758,1741097680.4631963,-0.006504058837890625,171
171,0.06262442469596863,171,-1.8947476148605347,0,-1.0260639190673828,0.46865883469581604,514.5589852333069,0.4973,0.6993275284767151,-0.8664067387580872,-0.0004974603652954102,5.0707547169811323e-08,-1.8948781490325928,0.04,-0.8672928810119629,0.00350344181060791,0.8120688199996948,-1.0275025367736816,1741097683.4063363,0.00400090217590332,172
172,0.059492532163858414,172,-1.390866756439209,1,-1.3984289169311523,0.862504780292511,517.479371547699,0.4794,1.6719043254852295,-0.8375160098075867,0.012178182601928711,5.100235849056604e-08,-1.3884776830673218,0.04,-0.8360917568206787,0.010114908218383789,1.6060245037078857,-1.3975310325622559,1741097686.3267226,-0.002063274383544922,173
173,0.06490707397460938,173,-1.393993854522705,0,-0.802640438079834,0.49368971586227417,520.558759689331,0.5477,0.7410640716552734,-0.9646340012550354,-0.009537339210510254,5.129716981132076e-08,-1.3926678895950317,0.04,-0.9664723873138428,0.0022280216217041016,0.8575652837753296,-0.8046547770500183,1741097689.4061108,0.011765360832214355,174
174,0.06911396235227585,174,-1.3755522966384888,0,-1.3340433835983276,0.6345665454864502,523.4986009597778,0.5442,0.9029063582420349,-0.9585351943969727,-0.025790691375732422,5.1591981132075465e-08,-1.3718020915985107,0.04,-0.9606513977050781,-0.008390188217163086,1.1309051513671875,-1.3346346616744995,1741097692.345952,0.017400503158569336,175
175,0.060820747166872025,175,-1.455032467842102,1,-1.0891807079315186,0.46639302372932434,526.6706144809723,0.6167,0.894665539264679,-1.1045031547546387,0.00676274299621582,5.1886792452830186e-08,-1.4534127712249756,0.04,-1.1061131954193115,0.0014292001724243164,0.8111445307731628,-1.0898263454437256,1741097695.5179656,-0.005333542823791504,176
176,0.06406653672456741,176,-1.333301305770874,0,-1.0836246013641357,0.5128889083862305,529.6023681163788,0.5209,0.8944358229637146,-0.9104951620101929,-0.006227374076843262,5.21816037735849e-08,-1.3290882110595703,0.04,-0.9126111268997192,0.005094170570373535,0.8976446986198425,-1.0855826139450073,1741097698.4497192,0.011321544647216797,177
177,0.0636114552617073,177,-1.6119232177734375,0,-1.091667890548706,0.6232701539993286,532.5531628131866,0.6522,0.6811770796775818,-1.1779522895812988,-0.004426240921020508,5.247641509433962e-08,-1.6047669649124146,0.04,-1.177654504776001,-0.006926774978637695,1.1193174123764038,-1.0936684608459473,1741097701.400514,-0.0025005340576171875,178
178,0.06533610075712204,178,-1.3442919254302979,0,-1.226076602935791,0.6717126369476318,535.4732594490051,0.637,1.4976495504379272,-1.14765202999115,-0.011218547821044922,5.2771226415094335e-08,-1.3387086391448975,0.04,-1.147385597229004,0.0020880699157714844,1.2127530574798584,-1.2278553247451782,1741097704.3206105,0.013306617736816406,179
179,0.0632704570889473,179,-1.1255977153778076,0,-0.9838232398033142,0.4699171483516693,538.4129242897034,0.4951,1.1226402521133423,-0.8578556180000305,-0.003072381019592285,5.3066037735849055e-08,-1.1313543319702148,0.04,-0.861015796661377,-0.004778504371643066,0.8132933974266052,-0.9848166704177856,1741097707.2602754,-0.0017061233520507812,180
180,0.06265008449554443,180,-1.5498236417770386,0,-0.8800091743469238,0.5903187394142151,541.3809185028076,0.4832,0.6720167994499207,-0.8424900770187378,-0.000599980354309082,5.336084905660377e-08,-1.550217866897583,0.04,-0.8415223360061646,0.0025746822357177734,1.0553373098373413,-0.8808465003967285,1741097710.2282696,0.0031746625900268555,181
181,0.061922814697027206,181,-1.2761659622192383,1,-1.1612613201141357,0.5925851464271545,544.3185176849365,0.4968,0.9249597787857056,-0.8739855885505676,0.0023140907287597656,5.365566037735849e-08,-1.275240421295166,0.04,-0.8720350861549377,-0.0014281272888183594,1.0613247156143188,-1.1596581935882568,1741097713.1658688,-0.003742218017578125,182
182,0.06357153505086899,182,-2.062450885772705,0,-1.4693799018859863,0.507000744342804,547.3012201786041,0.5897,0.8789672255516052,-1.05513334274292,-0.00426793098449707,5.3950471698113204e-08,-2.0653789043426514,0.04,-1.0552325248718262,-0.006909012794494629,0.8868584632873535,-1.4684839248657227,1741097716.1485713,-0.0026410818099975586,183
183,0.06347653269767761,183,-1.279568076133728,0,-0.644817590713501,0.7712750434875488,550.2436785697937,0.4612,0.5831307768821716,-0.7942190170288086,-0.0038909912109375,5.4245283018867925e-08,-1.2841882705688477,0.04,-0.7955002784729004,0.0002734661102294922,1.4155969619750977,-0.6453807950019836,1741097719.0910296,0.004164457321166992,184
184,0.06195218861103058,184,-1.764679193496704,1,-1.028125286102295,0.5123862028121948,553.1765606403351,0.5382,0.9483094215393066,-0.9524792432785034,0.002196073532104492,5.454009433962264e-08,-1.7639989852905273,0.04,-0.9530984163284302,-0.0015922784805297852,0.9008679986000061,-1.025702953338623,1741097722.0239117,-0.0037883520126342773,185
185,0.06486908346414566,185,-1.493230938911438,0,-0.9871919751167297,0.4732033908367157,556.1345627307892,0.5239,0.6841936707496643,-0.9245241284370422,-0.009388208389282227,5.483490566037736e-08,-1.4926841259002686,0.04,-0.9242106676101685,-0.006571531295776367,0.8166686296463013,-0.9859514236450195,1741097724.9819138,0.0028166770935058594,186
186,0.061951592564582825,186,-1.3572165966033936,1,-0.9660323262214661,0.5460585951805115,559.0781283378601,0.4338,0.7704575061798096,-0.7386816143989563,0.002198457717895508,5.5129716981132074e-08,-1.3571949005126953,0.04,-0.7399179935455322,0.004632234573364258,0.9682140350341797,-0.967432975769043,1741097727.9254794,0.00243377685546875,187
187,0.060777921229600906,187,-1.2459319829940796,1,-1.336467981338501,0.5061680674552917,562.008766412735,0.4051,1.1539039611816406,-0.6821240186691284,0.006936430931091309,5.5424528301886794e-08,-1.2485600709915161,0.04,-0.6815468668937683,0.0031543970108032227,0.8907802700996399,-1.3405430316925049,1741097730.8561175,-0.003782033920288086,188
188,0.06075655668973923,188,-1.5341987609863281,1,-1.2750117778778076,0.6592223644256592,564.9522068500519,0.608,0.7841923236846924,-1.101653814315796,0.0070230960845947266,5.571933962264151e-08,-1.534787893295288,0.04,-1.0978500843048096,0.00899052619934082,1.1969316005706787,-1.271581768989563,1741097733.799558,0.0019674301147460938,189
189,0.060917362570762634,189,-1.3294404745101929,1,-0.6808895468711853,0.5135309100151062,568.0722577571869,0.5826,0.7945976853370667,-1.034895658493042,0.006371140480041504,5.601415094339622e-08,-1.3259618282318115,0.04,-1.037644863128662,0.006134629249572754,0.9052271246910095,-0.6805841326713562,1741097736.9196088,-0.00023651123046875,190
190,0.06287365406751633,190,-1.3370896577835083,0,-1.0639173984527588,0.516779899597168,571.1291010379791,0.5852,0.9214178919792175,-1.0456321239471436,-0.0014923810958862305,5.6308962264150936e-08,-1.3404815196990967,0.05,-1.0463312864303589,-0.0016841888427734375,0.9078125357627869,-1.062186360359192,1741097739.976452,-0.00019180774688720703,191
191,0.06208542361855507,191,-1.3735332489013672,1,-1.258168339729309,0.8346813917160034,574.0643801689148,0.6145,1.3309584856033325,-1.110190749168396,0.001661062240600586,5.660377358490566e-08,-1.372358798980713,0.05,-1.108083724975586,0.008635520935058594,1.5451918840408325,-1.2560988664627075,1741097742.9117312,0.006974458694458008,192
192,0.060453519225120544,192,-1.4415247440338135,1,-1.0969198942184448,0.47990620136260986,577.128045797348,0.5582,1.3120765686035156,-0.9890940189361572,0.008254051208496094,5.689858490566037e-08,-1.4446680545806885,0.05,-0.9902684092521667,0.0026437044143676758,0.8389053344726562,-1.096760869026184,1741097745.9753969,-0.005610346794128418,193
193,0.06041325256228447,193,-1.6766221523284912,1,-0.6954750418663025,0.4586027264595032,580.0726087093353,0.6629,0.9450888633728027,-1.2055071592330933,0.008417844772338867,5.719339622641509e-08,-1.6806566715240479,0.05,-1.2037079334259033,0.002001643180847168,0.7963789701461792,-0.6941592693328857,1741097748.9199598,-0.006416201591491699,194
194,0.06278146803379059,194,-1.687654733657837,0,-1.0555076599121094,0.48450636863708496,583.0437591075897,0.5187,0.9276133179664612,-0.9199369549751282,-0.0011246204376220703,5.7488207547169806e-08,-1.6917142868041992,0.05,-0.9187476634979248,0.00017201900482177734,0.8434497714042664,-1.0501537322998047,1741097751.8911102,0.0012966394424438477,195
195,0.0627630427479744,195,-1.3990912437438965,0,-0.9038528800010681,0.37622272968292236,586.1274654865265,0.4531,0.8088167309761047,-0.7838072776794434,-0.0010510683059692383,5.7783018867924526e-08,-1.3996076583862305,0.05,-0.7825803756713867,-0.0024205446243286133,0.6269193887710571,-0.9035850167274475,1741097754.9748166,-0.001369476318359375,196
196,0.05770370736718178,196,-1.5104244947433472,1,-1.1742937564849854,0.5107868909835815,589.0761590003967,0.5714,0.8088359832763672,-1.0213185548782349,0.01956808567047119,5.807783018867924e-08,-1.5115412473678589,0.05,-1.0188263654708862,0.01696646213531494,0.9061663746833801,-1.1757147312164307,1741097757.92351,-0.00260162353515625,197
197,0.06312286108732224,197,-1.5004281997680664,0,-0.798492431640625,0.5996038317680359,592.209324836731,0.4916,0.6110069751739502,-0.8536160588264465,-0.0024852752685546875,5.837264150943396e-08,-1.5032297372817993,0.05,-0.8537728786468506,-0.0007672309875488281,1.0729619264602661,-0.8025982975959778,1741097761.056676,0.0017180442810058594,198
198,0.06317541003227234,198,-1.5420194864273071,0,-1.2621800899505615,0.6222769021987915,595.1543352603912,0.5568,1.0880931615829468,-0.982396125793457,-0.002694368362426758,5.8667452830188675e-08,-1.543188452720642,0.05,-0.9878199696540833,-0.008820295333862305,1.118203043937683,-1.257575511932373,1741097764.0016863,-0.006125926971435547,199
199,0.06096135824918747,199,-1.1653395891189575,1,-0.9480681419372559,0.7867542505264282,598.0958051681519,0.4939,0.8396959900856018,-0.8730982542037964,0.006192922592163086,5.8962264150943396e-08,-1.164778470993042,0.05,-0.8701677918434143,0.0011172294616699219,1.4515857696533203,-0.9434789419174194,1741097766.9431562,-0.005075693130493164,200
200,0.05972138047218323,200,-1.3694076538085938,1,-1.1345834732055664,0.5211628675460815,601.1519854068756,0.4727,1.0108344554901123,-0.8286707401275635,0.011240839958190918,5.925707547169811e-08,-1.370254635810852,0.05,-0.8263238668441772,0.00045859813690185547,0.9228829145431519,-1.1307681798934937,1741097769.9993365,-0.010782241821289062,201
201,0.058599308133125305,201,-1.0592451095581055,1,-1.0915231704711914,0.5309523344039917,604.1018259525299,0.41,1.5849210023880005,-0.6980347633361816,0.0158541202545166,5.955188679245283e-08,-1.0575265884399414,0.05,-0.6985580921173096,0.00910651683807373,0.9447060227394104,-1.087396502494812,1741097772.949177,-0.006747603416442871,202
202,0.06521814316511154,202,-1.6810836791992188,0,-0.9462512731552124,0.6139074563980103,607.0626785755157,0.5899,0.9769874811172485,-1.0529487133026123,-0.010756850242614746,5.984669811320754e-08,-1.6811027526855469,0.05,-1.0527904033660889,-0.00854945182800293,1.0973786115646362,-0.9483072757720947,1741097775.9100296,0.0022073984146118164,203
203,0.06595686078071594,203,-1.2788914442062378,0,-0.9358633756637573,0.67613685131073,609.9774329662323,0.5346,1.4522408246994019,-0.9379095435142517,-0.013641357421875,6.014150943396226e-08,-1.277844786643982,0.05,-0.9404141306877136,-0.008749246597290039,1.2203600406646729,-0.9370635151863098,1741097778.824784,0.004892110824584961,204
204,0.06249898672103882,204,-1.44663405418396,1,-1.3353798389434814,0.6323218941688538,612.9269275665283,0.6826,0.9362785816192627,-1.2385547161102295,4.0531158447265625e-06,6.043632075471698e-08,-1.4482169151306152,0.05,-1.239749550819397,-0.005096435546875,1.1396458148956299,-1.3346197605133057,1741097781.7742786,-0.0051004886627197266,205
205,0.061393462121486664,205,-0.8316403031349182,1,-1.191103458404541,0.3948143422603607,615.8472354412079,0.3937,1.3764674663543701,-0.6694788932800293,0.004445910453796387,6.07311320754717e-08,-0.8352976441383362,0.05,-0.6697965860366821,0.004015207290649414,0.6668417453765869,-1.1831520795822144,1741097784.6945865,-0.00043070316314697266,206
206,0.06494306772947311,206,-1.8940914869308472,0,-1.2674881219863892,0.6460288763046265,618.7908277511597,0.5847,0.8346185088157654,-1.0395106077194214,-0.00967860221862793,6.102594339622641e-08,-1.8966236114501953,0.05,-1.0429039001464844,-0.0069580078125,1.1621716022491455,-1.2656596899032593,1741097787.6381788,0.0027205944061279297,207
207,0.06392811983823776,207,-1.3369452953338623,0,-0.9263927936553955,0.6190078258514404,621.7083175182343,0.4673,1.8817312717437744,-0.8091146349906921,-0.005680203437805176,6.132075471698113e-08,-1.3363016843795776,0.05,-0.8064342737197876,0.00792384147644043,1.1101593971252441,-0.9321568012237549,1741097790.5556686,0.013604044914245605,208
208,0.06529238075017929,208,-1.4903422594070435,0,-1.213643193244934,0.5410027503967285,624.6466190814972,0.4941,0.7545611262321472,-0.8639979362487793,-0.01104748249053955,6.161556603773585e-08,-1.48917555809021,0.05,-0.864625871181488,-0.009999632835388184,0.9514207243919373,-1.2115273475646973,1741097793.4939702,0.0010478496551513672,209
209,0.062066711485385895,209,-1.675358772277832,1,-1.0997896194458008,0.5148449540138245,627.7600662708282,0.492,0.5587795376777649,-0.858978271484375,0.0017361640930175781,6.191037735849057e-08,-1.672615647315979,0.05,-0.8575718402862549,0.002577066421508789,0.9055564403533936,-1.1026517152786255,1741097796.6074173,0.0008409023284912109,210
210,0.06424392759799957,210,-1.207139015197754,0,-0.8961012363433838,0.6248994469642639,630.7176132202148,0.4867,1.469772458076477,-0.8342500925064087,-0.0069277286529541016,6.220518867924528e-08,-1.213245153427124,0.05,-0.841201663017273,-0.004649639129638672,1.121311068534851,-0.8961849808692932,1741097799.5649643,0.0022780895233154297,211
211,0.05906111001968384,211,-1.5326275825500488,1,-0.9509655237197876,0.3006092309951782,633.6583826541901,0.5825,0.8686130046844482,-1.0434588193893433,0.013950169086456299,6.25e-08,-1.532179832458496,0.05,-1.0417730808258057,0.012821853160858154,0.4830962121486664,-0.950825572013855,1741097802.5057337,-0.0011283159255981445,212
212,0.06094381585717201,212,-1.5216807126998901,1,-1.2144501209259033,0.6712542772293091,636.6099843978882,0.6889,1.1915466785430908,-1.257232666015625,0.0062639713287353516,6.279481132075472e-08,-1.5245509147644043,0.05,-1.2555979490280151,0.004071474075317383,1.22062087059021,-1.2131712436676025,1741097805.4573355,-0.0021924972534179688,213
213,0.05869515240192413,213,-1.013089656829834,1,-0.814445972442627,0.44803017377853394,639.5647249221802,0.4904,0.6048606634140015,-0.8567724823951721,0.015458345413208008,6.308962264150944e-08,-1.0174020528793335,0.05,-0.8560951352119446,0.008052587509155273,0.778670072555542,-0.8146959543228149,1741097808.412076,-0.007405757904052734,214
214,0.0611780621111393,214,-1.3668502569198608,1,-0.9648866653442383,0.48729997873306274,642.5104773044586,0.4777,0.6299143433570862,-0.8350968360900879,0.005316019058227539,6.338443396226415e-08,-1.366114616394043,0.05,-0.8335139155387878,0.005376696586608887,0.8522438406944275,-0.9632679224014282,1741097811.3578284,6.0677528381347656e-05,215
215,0.06157279759645462,215,-1.6946130990982056,1,-0.8042541146278381,0.7130037546157837,645.4465854167938,0.5257,0.8028889894485474,-0.9237561225891113,0.003722667694091797,6.367924528301887e-08,-1.6954634189605713,0.05,-0.9243267774581909,0.0053408145904541016,1.3028619289398193,-0.805814266204834,1741097814.2939365,0.0016181468963623047,216
216,0.05999200418591499,216,-1.6302891969680786,1,-1.2096136808395386,0.6265846490859985,648.3993511199951,0.5712,0.6871806979179382,-1.0217375755310059,0.010134696960449219,6.397405660377359e-08,-1.6223723888397217,0.05,-1.0199995040893555,0.012480974197387695,1.1331852674484253,-1.208693265914917,1741097817.2467022,0.0023462772369384766,217
217,0.06010616570711136,217,-1.236363172531128,1,-1.0449252128601074,0.5606182217597961,651.4664835929871,0.5519,0.7880688309669495,-0.9746578931808472,0.009668827056884766,6.426886792452831e-08,-1.236551284790039,0.05,-0.975894570350647,0.00311279296875,1.0010241270065308,-1.0466142892837524,1741097820.3138347,-0.006556034088134766,218
218,0.06168495863676071,218,-1.9000158309936523,1,-1.1986734867095947,0.6375301480293274,654.408721446991,0.5862,0.8832429051399231,-1.0525879859924316,0.003270864486694336,6.456367924528302e-08,-1.901615023612976,0.05,-1.0515992641448975,-0.0031960010528564453,1.1516903638839722,-1.1952760219573975,1741097823.2560725,-0.006466865539550781,219
219,0.06324397772550583,219,-1.9991047382354736,0,-0.9557327628135681,0.538564920425415,657.3430843353271,0.4621,0.8141013383865356,-0.7919116616249084,-0.0029671192169189453,6.485849056603774e-08,-1.9937705993652344,0.05,-0.7958996891975403,0.0005414485931396484,0.9506418704986572,-0.9550411701202393,1741097826.1904354,0.0035085678100585938,220
220,0.06366261094808578,220,-1.9671485424041748,0,-0.8600634932518005,0.48747876286506653,660.4602410793304,0.5798,0.701166570186615,-1.0360958576202393,-0.004629015922546387,6.515330188679246e-08,-1.9661426544189453,0.05,-1.0360183715820312,0.0022944211959838867,0.8476322889328003,-0.8586409687995911,1741097829.3075922,0.0069234371185302734,221
221,0.06323948502540588,221,-1.8427258729934692,0,-1.012582778930664,0.6062705516815186,663.4233179092407,0.5972,2.8840246200561523,-1.077357530593872,-0.002949237823486328,6.544811320754718e-08,-1.836059808731079,0.05,-1.073861837387085,0.0018045902252197266,1.0860620737075806,-1.0114810466766357,1741097832.270669,0.004753828048706055,222
222,0.06163685768842697,222,-1.6048684120178223,1,-1.0882444381713867,0.6285354495048523,666.3626616001129,0.4295,0.9058181643486023,-0.7370972633361816,0.0034645795822143555,6.574292452830188e-08,-1.6045117378234863,0.05,-0.7352091073989868,0.00041794776916503906,1.1337971687316895,-1.0887606143951416,1741097835.2100127,-0.0030466318130493164,223
223,0.061030250042676926,223,-1.7736778259277344,1,-1.1788935661315918,0.677367627620697,669.3104767799377,0.5852,1.6289927959442139,-1.0500233173370361,0.005913972854614258,6.60377358490566e-08,-1.7730060815811157,0.05,-1.048514485359192,0.00879526138305664,1.2326747179031372,-1.1772570610046387,1741097838.1578279,0.002881288528442383,224
224,0.06269538402557373,224,-1.4643187522888184,0,-1.1442569494247437,0.44227296113967896,672.433176279068,0.4316,0.8138434886932373,-0.733321487903595,-0.000780940055847168,6.633254716981133e-08,-1.4623374938964844,0.05,-0.7342739105224609,-0.001021742820739746,0.7591551542282104,-1.1472324132919312,1741097841.2805274,-0.00024080276489257812,225
225,0.06332287937402725,225,-1.2429119348526,0,-1.093071460723877,0.546026885509491,675.385796546936,0.4729,1.147172451019287,-0.8178367614746094,-0.0032807588577270508,6.662735849056605e-08,-1.2432727813720703,0.05,-0.8183315992355347,-0.00632631778717041,0.9654079675674438,-1.094968557357788,1741097844.2331476,-0.0030455589294433594,226
226,0.06218833103775978,226,-2.0037970542907715,1,-1.5883821249008179,0.5130300521850586,678.5285756587982,0.5156,1.5758731365203857,-0.8968585729598999,0.0012482404708862305,6.692216981132074e-08,-1.9998663663864136,0.05,-0.8982208967208862,0.0010596513748168945,0.9016834497451782,-1.5944182872772217,1741097847.3759267,-0.00018858909606933594,227
227,0.06384588778018951,227,-1.7191224098205566,0,-1.2555487155914307,0.7952163219451904,681.472377538681,0.6195,0.568366527557373,-1.1132192611694336,-0.005354881286621094,6.721698113207546e-08,-1.7162907123565674,0.05,-1.1134518384933472,-0.004529714584350586,1.4627408981323242,-1.2557573318481445,1741097850.3197286,0.0008251667022705078,228
228,0.0625271201133728,228,-1.4631335735321045,0,-0.813855767250061,0.5824323892593384,684.4033238887787,0.5414,0.7986663579940796,-0.9554498195648193,-0.00010848045349121094,6.751179245283018e-08,-1.4635765552520752,0.05,-0.9547892808914185,0.003662586212158203,1.0398105382919312,-0.8174319267272949,1741097853.250675,0.003771066665649414,229
229,0.06265951693058014,229,-1.6101163625717163,0,-0.8562060594558716,0.5161226391792297,687.4587309360504,0.5411,0.693818986415863,-0.9547492861747742,-0.0006376504898071289,6.78066037735849e-08,-1.6164779663085938,0.05,-0.9571201801300049,0.004415750503540039,0.9069262146949768,-0.8538925051689148,1741097856.306082,0.005053400993347168,230
230,0.0586753711104393,230,-1.518667221069336,1,-1.1118367910385132,0.4650740623474121,690.3911521434784,0.5043,1.002938151359558,-0.8844357132911682,0.015540003776550293,6.810141509433961e-08,-1.520057201385498,0.05,-0.8853641748428345,0.007798314094543457,0.8127973675727844,-1.109075903892517,1741097859.2385032,-0.007741689682006836,231
231,0.062379807233810425,231,-1.2798625230789185,1,-1.189344048500061,0.6381536722183228,693.3418447971344,0.5663,0.964777410030365,-1.010516881942749,0.00048100948333740234,6.839622641509433e-08,-1.2804577350616455,0.05,-1.0084997415542603,0.00046706199645996094,1.1515476703643799,-1.1905441284179688,1741097862.1891959,-1.3947486877441406e-05,232
232,0.06032620370388031,232,-1.7162036895751953,1,-1.211814522743225,0.5645506381988525,696.3145954608917,0.5672,0.3934340476989746,-1.0119473934173584,0.008772134780883789,6.869103773584905e-08,-1.719089150428772,0.05,-1.0102754831314087,0.003998279571533203,1.008448839187622,-1.2126423120498657,1741097865.1619465,-0.004773855209350586,233
233,0.06112411245703697,233,-1.0668901205062866,1,-1.0071287155151367,0.48172029852867126,699.2588889598846,0.4605,0.637536346912384,-0.7997349500656128,0.005534172058105469,6.898584905660377e-08,-1.064002513885498,0.06,-0.7995897531509399,0.010001659393310547,0.841192364692688,-1.003749132156372,1741097868.10624,0.004467487335205078,234
234,0.062458522617816925,234,-1.5483119487762451,1,-1.2964756488800049,0.5134487748146057,702.2058987617493,0.6283,1.1343721151351929,-1.1351361274719238,0.0001659393310546875,6.928066037735848e-08,-1.5478930473327637,0.06,-1.1354933977127075,-0.0022635459899902344,0.901980459690094,-1.2921923398971558,1741097871.0532498,-0.002429485321044922,235
235,0.06068908050656319,235,-2.2341885566711426,1,-1.058655023574829,0.4495447278022766,705.1694231033325,0.8004,1.0202785730361938,-1.4787957668304443,0.007296919822692871,6.95754716981132e-08,-2.2358715534210205,0.06,-1.4765703678131104,0.002169966697692871,0.7777112722396851,-1.060040831565857,1741097874.0167742,-0.005126953125,236
236,0.05975561589002609,236,-2.005399703979492,1,-1.0396970510482788,0.5623709559440613,708.0983908176422,0.6838,1.1874337196350098,-1.2390966415405273,0.01110076904296875,6.987028301886792e-08,-2.007753849029541,0.06,-1.2409350872039795,0.0039348602294921875,1.0052306652069092,-1.0395400524139404,1741097876.945742,-0.0071659088134765625,237
237,0.06182635575532913,237,-1.7305421829223633,1,-1.1660890579223633,0.47293031215667725,711.050431728363,0.4068,0.7243208885192871,-0.687305212020874,0.002701878547668457,7.016509433962264e-08,-1.7326297760009766,0.06,-0.6869179010391235,0.007082819938659668,0.8222079277038574,-1.168044924736023,1741097879.8977828,0.004380941390991211,238
238,0.06510588526725769,238,-1.6884489059448242,0,-1.1896789073944092,0.5659077167510986,714.1736354827881,0.6149,0.9001765847206116,-1.105722188949585,-0.010317087173461914,7.045990566037735e-08,-1.6862163543701172,0.06,-1.1063182353973389,-0.006398916244506836,1.0016037225723267,-1.187413215637207,1741097883.0209866,0.003918170928955078,239
239,0.06189294904470444,239,-1.776671290397644,1,-1.2706756591796875,0.4513862729072571,717.2466702461243,0.4915,0.7403496503829956,-0.8566966652870178,0.0024341344833374023,7.075471698113207e-08,-1.7734618186950684,0.06,-0.8596434593200684,0.0027440786361694336,0.7789866328239441,-1.266162633895874,1741097886.0940213,0.00030994415283203125,240
240,0.06183287501335144,240,-1.4561833143234253,1,-0.8979827761650085,0.4745524823665619,720.1904306411743,0.4239,0.682320773601532,-0.7276217937469482,0.002675652503967285,7.104952830188679e-08,-1.4598045349121094,0.06,-0.7251524925231934,-0.0021132230758666992,0.8254392147064209,-0.898054301738739,1741097889.0377817,-0.004788875579833984,241
241,0.061945363879203796,241,-0.933238685131073,1,-1.1734800338745117,0.4759497046470642,723.1369955539703,0.5033,0.8531497120857239,-0.8874658346176147,0.002223491668701172,7.134433962264151e-08,-0.9359612464904785,0.06,-0.8851372003555298,0.005849599838256836,0.8280087113380432,-1.1722791194915771,1741097891.9843466,0.003626108169555664,242
242,0.06126578152179718,242,-1.5387113094329834,1,-1.197383165359497,0.6063451766967773,726.0794959068298,0.6637,1.0023951530456543,-1.207146167755127,0.004961490631103516,7.163915094339622e-08,-1.5382637977600098,0.06,-1.2062479257583618,0.0028090476989746094,1.0901588201522827,-1.194459319114685,1741097894.926847,-0.0021524429321289062,243
243,0.06206496059894562,243,-1.3244754076004028,1,-0.9388412237167358,0.4022522568702698,729.033135175705,0.6017,0.896722674369812,-1.073237419128418,0.0017431974411010742,7.193396226415094e-08,-1.3256092071533203,0.06,-1.0771214962005615,0.0022367238998413086,0.6803746223449707,-0.9363055229187012,1741097897.8804862,0.0004935264587402344,244
244,0.06320075690746307,244,-1.6438961029052734,0,-1.0087778568267822,0.6800103783607483,731.9596025943756,0.4861,1.6639204025268555,-0.8375754356384277,-0.0027952194213867188,7.222877358490566e-08,-1.6436961889266968,0.06,-0.8423521518707275,-0.001718282699584961,1.233619213104248,-1.0088403224945068,1741097900.8069537,0.0010769367218017578,245
245,0.06653270125389099,245,-1.5631251335144043,0,-0.9216073751449585,0.6692847013473511,734.9107594490051,0.4433,0.7787149548530579,-0.7634904980659485,-0.015878677368164062,7.252358490566038e-08,-1.5655568838119507,0.06,-0.7626147270202637,-0.00882101058959961,1.2055039405822754,-0.9213780760765076,1741097903.7581105,0.007057666778564453,246
246,0.06080199405550957,246,-1.4126174449920654,1,-0.9504957795143127,0.6272043585777283,737.8454496860504,0.6471,1.0773816108703613,-1.1679190397262573,0.006838798522949219,7.281839622641509e-08,-1.4098577499389648,0.06,-1.168729305267334,0.0006849765777587891,1.1328047513961792,-0.9502002596855164,1741097906.6928008,-0.00615382194519043,247
247,0.06474672257900238,247,-1.380971074104309,0,-0.9677974581718445,0.5774098038673401,740.8030951023102,0.3137,1.2194687128067017,-0.5077494382858276,-0.008907556533813477,7.311320754716981e-08,-1.3817589282989502,0.06,-0.5057037472724915,8.58306884765625e-06,1.025326132774353,-0.9664715528488159,1741097909.6504462,0.008916139602661133,248
248,0.06174516677856445,248,-1.5373294353485107,1,-1.0169113874435425,0.4422663748264313,743.7503192424774,0.4532,1.13487708568573,-0.7751035094261169,0.0030285120010375977,7.340801886792453e-08,-1.5396671295166016,0.06,-0.776494026184082,0.008739113807678223,0.7610424160957336,-1.020371437072754,1741097912.5976703,0.005710601806640625,249
249,0.06446702033281326,249,-1.6971359252929688,0,-1.0598065853118896,0.46416470408439636,746.9252164363861,0.455,0.7869598269462585,-0.7793229818344116,-0.007807135581970215,7.370283018867925e-08,-1.7044950723648071,0.06,-0.782200813293457,-0.0019594430923461914,0.7993953824043274,-1.059719204902649,1741097915.7725675,0.0058476924896240234,250
250,0.06251746416091919,250,-1.620841383934021,0,-1.0823742151260376,0.7321764230728149,749.8719131946564,0.5853,0.9616889953613281,-1.040075659751892,-6.985664367675781e-05,7.399764150943396e-08,-1.6218384504318237,0.06,-1.0411118268966675,0.0039408206939697266,1.3393179178237915,-1.0857127904891968,1741097918.7192643,0.004010677337646484,251
251,0.06140022724866867,251,-1.4646799564361572,1,-1.302795648574829,0.6259008646011353,752.8521571159363,0.5294,0.8546041250228882,-0.9380114674568176,0.004418611526489258,7.429245283018868e-08,-1.4570403099060059,0.06,-0.9362946152687073,-0.001920938491821289,1.129001259803772,-1.3019089698791504,1741097921.6995082,-0.006339550018310547,252
252,0.06221583113074303,252,-1.672980546951294,1,-0.8305726647377014,0.49486061930656433,755.8003284931183,0.5346,0.8271520733833313,-0.9462524652481079,0.0011379718780517578,7.45872641509434e-08,-1.6766352653503418,0.06,-0.945192277431488,-0.0006730556488037109,0.865289568901062,-0.8305405378341675,1741097924.6476796,-0.0018110275268554688,253
253,0.06628558784723282,253,-1.2758302688598633,0,-0.9320836663246155,0.4472862780094147,758.9263474941254,0.4517,1.0420517921447754,-0.7855699062347412,-0.014919757843017578,7.488207547169812e-08,-1.2709617614746094,0.06,-0.7844642400741577,-0.008384466171264648,0.7620013952255249,-0.9269890785217285,1741097927.7736986,0.00653529167175293,254
254,0.0628155842423439,254,-1.5173441171646118,0,-0.7434003353118896,0.46145132184028625,761.8627455234528,0.5141,0.7778271436691284,-0.9077022075653076,-0.0012607574462890625,7.517688679245283e-08,-1.5194485187530518,0.06,-0.9078078866004944,-0.002367258071899414,0.7972714900970459,-0.7384893894195557,1741097930.7100966,-0.0011065006256103516,255
255,0.06468112766742706,255,-1.3266459703445435,0,-0.8093829154968262,0.38702601194381714,764.8021214008331,0.4696,0.8693395256996155,-0.8126436471939087,-0.008649706840515137,7.547169811320755e-08,-1.322335958480835,0.06,-0.8121790289878845,0.0004904270172119141,0.6446897983551025,-0.811755895614624,1741097933.6494725,0.00914013385772705,256
256,0.06302903592586517,256,-1.2761030197143555,0,-0.961820125579834,0.4649926424026489,767.7269952297211,0.5803,1.290712833404541,-1.0327131748199463,-0.002111673355102539,7.576650943396227e-08,-1.2834558486938477,0.06,-1.0332310199737549,-0.0022749900817871094,0.8039272427558899,-0.963533878326416,1741097936.5743463,-0.0001633167266845703,257
257,0.05938923731446266,257,-1.2043676376342773,1,-0.7810795307159424,0.6980206966400146,770.6452050209045,0.5155,0.9071952700614929,-0.9137888550758362,0.012601852416992188,7.606132075471698e-08,-1.2026758193969727,0.06,-0.9114516973495483,0.010790586471557617,1.2772629261016846,-0.7778692841529846,1741097939.492556,-0.0018112659454345703,258
258,0.06179108843207359,258,-0.9007163047790527,1,-0.981468915939331,0.6079808473587036,773.6976158618927,0.4785,1.0367786884307861,-0.8226714730262756,0.0028437376022338867,7.635613207547168e-08,-0.8944059014320374,0.06,-0.8274483680725098,0.004033327102661133,1.0923795700073242,-0.9811923503875732,1741097942.544967,0.001189589500427246,259
259,0.06140764430165291,259,-1.8409961462020874,1,-1.0105470418930054,0.7008635401725769,776.6340651512146,0.5668,1.273032784461975,-1.0104584693908691,0.004388689994812012,7.66509433962264e-08,-1.8403902053833008,0.06,-1.0088510513305664,0.0037746429443359375,1.278911828994751,-1.0117743015289307,1741097945.4814162,-0.0006140470504760742,260
260,0.0619758665561676,260,-1.207695722579956,1,-0.7686958312988281,0.6159535646438599,779.5590093135834,0.5064,1.226825475692749,-0.8774667978286743,0.0021009445190429688,7.694575471698112e-08,-1.2137835025787354,0.06,-0.8840824961662292,-0.012722969055175781,1.1079554557800293,-0.7656469345092773,1741097948.4063604,-0.01482391357421875,261
261,0.05782986059784889,261,-1.864621877670288,1,-1.197996735572815,0.47838568687438965,782.5252187252045,0.5909,1.345923662185669,-1.0566213130950928,0.0190432071685791,7.724056603773584e-08,-1.8669226169586182,0.06,-1.0587528944015503,-0.001973867416381836,0.8411116600036621,-1.1938362121582031,1741097951.3725698,-0.021017074584960938,262
262,0.06329073011875153,262,-1.8822864294052124,0,-1.2850925922393799,0.5270992517471313,785.481831073761,0.577,0.846251904964447,-1.0235493183135986,-0.0031529664993286133,7.753537735849055e-08,-1.8789863586425781,0.06,-1.0249500274658203,-0.0008980035781860352,0.927617073059082,-1.2877272367477417,1741097954.3291821,0.002254962921142578,263
263,0.06311453878879547,263,-1.6520514488220215,0,-0.9982374310493469,0.6912600994110107,788.4220535755157,0.5791,1.0517704486846924,-1.038243293762207,-0.0024521350860595703,7.783018867924527e-08,-1.6476027965545654,0.06,-1.0372109413146973,-0.00677037239074707,1.256291151046753,-0.9951997399330139,1741097957.2694046,-0.0043182373046875,264
264,0.06372527778148651,264,-1.7930936813354492,0,-0.8064490556716919,0.7771809101104736,791.3363814353943,0.7258,1.8226394653320312,-1.3277828693389893,-0.004877328872680664,7.812499999999999e-08,-1.7888247966766357,0.06,-1.3268046379089355,0.012925386428833008,1.4269112348556519,-0.8071444034576416,1741097960.1837325,0.017802715301513672,265
265,0.06273864954710007,265,-1.3825942277908325,0,-1.2151634693145752,0.5671050548553467,794.2661163806915,0.5434,1.3125334978103638,-0.9616183638572693,-0.00095367431640625,7.841981132075471e-08,-1.3858232498168945,0.06,-0.9626315832138062,0.0007388591766357422,1.008732795715332,-1.2133166790008545,1741097963.1134675,0.0016925334930419922,266
266,0.06442559510469437,266,-1.40274178981781,0,-0.9580425024032593,0.6196709275245667,797.2035777568817,0.5462,1.1796461343765259,-0.9586402773857117,-0.007643938064575195,7.871462264150943e-08,-1.400791049003601,0.06,-0.9611315131187439,-0.004586696624755859,1.1104906797409058,-0.9618037939071655,1741097966.0509288,0.003057241439819336,267
267,0.062283970415592194,267,-1.1596423387527466,1,-1.0530459880828857,0.47314342856407166,800.2904958724976,0.4342,0.8253238201141357,-0.7453276515007019,0.000864863395690918,7.900943396226414e-08,-1.1603889465332031,0.06,-0.744935154914856,-0.0032426118850708008,0.8217189311981201,-1.0519723892211914,1741097969.137847,-0.004107475280761719,268
268,0.06222350150346756,268,-1.5190541744232178,1,-1.2430496215820312,0.45749685168266296,803.4156217575073,0.5597,1.0965924263000488,-0.9900790452957153,0.0011072158813476562,7.930424528301886e-08,-1.5199580192565918,0.06,-0.9917210340499878,0.0019577741622924805,0.790546715259552,-1.2439703941345215,1741097972.2629728,0.0008505582809448242,269
269,0.06162247434258461,269,-1.480765461921692,1,-0.9457004070281982,0.5590905547142029,806.3421943187714,0.574,1.4019783735275269,-1.016805648803711,0.003522515296936035,7.959905660377358e-08,-1.4774998426437378,0.06,-1.0192885398864746,-0.0002764463424682617,0.9949361085891724,-0.9468575119972229,1741097975.1895454,-0.003798961639404297,270
270,0.061531804502010345,270,-2.1225037574768066,1,-1.3950234651565552,0.5285734534263611,809.2935485839844,0.7455,0.854466438293457,-1.3715910911560059,0.0038878917694091797,7.98938679245283e-08,-2.1245040893554688,0.06,-1.370505690574646,0.00475156307220459,0.9340833425521851,-1.3914659023284912,1741097978.1408997,0.0008636713027954102,271
271,0.06307581812143326,271,-1.8022737503051758,0,-1.2059074640274048,0.517852246761322,812.6373355388641,0.6802,0.8711878061294556,-1.2362419366836548,-0.00229799747467041,8.018867924528301e-08,-1.8049111366271973,0.06,-1.2364658117294312,-0.0008524656295776367,0.9095528721809387,-1.2044841051101685,1741097981.4846866,0.0014455318450927734,272
272,0.06260599195957184,272,-1.7113229036331177,0,-1.0522289276123047,0.4955816864967346,815.5763437747955,0.6187,0.5704352855682373,-1.1079866886138916,-0.00042378902435302734,8.048349056603773e-08,-1.7074034214019775,0.06,-1.1088085174560547,0.00451505184173584,0.8659513592720032,-1.0549581050872803,1741097984.4236948,0.004938840866088867,273
273,0.06424450129270554,273,-1.5578693151474,0,-1.2485219240188599,0.48503318428993225,818.6538009643555,0.5882,0.767292857170105,-1.0483356714248657,-0.006929993629455566,8.077830188679245e-08,-1.5603129863739014,0.06,-1.0502068996429443,-0.009984016418457031,0.8415773510932922,-1.2477705478668213,1741097987.501152,-0.003054022789001465,274
274,0.06447183340787888,274,-1.4331516027450562,0,-0.9268687963485718,0.569347083568573,821.58345246315,0.4349,1.5188190937042236,-0.7449324131011963,-0.007826089859008789,8.107311320754717e-08,-1.4380135536193848,0.06,-0.74495530128479,-0.005560874938964844,1.009750485420227,-0.9266684055328369,1741097990.4308035,0.0022652149200439453,275
275,0.06281119585037231,275,-1.307258129119873,0,-1.012673020362854,0.6625487804412842,824.528252363205,0.5229,1.0111441612243652,-0.9195561408996582,-0.0012432336807250977,8.136792452830188e-08,-1.3099126815795898,0.07,-0.9197942018508911,-0.0060231685638427734,1.1994751691818237,-1.013200283050537,1741097993.3756034,-0.004779934883117676,276
276,0.06381956487894058,276,-1.1285316944122314,0,-0.7558273673057556,0.5489257574081421,827.4822232723236,0.3321,0.4416070878505707,-0.547632098197937,-0.005250692367553711,8.16627358490566e-08,-1.1271071434020996,0.07,-0.5432789921760559,-0.0013380050659179688,0.9702123403549194,-0.7559302449226379,1741097996.3295743,0.003912687301635742,277
277,0.059766922146081924,277,-1.5424704551696777,1,-1.0874234437942505,1.1571533679962158,830.4185073375702,0.4976,1.071267008781433,-0.872260332107544,0.011054635047912598,8.195754716981132e-08,-1.5409185886383057,0.07,-0.869920551776886,0.009524345397949219,2.194772958755493,-1.0900216102600098,1741097999.2658584,-0.001530289649963379,278
278,0.06158025190234184,278,-1.6341300010681152,1,-0.974034309387207,0.5499175786972046,833.4883406162262,0.5574,0.6216902732849121,-0.9835449457168579,0.003692626953125,8.225235849056604e-08,-1.6360974311828613,0.07,-0.9851741194725037,-0.0005664825439453125,0.9766746759414673,-0.9768558144569397,1741098002.3356917,-0.0042591094970703125,279
279,0.06135846674442291,279,-1.5807223320007324,1,-1.0351394414901733,0.4779837131500244,836.4352090358734,0.6088,0.9484308958053589,-1.089073657989502,0.0045871734619140625,8.254716981132075e-08,-1.5815925598144531,0.07,-1.0906801223754883,-0.0003809928894042969,0.8332504630088806,-1.0354788303375244,1741098005.28256,-0.004968166351318359,280
280,0.06164475902915001,280,-1.7392144203186035,1,-1.0851142406463623,0.604289710521698,839.3886504173279,0.5886,0.7557716369628906,-1.051523208618164,0.003432750701904297,8.284198113207547e-08,-1.7381782531738281,0.07,-1.0508602857589722,0.004494667053222656,1.0852899551391602,-1.0870699882507324,1741098008.2360015,0.0010619163513183594,281
281,0.06510058790445328,281,-1.9153324365615845,0,-1.165598750114441,0.478572279214859,842.3418569564819,0.5708,0.8080894947052002,-1.0102111101150513,-0.010296344757080078,8.313679245283019e-08,-1.9076497554779053,0.07,-1.0114281177520752,-0.0020771026611328125,0.8269433975219727,-1.1695177555084229,1741098011.189208,0.008219242095947266,282
282,0.06082674488425255,282,-1.7358183860778809,1,-1.0633718967437744,0.5909212231636047,845.277250289917,0.7082,1.0971049070358276,-1.2886440753936768,0.006738424301147461,8.343160377358491e-08,-1.7397217750549316,0.07,-1.2922000885009766,-0.008881330490112305,1.0601890087127686,-1.0590556859970093,1741098014.1246014,-0.015619754791259766,283
283,0.061125028878450394,283,-1.092297077178955,1,-0.925922691822052,0.6593238711357117,848.2243759632111,0.4632,0.7150452733039856,-0.8044285178184509,0.0055304765701293945,8.372641509433962e-08,-1.0965694189071655,0.07,-0.8032488822937012,0.0024824142456054688,1.1963976621627808,-0.9251656532287598,1741098017.071727,-0.0030480623245239258,284
284,0.06290946900844574,284,-1.791337251663208,0,-1.2990703582763672,0.5274888277053833,851.1691842079163,0.4522,1.2912671566009521,-0.7753053903579712,-0.0016351938247680664,8.402122641509434e-08,-1.7883411645889282,0.07,-0.7744153738021851,0.0008245706558227539,0.9291587471961975,-1.3047847747802734,1741098020.0165353,0.0024597644805908203,285
285,0.06053461879491806,285,-1.6671501398086548,1,-1.067664384841919,0.5485746264457703,854.1215879917145,0.5494,0.7957395315170288,-0.9672609567642212,0.007924318313598633,8.431603773584906e-08,-1.6714354753494263,0.07,-0.9702523946762085,0.0012574195861816406,0.976080060005188,-1.0682041645050049,1741098022.968939,-0.006666898727416992,286
286,0.06315644085407257,286,-1.42437744140625,0,-1.2014085054397583,0.5523803234100342,857.0725951194763,0.5312,0.6193733811378479,-0.9281269311904907,-0.0026189088821411133,8.461084905660378e-08,-1.4245814085006714,0.07,-0.9309147596359253,-0.004782557487487793,0.9784477353096008,-1.2049214839935303,1741098025.9199462,-0.0021636486053466797,287
287,0.06062592938542366,287,-1.312058925628662,1,-0.8078983426094055,0.6933080554008484,860.0071985721588,0.5022,0.6523945331573486,-0.8823381662368774,0.0075533390045166016,8.490566037735848e-08,-1.3118592500686646,0.07,-0.8820567727088928,-0.00033164024353027344,1.2653642892837524,-0.805517315864563,1741098028.8545496,-0.007884979248046875,288
288,0.05993087962269783,288,-1.7423226833343506,1,-1.2083649635314941,0.6040722727775574,863.0960900783539,0.461,0.6683135628700256,-0.7968353033065796,0.010384321212768555,8.52004716981132e-08,-1.7411234378814697,0.07,-0.7957928776741028,0.0021305084228515625,1.088282823562622,-1.2104921340942383,1741098031.9434412,-0.008253812789916992,289
289,0.06376976519823074,289,-1.7541406154632568,0,-0.9304270148277283,0.8825741410255432,866.0744025707245,0.5061,0.7990856766700745,-0.8909764885902405,-0.005053520202636719,8.549528301886792e-08,-1.7643815279006958,0.07,-0.8903080224990845,-0.010432004928588867,1.6376087665557861,-0.9278889894485474,1741098034.9217536,-0.0053784847259521484,290
290,0.06467770785093307,290,-2.057452917098999,0,-1.1108975410461426,0.6210282444953918,869.0274703502655,0.6619,0.7670937180519104,-1.1945968866348267,-0.008636236190795898,8.579009433962264e-08,-2.0530953407287598,0.07,-1.194942593574524,-0.009505033493041992,1.1127010583877563,-1.1142786741256714,1741098037.8748214,-0.0008687973022460938,291
291,0.06078656017780304,291,-1.6179804801940918,1,-1.3880497217178345,0.5601606369018555,871.9522504806519,0.4382,1.4395103454589844,-0.7488877773284912,0.006901383399963379,8.608490566037734e-08,-1.613471269607544,0.07,-0.7486458420753479,0.0008162260055541992,0.9987481236457825,-1.390916347503662,1741098040.7996016,-0.00608515739440918,292
292,0.06160717457532883,292,-1.5694705247879028,1,-1.220374584197998,0.4341389834880829,874.9013047218323,0.5934,0.7756810188293457,-1.0594191551208496,0.003584146499633789,8.637971698113207e-08,-1.5729401111602783,0.07,-1.0595722198486328,0.008388757705688477,0.7450636029243469,-1.2223854064941406,1741098043.7486558,0.0048046112060546875,293
293,0.06002800911664963,293,-1.9103822708129883,1,-1.0264227390289307,0.7061215043067932,877.8495855331421,0.5691,0.8280789852142334,-1.0159409046173096,0.009987711906433105,8.667452830188679e-08,-1.916246771812439,0.07,-1.0133254528045654,0.008839845657348633,1.292186975479126,-1.0288039445877075,1741098046.6969366,-0.0011478662490844727,294
294,0.06002587825059891,294,-1.0816020965576172,1,-1.158553123474121,0.8260154128074646,880.7790567874908,0.5693,1.2422873973846436,-1.021689534187317,0.009996414184570312,8.696933962264151e-08,-1.0772733688354492,0.07,-1.0175659656524658,0.0018305778503417969,1.5319790840148926,-1.1585049629211426,1741098049.6264079,-0.008165836334228516,295
295,0.059654831886291504,295,-1.2924003601074219,1,-0.9114256501197815,0.5167391300201416,883.7019009590149,0.4624,1.11855149269104,-0.7991377711296082,0.011513233184814453,8.726415094339621e-08,-1.2966927289962769,0.07,-0.7991050481796265,0.0069997310638427734,0.914168655872345,-0.9120816588401794,1741098052.549252,-0.00451350212097168,296
296,0.06140805780887604,296,-1.172379732131958,1,-0.9845344424247742,0.4568977355957031,886.6644103527069,0.5401,1.458333134651184,-0.955633819103241,0.004387021064758301,8.755896226415093e-08,-1.1670501232147217,0.07,-0.9557424187660217,0.0023392438888549805,0.7909793257713318,-0.9839221835136414,1741098055.5117614,-0.0020477771759033203,297
297,0.06146147847175598,297,-1.4792389869689941,1,-1.1805801391601562,0.41972774267196655,889.6079366207123,0.5967,0.6287036538124084,-1.0728352069854736,0.004171490669250488,8.785377358490566e-08,-1.480530023574829,0.07,-1.0689747333526611,0.0015197992324829102,0.7165325284004211,-1.1837947368621826,1741098058.4552877,-0.002651691436767578,298
298,0.06306967884302139,298,-1.8536745309829712,0,-1.3964818716049194,0.6781972050666809,892.5737099647522,0.5647,0.8166128396987915,-1.0109224319458008,-0.0022735595703125,8.814858490566038e-08,-1.8530422449111938,0.07,-1.007394790649414,0.004143953323364258,1.2302550077438354,-1.3968907594680786,1741098061.421061,0.006417512893676758,299
299,0.06598873436450958,299,-1.2168807983398438,0,-0.9332727193832397,0.5690509676933289,895.5129215717316,0.5369,0.8371454477310181,-0.946420431137085,-0.013765454292297363,8.844339622641508e-08,-1.2152127027511597,0.07,-0.9470632076263428,-0.012732625007629395,1.006124496459961,-0.9342591762542725,1741098064.3602726,0.0010328292846679688,300
300,0.06530459970235825,300,-1.3721710443496704,0,-0.9341298341751099,0.581926703453064,898.4751427173615,0.457,0.7884758710861206,-0.7893182039260864,-0.011095285415649414,8.87382075471698e-08,-1.3733147382736206,0.07,-0.7885943055152893,0.00529026985168457,1.033244252204895,-0.9351381063461304,1741098067.3224938,0.016385555267333984,301
301,0.05975590646266937,301,-1.458444356918335,1,-1.2563581466674805,0.6344352960586548,901.5343241691589,0.6229,0.8081139326095581,-1.1270726919174194,0.011099576950073242,8.903301886792452e-08,-1.4505417346954346,0.07,-1.1262214183807373,0.0027832984924316406,1.1493587493896484,-1.2517399787902832,1741098070.3816752,-0.008316278457641602,302
302,0.06258344650268555,302,-1.6838111877441406,0,-0.9472175240516663,0.47376549243927,904.4959247112274,0.5386,0.7640569806098938,-0.9540728330612183,-0.0003336668014526367,8.932783018867925e-08,-1.6877950429916382,0.07,-0.9551332592964172,-0.002419114112854004,0.822364091873169,-0.9432421326637268,1741098073.3432758,-0.002085447311401367,303
303,0.06222207471728325,303,-1.4981417655944824,1,-1.2738676071166992,0.514640212059021,907.4213817119598,0.6255,1.8156613111495972,-1.1313586235046387,0.0011129379272460938,8.962264150943395e-08,-1.4982140064239502,0.07,-1.1283438205718994,0.003892660140991211,0.9048362374305725,-1.2746174335479736,1741098076.2687328,0.002779722213745117,304
304,0.06419287621974945,304,-1.3469069004058838,0,-1.2126702070236206,0.5157649517059326,910.477456331253,0.5424,2.0920097827911377,-0.9528869986534119,-0.006726264953613281,8.991745283018867e-08,-1.3422001600265503,0.07,-0.9559098482131958,0.0007979869842529297,0.903144121170044,-1.213524580001831,1741098079.3248074,0.007524251937866211,305
305,0.06163883954286575,305,-1.2295734882354736,1,-1.0089601278305054,0.6598168015480042,913.4258346557617,0.5844,0.5395960807800293,-1.0491135120391846,0.003456592559814453,9.02122641509434e-08,-1.2326090335845947,0.07,-1.0456397533416748,0.004674673080444336,1.196355938911438,-1.010497808456421,1741098082.2731857,0.0012180805206298828,306
306,0.06347443163394928,306,-1.1743272542953491,0,-1.6245548725128174,0.46721363067626953,916.3556659221649,0.407,2.0592117309570312,-0.6887545585632324,-0.0038826465606689453,9.050707547169811e-08,-1.170731782913208,0.07,-0.6916806697845459,-0.004990339279174805,0.8074783682823181,-1.618913173675537,1741098085.203017,-0.0011076927185058594,307
307,0.0657520517706871,307,-1.161425232887268,0,-1.2828006744384766,0.4080011248588562,919.2901763916016,0.4561,1.4334051609039307,-0.7866515517234802,-0.01284325122833252,9.080188679245282e-08,-1.15911066532135,0.07,-0.7858105897903442,-0.012711405754089355,0.684498131275177,-1.2849645614624023,1741098088.1375275,0.00013184547424316406,308
308,0.06411123275756836,308,-1.296838402748108,0,-1.199881911277771,0.6799009442329407,922.2307674884796,0.5399,0.8039966225624084,-0.9539729356765747,-0.006403923034667969,9.109669811320754e-08,-1.2953004837036133,0.07,-0.9542056322097778,-0.0067865848541259766,1.2315794229507446,-1.2001640796661377,1741098091.0781186,-0.0003826618194580078,309
309,0.060369692742824554,309,-1.695507287979126,1,-1.1545368432998657,0.6977848410606384,925.183599948883,0.5582,0.7951964735984802,-1.002969741821289,0.008595108985900879,9.139150943396226e-08,-1.6965118646621704,0.07,-0.9993064999580383,0.0058939456939697266,1.2748303413391113,-1.1502171754837036,1741098094.030951,-0.0027011632919311523,310
310,0.058887772262096405,310,-1.634793996810913,1,-1.2448904514312744,0.6083725094795227,928.1274223327637,0.5865,1.0136100053787231,-1.0499770641326904,0.014663934707641602,9.168632075471698e-08,-1.6313101053237915,0.07,-1.0498358011245728,0.005330324172973633,1.0989694595336914,-1.2431657314300537,1741098096.9747734,-0.009333610534667969,311
311,0.06368309259414673,311,-1.690185308456421,0,-1.032955527305603,0.5854690074920654,931.066556930542,0.6229,1.1515716314315796,-1.1136493682861328,-0.004710197448730469,9.198113207547169e-08,-1.6889592409133911,0.07,-1.1157749891281128,0.001592397689819336,1.0435718297958374,-1.0357818603515625,1741098099.913908,0.006302595138549805,312
312,0.06731632351875305,312,-1.577756404876709,0,-1.227060079574585,0.6753649711608887,934.1179461479187,0.5998,0.907543957233429,-1.076484203338623,-0.018907785415649414,9.227594339622641e-08,-1.57589852809906,0.07,-1.0751025676727295,0.0013852119445800781,1.216097354888916,-1.2277379035949707,1741098102.9652972,0.020292997360229492,313
313,0.06062132120132446,313,-1.5772616863250732,1,-1.036703109741211,0.45022231340408325,937.0616664886475,0.6099,0.7373807430267334,-1.0986405611038208,0.007572054862976074,9.257075471698113e-08,-1.5776383876800537,0.07,-1.0966846942901611,0.0062105655670166016,0.7792019844055176,-1.0367166996002197,1741098105.9090176,-0.0013614892959594727,314
314,0.06242182478308678,314,-1.5363233089447021,1,-1.0600188970565796,0.5790621042251587,940.0087144374847,0.5431,0.8112098574638367,-0.9578371047973633,0.00031280517578125,9.286556603773585e-08,-1.5325071811676025,0.07,-0.9601650238037109,-0.001886606216430664,1.033280611038208,-1.058675765991211,1741098108.8560655,-0.002199411392211914,315
315,0.06052054092288017,315,-1.5242133140563965,1,-1.0909359455108643,0.4941476881504059,943.0797703266144,0.5727,0.6458824276924133,-1.021312952041626,0.007981538772583008,9.316037735849056e-08,-1.5263209342956543,0.07,-1.0221046209335327,0.0041446685791015625,0.8672543168067932,-1.0883634090423584,1741098111.9271214,-0.0038368701934814453,316
316,0.06392666697502136,316,-0.890739917755127,0,-0.8267940282821655,0.49120593070983887,946.0197563171387,0.4611,1.2309741973876953,-0.800068736076355,-0.005674481391906738,9.345518867924528e-08,-0.89344322681427,0.07,-0.8001381158828735,0.0002713203430175781,0.854558527469635,-0.8237284421920776,1741098114.8671074,0.005945801734924316,317
317,0.0621337890625,317,-1.4381940364837646,1,-1.250604510307312,0.44786542654037476,948.9782228469849,0.6193,1.1547718048095703,-1.1068120002746582,0.001466989517211914,9.375e-08,-1.4385656118392944,0.08,-1.108893632888794,0.0019659996032714844,0.7714632749557495,-1.2531089782714844,1741098117.825574,0.0004990100860595703,318
318,0.06299120932817459,318,-1.4863824844360352,0,-1.334871530532837,0.6904077529907227,951.9545845985413,0.6068,1.4247329235076904,-1.0908088684082031,-0.0019609928131103516,9.404481132075471e-08,-1.4878461360931396,0.08,-1.0907351970672607,-0.006472349166870117,1.2548331022262573,-1.3328132629394531,1741098120.8019357,-0.004511356353759766,319
319,0.05953109264373779,319,-1.7042968273162842,1,-1.0608097314834595,0.7470875978469849,954.9033546447754,0.6061,0.6622241139411926,-1.0877714157104492,0.012020111083984375,9.433962264150943e-08,-1.7038905620574951,0.08,-1.088053822517395,0.001661062240600586,1.3751130104064941,-1.0596787929534912,1741098123.7507057,-0.010359048843383789,320
320,0.062058039009571075,320,-2.0863122940063477,1,-1.0587871074676514,0.49689698219299316,957.9719426631927,0.5828,0.6077883839607239,-1.0394304990768433,0.0017709732055664062,9.463443396226414e-08,-2.0851824283599854,0.08,-1.0395461320877075,0.0016391277313232422,0.8696779012680054,-1.059777855873108,1741098126.8192937,-0.00013184547424316406,321
321,0.06218039244413376,321,-1.4779994487762451,1,-0.9657981991767883,0.4723761975765228,960.9341044425964,0.5047,0.582850992679596,-0.8846465349197388,0.001280069351196289,9.492924528301886e-08,-1.476338267326355,0.08,-0.8860174417495728,-0.003155231475830078,0.8203915953636169,-0.9628186225891113,1741098129.7814555,-0.004435300827026367,322
322,0.06391500681638718,322,-1.5606708526611328,0,-1.2862539291381836,0.6039788126945496,963.8634779453278,0.4977,1.1318359375,-0.871474027633667,-0.005628347396850586,9.522405660377358e-08,-1.5616111755371094,0.08,-0.8710413575172424,-0.0036077499389648438,1.0801275968551636,-1.2860231399536133,1741098132.710829,0.002020597457885742,323
323,0.06255500018596649,323,-0.9625108242034912,0,-0.769792377948761,0.6021198630332947,966.9427888393402,0.468,1.2081702947616577,-0.822666585445404,-0.0002199411392211914,9.55188679245283e-08,-0.9628660678863525,0.08,-0.8178631663322449,-0.0025599002838134766,1.079129695892334,-0.7676568031311035,1741098135.79014,-0.002339959144592285,324
324,0.06305983662605286,324,-1.5012754201889038,0,-1.057697057723999,0.5117784738540649,969.8841001987457,0.4636,0.5785996317863464,-0.8051741719245911,-0.002234339714050293,9.581367924528301e-08,-1.5047123432159424,0.08,-0.8034670352935791,0.005479097366333008,0.8974372148513794,-1.058100700378418,1741098138.7314513,0.007713437080383301,325
325,0.06146375462412834,325,-1.673814296722412,1,-1.0240886211395264,0.7153617143630981,972.9913334846497,0.6261,0.6225467920303345,-1.124526023864746,0.004162311553955078,9.610849056603773e-08,-1.6737048625946045,0.08,-1.125145673751831,0.003925323486328125,1.3077958822250366,-1.0255753993988037,1741098141.8386846,-0.00023698806762695312,326
326,0.06605866551399231,326,-1.8866597414016724,0,-1.2983208894729614,0.5177041292190552,976.0900704860687,0.5553,0.8782497048377991,-0.9880024790763855,-0.014037609100341797,9.640330188679245e-08,-1.8826069831848145,0.08,-0.9866607785224915,-0.0009634494781494141,0.9032909274101257,-1.2985949516296387,1741098144.9374216,0.013074159622192383,327
327,0.06336221098899841,327,-0.9584431648254395,0,-1.029890537261963,0.6169670820236206,979.0398087501526,0.5319,0.894834041595459,-0.9351814985275269,-0.003437042236328125,9.669811320754717e-08,-0.960115373134613,0.08,-0.9360973834991455,-0.006516695022583008,1.1072098016738892,-1.031479001045227,1741098147.8871598,-0.003079652786254883,328
328,0.061822205781936646,328,-1.162975549697876,1,-1.0429670810699463,0.4627266824245453,981.9726700782776,0.4151,1.2581204175949097,-0.7032349109649658,0.0027185678482055664,9.699292452830188e-08,-1.1597931385040283,0.08,-0.7032800912857056,0.0018628835678100586,0.8018089532852173,-1.0447427034378052,1741098150.8200212,-0.0008556842803955078,329
329,0.0599893182516098,329,-1.4189860820770264,1,-1.099611520767212,0.6691666841506958,984.9181206226349,0.6109,1.2463443279266357,-1.0996277332305908,0.01014566421508789,9.72877358490566e-08,-1.423021912574768,0.08,-1.0986683368682861,-0.003333568572998047,1.2183547019958496,-1.0985729694366455,1741098153.7654717,-0.013479232788085938,330
330,0.06403784453868866,330,-1.1864784955978394,0,-0.9831600785255432,0.5665584206581116,987.8651711940765,0.4241,1.4613455533981323,-0.7186038494110107,-0.006114006042480469,9.758254716981132e-08,-1.1902258396148682,0.08,-0.7214281558990479,-0.003939151763916016,1.0050411224365234,-0.9820858836174011,1741098156.7125223,0.002174854278564453,331
