,train/loss,train/epoch,train/rewards/margins,train/rewards/rejected,train/logps/rejected,train/logps/chosen,train/logps/answer,train/ref_logps/chosen,train/rewards/accuracies,train/losses/total,train/losses/sft,train/global_step,train/ref_logps/answer,train/losses/dpo,train/rewards/chosen,train/learning_rate,train/ref_logps/rejected,_step,_runtime,_timestamp,train/grad_norm
0,0.4624,0.0,0.0,0.0,-1.0821837186813354,-0.7997877597808838,-1.9965927600860596,-0.7997877597808838,0,0.5936171412467957,1.0622342824935913,1,-1.9965927600860596,0.0625,0.0,2.94811320754717e-10,-1.0821837186813354,0,6.644830703735352,1741097175.4921818,0.8437228202819824
1,0.634,0.0,0.0,0.0,-1.132258653640747,-1.1430391073226929,-1.5160102844238281,-1.1430391073226929,0,0.8277869820594788,1.5305739641189575,2,-1.5160102844238281,0.0625,0.0,5.89622641509434e-10,-1.132258653640747,1,9.580087423324585,1741097178.4274385,0.8612416386604309
2,0.4722,0.0,0.0025777816772460938,-0.0020351409912109375,-1.0532994270324707,-0.8176076412200928,-1.2345662117004395,-0.8174788951873779,1,0.7054358124732971,1.2871571779251099,6,-1.232538104057312,0.06185721606016159,0.0005426406860351562,1.7688679245283018e-09,-1.0549042224884033,5,21.441341638565063,1741097190.2886927,1.5196733474731445
3,0.5861,0.0,-0.00868988037109375,-0.0030481815338134766,-1.183199405670166,-1.046417236328125,-2.021510601043701,-1.0459872484207153,0,0.7554842829704285,1.3815858364105225,8,-2.024566888809204,0.06469134986400604,-0.011738061904907227,2.358490566037736e-09,-1.1835647821426392,7,27.34981417655945,1741097196.1971653,0.49595120549201965
4,0.4242,0.0,0.006422996520996094,0.010373592376708984,-0.8962383270263672,-0.7248021364212036,-1.1389528512954712,-0.7289750576019287,1,0.6584731936454773,1.1951372623443604,9,-1.140312671661377,0.06090456619858742,0.016796588897705078,2.6533018867924524e-09,-0.8988949060440063,8,30.283551454544067,1741097199.1309025,1.3737003803253174
5,0.5945,0.0,0.008224010467529297,-0.00847923755645752,-0.9551692008972168,-1.0668160915374756,-1.7516582012176514,-1.0673117637634277,1,0.4709502160549164,0.8209786415100098,10,-1.752383828163147,0.060460906475782394,-0.00025522708892822266,2.9481132075471697e-09,-0.9528640508651733,9,33.39970803260803,1741097202.247059,0.70328289270401
6,0.5509,0.0,0.019747495651245117,-0.012465715408325195,-1.4973207712173462,-0.9790983200073242,-2.0484778881073,-0.9802201986312866,1,0.7710323333740234,1.4267433881759644,11,-2.0544776916503906,0.05766061693429947,0.007281780242919922,3.2429245283018866e-09,-1.4960951805114746,10,36.34971070289612,1741097205.1970618,0.8620073199272156
7,0.4727,0.0,-0.0052803754806518555,0.0004780292510986328,-1.2657253742218018,-0.821224570274353,-0.8963788151741028,-0.8215370178222656,0,0.5386288166046143,0.9496034979820251,12,-0.8976465463638306,0.06382706761360168,-0.004802346229553223,3.5377358490566036e-09,-1.265139102935791,11,39.28883600234985,1741097208.136187,1.202999472618103
8,0.5832,0.0,0.0033408403396606445,-0.0008065700531005859,-1.359921932220459,-1.0458743572235107,-1.6479473114013672,-1.0475422143936157,1,0.553713858127594,0.9840925335884094,13,-1.649038314819336,0.06166758015751839,0.0025342702865600586,3.8325471698113205e-09,-1.3569114208221436,12,42.39986038208008,1741097211.2472115,1.0859630107879639
9,0.5323,0.0,0.008036255836486816,-0.0067566633224487305,-0.9000717401504517,-0.9407873153686523,-1.4458497762680054,-0.9403383135795593,1,0.4508291184902191,0.7806440591812134,15,-1.443969488143921,0.06050708144903183,0.001279592514038086,4.422169811320754e-09,-0.8983914256095886,14,48.294347286224365,1741097217.1416984,0.7915862202644348
10,0.6578,0.0,-0.011362791061401367,0.011148214340209961,-1.2278963327407837,-1.1939506530761719,-1.6994614601135254,-1.1981267929077148,0,0.5500494241714478,0.9693529605865479,17,-1.7019648551940918,0.06537297368049622,-0.00021457672119140625,5.011792452830188e-09,-1.2286598682403564,16,54.19785714149475,1741097223.0452082,0.8023949861526489
11,0.6558,0.0,0.0031745433807373047,-0.0047512054443359375,-1.251727819442749,-1.1884104013442993,-1.5870423316955566,-1.1900057792663574,1,0.592898428440094,1.0623791217803955,18,-1.5869593620300293,0.061708882451057434,-0.0015766620635986328,5.306603773584905e-09,-1.2514902353286743,17,57.137529373168945,1741097225.9848804,0.7695382833480835
12,0.6087,0.0,0.011622905731201172,-0.0005109310150146484,-0.9950074553489685,-1.0903905630111694,-1.4431867599487305,-1.0924466848373413,1,0.5851532220840454,1.0510503053665161,19,-1.4441890716552734,0.05962804704904556,0.011111974716186523,5.601415094339622e-09,-0.9989576935768127,18,60.052786111831665,1741097228.9001372,2.174501657485962
13,0.5161,0.0,0.007899761199951172,-0.010359764099121094,-0.9520379304885864,-0.9112892746925354,-1.4249907732009888,-0.9109537601470947,1,0.596811830997467,1.0725423097610474,20,-1.4232242107391357,0.060540661215782166,-0.002460002899169922,5.896226415094339e-09,-0.9476334452629089,19,62.99748373031616,1741097231.8448348,0.46532830595970154
14,0.6405,0.0,-0.0036444664001464844,0.008227109909057617,-1.2623744010925293,-1.1493117809295654,-1.9152276515960693,-1.1459970474243164,0,0.7141749262809753,1.3015209436416626,21,-1.918239712715149,0.06341443955898285,0.004582643508911133,6.191037735849057e-09,-1.2657337188720703,20,65.94312953948975,1741097234.7904806,1.0821938514709473
15,0.6194,0.01,0.004668831825256348,-0.0018246173858642578,-1.113694667816162,-1.1130653619766235,-1.6315606832504272,-1.1113002300262451,1,0.3557116389274597,0.5887467265129089,22,-1.63080894947052,0.06133827194571495,0.00284421443939209,6.485849056603773e-09,-1.1125671863555908,21,68.88262939453125,1741097237.7299805,0.8539484143257141
16,0.6362,0.01,0.023839473724365234,-0.01406562328338623,-1.021885633468628,-1.1494371891021729,-1.4074978828430176,-1.15087890625,1,0.5168992280960083,0.9204340577125549,23,-1.4054479598999023,0.05668221041560173,0.009773850440979004,6.780660377358491e-09,-1.0211091041564941,22,71.80166411399841,1741097240.6490152,0.7497725486755371
17,0.5611,0.01,0.005679965019226074,-0.00555872917175293,-0.924218475818634,-1.001316785812378,-1.3804694414138794,-1.0043177604675293,1,0.5016863346099854,0.8811965584754944,25,-1.375434398651123,0.06108807399868965,0.00012123584747314453,7.3702830188679245e-09,-0.9231117367744446,24,77.70234107971191,1741097246.5496922,0.5195086598396301
18,0.5589,0.01,-0.0009586811065673828,0.00531005859375,-1.0319702625274658,-0.9966479539871216,-1.6363072395324707,-0.9975929260253906,0,0.6049408912658691,1.0844019651412964,28,-1.640511155128479,0.06273990124464035,0.004351377487182617,8.254716981132076e-09,-1.0290324687957764,27,86.62707352638245,1741097255.4744246,1.1659207344055176
19,0.5418,0.01,-0.013533473014831543,0.008418798446655273,-1.3103716373443604,-0.9624298810958862,-1.348820447921753,-0.9638305902481079,0,0.5241333842277527,0.9164084196090698,29,-1.3435139656066895,0.06592915952205658,-0.0051146745681762695,8.549528301886791e-09,-1.307652235031128,28,89.55074453353882,1741097258.3980956,1.6487436294555664
20,0.4134,0.01,-0.005213618278503418,-0.0015817880630493164,-0.9359208345413208,-0.7048903703689575,-1.179133415222168,-0.7057452201843262,0,0.36029312014579773,0.592965841293335,31,-1.1818019151687622,0.06381019949913025,-0.006795406341552734,9.139150943396226e-09,-0.9335857033729553,30,95.56329393386841,1741097264.410645,0.8500878214836121
21,0.5981,0.01,-0.005017399787902832,0.0012860298156738281,-1.1666401624679565,-1.0720937252044678,-1.7362257242202759,-1.0719414949417114,0,0.4237239956855774,0.7199267148971558,32,-1.7386229038238525,0.06376064568758011,-0.003731369972229004,9.433962264150943e-09,-1.1656203269958496,31,98.62925815582275,1741097267.4766092,1.0579276084899902
22,0.4313,0.01,0.004052639007568359,-0.0073277950286865234,-0.719711422920227,-0.7387168407440186,-1.6346638202667236,-0.7375019788742065,1,0.45384711027145386,0.7847123146057129,34,-1.6353743076324463,0.061490945518016815,-0.003275156021118164,1.0023584905660376e-08,-0.7172501087188721,33,104.51406955718994,1741097273.3614206,0.7821691036224365
23,0.6206,0.01,-0.004663705825805664,-0.00020599365234375,-1.253428339958191,-1.1170381307601929,-1.6280596256256104,-1.1159167289733887,0,0.675918459892273,1.224494218826294,35,-1.6277801990509033,0.06367136538028717,-0.004869699478149414,1.0318396226415094e-08,-1.2513775825500488,34,107.47433018684387,1741097276.3216813,1.3824249505996704
24,0.5309,0.01,-0.004729747772216797,0.006745576858520508,-1.2810657024383545,-0.9436126947402954,-1.632995367050171,-0.9485757946968079,0,0.5697612762451172,1.0121464729309082,36,-1.6357603073120117,0.06368803232908249,0.002015829086303711,1.061320754716981e-08,-1.2789745330810547,35,110.40234589576721,1741097279.249697,1.549963355064392
25,0.521,0.01,0.00046384334564208984,0.006048679351806641,-1.0891506671905518,-0.9199848175048828,-1.1255903244018555,-0.920224666595459,1,0.3714442551136017,0.6181203126907349,39,-1.12595796585083,0.062384091317653656,0.0065125226974487305,1.1497641509433961e-08,-1.0862877368927002,38,119.18547868728638,1741097288.0328298,1.7345739603042603
26,0.5656,0.01,0.0069310665130615234,-0.0037527084350585938,-1.0874354839324951,-1.0070478916168213,-1.8563112020492554,-1.0072553157806396,1,0.6556177139282227,1.1896770000457764,42,-1.8548243045806885,0.06077924370765686,0.0031783580780029297,1.2382075471698113e-08,-1.0868217945098877,41,128.0317587852478,1741097296.8791099,0.5517577528953552
27,0.5729,0.01,0.00468134880065918,0.0022416114807128906,-1.007901906967163,-1.0202312469482422,-1.6125458478927612,-1.0217952728271484,1,0.6104308366775513,1.0981913805007935,43,-1.6156796216964722,0.06133514270186424,0.00692296028137207,1.2676886792452831e-08,-1.0100209712982178,42,130.97263979911804,1741097299.8199909,1.0361464023590088
28,0.4721,0.01,-0.009653687477111816,0.0036710500717163086,-0.9410370588302612,-0.8200178146362305,-1.1265960931777954,-0.8198307156562805,0,0.5957677960395813,1.061662197113037,44,-1.1194140911102295,0.06493671983480453,-0.005982637405395508,1.2971698113207547e-08,-0.9399206638336182,43,133.91271924972534,1741097302.7600703,1.2218512296676636
29,0.2744,0.01,0.010061144828796387,-0.01036834716796875,-1.020279884338379,-0.419245183467865,-0.9249876737594604,-0.41895753145217896,1,0.5182327032089233,0.9164453148841858,45,-0.9297329783439636,0.060010019689798355,-0.0003072023391723633,1.3266509433962264e-08,-1.0244507789611816,44,136.8342592716217,1741097305.6816103,1.7903355360031128
30,0.5324,0.01,0.009261250495910645,-0.009387016296386719,-1.1790324449539185,-0.9396622180938721,-2.1059927940368652,-0.9402320384979248,1,0.5106485486030579,0.9008848071098328,46,-2.1074047088623047,0.060206130146980286,-0.00012576580047607422,1.3561320754716981e-08,-1.179667592048645,45,139.90680384635925,1741097308.754155,0.5968751907348633
31,0.4394,0.01,-0.005519270896911621,0.008464694023132324,-1.0952571630477905,-0.7542672157287598,-1.1323741674423218,-0.7549610137939453,0,0.4223591089248657,0.7169433236122131,47,-1.1353071928024292,0.06388743221759796,0.002945423126220703,1.3856132075471699e-08,-1.0955063104629517,46,142.97990345954895,1741097311.8272545,1.0906304121017456
32,0.5041,0.01,0.016616344451904297,-0.013128995895385742,-1.0978561639785767,-0.8825441002845764,-1.898369312286377,-0.8824578523635864,1,0.49537762999534607,0.8739253878593445,48,-1.8971164226531982,0.05841493979096413,0.0034873485565185547,1.4150943396226414e-08,-1.0983474254608154,47,146.0358054637909,1741097314.8831565,0.8330165147781372
33,0.5766,0.01,0.00495302677154541,-0.002351999282836914,-1.0835195779800415,-1.026386022567749,-1.6343234777450562,-1.025390863418579,1,0.5397862792015076,0.9570367932319641,49,-1.6299858093261719,0.061267875134944916,0.002601027488708496,1.4445754716981132e-08,-1.0843911170959473,48,149.10762906074524,1741097317.9549801,0.7740769982337952
34,0.6403,0.01,-0.008678197860717773,0.004118204116821289,-1.255558967590332,-1.1571943759918213,-1.5533344745635986,-1.1579859256744385,0,0.6596187353134155,1.1898607015609741,53,-1.5545870065689087,0.06468837708234787,-0.004559993743896484,1.5625e-08,-1.2547307014465332,52,161.00982880592346,1741097329.8571799,0.9555104374885559
35,0.5181,0.01,-0.005820751190185547,0.0007376670837402344,-0.7821067571640015,-0.9075822830200195,-1.637327790260315,-0.9062241315841675,0,0.5734155178070068,1.0189037322998047,55,-1.6340324878692627,0.06396365910768509,-0.0050830841064453125,1.6214622641509434e-08,-0.7842728495597839,54,166.8653793334961,1741097335.7127304,0.47567301988601685
36,0.5711,0.01,0.015025615692138672,-0.012730121612548828,-1.245330572128296,-1.0194854736328125,-1.327321171760559,-1.0199623107910156,1,0.6340682506561279,1.1505364179611206,56,-1.3274359703063965,0.05880003795027733,0.0022954940795898438,1.650943396226415e-08,-1.2434931993484497,55,169.81337547302246,1741097338.6607265,0.9760460257530212
37,0.5441,0.01,-0.008007526397705078,0.0046994686126708984,-1.1073448657989502,-0.9643112421035767,-1.4122018814086914,-0.9669830203056335,0,0.6953109502792358,1.26158607006073,59,-1.4157425165176392,0.06451791524887085,-0.0033080577850341797,1.73938679245283e-08,-1.1088528633117676,58,178.6497733592987,1741097347.4971244,1.1974635124206543
38,0.3752,0.01,0.0073168277740478516,-0.008498311042785645,-1.0656770467758179,-0.6269421577453613,-0.9638792276382446,-0.6278149485588074,1,0.3926037847995758,0.6638392210006714,61,-0.9620168209075928,0.06068417802453041,-0.001181483268737793,1.7983490566037735e-08,-1.0650417804718018,60,184.5330159664154,1741097353.380367,1.114654302597046
39,0.5354,0.01,-0.00685572624206543,0.0016115903854370117,-1.1047230958938599,-0.9453349113464355,-1.3563103675842285,-0.9443747401237488,0,0.5560209155082703,0.9835904240608215,62,-1.3553061485290527,0.0642256811261177,-0.005244135856628418,1.8278301886792452e-08,-1.1042715311050415,61,187.45957612991333,1741097356.3069272,1.2569183111190796
40,0.4448,0.02,-0.0024271011352539062,0.0015442371368408203,-0.9534663558006287,-0.7640289068222046,-0.9499980211257935,-0.7637565732002258,0,0.6040799021720886,1.0819432735443115,65,-0.9510096907615662,0.06310825049877167,-0.0008828639984130859,1.91627358490566e-08,-0.9536916017532349,64,196.22787976264954,1741097365.0752308,0.9678000211715698
41,0.4627,0.02,0.020438194274902344,-0.017797231674194336,-1.2922463417053223,-0.8009661436080933,-1.2473315000534058,-0.8002541065216064,1,0.3783903419971466,0.6417909264564514,67,-1.249753713607788,0.0574948824942112,0.002640962600708008,1.9752358490566035e-08,-1.290980339050293,66,202.2694113254547,1741097371.1167624,1.108406662940979
42,0.4042,0.02,0.0062713623046875,-0.004896402359008789,-0.7284510135650635,-0.679498016834259,-1.4841057062149048,-0.675987958908081,1,0.7535514831542969,1.3852189779281616,68,-1.4844398498535156,0.060941990464925766,0.001374959945678711,2.0047169811320753e-08,-0.7287858724594116,67,205.1903636455536,1741097374.0377147,1.3361763954162598
43,0.636,0.02,0.0024219751358032227,-0.004347801208496094,-1.294368028640747,-1.1471600532531738,-2.053464651107788,-1.144588828086853,1,0.4944917857646942,0.865191638469696,69,-2.0560412406921387,0.06189597398042679,-0.001925826072692871,2.034198113207547e-08,-1.2915160655975342,68,208.14348101615906,1741097376.990832,0.8858914375305176
44,0.6397,0.02,0.023173093795776367,-0.015343904495239258,-1.3856620788574219,-1.1576168537139893,-1.9737879037857056,-1.1588236093521118,1,0.5341519713401794,0.9546219706535339,70,-1.973958134651184,0.05684097483754158,0.00782918930053711,2.0636792452830187e-08,-1.383551001548767,69,211.07564997673035,1741097379.923001,0.970769464969635
45,0.5255,0.02,0.014863014221191406,-0.013940095901489258,-1.1129893064498901,-0.9272000193595886,-1.34478759765625,-0.9280146360397339,1,0.7765042185783386,1.4353294372558594,74,-1.3391506671905518,0.058839473873376846,0.0009229183197021484,2.1816037735849054e-08,-1.112647533416748,73,222.84173440933228,1741097391.6890855,1.32387375831604
46,0.5402,0.02,0.006067752838134766,-0.0038487911224365234,-0.8067408800125122,-0.95494544506073,-1.2875261306762695,-0.9534859657287598,1,0.6972437500953674,1.2725030183792114,75,-1.2882087230682373,0.06099226698279381,0.002218961715698242,2.211084905660377e-08,-0.8056689500808716,74,225.76870393753052,1741097394.616055,0.6881823539733887
47,0.5807,0.02,0.00064849853515625,-0.006511688232421875,-1.226658582687378,-1.0353772640228271,-1.7787556648254395,-1.0354106426239014,1,0.7047664523124695,1.284856915473938,76,-1.7810887098312378,0.062337979674339294,-0.005863189697265625,2.2405660377358488e-08,-1.2277770042419434,75,228.73748350143433,1741097397.5848346,0.5552311539649963
48,0.4852,0.02,-0.0015524625778198242,0.006149888038635254,-1.4004071950912476,-0.8483748435974121,-1.8917269706726074,-0.8505270481109619,0,0.5472275614738464,0.9686776399612427,77,-1.8912878036499023,0.0628887191414833,0.00459742546081543,2.2700471698113206e-08,-1.3995251655578613,76,231.93488216400146,1741097400.7822332,0.6064238548278809
49,0.5095,0.02,-0.006857156753540039,0.001547098159790039,-0.9566601514816284,-0.8948703408241272,-1.2835332155227661,-0.8981584310531616,0,0.6006866097450256,1.0729211568832397,78,-1.2826915979385376,0.06422604620456696,-0.00531005859375,2.2995283018867923e-08,-0.959067702293396,77,234.87008786201477,1741097403.717439,1.8178362846374512
50,0.3756,0.02,-0.0004342794418334961,-0.0019150972366333008,-0.9268255233764648,-0.6283982992172241,-1.7208709716796875,-0.6297221779823303,0,0.5224484801292419,0.9196797609329224,79,-1.7214605808258057,0.06260861456394196,-0.002349376678466797,2.329009433962264e-08,-0.9259575605392456,78,237.83156394958496,1741097406.678915,0.7793310880661011
51,0.5346,0.02,-0.002071380615234375,-0.005223751068115234,-1.2076998949050903,-0.9497981071472168,-1.1521844863891602,-0.9487046003341675,0,0.6695675253868103,1.2130972146987915,82,-1.1555135250091553,0.06301891803741455,-0.007295131683349609,2.4174528301886792e-08,-1.2008285522460938,81,246.65591502189636,1741097415.503266,1.7752200365066528
52,0.6073,0.02,0.000530242919921875,0.0010657310485839844,-0.9939439296722412,-1.0925105810165405,-1.918407678604126,-1.0940618515014648,1,0.5764124393463135,1.0280898809432983,84,-1.9191306829452515,0.0623675100505352,0.0015959739685058594,2.4764150943396227e-08,-0.992523729801178,83,252.7353868484497,1741097421.582738,0.5521326661109924
53,0.6376,0.02,-0.0195767879486084,0.01295781135559082,-1.0118904113769531,-1.1450915336608887,-1.6004607677459717,-1.1427193880081177,0,0.6871492862701416,1.2393184900283813,85,-1.5999360084533691,0.06749001145362854,-0.006618976593017578,2.5058962264150944e-08,-1.0144940614700317,84,255.6638855934143,1741097424.5112367,1.125884771347046
54,0.6895,0.02,-0.002531290054321289,0.0022792816162109375,-0.9867140650749207,-1.2552317380905151,-1.853174090385437,-1.2548493146896362,0,0.5800527334213257,1.0338366031646729,86,-1.857460856437683,0.06313442438840866,-0.00025200843811035156,2.5353773584905662e-08,-0.9849374890327454,85,258.6013286113739,1741097427.4486797,1.2478774785995483
55,0.5261,0.02,-0.0031663179397583008,0.004431009292602539,-0.8013910055160522,-0.9275621175765991,-1.6259433031082153,-0.929296612739563,0,0.5348130464553833,0.9430379867553711,87,-1.6212645769119263,0.06329408288002014,0.0012646913528442383,2.564858490566038e-08,-0.8026462197303772,86,261.53911328315735,1741097430.3864644,1.1270695924758911
56,0.5959,0.02,0.002389192581176758,0.0001850128173828125,-1.0013773441314697,-1.062603235244751,-1.455894947052002,-1.0607664585113525,1,0.626253604888916,1.1286989450454712,89,-1.4583327770233154,0.06190412864089012,0.0025742053985595703,2.623820754716981e-08,-1.003669023513794,88,267.4517867565155,1741097436.2991378,1.421216368675232
57,0.3991,0.02,0.003278374671936035,-0.0021178722381591797,-1.1387804746627808,-0.6755019426345825,-1.333725929260254,-0.6787678599357605,1,0.47697892785072327,0.8305916786193848,90,-1.3375012874603271,0.06168309226632118,0.0011605024337768555,2.6533018867924528e-08,-1.139623761177063,89,270.40876865386963,1741097439.2561197,0.6869639158248901
58,0.6066,0.02,-0.007647037506103516,0.004505634307861328,-0.9647427797317505,-1.0902557373046875,-1.403714656829834,-1.090040922164917,0,0.673366904258728,1.2178810834884644,91,-1.4080603122711182,0.06442637741565704,-0.0031414031982421875,2.6827830188679245e-08,-0.9624447226524353,90,273.34875750541687,1741097442.1961086,0.892030656337738
59,0.6778,0.02,0.00092315673828125,0.002396821975708008,-1.136832356452942,-1.2333037853240967,-1.7649312019348145,-1.2343380451202393,1,0.5677118897438049,1.0108848810195923,92,-1.7650752067565918,0.0622694231569767,0.003319978713989258,2.7122641509433962e-08,-1.135115146636963,91,276.5347692966461,1741097445.3821204,0.5564664006233215
60,0.6629,0.02,-0.013884305953979492,0.009246587753295898,-1.3275376558303833,-1.1982403993606567,-1.4072805643081665,-1.1975417137145996,0,0.621666669845581,1.1112948656082153,94,-1.407660722732544,0.06601926684379578,-0.004637718200683594,2.7712264150943397e-08,-1.3293585777282715,93,282.68557357788086,1741097451.5329247,0.8030397295951843
61,0.5337,0.02,-0.0007495880126953125,0.0005447864532470703,-0.9601089954376221,-0.9385136365890503,-1.550208568572998,-0.9384492635726929,0,0.8580224514007568,1.590669870376587,95,-1.5509381294250488,0.06268753856420517,-0.0002048015594482422,2.800707547169811e-08,-0.9639182090759277,94,285.6165380477905,1741097454.4638891,1.021816372871399
62,0.4368,0.02,0.0009217262268066406,-0.0013859272003173828,-0.7156524658203125,-0.7495028972625732,-1.1677541732788086,-0.7522265315055847,1,0.5144548416137695,0.9043700695037842,96,-1.1687512397766113,0.06226978078484535,-0.0004642009735107422,2.830188679245283e-08,-0.7174128293991089,95,288.5377037525177,1741097457.3850548,1.1442861557006836
63,0.3833,0.02,-0.01711118221282959,0.010718107223510742,-0.8516415953636169,-0.6402044296264648,-1.3760173320770264,-0.6370876431465149,0,0.5001672506332397,0.8666324615478516,97,-1.3722753524780273,0.06685099005699158,-0.006393074989318848,2.8596698113207546e-08,-0.849754810333252,96,291.4791305065155,1741097460.3264816,0.9581488370895386
64,0.5075,0.02,0.005422115325927734,-0.0040476322174072266,-0.9211795330047607,-0.891093373298645,-1.6894652843475342,-0.8923868536949158,1,0.6052131056785583,1.0881226062774658,100,-1.6886563301086426,0.06115182116627693,0.0013744831085205078,2.9481132075471698e-08,-0.9213122129440308,99,300.4517433643341,1741097469.2990944,0.9606218338012695
65,0.5297,0.02,0.006287813186645508,-0.0017762184143066406,-1.2249749898910522,-0.9341225624084473,-1.7441898584365845,-0.9354830980300903,1,0.5281705856323242,0.9344652891159058,103,-1.7381460666656494,0.06093792989850044,0.004511594772338867,3.036556603773585e-08,-1.2265697717666626,102,309.3462851047516,1741097478.1936362,0.7187150716781616
66,0.5675,0.02,-0.004065155982971191,0.0023676156997680664,-0.8807603120803833,-1.0089259147644043,-1.8337985277175903,-1.0081218481063843,0,0.4456939399242401,0.7643470168113708,104,-1.834404706954956,0.06352042406797409,-0.001697540283203125,3.0660377358490564e-08,-0.8809428811073303,103,312.3163728713989,1741097481.163724,0.6154595017433167
67,0.7181,0.02,0.0003609657287597656,0.0039424896240234375,-1.23698890209198,-1.3141623735427856,-1.9180314540863037,-1.3163671493530273,1,0.7130404114723206,1.3012611865997314,105,-1.91189706325531,0.062409792095422745,0.004303455352783203,3.0955188679245285e-08,-1.2360446453094482,104,315.25091195106506,1741097484.098263,0.8944993615150452
68,0.7147,0.03,0.004071950912475586,-0.0008299350738525391,-1.2930954694747925,-1.3029837608337402,-1.6406540870666504,-1.3010145425796509,1,0.6096137166023254,1.0962550640106201,106,-1.638826608657837,0.06148615851998329,0.003242015838623047,3.125e-08,-1.2924435138702393,105,318.1944534778595,1741097487.0418046,0.9093424677848816
69,0.6591,0.03,0.005904197692871094,-0.0019488334655761719,-1.2006587982177734,-1.1983487606048584,-1.5508743524551392,-1.2034623622894287,1,0.673928439617157,1.225791573524475,107,-1.55196213722229,0.06103266403079033,0.003955364227294922,3.154481132075472e-08,-1.2006232738494873,106,321.16109323501587,1741097490.0084443,1.0264384746551514
70,0.4221,0.03,0.009293556213378906,-0.00760340690612793,-1.0359196662902832,-0.7210724353790283,-1.4580001831054688,-0.7206456661224365,1,0.5397413372993469,0.9590862393379211,109,-1.457766056060791,0.06019820272922516,0.0016901493072509766,3.2134433962264154e-08,-1.0335347652435303,108,327.088125705719,1741097495.9354768,0.581148624420166
71,0.572,0.03,0.0034265518188476562,-0.0028002262115478516,-1.3781929016113281,-1.0239218473434448,-1.5282697677612305,-1.0267558097839355,1,0.45767855644226074,0.7920645475387573,110,-1.534633755683899,0.061646297574043274,0.0006263256072998047,3.242924528301887e-08,-1.376117467880249,109,330.1648676395416,1741097499.0122187,0.939501941204071
72,0.531,0.03,0.01077890396118164,-0.006005525588989258,-0.916627049446106,-0.9377172589302063,-1.1051301956176758,-0.9368850588798523,1,0.7456422448158264,1.3716158866882324,112,-1.1069047451019287,0.0598343200981617,0.004773378372192383,3.30188679245283e-08,-0.9151561856269836,111,336.06701827049255,1741097504.9143693,1.7196928262710571
73,0.5781,0.03,-0.006902813911437988,0.008818745613098145,-0.9216306209564209,-1.024224042892456,-1.5319567918777466,-1.0197393894195557,0,0.5827059745788574,1.0369367599487305,113,-1.532867193222046,0.06423761695623398,0.0019159317016601562,3.331367924528302e-08,-0.9239203929901123,112,339.0068943500519,1741097507.8542454,1.2645398378372192
74,0.5995,0.03,-0.000658869743347168,0.002129077911376953,-1.1968339681625366,-1.0770655870437622,-1.6824551820755005,-1.0779931545257568,0,0.5596976280212402,0.9940655827522278,119,-1.6801445484161377,0.06266482919454575,0.0014702081680297852,3.508254716981132e-08,-1.1947007179260254,118,356.67638635635376,1741097525.5237374,0.6239917278289795
75,0.4562,0.03,0.0037734508514404297,-0.0012447834014892578,-0.9376131892204285,-0.7876760959625244,-1.5841031074523926,-0.7901499271392822,1,0.3897950053215027,0.6564696431159973,120,-1.5875952243804932,0.06156019866466522,0.002528667449951172,3.5377358490566035e-08,-0.9398185014724731,119,359.62142848968506,1741097528.4687796,1.455647349357605
76,0.5443,0.03,-0.0015673637390136719,0.00019598007202148438,-1.0511705875396729,-0.9644681215286255,-2.1830246448516846,-0.9652025699615479,0,0.5474942922592163,0.9692036509513855,121,-2.183621406555176,0.06289245188236237,-0.0013713836669921875,3.5672169811320755e-08,-1.051107406616211,120,362.7942638397217,1741097531.641615,0.6381985545158386
77,0.5005,0.03,0.0025682449340820312,-0.0019179582595825195,-1.300370216369629,-0.8817005157470703,-1.5371286869049072,-0.8839629888534546,1,0.4527341425418854,0.7817491292953491,122,-1.5397937297821045,0.06185958907008171,0.0006502866744995117,3.596698113207547e-08,-1.2967890501022339,121,365.8859944343567,1741097534.7333455,0.6077784895896912
78,0.6041,0.03,0.0021588802337646484,-0.006071686744689941,-1.1677762269973755,-1.0833460092544556,-1.5105262994766235,-1.0816211700439453,1,0.5087276101112366,0.8935322761535645,123,-1.5116978883743286,0.061961445957422256,-0.003912806510925293,3.626179245283019e-08,-1.1659839153289795,122,369.0220320224762,1741097537.869383,0.5119972229003906
79,0.4709,0.03,-0.0006926059722900391,0.0006923675537109375,-1.1086139678955078,-0.8170977830886841,-1.4266895055770874,-0.8159229755401611,0,0.56459641456604,1.003846287727356,124,-1.4262936115264893,0.06267327070236206,-2.384185791015625e-07,3.6556603773584904e-08,-1.1070221662521362,123,371.9715836048126,1741097540.8189347,0.6017630696296692
80,0.4331,0.03,-0.0022372007369995117,0.004171490669250488,-0.8228776454925537,-0.741898238658905,-1.513750433921814,-0.7445555925369263,0,0.4361288547515869,0.7461366057395935,125,-1.5112217664718628,0.06306055188179016,0.0019342899322509766,3.6851415094339625e-08,-0.824697732925415,124,374.92382764816284,1741097543.7711787,0.5474170446395874
81,0.6201,0.03,0.004228830337524414,0.008290410041809082,-0.8297750353813171,-1.1128009557724,-1.0600459575653076,-1.1119729280471802,1,0.5525435209274292,0.9821925759315491,127,-1.0555917024612427,0.06144726276397705,0.012519240379333496,3.744103773584906e-08,-0.8312928676605225,126,380.8057427406311,1741097549.6530938,1.1781108379364014
82,0.4861,0.03,-0.0077626705169677734,-0.0021979808807373047,-0.9009133577346802,-0.8504266142845154,-1.2600207328796387,-0.8499550223350525,0,0.5611753463745117,0.993439257144928,128,-1.2598886489868164,0.06445573270320892,-0.009960651397705078,3.7735849056603774e-08,-0.8969674110412598,127,383.7409632205963,1741097552.5883143,1.0166068077087402
83,0.4422,0.03,0.004711627960205078,-0.0017094612121582031,-1.1452994346618652,-0.7620509266853333,-1.7379109859466553,-0.7618852853775024,1,0.6778916120529175,1.2331279516220093,134,-1.7410414218902588,0.06132764369249344,0.003002166748046875,3.950471698113207e-08,-1.1425538063049316,133,401.4993438720703,1741097570.346695,0.48849794268608093
84,0.455,0.03,-0.007748126983642578,-0.00015497207641601562,-1.1197021007537842,-0.7839292883872986,-1.8384661674499512,-0.7812842130661011,0,0.5907785296440125,1.0526529550552368,135,-1.8348387479782104,0.06445203721523285,-0.007903099060058594,3.979952830188679e-08,-1.1180181503295898,134,404.4442980289459,1741097573.291649,0.7030920386314392
85,0.4997,0.03,-0.016383647918701172,0.009960651397705078,-1.6465535163879395,-0.8761955499649048,-1.486379623413086,-0.8779031038284302,0,0.4526030421257019,0.771880030632019,136,-1.4831827878952026,0.06666301935911179,-0.006422996520996094,4.0094339622641506e-08,-1.6462974548339844,135,407.507524728775,1741097576.3548758,1.0572357177734375
86,0.4542,0.03,0.0025467872619628906,-0.006770610809326172,-0.9655055999755859,-0.7841482162475586,-1.0755833387374878,-0.7845428586006165,1,0.5947031378746033,1.0656764507293701,137,-1.0724443197250366,0.06186492368578911,-0.004223823547363281,4.0389150943396226e-08,-0.9651237726211548,136,410.48031759262085,1741097579.3276687,1.3156229257583618
87,0.484,0.03,-0.0033712387084960938,0.0030765533447265625,-1.181715726852417,-0.8414832353591919,-1.1489355564117432,-0.8410184383392334,0,0.5790560245513916,1.0314207077026367,138,-1.1496669054031372,0.06334564834833145,-0.00029468536376953125,4.068396226415094e-08,-1.182640552520752,137,413.4088363647461,1741097582.2561874,1.480586051940918
88,0.584,0.03,-0.00377655029296875,0.0024042129516601562,-1.1183626651763916,-1.0434452295303345,-1.295034408569336,-1.0463156700134277,0,0.6350204944610596,1.1431455612182617,141,-1.2922155857086182,0.06344770640134811,-0.0013723373413085938,4.1568396226415096e-08,-1.120678186416626,140,422.51926374435425,1741097591.3666148,1.7451863288879395
89,0.5923,0.03,-0.017055392265319824,0.006799578666687012,-0.8560720682144165,-1.0560877323150635,-2.1881914138793945,-1.052947759628296,0,0.6479893326759338,1.162305474281311,142,-2.185772180557251,0.06683657318353653,-0.010255813598632812,4.186320754716981e-08,-0.8563655614852905,141,425.43760085105896,1741097594.284952,1.0981693267822266
90,0.3992,0.03,0.008445262908935547,-0.005819082260131836,-0.6980831027030945,-0.6767697930335999,-1.2477614879608154,-0.6812329888343811,1,0.6216815114021301,1.1225500106811523,143,-1.2458350658416748,0.06040651351213455,0.002626180648803711,4.215801886792453e-08,-0.6991260051727295,142,428.3654136657715,1741097597.2127647,1.147016167640686
91,0.6374,0.03,-0.003682851791381836,0.0012013912200927734,-1.0801986455917358,-1.1497108936309814,-1.626291275024414,-1.1496893167495728,0,0.6468702554702759,1.1668922901153564,144,-1.6267216205596924,0.06342410296201706,-0.0024814605712890625,4.245283018867924e-08,-1.0802093744277954,143,431.30885672569275,1741097600.1562078,0.8462307453155518
92,0.4702,0.03,0.012928485870361328,-0.010695457458496094,-1.0402555465698242,-0.8135330677032471,-1.5282011032104492,-0.8110821843147278,1,0.7581843733787537,1.397749423980713,145,-1.5303168296813965,0.059309665113687515,0.0022330284118652344,4.274764150943396e-08,-1.0396944284439087,144,434.25995779037476,1741097603.1073089,1.2528921365737915
93,0.5683,0.03,-0.006779193878173828,0.008161783218383789,-1.080441951751709,-1.0163854360580444,-1.5867594480514526,-1.022080898284912,0,0.5335425138473511,0.9386724233627319,146,-1.5849695205688477,0.06420628726482391,0.001382589340209961,4.304245283018867e-08,-1.08132004737854,145,437.2021698951721,1741097606.049521,1.2549816370010376
94,0.5789,0.03,0.00037789344787597656,-0.00026154518127441406,-1.1246545314788818,-1.0338120460510254,-1.5150282382965088,-1.0365265607833862,1,0.8346232175827026,1.5444352626800537,148,-1.5151246786117554,0.06240556389093399,0.0001163482666015625,4.363207547169811e-08,-1.1263149976730347,147,443.2693250179291,1741097612.116676,1.1851062774658203
95,0.4507,0.04,-0.007146477699279785,0.0029338598251342773,-1.067131757736206,-0.7755882740020752,-1.4304993152618408,-0.7750619649887085,0,0.4366552233695984,0.7447116374969482,150,-1.4357566833496094,0.06429938971996307,-0.004212617874145508,4.422169811320754e-08,-1.0674777030944824,149,449.296710729599,1741097618.1440618,1.1738784313201904
96,0.5664,0.04,0.005584120750427246,2.7060508728027344e-05,-0.8651846647262573,-1.0093979835510254,-1.2622058391571045,-1.0114892721176147,1,0.46722909808158875,0.81223464012146,151,-1.2575252056121826,0.06111176684498787,0.0056111812591552734,4.451650943396226e-08,-0.8657149076461792,150,452.23831129074097,1741097621.0856624,1.0022485256195068
97,0.7512,0.04,0.004864215850830078,-0.01180410385131836,-1.197934865951538,-1.3788340091705322,-1.889473795890808,-1.3753629922866821,1,0.7904002666473389,1.4582208395004272,154,-1.890453577041626,0.06128986179828644,-0.006939888000488281,4.540094339622641e-08,-1.192867636680603,153,461.0371804237366,1741097629.8845315,1.297027826309204
98,0.6466,0.04,0.009531736373901367,-0.007536172866821289,-1.3159301280975342,-1.1730180978775024,-1.91422438621521,-1.174600601196289,1,0.6672413349151611,1.214203119277954,155,-1.9163929224014282,0.06013977900147438,0.001995563507080078,4.569575471698113e-08,-1.3125152587890625,154,463.990761756897,1741097632.8381128,0.7409310340881348
99,0.6599,0.04,-0.00027823448181152344,-0.005460977554321289,-1.1654365062713623,-1.1950597763061523,-2.1274194717407227,-1.1934032440185547,0,0.6873710751533508,1.249603033065796,156,-2.12827205657959,0.06256958097219467,-0.0057392120361328125,4.5990566037735846e-08,-1.1635239124298096,155,466.9432837963104,1741097635.7906349,0.6741113066673279
100,0.5671,0.04,0.00563967227935791,-0.0026693344116210938,-1.0788071155548096,-1.0078235864639282,-1.0930241346359253,-1.00607430934906,1,0.5097081661224365,0.8972203135490417,158,-1.087071418762207,0.06109803169965744,0.0029703378677368164,4.658018867924528e-08,-1.078362226486206,157,472.84410572052,1741097641.6914568,1.245864748954773
101,0.5575,0.04,-0.002368927001953125,0.0032777786254882812,-0.8193162083625793,-0.9907019138336182,-1.754675030708313,-0.9922266006469727,0,0.5731009244918823,1.0200146436691284,160,-1.7541999816894531,0.0630936324596405,0.0009088516235351562,4.7169811320754715e-08,-0.8200032711029053,159,478.7262840270996,1741097647.573635,0.8819533586502075
102,0.463,0.04,0.0019867420196533203,-0.00429224967956543,-1.2418601512908936,-0.8067221641540527,-1.4619107246398926,-0.8091152310371399,1,0.6252439618110657,1.1264792680740356,161,-1.4602165222167969,0.06200430169701576,-0.0023055076599121094,4.746462264150943e-08,-1.238524317741394,160,481.670622587204,1741097650.5179737,0.5768852233886719
103,0.5921,0.04,0.0018638372421264648,0.0011200904846191406,-0.9208208918571472,-1.0593796968460083,-1.8567497730255127,-1.059775710105896,1,0.5242840051651001,0.9244982004165649,162,-1.855330467224121,0.062034908682107925,0.0029839277267456055,4.775943396226415e-08,-0.9210902452468872,161,484.7833080291748,1741097653.630659,0.5253146886825562
104,0.5978,0.04,-0.004027962684631348,-0.004230499267578125,-0.8451349139213562,-1.0701415538787842,-1.5191574096679688,-1.0693261623382568,0,0.5044409036636353,0.8818597793579102,163,-1.5177448987960815,0.06351104378700256,-0.008258461952209473,4.8054245283018864e-08,-0.8446236848831177,162,487.85974764823914,1741097656.7070987,0.8370736241340637
105,0.6831,0.04,0.005755901336669922,0.0023393630981445312,-1.1825249195098877,-1.2385518550872803,-1.8358830213546753,-1.240048885345459,1,0.9016688466072083,1.681199073791504,164,-1.835879921913147,0.061069305986166,0.008095264434814453,4.8349056603773585e-08,-1.186492681503296,163,490.82187151908875,1741097659.6692226,0.8882540464401245
106,0.7092,0.04,0.0033991336822509766,0.0010561943054199219,-1.2100005149841309,-1.292970061302185,-1.729038953781128,-1.295259952545166,1,0.5999292731285095,1.076552391052246,165,-1.730799913406372,0.061653103679418564,0.0044553279876708984,4.86438679245283e-08,-1.212697148323059,164,493.7662308216095,1741097662.613582,0.6953811049461365
107,0.5641,0.04,0.014934539794921875,-0.007964611053466797,-1.1907641887664795,-1.0080974102020264,-1.2045263051986694,-1.0119926929473877,1,0.6066839694976807,1.0957237482070923,167,-1.2004387378692627,0.05882212519645691,0.006969928741455078,4.9233490566037733e-08,-1.1897366046905518,166,499.6648499965668,1741097668.512201,1.4114488363265991
108,0.4351,0.04,-0.0021594762802124023,0.005935549736022949,-0.8599556684494019,-0.7402622699737549,-1.3769428730010986,-0.7368147969245911,0,0.7493124604225159,1.3725428581237793,168,-1.374413013458252,0.06304103136062622,0.003776073455810547,4.9528301886792454e-08,-0.8613753318786621,167,502.5904908180237,1741097671.437842,0.8746418952941895
109,0.3735,0.04,0.017910480499267578,-0.01558685302734375,-1.2070400714874268,-0.6240561604499817,-1.0584030151367188,-0.6241835951805115,1,0.43682655692100525,0.7574479579925537,170,-1.0616648197174072,0.058102577924728394,0.002323627471923828,5.011792452830189e-08,-1.2049579620361328,169,508.6730086803436,1741097677.5203598,1.145923376083374
110,0.31,0.04,0.0071038007736206055,-0.006504058837890625,-0.8865997195243835,-0.49354007840156555,-1.0578680038452148,-0.4918678104877472,1,0.33166128396987915,0.5418492555618286,171,-1.0583879947662354,0.06073666736483574,0.0005997419357299805,5.04127358490566e-08,-0.8862581253051758,170,511.61584520339966,1741097680.4631963,1.2179170846939087
111,0.4973,0.04,-0.0004974603652954102,0.00400090217590332,-1.0260639190673828,-0.8672928810119629,-1.8948781490325928,-0.8664067387580872,0,0.46865883469581604,0.8120688199996948,172,-1.8947476148605347,0.06262442469596863,0.00350344181060791,5.0707547169811323e-08,-1.0275025367736816,171,514.5589852333069,1741097683.4063363,0.6993275284767151
112,0.4794,0.04,0.012178182601928711,-0.002063274383544922,-1.3984289169311523,-0.8360917568206787,-1.3884776830673218,-0.8375160098075867,1,0.862504780292511,1.6060245037078857,173,-1.390866756439209,0.059492532163858414,0.010114908218383789,5.100235849056604e-08,-1.3975310325622559,172,517.479371547699,1741097686.3267226,1.6719043254852295
113,0.5442,0.04,-0.025790691375732422,0.017400503158569336,-1.3340433835983276,-0.9606513977050781,-1.3718020915985107,-0.9585351943969727,0,0.6345665454864502,1.1309051513671875,175,-1.3755522966384888,0.06911396235227585,-0.008390188217163086,5.1591981132075465e-08,-1.3346346616744995,174,523.4986009597778,1741097692.345952,0.9029063582420349
114,0.6167,0.04,0.00676274299621582,-0.005333542823791504,-1.0891807079315186,-1.1061131954193115,-1.4534127712249756,-1.1045031547546387,1,0.46639302372932434,0.8111445307731628,176,-1.455032467842102,0.060820747166872025,0.0014292001724243164,5.1886792452830186e-08,-1.0898263454437256,175,526.6706144809723,1741097695.5179656,0.894665539264679
115,0.5209,0.04,-0.006227374076843262,0.011321544647216797,-1.0836246013641357,-0.9126111268997192,-1.3290882110595703,-0.9104951620101929,0,0.5128889083862305,0.8976446986198425,177,-1.333301305770874,0.06406653672456741,0.005094170570373535,5.21816037735849e-08,-1.0855826139450073,176,529.6023681163788,1741097698.4497192,0.8944358229637146
116,0.6522,0.04,-0.004426240921020508,-0.0025005340576171875,-1.091667890548706,-1.177654504776001,-1.6047669649124146,-1.1779522895812988,0,0.6232701539993286,1.1193174123764038,178,-1.6119232177734375,0.0636114552617073,-0.006926774978637695,5.247641509433962e-08,-1.0936684608459473,177,532.5531628131866,1741097701.400514,0.6811770796775818
117,0.4832,0.04,-0.000599980354309082,0.0031746625900268555,-0.8800091743469238,-0.8415223360061646,-1.550217866897583,-0.8424900770187378,0,0.5903187394142151,1.0553373098373413,181,-1.5498236417770386,0.06265008449554443,0.0025746822357177734,5.336084905660377e-08,-0.8808465003967285,180,541.3809185028076,1741097710.2282696,0.6720167994499207
118,0.5897,0.04,-0.00426793098449707,-0.0026410818099975586,-1.4693799018859863,-1.0552325248718262,-2.0653789043426514,-1.05513334274292,0,0.507000744342804,0.8868584632873535,183,-2.062450885772705,0.06357153505086899,-0.006909012794494629,5.3950471698113204e-08,-1.4684839248657227,182,547.3012201786041,1741097716.1485713,0.8789672255516052
119,0.5382,0.04,0.002196073532104492,-0.0037883520126342773,-1.028125286102295,-0.9530984163284302,-1.7639989852905273,-0.9524792432785034,1,0.5123862028121948,0.9008679986000061,185,-1.764679193496704,0.06195218861103058,-0.0015922784805297852,5.454009433962264e-08,-1.025702953338623,184,553.1765606403351,1741097722.0239117,0.9483094215393066
120,0.5239,0.04,-0.009388208389282227,0.0028166770935058594,-0.9871919751167297,-0.9242106676101685,-1.4926841259002686,-0.9245241284370422,0,0.4732033908367157,0.8166686296463013,186,-1.493230938911438,0.06486908346414566,-0.006571531295776367,5.483490566037736e-08,-0.9859514236450195,185,556.1345627307892,1741097724.9819138,0.6841936707496643
121,0.4338,0.04,0.002198457717895508,0.00243377685546875,-0.9660323262214661,-0.7399179935455322,-1.3571949005126953,-0.7386816143989563,1,0.5460585951805115,0.9682140350341797,187,-1.3572165966033936,0.061951592564582825,0.004632234573364258,5.5129716981132074e-08,-0.967432975769043,186,559.0781283378601,1741097727.9254794,0.7704575061798096
122,0.4051,0.04,0.006936430931091309,-0.003782033920288086,-1.336467981338501,-0.6815468668937683,-1.2485600709915161,-0.6821240186691284,1,0.5061680674552917,0.8907802700996399,188,-1.2459319829940796,0.060777921229600906,0.0031543970108032227,5.5424528301886794e-08,-1.3405430316925049,187,562.008766412735,1741097730.8561175,1.1539039611816406
123,0.608,0.04,0.0070230960845947266,0.0019674301147460938,-1.2750117778778076,-1.0978500843048096,-1.534787893295288,-1.101653814315796,1,0.6592223644256592,1.1969316005706787,189,-1.5341987609863281,0.06075655668973923,0.00899052619934082,5.571933962264151e-08,-1.271581768989563,188,564.9522068500519,1741097733.799558,0.7841923236846924
124,0.5826,0.04,0.006371140480041504,-0.00023651123046875,-0.6808895468711853,-1.037644863128662,-1.3259618282318115,-1.034895658493042,1,0.5135309100151062,0.9052271246910095,190,-1.3294404745101929,0.060917362570762634,0.006134629249572754,5.601415094339622e-08,-0.6805841326713562,189,568.0722577571869,1741097736.9196088,0.7945976853370667
125,0.5852,0.05,-0.0014923810958862305,-0.00019180774688720703,-1.0639173984527588,-1.0463312864303589,-1.3404815196990967,-1.0456321239471436,0,0.516779899597168,0.9078125357627869,191,-1.3370896577835083,0.06287365406751633,-0.0016841888427734375,5.6308962264150936e-08,-1.062186360359192,190,571.1291010379791,1741097739.976452,0.9214178919792175
126,0.6629,0.05,0.008417844772338867,-0.006416201591491699,-0.6954750418663025,-1.2037079334259033,-1.6806566715240479,-1.2055071592330933,1,0.4586027264595032,0.7963789701461792,194,-1.6766221523284912,0.06041325256228447,0.002001643180847168,5.719339622641509e-08,-0.6941592693328857,193,580.0726087093353,1741097748.9199598,0.9450888633728027
127,0.5187,0.05,-0.0011246204376220703,0.0012966394424438477,-1.0555076599121094,-0.9187476634979248,-1.6917142868041992,-0.9199369549751282,0,0.48450636863708496,0.8434497714042664,195,-1.687654733657837,0.06278146803379059,0.00017201900482177734,5.7488207547169806e-08,-1.0501537322998047,194,583.0437591075897,1741097751.8911102,0.9276133179664612
128,0.4531,0.05,-0.0010510683059692383,-0.001369476318359375,-0.9038528800010681,-0.7825803756713867,-1.3996076583862305,-0.7838072776794434,0,0.37622272968292236,0.6269193887710571,196,-1.3990912437438965,0.0627630427479744,-0.0024205446243286133,5.7783018867924526e-08,-0.9035850167274475,195,586.1274654865265,1741097754.9748166,0.8088167309761047
129,0.5714,0.05,0.01956808567047119,-0.00260162353515625,-1.1742937564849854,-1.0188263654708862,-1.5115412473678589,-1.0213185548782349,1,0.5107868909835815,0.9061663746833801,197,-1.5104244947433472,0.05770370736718178,0.01696646213531494,5.807783018867924e-08,-1.1757147312164307,196,589.0761590003967,1741097757.92351,0.8088359832763672
130,0.5568,0.05,-0.002694368362426758,-0.006125926971435547,-1.2621800899505615,-0.9878199696540833,-1.543188452720642,-0.982396125793457,0,0.6222769021987915,1.118203043937683,199,-1.5420194864273071,0.06317541003227234,-0.008820295333862305,5.8667452830188675e-08,-1.257575511932373,198,595.1543352603912,1741097764.0016863,1.0880931615829468
131,0.4939,0.05,0.006192922592163086,-0.005075693130493164,-0.9480681419372559,-0.8701677918434143,-1.164778470993042,-0.8730982542037964,1,0.7867542505264282,1.4515857696533203,200,-1.1653395891189575,0.06096135824918747,0.0011172294616699219,5.8962264150943396e-08,-0.9434789419174194,199,598.0958051681519,1741097766.9431562,0.8396959900856018
132,0.4727,0.05,0.011240839958190918,-0.010782241821289062,-1.1345834732055664,-0.8263238668441772,-1.370254635810852,-0.8286707401275635,1,0.5211628675460815,0.9228829145431519,201,-1.3694076538085938,0.05972138047218323,0.00045859813690185547,5.925707547169811e-08,-1.1307681798934937,200,601.1519854068756,1741097769.9993365,1.0108344554901123
133,0.41,0.05,0.0158541202545166,-0.006747603416442871,-1.0915231704711914,-0.6985580921173096,-1.0575265884399414,-0.6980347633361816,1,0.5309523344039917,0.9447060227394104,202,-1.0592451095581055,0.058599308133125305,0.00910651683807373,5.955188679245283e-08,-1.087396502494812,201,604.1018259525299,1741097772.949177,1.5849210023880005
134,0.5899,0.05,-0.010756850242614746,0.0022073984146118164,-0.9462512731552124,-1.0527904033660889,-1.6811027526855469,-1.0529487133026123,0,0.6139074563980103,1.0973786115646362,203,-1.6810836791992188,0.06521814316511154,-0.00854945182800293,5.984669811320754e-08,-0.9483072757720947,202,607.0626785755157,1741097775.9100296,0.9769874811172485
135,0.5346,0.05,-0.013641357421875,0.004892110824584961,-0.9358633756637573,-0.9404141306877136,-1.277844786643982,-0.9379095435142517,0,0.67613685131073,1.2203600406646729,204,-1.2788914442062378,0.06595686078071594,-0.008749246597290039,6.014150943396226e-08,-0.9370635151863098,203,609.9774329662323,1741097778.824784,1.4522408246994019
136,0.6826,0.05,4.0531158447265625e-06,-0.0051004886627197266,-1.3353798389434814,-1.239749550819397,-1.4482169151306152,-1.2385547161102295,1,0.6323218941688538,1.1396458148956299,205,-1.44663405418396,0.06249898672103882,-0.005096435546875,6.043632075471698e-08,-1.3346197605133057,204,612.9269275665283,1741097781.7742786,0.9362785816192627
137,0.3937,0.05,0.004445910453796387,-0.00043070316314697266,-1.191103458404541,-0.6697965860366821,-0.8352976441383362,-0.6694788932800293,1,0.3948143422603607,0.6668417453765869,206,-0.8316403031349182,0.061393462121486664,0.004015207290649414,6.07311320754717e-08,-1.1831520795822144,205,615.8472354412079,1741097784.6945865,1.3764674663543701
138,0.5847,0.05,-0.00967860221862793,0.0027205944061279297,-1.2674881219863892,-1.0429039001464844,-1.8966236114501953,-1.0395106077194214,0,0.6460288763046265,1.1621716022491455,207,-1.8940914869308472,0.06494306772947311,-0.0069580078125,6.102594339622641e-08,-1.2656596899032593,206,618.7908277511597,1741097787.6381788,0.8346185088157654
139,0.4673,0.05,-0.005680203437805176,0.013604044914245605,-0.9263927936553955,-0.8064342737197876,-1.3363016843795776,-0.8091146349906921,0,0.6190078258514404,1.1101593971252441,208,-1.3369452953338623,0.06392811983823776,0.00792384147644043,6.132075471698113e-08,-0.9321568012237549,207,621.7083175182343,1741097790.5556686,1.8817312717437744
140,0.4941,0.05,-0.01104748249053955,0.0010478496551513672,-1.213643193244934,-0.864625871181488,-1.48917555809021,-0.8639979362487793,0,0.5410027503967285,0.9514207243919373,209,-1.4903422594070435,0.06529238075017929,-0.009999632835388184,6.161556603773585e-08,-1.2115273475646973,208,624.6466190814972,1741097793.4939702,0.7545611262321472
141,0.492,0.05,0.0017361640930175781,0.0008409023284912109,-1.0997896194458008,-0.8575718402862549,-1.672615647315979,-0.858978271484375,1,0.5148449540138245,0.9055564403533936,210,-1.675358772277832,0.062066711485385895,0.002577066421508789,6.191037735849057e-08,-1.1026517152786255,209,627.7600662708282,1741097796.6074173,0.5587795376777649
142,0.5825,0.05,0.013950169086456299,-0.0011283159255981445,-0.9509655237197876,-1.0417730808258057,-1.532179832458496,-1.0434588193893433,1,0.3006092309951782,0.4830962121486664,212,-1.5326275825500488,0.05906111001968384,0.012821853160858154,6.25e-08,-0.950825572013855,211,633.6583826541901,1741097802.5057337,0.8686130046844482
143,0.6889,0.05,0.0062639713287353516,-0.0021924972534179688,-1.2144501209259033,-1.2555979490280151,-1.5245509147644043,-1.257232666015625,1,0.6712542772293091,1.22062087059021,213,-1.5216807126998901,0.06094381585717201,0.004071474075317383,6.279481132075472e-08,-1.2131712436676025,212,636.6099843978882,1741097805.4573355,1.1915466785430908
144,0.4904,0.05,0.015458345413208008,-0.007405757904052734,-0.814445972442627,-0.8560951352119446,-1.0174020528793335,-0.8567724823951721,1,0.44803017377853394,0.778670072555542,214,-1.013089656829834,0.05869515240192413,0.008052587509155273,6.308962264150944e-08,-0.8146959543228149,213,639.5647249221802,1741097808.412076,0.6048606634140015
145,0.4777,0.05,0.005316019058227539,6.0677528381347656e-05,-0.9648866653442383,-0.8335139155387878,-1.366114616394043,-0.8350968360900879,1,0.48729997873306274,0.8522438406944275,215,-1.3668502569198608,0.0611780621111393,0.005376696586608887,6.338443396226415e-08,-0.9632679224014282,214,642.5104773044586,1741097811.3578284,0.6299143433570862
146,0.5257,0.05,0.003722667694091797,0.0016181468963623047,-0.8042541146278381,-0.9243267774581909,-1.6954634189605713,-0.9237561225891113,1,0.7130037546157837,1.3028619289398193,216,-1.6946130990982056,0.06157279759645462,0.0053408145904541016,6.367924528301887e-08,-0.805814266204834,215,645.4465854167938,1741097814.2939365,0.8028889894485474
147,0.5519,0.05,0.009668827056884766,-0.006556034088134766,-1.0449252128601074,-0.975894570350647,-1.236551284790039,-0.9746578931808472,1,0.5606182217597961,1.0010241270065308,218,-1.236363172531128,0.06010616570711136,0.00311279296875,6.426886792452831e-08,-1.0466142892837524,217,651.4664835929871,1741097820.3138347,0.7880688309669495
148,0.5862,0.05,0.003270864486694336,-0.006466865539550781,-1.1986734867095947,-1.0515992641448975,-1.901615023612976,-1.0525879859924316,1,0.6375301480293274,1.1516903638839722,219,-1.9000158309936523,0.06168495863676071,-0.0031960010528564453,6.456367924528302e-08,-1.1952760219573975,218,654.408721446991,1741097823.2560725,0.8832429051399231
149,0.4621,0.05,-0.0029671192169189453,0.0035085678100585938,-0.9557327628135681,-0.7958996891975403,-1.9937705993652344,-0.7919116616249084,0,0.538564920425415,0.9506418704986572,220,-1.9991047382354736,0.06324397772550583,0.0005414485931396484,6.485849056603774e-08,-0.9550411701202393,219,657.3430843353271,1741097826.1904354,0.8141013383865356
150,0.5798,0.05,-0.004629015922546387,0.0069234371185302734,-0.8600634932518005,-1.0360183715820312,-1.9661426544189453,-1.0360958576202393,0,0.48747876286506653,0.8476322889328003,221,-1.9671485424041748,0.06366261094808578,0.0022944211959838867,6.515330188679246e-08,-0.8586409687995911,220,660.4602410793304,1741097829.3075922,0.701166570186615
151,0.5972,0.05,-0.002949237823486328,0.004753828048706055,-1.012582778930664,-1.073861837387085,-1.836059808731079,-1.077357530593872,0,0.6062705516815186,1.0860620737075806,222,-1.8427258729934692,0.06323948502540588,0.0018045902252197266,6.544811320754718e-08,-1.0114810466766357,221,663.4233179092407,1741097832.270669,2.8840246200561523
152,0.4295,0.05,0.0034645795822143555,-0.0030466318130493164,-1.0882444381713867,-0.7352091073989868,-1.6045117378234863,-0.7370972633361816,1,0.6285354495048523,1.1337971687316895,223,-1.6048684120178223,0.06163685768842697,0.00041794776916503906,6.574292452830188e-08,-1.0887606143951416,222,666.3626616001129,1741097835.2100127,0.9058181643486023
153,0.4729,0.05,-0.0032807588577270508,-0.0030455589294433594,-1.093071460723877,-0.8183315992355347,-1.2432727813720703,-0.8178367614746094,0,0.546026885509491,0.9654079675674438,226,-1.2429119348526,0.06332287937402725,-0.00632631778717041,6.662735849056605e-08,-1.094968557357788,225,675.385796546936,1741097844.2331476,1.147172451019287
154,0.5156,0.05,0.0012482404708862305,-0.00018858909606933594,-1.5883821249008179,-0.8982208967208862,-1.9998663663864136,-0.8968585729598999,1,0.5130300521850586,0.9016834497451782,227,-2.0037970542907715,0.06218833103775978,0.0010596513748168945,6.692216981132074e-08,-1.5944182872772217,226,678.5285756587982,1741097847.3759267,1.5758731365203857
155,0.5414,0.05,-0.00010848045349121094,0.003771066665649414,-0.813855767250061,-0.9547892808914185,-1.4635765552520752,-0.9554498195648193,0,0.5824323892593384,1.0398105382919312,229,-1.4631335735321045,0.0625271201133728,0.003662586212158203,6.751179245283018e-08,-0.8174319267272949,228,684.4033238887787,1741097853.250675,0.7986663579940796
156,0.5043,0.05,0.015540003776550293,-0.007741689682006836,-1.1118367910385132,-0.8853641748428345,-1.520057201385498,-0.8844357132911682,1,0.4650740623474121,0.8127973675727844,231,-1.518667221069336,0.0586753711104393,0.007798314094543457,6.810141509433961e-08,-1.109075903892517,230,690.3911521434784,1741097859.2385032,1.002938151359558
157,0.5663,0.05,0.00048100948333740234,-1.3947486877441406e-05,-1.189344048500061,-1.0084997415542603,-1.2804577350616455,-1.010516881942749,1,0.6381536722183228,1.1515476703643799,232,-1.2798625230789185,0.062379807233810425,0.00046706199645996094,6.839622641509433e-08,-1.1905441284179688,231,693.3418447971344,1741097862.1891959,0.964777410030365
158,0.5672,0.05,0.008772134780883789,-0.004773855209350586,-1.211814522743225,-1.0102754831314087,-1.719089150428772,-1.0119473934173584,1,0.5645506381988525,1.008448839187622,233,-1.7162036895751953,0.06032620370388031,0.003998279571533203,6.869103773584905e-08,-1.2126423120498657,232,696.3145954608917,1741097865.1619465,0.3934340476989746
159,0.4605,0.06,0.005534172058105469,0.004467487335205078,-1.0071287155151367,-0.7995897531509399,-1.064002513885498,-0.7997349500656128,1,0.48172029852867126,0.841192364692688,234,-1.0668901205062866,0.06112411245703697,0.010001659393310547,6.898584905660377e-08,-1.003749132156372,233,699.2588889598846,1741097868.10624,0.637536346912384
160,0.6283,0.06,0.0001659393310546875,-0.002429485321044922,-1.2964756488800049,-1.1354933977127075,-1.5478930473327637,-1.1351361274719238,1,0.5134487748146057,0.901980459690094,235,-1.5483119487762451,0.062458522617816925,-0.0022635459899902344,6.928066037735848e-08,-1.2921923398971558,234,702.2058987617493,1741097871.0532498,1.1343721151351929
161,0.8004,0.06,0.007296919822692871,-0.005126953125,-1.058655023574829,-1.4765703678131104,-2.2358715534210205,-1.4787957668304443,1,0.4495447278022766,0.7777112722396851,236,-2.2341885566711426,0.06068908050656319,0.002169966697692871,6.95754716981132e-08,-1.060040831565857,235,705.1694231033325,1741097874.0167742,1.0202785730361938
162,0.6838,0.06,0.01110076904296875,-0.0071659088134765625,-1.0396970510482788,-1.2409350872039795,-2.007753849029541,-1.2390966415405273,1,0.5623709559440613,1.0052306652069092,237,-2.005399703979492,0.05975561589002609,0.0039348602294921875,6.987028301886792e-08,-1.0395400524139404,236,708.0983908176422,1741097876.945742,1.1874337196350098
163,0.6149,0.06,-0.010317087173461914,0.003918170928955078,-1.1896789073944092,-1.1063182353973389,-1.6862163543701172,-1.105722188949585,0,0.5659077167510986,1.0016037225723267,239,-1.6884489059448242,0.06510588526725769,-0.006398916244506836,7.045990566037735e-08,-1.187413215637207,238,714.1736354827881,1741097883.0209866,0.9001765847206116
164,0.4239,0.06,0.002675652503967285,-0.004788875579833984,-0.8979827761650085,-0.7251524925231934,-1.4598045349121094,-0.7276217937469482,1,0.4745524823665619,0.8254392147064209,241,-1.4561833143234253,0.06183287501335144,-0.0021132230758666992,7.104952830188679e-08,-0.898054301738739,240,720.1904306411743,1741097889.0377817,0.682320773601532
165,0.5033,0.06,0.002223491668701172,0.003626108169555664,-1.1734800338745117,-0.8851372003555298,-0.9359612464904785,-0.8874658346176147,1,0.4759497046470642,0.8280087113380432,242,-0.933238685131073,0.061945363879203796,0.005849599838256836,7.134433962264151e-08,-1.1722791194915771,241,723.1369955539703,1741097891.9843466,0.8531497120857239
166,0.6637,0.06,0.004961490631103516,-0.0021524429321289062,-1.197383165359497,-1.2062479257583618,-1.5382637977600098,-1.207146167755127,1,0.6063451766967773,1.0901588201522827,243,-1.5387113094329834,0.06126578152179718,0.0028090476989746094,7.163915094339622e-08,-1.194459319114685,242,726.0794959068298,1741097894.926847,1.0023951530456543
167,0.4861,0.06,-0.0027952194213867188,0.0010769367218017578,-1.0087778568267822,-0.8423521518707275,-1.6436961889266968,-0.8375754356384277,0,0.6800103783607483,1.233619213104248,245,-1.6438961029052734,0.06320075690746307,-0.001718282699584961,7.222877358490566e-08,-1.0088403224945068,244,731.9596025943756,1741097900.8069537,1.6639204025268555
168,0.6471,0.06,0.006838798522949219,-0.00615382194519043,-0.9504957795143127,-1.168729305267334,-1.4098577499389648,-1.1679190397262573,1,0.6272043585777283,1.1328047513961792,247,-1.4126174449920654,0.06080199405550957,0.0006849765777587891,7.281839622641509e-08,-0.9502002596855164,246,737.8454496860504,1741097906.6928008,1.0773816108703613
169,0.3137,0.06,-0.008907556533813477,0.008916139602661133,-0.9677974581718445,-0.5057037472724915,-1.3817589282989502,-0.5077494382858276,0,0.5774098038673401,1.025326132774353,248,-1.380971074104309,0.06474672257900238,8.58306884765625e-06,7.311320754716981e-08,-0.9664715528488159,247,740.8030951023102,1741097909.6504462,1.2194687128067017
170,0.4532,0.06,0.0030285120010375977,0.005710601806640625,-1.0169113874435425,-0.776494026184082,-1.5396671295166016,-0.7751035094261169,1,0.4422663748264313,0.7610424160957336,249,-1.5373294353485107,0.06174516677856445,0.008739113807678223,7.340801886792453e-08,-1.020371437072754,248,743.7503192424774,1741097912.5976703,1.13487708568573
171,0.455,0.06,-0.007807135581970215,0.0058476924896240234,-1.0598065853118896,-0.782200813293457,-1.7044950723648071,-0.7793229818344116,0,0.46416470408439636,0.7993953824043274,250,-1.6971359252929688,0.06446702033281326,-0.0019594430923461914,7.370283018867925e-08,-1.059719204902649,249,746.9252164363861,1741097915.7725675,0.7869598269462585
172,0.5853,0.06,-6.985664367675781e-05,0.004010677337646484,-1.0823742151260376,-1.0411118268966675,-1.6218384504318237,-1.040075659751892,0,0.7321764230728149,1.3393179178237915,251,-1.620841383934021,0.06251746416091919,0.0039408206939697266,7.399764150943396e-08,-1.0857127904891968,250,749.8719131946564,1741097918.7192643,0.9616889953613281
173,0.5294,0.06,0.004418611526489258,-0.006339550018310547,-1.302795648574829,-0.9362946152687073,-1.4570403099060059,-0.9380114674568176,1,0.6259008646011353,1.129001259803772,252,-1.4646799564361572,0.06140022724866867,-0.001920938491821289,7.429245283018868e-08,-1.3019089698791504,251,752.8521571159363,1741097921.6995082,0.8546041250228882
174,0.5346,0.06,0.0011379718780517578,-0.0018110275268554688,-0.8305726647377014,-0.945192277431488,-1.6766352653503418,-0.9462524652481079,1,0.49486061930656433,0.865289568901062,253,-1.672980546951294,0.06221583113074303,-0.0006730556488037109,7.45872641509434e-08,-0.8305405378341675,252,755.8003284931183,1741097924.6476796,0.8271520733833313
175,0.4517,0.06,-0.014919757843017578,0.00653529167175293,-0.9320836663246155,-0.7844642400741577,-1.2709617614746094,-0.7855699062347412,0,0.4472862780094147,0.7620013952255249,254,-1.2758302688598633,0.06628558784723282,-0.008384466171264648,7.488207547169812e-08,-0.9269890785217285,253,758.9263474941254,1741097927.7736986,1.0420517921447754
176,0.4696,0.06,-0.008649706840515137,0.00914013385772705,-0.8093829154968262,-0.8121790289878845,-1.322335958480835,-0.8126436471939087,0,0.38702601194381714,0.6446897983551025,256,-1.3266459703445435,0.06468112766742706,0.0004904270172119141,7.547169811320755e-08,-0.811755895614624,255,764.8021214008331,1741097933.6494725,0.8693395256996155
177,0.5155,0.06,0.012601852416992188,-0.0018112659454345703,-0.7810795307159424,-0.9114516973495483,-1.2026758193969727,-0.9137888550758362,1,0.6980206966400146,1.2772629261016846,258,-1.2043676376342773,0.05938923731446266,0.010790586471557617,7.606132075471698e-08,-0.7778692841529846,257,770.6452050209045,1741097939.492556,0.9071952700614929
178,0.4785,0.06,0.0028437376022338867,0.001189589500427246,-0.981468915939331,-0.8274483680725098,-0.8944059014320374,-0.8226714730262756,1,0.6079808473587036,1.0923795700073242,259,-0.9007163047790527,0.06179108843207359,0.004033327102661133,7.635613207547168e-08,-0.9811923503875732,258,773.6976158618927,1741097942.544967,1.0367786884307861
179,0.5668,0.06,0.004388689994812012,-0.0006140470504760742,-1.0105470418930054,-1.0088510513305664,-1.8403902053833008,-1.0104584693908691,1,0.7008635401725769,1.278911828994751,260,-1.8409961462020874,0.06140764430165291,0.0037746429443359375,7.66509433962264e-08,-1.0117743015289307,259,776.6340651512146,1741097945.4814162,1.273032784461975
180,0.5064,0.06,0.0021009445190429688,-0.01482391357421875,-0.7686958312988281,-0.8840824961662292,-1.2137835025787354,-0.8774667978286743,1,0.6159535646438599,1.1079554557800293,261,-1.207695722579956,0.0619758665561676,-0.012722969055175781,7.694575471698112e-08,-0.7656469345092773,260,779.5590093135834,1741097948.4063604,1.226825475692749
181,0.5909,0.06,0.0190432071685791,-0.021017074584960938,-1.197996735572815,-1.0587528944015503,-1.8669226169586182,-1.0566213130950928,1,0.47838568687438965,0.8411116600036621,262,-1.864621877670288,0.05782986059784889,-0.001973867416381836,7.724056603773584e-08,-1.1938362121582031,261,782.5252187252045,1741097951.3725698,1.345923662185669
182,0.577,0.06,-0.0031529664993286133,0.002254962921142578,-1.2850925922393799,-1.0249500274658203,-1.8789863586425781,-1.0235493183135986,0,0.5270992517471313,0.927617073059082,263,-1.8822864294052124,0.06329073011875153,-0.0008980035781860352,7.753537735849055e-08,-1.2877272367477417,262,785.481831073761,1741097954.3291821,0.846251904964447
183,0.7258,0.06,-0.004877328872680664,0.017802715301513672,-0.8064490556716919,-1.3268046379089355,-1.7888247966766357,-1.3277828693389893,0,0.7771809101104736,1.4269112348556519,265,-1.7930936813354492,0.06372527778148651,0.012925386428833008,7.812499999999999e-08,-0.8071444034576416,264,791.3363814353943,1741097960.1837325,1.8226394653320312
184,0.5434,0.06,-0.00095367431640625,0.0016925334930419922,-1.2151634693145752,-0.9626315832138062,-1.3858232498168945,-0.9616183638572693,0,0.5671050548553467,1.008732795715332,266,-1.3825942277908325,0.06273864954710007,0.0007388591766357422,7.841981132075471e-08,-1.2133166790008545,265,794.2661163806915,1741097963.1134675,1.3125334978103638
185,0.5462,0.06,-0.007643938064575195,0.003057241439819336,-0.9580425024032593,-0.9611315131187439,-1.400791049003601,-0.9586402773857117,0,0.6196709275245667,1.1104906797409058,267,-1.40274178981781,0.06442559510469437,-0.004586696624755859,7.871462264150943e-08,-0.9618037939071655,266,797.2035777568817,1741097966.0509288,1.1796461343765259
186,0.4342,0.06,0.000864863395690918,-0.004107475280761719,-1.0530459880828857,-0.744935154914856,-1.1603889465332031,-0.7453276515007019,1,0.47314342856407166,0.8217189311981201,268,-1.1596423387527466,0.062283970415592194,-0.0032426118850708008,7.900943396226414e-08,-1.0519723892211914,267,800.2904958724976,1741097969.137847,0.8253238201141357
187,0.5597,0.06,0.0011072158813476562,0.0008505582809448242,-1.2430496215820312,-0.9917210340499878,-1.5199580192565918,-0.9900790452957153,1,0.45749685168266296,0.790546715259552,269,-1.5190541744232178,0.06222350150346756,0.0019577741622924805,7.930424528301886e-08,-1.2439703941345215,268,803.4156217575073,1741097972.2629728,1.0965924263000488
188,0.574,0.06,0.003522515296936035,-0.003798961639404297,-0.9457004070281982,-1.0192885398864746,-1.4774998426437378,-1.016805648803711,1,0.5590905547142029,0.9949361085891724,270,-1.480765461921692,0.06162247434258461,-0.0002764463424682617,7.959905660377358e-08,-0.9468575119972229,269,806.3421943187714,1741097975.1895454,1.4019783735275269
189,0.7455,0.06,0.0038878917694091797,0.0008636713027954102,-1.3950234651565552,-1.370505690574646,-2.1245040893554688,-1.3715910911560059,1,0.5285734534263611,0.9340833425521851,271,-2.1225037574768066,0.061531804502010345,0.00475156307220459,7.98938679245283e-08,-1.3914659023284912,270,809.2935485839844,1741097978.1408997,0.854466438293457
190,0.6802,0.06,-0.00229799747467041,0.0014455318450927734,-1.2059074640274048,-1.2364658117294312,-1.8049111366271973,-1.2362419366836548,0,0.517852246761322,0.9095528721809387,272,-1.8022737503051758,0.06307581812143326,-0.0008524656295776367,8.018867924528301e-08,-1.2044841051101685,271,812.6373355388641,1741097981.4846866,0.8711878061294556
191,0.6187,0.06,-0.00042378902435302734,0.004938840866088867,-1.0522289276123047,-1.1088085174560547,-1.7074034214019775,-1.1079866886138916,0,0.4955816864967346,0.8659513592720032,273,-1.7113229036331177,0.06260599195957184,0.00451505184173584,8.048349056603773e-08,-1.0549581050872803,272,815.5763437747955,1741097984.4236948,0.5704352855682373
192,0.5882,0.06,-0.006929993629455566,-0.003054022789001465,-1.2485219240188599,-1.0502068996429443,-1.5603129863739014,-1.0483356714248657,0,0.48503318428993225,0.8415773510932922,274,-1.5578693151474,0.06424450129270554,-0.009984016418457031,8.077830188679245e-08,-1.2477705478668213,273,818.6538009643555,1741097987.501152,0.767292857170105
193,0.4349,0.06,-0.007826089859008789,0.0022652149200439453,-0.9268687963485718,-0.74495530128479,-1.4380135536193848,-0.7449324131011963,0,0.569347083568573,1.009750485420227,275,-1.4331516027450562,0.06447183340787888,-0.005560874938964844,8.107311320754717e-08,-0.9266684055328369,274,821.58345246315,1741097990.4308035,1.5188190937042236
194,0.3321,0.07,-0.005250692367553711,0.003912687301635742,-0.7558273673057556,-0.5432789921760559,-1.1271071434020996,-0.547632098197937,0,0.5489257574081421,0.9702123403549194,277,-1.1285316944122314,0.06381956487894058,-0.0013380050659179688,8.16627358490566e-08,-0.7559302449226379,276,827.4822232723236,1741097996.3295743,0.4416070878505707
195,0.5574,0.07,0.003692626953125,-0.0042591094970703125,-0.974034309387207,-0.9851741194725037,-1.6360974311828613,-0.9835449457168579,1,0.5499175786972046,0.9766746759414673,279,-1.6341300010681152,0.06158025190234184,-0.0005664825439453125,8.225235849056604e-08,-0.9768558144569397,278,833.4883406162262,1741098002.3356917,0.6216902732849121
196,0.6088,0.07,0.0045871734619140625,-0.004968166351318359,-1.0351394414901733,-1.0906801223754883,-1.5815925598144531,-1.089073657989502,1,0.4779837131500244,0.8332504630088806,280,-1.5807223320007324,0.06135846674442291,-0.0003809928894042969,8.254716981132075e-08,-1.0354788303375244,279,836.4352090358734,1741098005.28256,0.9484308958053589
197,0.5886,0.07,0.003432750701904297,0.0010619163513183594,-1.0851142406463623,-1.0508602857589722,-1.7381782531738281,-1.051523208618164,1,0.604289710521698,1.0852899551391602,281,-1.7392144203186035,0.06164475902915001,0.004494667053222656,8.284198113207547e-08,-1.0870699882507324,280,839.3886504173279,1741098008.2360015,0.7557716369628906
198,0.5708,0.07,-0.010296344757080078,0.008219242095947266,-1.165598750114441,-1.0114281177520752,-1.9076497554779053,-1.0102111101150513,0,0.478572279214859,0.8269433975219727,282,-1.9153324365615845,0.06510058790445328,-0.0020771026611328125,8.313679245283019e-08,-1.1695177555084229,281,842.3418569564819,1741098011.189208,0.8080894947052002
199,0.7082,0.07,0.006738424301147461,-0.015619754791259766,-1.0633718967437744,-1.2922000885009766,-1.7397217750549316,-1.2886440753936768,1,0.5909212231636047,1.0601890087127686,283,-1.7358183860778809,0.06082674488425255,-0.008881330490112305,8.343160377358491e-08,-1.0590556859970093,282,845.277250289917,1741098014.1246014,1.0971049070358276
200,0.4632,0.07,0.0055304765701293945,-0.0030480623245239258,-0.925922691822052,-0.8032488822937012,-1.0965694189071655,-0.8044285178184509,1,0.6593238711357117,1.1963976621627808,284,-1.092297077178955,0.061125028878450394,0.0024824142456054688,8.372641509433962e-08,-0.9251656532287598,283,848.2243759632111,1741098017.071727,0.7150452733039856
201,0.5494,0.07,0.007924318313598633,-0.006666898727416992,-1.067664384841919,-0.9702523946762085,-1.6714354753494263,-0.9672609567642212,1,0.5485746264457703,0.976080060005188,286,-1.6671501398086548,0.06053461879491806,0.0012574195861816406,8.431603773584906e-08,-1.0682041645050049,285,854.1215879917145,1741098022.968939,0.7957395315170288
202,0.5312,0.07,-0.0026189088821411133,-0.0021636486053466797,-1.2014085054397583,-0.9309147596359253,-1.4245814085006714,-0.9281269311904907,0,0.5523803234100342,0.9784477353096008,287,-1.42437744140625,0.06315644085407257,-0.004782557487487793,8.461084905660378e-08,-1.2049214839935303,286,857.0725951194763,1741098025.9199462,0.6193733811378479
203,0.5022,0.07,0.0075533390045166016,-0.007884979248046875,-0.8078983426094055,-0.8820567727088928,-1.3118592500686646,-0.8823381662368774,1,0.6933080554008484,1.2653642892837524,288,-1.312058925628662,0.06062592938542366,-0.00033164024353027344,8.490566037735848e-08,-0.805517315864563,287,860.0071985721588,1741098028.8545496,0.6523945331573486
204,0.6619,0.07,-0.008636236190795898,-0.0008687973022460938,-1.1108975410461426,-1.194942593574524,-2.0530953407287598,-1.1945968866348267,0,0.6210282444953918,1.1127010583877563,291,-2.057452917098999,0.06467770785093307,-0.009505033493041992,8.579009433962264e-08,-1.1142786741256714,290,869.0274703502655,1741098037.8748214,0.7670937180519104
205,0.4382,0.07,0.006901383399963379,-0.00608515739440918,-1.3880497217178345,-0.7486458420753479,-1.613471269607544,-0.7488877773284912,1,0.5601606369018555,0.9987481236457825,292,-1.6179804801940918,0.06078656017780304,0.0008162260055541992,8.608490566037734e-08,-1.390916347503662,291,871.9522504806519,1741098040.7996016,1.4395103454589844
206,0.5934,0.07,0.003584146499633789,0.0048046112060546875,-1.220374584197998,-1.0595722198486328,-1.5729401111602783,-1.0594191551208496,1,0.4341389834880829,0.7450636029243469,293,-1.5694705247879028,0.06160717457532883,0.008388757705688477,8.637971698113207e-08,-1.2223854064941406,292,874.9013047218323,1741098043.7486558,0.7756810188293457
207,0.5691,0.07,0.009987711906433105,-0.0011478662490844727,-1.0264227390289307,-1.0133254528045654,-1.916246771812439,-1.0159409046173096,1,0.7061215043067932,1.292186975479126,294,-1.9103822708129883,0.06002800911664963,0.008839845657348633,8.667452830188679e-08,-1.0288039445877075,293,877.8495855331421,1741098046.6969366,0.8280789852142334
208,0.5693,0.07,0.009996414184570312,-0.008165836334228516,-1.158553123474121,-1.0175659656524658,-1.0772733688354492,-1.021689534187317,1,0.8260154128074646,1.5319790840148926,295,-1.0816020965576172,0.06002587825059891,0.0018305778503417969,8.696933962264151e-08,-1.1585049629211426,294,880.7790567874908,1741098049.6264079,1.2422873973846436
209,0.5967,0.07,0.004171490669250488,-0.002651691436767578,-1.1805801391601562,-1.0689747333526611,-1.480530023574829,-1.0728352069854736,1,0.41972774267196655,0.7165325284004211,298,-1.4792389869689941,0.06146147847175598,0.0015197992324829102,8.785377358490566e-08,-1.1837947368621826,297,889.6079366207123,1741098058.4552877,0.6287036538124084
210,0.5369,0.07,-0.013765454292297363,0.0010328292846679688,-0.9332727193832397,-0.9470632076263428,-1.2152127027511597,-0.946420431137085,0,0.5690509676933289,1.006124496459961,300,-1.2168807983398438,0.06598873436450958,-0.012732625007629395,8.844339622641508e-08,-0.9342591762542725,299,895.5129215717316,1741098064.3602726,0.8371454477310181
211,0.457,0.07,-0.011095285415649414,0.016385555267333984,-0.9341298341751099,-0.7885943055152893,-1.3733147382736206,-0.7893182039260864,0,0.581926703453064,1.033244252204895,301,-1.3721710443496704,0.06530459970235825,0.00529026985168457,8.87382075471698e-08,-0.9351381063461304,300,898.4751427173615,1741098067.3224938,0.7884758710861206
212,0.5386,0.07,-0.0003336668014526367,-0.002085447311401367,-0.9472175240516663,-0.9551332592964172,-1.6877950429916382,-0.9540728330612183,0,0.47376549243927,0.822364091873169,303,-1.6838111877441406,0.06258344650268555,-0.002419114112854004,8.932783018867925e-08,-0.9432421326637268,302,904.4959247112274,1741098073.3432758,0.7640569806098938
213,0.6255,0.07,0.0011129379272460938,0.002779722213745117,-1.2738676071166992,-1.1283438205718994,-1.4982140064239502,-1.1313586235046387,1,0.514640212059021,0.9048362374305725,304,-1.4981417655944824,0.06222207471728325,0.003892660140991211,8.962264150943395e-08,-1.2746174335479736,303,907.4213817119598,1741098076.2687328,1.8156613111495972
214,0.5424,0.07,-0.006726264953613281,0.007524251937866211,-1.2126702070236206,-0.9559098482131958,-1.3422001600265503,-0.9528869986534119,0,0.5157649517059326,0.903144121170044,305,-1.3469069004058838,0.06419287621974945,0.0007979869842529297,8.991745283018867e-08,-1.213524580001831,304,910.477456331253,1741098079.3248074,2.0920097827911377
215,0.5582,0.07,0.008595108985900879,-0.0027011632919311523,-1.1545368432998657,-0.9993064999580383,-1.6965118646621704,-1.002969741821289,1,0.6977848410606384,1.2748303413391113,310,-1.695507287979126,0.060369692742824554,0.0058939456939697266,9.139150943396226e-08,-1.1502171754837036,309,925.183599948883,1741098094.030951,0.7951964735984802
216,0.5865,0.07,0.014663934707641602,-0.009333610534667969,-1.2448904514312744,-1.0498358011245728,-1.6313101053237915,-1.0499770641326904,1,0.6083725094795227,1.0989694595336914,311,-1.634793996810913,0.058887772262096405,0.005330324172973633,9.168632075471698e-08,-1.2431657314300537,310,928.1274223327637,1741098096.9747734,1.0136100053787231
217,0.6229,0.07,-0.004710197448730469,0.006302595138549805,-1.032955527305603,-1.1157749891281128,-1.6889592409133911,-1.1136493682861328,0,0.5854690074920654,1.0435718297958374,312,-1.690185308456421,0.06368309259414673,0.001592397689819336,9.198113207547169e-08,-1.0357818603515625,311,931.066556930542,1741098099.913908,1.1515716314315796
218,0.6099,0.07,0.007572054862976074,-0.0013614892959594727,-1.036703109741211,-1.0966846942901611,-1.5776383876800537,-1.0986405611038208,1,0.45022231340408325,0.7792019844055176,314,-1.5772616863250732,0.06062132120132446,0.0062105655670166016,9.257075471698113e-08,-1.0367166996002197,313,937.0616664886475,1741098105.9090176,0.7373807430267334
219,0.5431,0.07,0.00031280517578125,-0.002199411392211914,-1.0600188970565796,-0.9601650238037109,-1.5325071811676025,-0.9578371047973633,1,0.5790621042251587,1.033280611038208,315,-1.5363233089447021,0.06242182478308678,-0.001886606216430664,9.286556603773585e-08,-1.058675765991211,314,940.0087144374847,1741098108.8560655,0.8112098574638367
220,0.4611,0.07,-0.005674481391906738,0.005945801734924316,-0.8267940282821655,-0.8001381158828735,-0.89344322681427,-0.800068736076355,0,0.49120593070983887,0.854558527469635,317,-0.890739917755127,0.06392666697502136,0.0002713203430175781,9.345518867924528e-08,-0.8237284421920776,316,946.0197563171387,1741098114.8671074,1.2309741973876953
221,0.6193,0.08,0.001466989517211914,0.0004990100860595703,-1.250604510307312,-1.108893632888794,-1.4385656118392944,-1.1068120002746582,1,0.44786542654037476,0.7714632749557495,318,-1.4381940364837646,0.0621337890625,0.0019659996032714844,9.375e-08,-1.2531089782714844,317,948.9782228469849,1741098117.825574,1.1547718048095703
222,0.6068,0.08,-0.0019609928131103516,-0.004511356353759766,-1.334871530532837,-1.0907351970672607,-1.4878461360931396,-1.0908088684082031,0,0.6904077529907227,1.2548331022262573,319,-1.4863824844360352,0.06299120932817459,-0.006472349166870117,9.404481132075471e-08,-1.3328132629394531,318,951.9545845985413,1741098120.8019357,1.4247329235076904
223,0.5828,0.08,0.0017709732055664062,-0.00013184547424316406,-1.0587871074676514,-1.0395461320877075,-2.0851824283599854,-1.0394304990768433,1,0.49689698219299316,0.8696779012680054,321,-2.0863122940063477,0.062058039009571075,0.0016391277313232422,9.463443396226414e-08,-1.059777855873108,320,957.9719426631927,1741098126.8192937,0.6077883839607239
224,0.5047,0.08,0.001280069351196289,-0.004435300827026367,-0.9657981991767883,-0.8860174417495728,-1.476338267326355,-0.8846465349197388,1,0.4723761975765228,0.8203915953636169,322,-1.4779994487762451,0.06218039244413376,-0.003155231475830078,9.492924528301886e-08,-0.9628186225891113,321,960.9341044425964,1741098129.7814555,0.582850992679596
225,0.4977,0.08,-0.005628347396850586,0.002020597457885742,-1.2862539291381836,-0.8710413575172424,-1.5616111755371094,-0.871474027633667,0,0.6039788126945496,1.0801275968551636,323,-1.5606708526611328,0.06391500681638718,-0.0036077499389648438,9.522405660377358e-08,-1.2860231399536133,322,963.8634779453278,1741098132.710829,1.1318359375
226,0.468,0.08,-0.0002199411392211914,-0.002339959144592285,-0.769792377948761,-0.8178631663322449,-0.9628660678863525,-0.822666585445404,0,0.6021198630332947,1.079129695892334,324,-0.9625108242034912,0.06255500018596649,-0.0025599002838134766,9.55188679245283e-08,-0.7676568031311035,323,966.9427888393402,1741098135.79014,1.2081702947616577
227,0.4636,0.08,-0.002234339714050293,0.007713437080383301,-1.057697057723999,-0.8034670352935791,-1.5047123432159424,-0.8051741719245911,0,0.5117784738540649,0.8974372148513794,325,-1.5012754201889038,0.06305983662605286,0.005479097366333008,9.581367924528301e-08,-1.058100700378418,324,969.8841001987457,1741098138.7314513,0.5785996317863464
228,0.6261,0.08,0.004162311553955078,-0.00023698806762695312,-1.0240886211395264,-1.125145673751831,-1.6737048625946045,-1.124526023864746,1,0.7153617143630981,1.3077958822250366,326,-1.673814296722412,0.06146375462412834,0.003925323486328125,9.610849056603773e-08,-1.0255753993988037,325,972.9913334846497,1741098141.8386846,0.6225467920303345
229,0.5553,0.08,-0.014037609100341797,0.013074159622192383,-1.2983208894729614,-0.9866607785224915,-1.8826069831848145,-0.9880024790763855,0,0.5177041292190552,0.9032909274101257,327,-1.8866597414016724,0.06605866551399231,-0.0009634494781494141,9.640330188679245e-08,-1.2985949516296387,326,976.0900704860687,1741098144.9374216,0.8782497048377991
230,0.5319,0.08,-0.003437042236328125,-0.003079652786254883,-1.029890537261963,-0.9360973834991455,-0.960115373134613,-0.9351814985275269,0,0.6169670820236206,1.1072098016738892,328,-0.9584431648254395,0.06336221098899841,-0.006516695022583008,9.669811320754717e-08,-1.031479001045227,327,979.0398087501526,1741098147.8871598,0.894834041595459
231,0.4241,0.08,-0.006114006042480469,0.002174854278564453,-0.9831600785255432,-0.7214281558990479,-1.1902258396148682,-0.7186038494110107,0,0.5665584206581116,1.0050411224365234,331,-1.1864784955978394,0.06403784453868866,-0.003939151763916016,9.758254716981132e-08,-0.9820858836174011,330,987.8651711940765,1741098156.7125223,1.4613455533981323
232,0.5453,0.08,-0.003804326057434082,-0.0037577152252197266,-1.0113554000854492,-0.9627246856689453,-1.6239278316497803,-0.9593623876571655,0,0.4764952063560486,0.8260810375213623,332,-1.618960976600647,0.06345470249652863,-0.007562041282653809,9.787735849056604e-08,-1.010835886001587,331,990.8386559486389,1741098159.686007,0.8107783198356628
233,0.5239,0.08,-0.007200956344604492,0.011115074157714844,-1.0511832237243652,-0.921998143196106,-1.5698328018188477,-0.9211397171020508,0,0.7625945806503296,1.3965628147125244,333,-1.5625419616699219,0.06431320309638977,0.0039141178131103516,9.817216981132075e-08,-1.0510772466659546,332,993.7755990028381,1741098162.62295,0.9572054743766785
234,0.619,0.08,-0.011826634407043457,0.008386969566345215,-1.1723318099975586,-1.1148240566253662,-1.6140635013580322,-1.1159201860427856,0,0.6031957268714905,1.0754082202911377,334,-1.6173498630523682,0.06549162417650223,-0.003439664840698242,9.846698113207547e-08,-1.1715922355651855,333,996.7273359298706,1741098165.574687,0.6780255436897278
235,0.6408,0.08,0.011206388473510742,-0.0021011829376220703,-1.2665632963180542,-1.1626346111297607,-1.6469902992248535,-1.166741132736206,1,0.6472499370574951,1.1750402450561523,338,-1.6478826999664307,0.05972979962825775,0.009105205535888672,9.964622641509434e-08,-1.2645900249481201,337,1008.7485032081604,1741098177.5958543,0.7052730321884155
236,0.6001,0.08,-0.001064300537109375,0.0018863677978515625,-1.3411282300949097,-1.0714085102081299,-1.9230555295944214,-1.0696899890899658,0,0.48296111822128296,0.8403895497322083,341,-1.9231889247894287,0.06276635825634003,0.0008220672607421875,1.0053066037735848e-07,-1.3430821895599365,340,1017.7537653446198,1741098186.6011164,0.6536067724227905
237,0.6778,0.08,0.0011796951293945312,-0.00042700767517089844,-1.0875717401504517,-1.229121208190918,-1.3867731094360352,-1.2294032573699951,1,0.48785290122032166,0.8512949347496033,342,-1.3880116939544678,0.062205422669649124,0.0007526874542236328,1.008254716981132e-07,-1.089263677597046,341,1020.8175406455994,1741098189.6648917,0.9587270021438599
238,0.5755,0.08,0.00347900390625,0.0012023448944091797,-1.013783574104309,-1.0238523483276367,-1.6308770179748535,-1.0233581066131592,1,0.7805350422859192,1.4378035068511963,343,-1.6293213367462158,0.06163327395915985,0.00468134880065918,1.0112028301886793e-07,-1.01536226272583,342,1023.7708518505096,1741098192.618203,1.1922876834869385
239,0.5677,0.08,0.00966024398803711,-0.003440260887145996,-1.1839001178741455,-1.0123519897460938,-1.5805580615997314,-1.014169692993164,1,0.47257930040359497,0.8249420523643494,345,-1.5791044235229492,0.06010827049612999,0.006219983100891113,1.0170990566037735e-07,-1.1837466955184937,344,1029.761433839798,1741098198.608785,0.6041067242622375
240,0.462,0.08,0.002635955810546875,-0.00011467933654785156,-1.3161957263946533,-0.7944425344467163,-1.7581608295440674,-0.7888138294219971,1,0.5368157029151917,0.949945867061615,347,-1.7550877332687378,0.061842747032642365,0.0025212764739990234,1.022995283018868e-07,-1.3149516582489014,346,1035.638908624649,1741098204.4862597,0.9688661694526672
241,0.5806,0.08,0.006888866424560547,-0.008798360824584961,-1.319392204284668,-1.0418391227722168,-1.4263086318969727,-1.0429661273956299,1,0.7590673565864563,1.3965554237365723,350,-1.4300291538238525,0.060789648443460464,-0.001909494400024414,1.0318396226415093e-07,-1.3148781061172485,349,1044.5785567760468,1741098213.4259079,1.45484459400177
242,0.5984,0.08,-0.016419529914855957,0.005186915397644043,-0.85030198097229,-1.0665841102600098,-1.8903675079345703,-1.062971591949463,0,0.6373953819274902,1.1414462327957153,351,-1.8873183727264404,0.06667228043079376,-0.011232614517211914,1.0347877358490565e-07,-0.8517779111862183,350,1047.640786409378,1741098216.4881375,0.7979573607444763
243,0.6676,0.08,0.010904312133789062,-0.009828567504882812,-1.2562549114227295,-1.2152564525604248,-1.5905073881149292,-1.2165839672088623,1,0.6701772809028625,1.2207472324371338,352,-1.5932726860046387,0.05980364978313446,0.00107574462890625,1.0377358490566037e-07,-1.2524693012237549,351,1050.5722234249115,1741098219.4195745,1.0821547508239746
244,0.6562,0.08,0.0021910667419433594,-0.007965087890625,-1.125639796257019,-1.1903963088989258,-2.0012478828430176,-1.1890559196472168,1,0.7021762132644653,1.2804455757141113,353,-2.0040388107299805,0.061953432857990265,-0.005774021148681641,1.0406839622641508e-07,-1.1212869882583618,352,1053.519567489624,1741098222.3669186,0.896221399307251
245,0.5566,0.08,0.009098529815673828,-0.003878355026245117,-1.4397687911987305,-0.9907944798469543,-1.8279271125793457,-0.9915887713432312,1,0.5744671821594238,1.0284422636032104,354,-1.8289153575897217,0.0602460615336895,0.005220174789428711,1.043632075471698e-07,-1.4379446506500244,353,1056.5823678970337,1741098225.429719,1.1662768125534058
246,0.4581,0.08,0.023953676223754883,-0.0014314651489257812,-0.6613506078720093,-0.7942008972167969,-1.020637035369873,-0.7983265519142151,1,0.5888986587524414,1.0644872188568115,355,-1.0249900817871094,0.056655026972293854,0.0225222110748291,1.0465801886792452e-07,-0.6624635457992554,354,1059.5048542022705,1741098228.3522053,1.4589074850082397
247,0.5688,0.08,0.01257181167602539,-0.0066945552825927734,-1.1136655807495117,-1.0145161151885986,-1.428215742111206,-1.0180590152740479,1,0.6706869602203369,1.2225807905197144,358,-1.4305583238601685,0.05939656123518944,0.005877256393432617,1.0554245283018867e-07,-1.1151281595230103,357,1068.4718930721283,1741098237.3192441,1.1437464952468872
248,0.3205,0.08,0.0027974843978881836,0.003210902214050293,-0.9163447022438049,-0.5196568965911865,-1.3300893306732178,-0.5206551551818848,1,0.46371546387672424,0.8038257360458374,359,-1.3286093473434448,0.06180258467793465,0.0060083866119384766,1.0583726415094339e-07,-0.9135864973068237,358,1071.4210271835327,1741098240.2683783,0.9496858716011047
249,0.7575,0.09,-0.018532752990722656,-0.0015149116516113281,-1.2414906024932861,-1.3894058465957642,-1.7355234622955322,-1.3865749835968018,0,1.0724948644638062,2.010551691055298,361,-1.7334967851638794,0.06721905618906021,-0.020047664642333984,1.0642688679245282e-07,-1.2391586303710938,360,1077.423721075058,1741098246.2710721,1.379350185394287
250,0.4841,0.09,-0.0036197900772094727,0.003533601760864258,-1.137892246246338,-0.8438844084739685,-1.4965460300445557,-0.8455038070678711,0,0.5225343704223633,0.9182523488998413,362,-1.4975001811981201,0.06340822577476501,-8.618831634521484e-05,1.0672169811320754e-07,-1.1388734579086304,361,1080.392646074295,1741098249.2399971,0.5101435780525208
251,0.5149,0.09,-0.011958003044128418,0.0112684965133667,-0.6697695255279541,-0.9037742614746094,-1.637492299079895,-0.9038059711456299,0,0.6736429333686829,1.2162353992462158,363,-1.636030912399292,0.06552524864673615,-0.0006895065307617188,1.0701650943396226e-07,-0.6707729697227478,362,1083.3271281719208,1741098252.1744792,1.0035152435302734
252,0.5842,0.09,0.0013277530670166016,0.0020444393157958984,-1.0651912689208984,-1.042231559753418,-1.3645299673080444,-1.0444791316986084,1,0.6842018961906433,1.244066834449768,364,-1.3638728857040405,0.06216850131750107,0.0033721923828125,1.0731132075471698e-07,-1.0685629844665527,363,1086.2867560386658,1741098255.134107,0.7958609461784363
253,0.3569,0.09,0.009863972663879395,-0.0056858062744140625,-0.9243804216384888,-0.5852348804473877,-1.4209551811218262,-0.5832375288009644,1,0.5394324064254761,0.9587481617927551,365,-1.4197921752929688,0.06005833297967911,0.004178166389465332,1.0760613207547169e-07,-0.9257851839065552,364,1089.1988554000854,1741098258.0462065,1.269614815711975
254,0.4851,0.09,0.00912618637084961,-0.0021772384643554688,-1.344376564025879,-0.8434406518936157,-1.242386817932129,-0.8434367179870605,1,0.33443883061408997,0.5483990907669067,367,-1.2438358068466187,0.0602392740547657,0.006948947906494141,1.0819575471698113e-07,-1.3459858894348145,366,1095.1024837493896,1741098263.9498348,1.1692652702331543
255,0.5663,0.09,0.008537769317626953,-0.010453939437866211,-1.0715115070343018,-1.0096830129623413,-1.7335566282272339,-1.0098153352737427,1,0.6492714881896973,1.1777753829956055,368,-1.7295315265655518,0.06038378179073334,-0.0019161701202392578,1.0849056603773585e-07,-1.0696015357971191,367,1098.0536804199219,1741098266.9010315,0.7440564632415771
256,0.4852,0.09,0.00658869743347168,-0.003423452377319336,-0.9855393767356873,-0.8466548919677734,-1.9293969869613647,-0.8474220037460327,1,0.4677698314189911,0.8138123154640198,370,-1.9308671951293945,0.0608636774122715,0.0031652450561523438,1.0908018867924528e-07,-0.9850776195526123,369,1103.9462270736694,1741098272.7935781,0.6457903981208801
257,0.5017,0.09,-0.004625439643859863,0.008735418319702148,-1.2568721771240234,-0.8775601983070374,-1.4768794775009155,-0.8820858597755432,0,0.49764484167099,0.8679662346839905,371,-1.478362798690796,0.06366170942783356,0.004109978675842285,1.09375e-07,-1.2621793746948242,370,1106.8928022384644,1741098275.7401533,0.8740406632423401
258,0.4791,0.09,-0.004982948303222656,0.007171154022216797,-1.0140650272369385,-0.8309073448181152,-1.4716825485229492,-0.8285943269729614,0,0.6344733238220215,1.1414427757263184,372,-1.4683914184570312,0.0637519434094429,0.0021882057189941406,1.0966981132075472e-07,-1.0140113830566406,371,1109.8473346233368,1741098278.6946857,0.8398441672325134
259,0.7529,0.09,-0.0018050670623779297,0.0031473636627197266,-1.371780276298523,-1.3847711086273193,-2.427583694458008,-1.3870666027069092,0,0.5617315769195557,0.9975590109825134,373,-2.4248852729797363,0.06295207887887955,0.0013422966003417969,1.0996462264150944e-07,-1.3696284294128418,372,1112.7895548343658,1741098281.636906,1.3142790794372559
260,0.4062,0.09,-0.005589127540588379,0.0010306835174560547,-0.8758368492126465,-0.6898461580276489,-0.9426974058151245,-0.6881096363067627,0,0.5275124311447144,0.9272146224975586,376,-0.940546989440918,0.06390509009361267,-0.004558444023132324,1.1084905660377359e-07,-0.8715854287147522,375,1121.6089868545532,1741098290.456338,0.973318338394165
261,0.6102,0.09,0.00677800178527832,-0.004502534866333008,-1.2162878513336182,-1.0940886735916138,-1.7016582489013672,-1.0929137468338013,1,0.6949634552001953,1.2682929039001465,377,-1.703562617301941,0.06081698462367058,0.0022754669189453125,1.1114386792452831e-07,-1.2163320779800415,376,1124.5725491046906,1741098293.4199002,0.5390481948852539
262,0.6689,0.09,0.005862236022949219,-0.007075071334838867,-1.3553977012634277,-1.2106839418411255,-1.9769043922424316,-1.2109375,1,0.8732960820198059,1.6245061159133911,380,-1.9785878658294678,0.06104303151369095,-0.0012128353118896484,1.1202830188679244e-07,-1.3576980829238892,379,1133.5368263721466,1741098302.3841774,1.1858540773391724
263,0.5478,0.09,-0.0005974769592285156,-0.0009584426879882812,-1.1310875415802002,-0.9651312828063965,-1.341032862663269,-0.9592325687408447,0,0.5747326612472534,1.0241663455963135,382,-1.3360755443572998,0.06264945864677429,-0.0015559196472167969,1.1261792452830187e-07,-1.1306002140045166,381,1139.5992140769958,1741098308.4465652,0.8801751136779785
264,0.4166,0.09,-0.002457141876220703,-0.0019643306732177734,-0.9671095609664917,-0.7100542187690735,-1.284595012664795,-0.710752010345459,0,0.5912133455276489,1.0561951398849487,383,-1.289785623550415,0.06311579793691635,-0.0044214725494384766,1.1291273584905659e-07,-0.96583092212677,382,1142.6592199802399,1741098311.506571,0.8612581491470337
265,0.6076,0.09,0.010989189147949219,-0.004817366600036621,-1.336719036102295,-1.0907552242279053,-1.6417404413223267,-1.0908241271972656,1,0.50197833776474,0.8843908905982971,384,-1.6403400897979736,0.05978289246559143,0.006171822547912598,1.1320754716981131e-07,-1.3361517190933228,383,1145.6347317695618,1741098314.4820828,0.829736590385437
266,0.5189,0.09,0.006905555725097656,-0.0016307830810546875,-1.343719244003296,-0.9183889031410217,-1.272123098373413,-0.9195536971092224,1,0.5839101672172546,1.046249270439148,385,-1.2713451385498047,0.060785531997680664,0.005274772644042969,1.1350235849056603e-07,-1.3392242193222046,384,1148.5764381885529,1741098317.4237893,0.7546457052230835
267,0.5197,0.09,-0.0038466453552246094,0.006000161170959473,-1.3144689798355103,-0.9182523488998413,-1.4527806043624878,-0.9202391505241394,0,0.48116594552993774,0.835401177406311,386,-1.452856421470642,0.06346535682678223,0.0021535158157348633,1.1379716981132074e-07,-1.3125871419906616,385,1151.5223755836487,1741098320.3697267,0.9939761757850647
268,0.4762,0.09,-0.009467601776123047,0.0020911693572998047,-1.150321364402771,-0.8294382095336914,-1.4515366554260254,-0.8298438787460327,0,0.6417628526687622,1.1537470817565918,387,-1.4520337581634521,0.06488931179046631,-0.007376432418823242,1.1409198113207546e-07,-1.1486592292785645,386,1154.4755086898804,1741098323.3228598,0.8239410519599915
269,0.6231,0.09,0.0015867948532104492,0.004063844680786133,-0.8891645669937134,-1.1216869354248047,-1.8582242727279663,-1.1224639415740967,1,0.5376009345054626,0.9509940147399902,389,-1.8540420532226562,0.06210393086075783,0.005650639533996582,1.146816037735849e-07,-0.8894222974777222,388,1160.3680629730225,1741098329.215414,0.5309063196182251
270,0.6037,0.09,0.0027205944061279297,0.0016486644744873047,-0.8918083906173706,-1.0823943614959717,-1.5946979522705078,-1.084122657775879,1,0.7241989970207214,1.3247545957565308,390,-1.5969667434692383,0.06182170286774635,0.004369258880615234,1.1497641509433961e-07,-0.8935818672180176,389,1163.3171110153198,1741098332.164462,0.812481164932251
271,0.51,0.09,-0.00939798355102539,0.007405281066894531,-1.2132105827331543,-0.8946177363395691,-1.3019979000091553,-0.893450915813446,0,0.6029436588287354,1.0761440992355347,391,-1.2998533248901367,0.06487157940864563,-0.0019927024841308594,1.1527122641509433e-07,-1.212262511253357,390,1166.2683103084564,1741098335.1156614,0.8656220436096191
272,0.6358,0.09,0.009824275970458984,-0.009001970291137695,-1.4201383590698242,-1.1472277641296387,-1.950697660446167,-1.147878646850586,1,0.7477390170097351,1.3753418922424316,392,-1.9506869316101074,0.06006805971264839,0.0008223056793212891,1.1556603773584905e-07,-1.420166015625,391,1169.2084679603577,1741098338.055819,1.0174622535705566
273,0.4967,0.09,-0.007946610450744629,0.0052738189697265625,-1.3630205392837524,-0.863804817199707,-1.6470962762832642,-0.8596776723861694,0,0.5334999561309814,0.9379950761795044,393,-1.6423066854476929,0.06450244039297104,-0.0026727914810180664,1.1586084905660377e-07,-1.3633308410644531,392,1172.1400711536407,1741098340.9874222,1.3925881385803223
274,0.467,0.09,0.011561751365661621,-0.007237434387207031,-0.9135631322860718,-0.8121576309204102,-1.224125862121582,-0.8128939867019653,1,0.475868284702301,0.8324506282806396,394,-1.2264586687088013,0.0596429817378521,0.00432431697845459,1.1615566037735848e-07,-0.9111466407775879,393,1175.0806097984314,1741098343.9279609,1.1882271766662598
275,0.6594,0.09,-0.005314350128173828,0.008192300796508789,-1.070763349533081,-1.1967639923095703,-1.674314260482788,-1.1993275880813599,0,0.5679817199707031,1.0082920789718628,397,-1.6783325672149658,0.06383565068244934,0.002877950668334961,1.1704009433962264e-07,-1.0702149868011475,396,1183.8762514591217,1741098352.7236025,1.228564977645874
276,0.4971,0.09,-0.004174947738647461,0.006971597671508789,-0.9766325354576111,-0.8657968640327454,-1.4730165004730225,-0.8641111850738525,0,0.47262752056121826,0.8181588649749756,399,-1.4749897718429565,0.06354809552431107,0.002796649932861328,1.1762971698113207e-07,-0.9782552719116211,398,1189.7638268470764,1741098358.611178,1.0279947519302368
277,0.5925,0.09,0.0015456676483154297,0.0009024143218994141,-0.9298325777053833,-1.061218500137329,-1.4445114135742188,-1.0621912479400635,1,0.5618656873703003,0.9995030164718628,401,-1.446141242980957,0.062114179134368896,0.0024480819702148438,1.1821933962264151e-07,-0.9296187162399292,400,1196.1176698207855,1741098364.965021,0.41111868619918823
278,0.5588,0.09,-0.026068687438964844,-0.002341747283935547,-0.7934125065803528,-0.9875326156616211,-1.4125566482543945,-0.9857059121131897,0,1.3371514081954956,2.535928726196289,402,-1.4066004753112793,0.06918706744909286,-0.02841043472290039,1.1851415094339622e-07,-0.7964046597480774,401,1199.0408232212067,1741098367.8881743,2.0823168754577637
279,0.4517,0.1,-0.008125066757202148,0.009721517562866211,-0.9057216644287109,-0.7822825908660889,-1.629723310470581,-0.7845888137817383,0,0.7025340795516968,1.275972604751587,403,-1.6306041479110718,0.06454776972532272,0.0015964508056640625,1.1880896226415094e-07,-0.9041495323181152,402,1202.0179393291473,1741098370.8652904,0.6502376198768616
280,0.5294,0.1,0.006746172904968262,-0.0028989315032958984,-0.8335549831390381,-0.9361943602561951,-1.6053074598312378,-0.935050368309021,1,0.5459625124931335,0.9702754020690918,404,-1.6023221015930176,0.06082483381032944,0.0038472414016723633,1.1910377358490566e-07,-0.8300099968910217,403,1204.9773797988892,1741098373.8247309,0.48150962591171265
281,0.6413,0.1,0.010960578918457031,-0.003528118133544922,-1.595745325088501,-1.159184217453003,-1.8629000186920166,-1.1594910621643066,1,0.46962621808052063,0.8196726441383362,405,-1.8586150407791138,0.05978988856077194,0.007432460784912109,1.1939858490566038e-07,-1.5943442583084106,404,1207.9323539733887,1741098376.779705,0.8322489261627197
282,0.3707,0.1,-0.0013480186462402344,0.0010504722595214844,-1.0207114219665527,-0.6127064228057861,-1.3586832284927368,-0.6122055053710938,0,0.3818826675415039,0.6380904316902161,406,-1.3649795055389404,0.06283745914697647,-0.00029754638671875,1.1969339622641508e-07,-1.0238399505615234,405,1210.883127450943,1741098379.7304785,0.7949408292770386
283,0.5823,0.1,0.009119629859924316,-0.005944490432739258,-1.2099299430847168,-1.0387897491455078,-1.8212895393371582,-1.035381555557251,1,0.48396775126457214,0.8474537134170532,407,-1.8235350847244263,0.06024088338017464,0.0031751394271850586,1.199882075471698e-07,-1.2072570323944092,406,1213.8470599651337,1741098382.694411,1.2281605005264282
284,0.6375,0.1,0.03023552894592285,-0.013240337371826172,-0.8601326942443848,-1.1528830528259277,-1.6598923206329346,-1.1543145179748535,1,1.0142961740493774,1.918252944946289,408,-1.6591192483901978,0.055169664323329926,0.01699519157409668,1.2028301886792452e-07,-0.8584887981414795,407,1216.7686212062836,1741098385.6159723,1.0195542573928833
285,0.4341,0.1,0.005222678184509277,-0.0027284622192382812,-1.192464828491211,-0.7436391115188599,-1.6286793947219849,-0.7441933155059814,1,0.43149954080581665,0.7405967712402344,410,-1.6264691352844238,0.061201147735118866,0.002494215965270996,1.2087264150943396e-07,-1.1926352977752686,409,1222.661786556244,1741098391.5091376,0.7454885244369507
286,0.4443,0.1,0.004706263542175293,-0.004648804664611816,-1.3334269523620605,-0.7626305222511292,-1.4913467168807983,-0.7636586427688599,1,0.5818594694137573,1.0410610437393188,411,-1.493718147277832,0.06132896989583969,5.745887756347656e-05,1.2116745283018868e-07,-1.335409164428711,410,1225.6113603115082,1741098394.4587114,0.6691696643829346
287,0.4416,0.1,0.0006766319274902344,-0.0036978721618652344,-0.948220431804657,-0.7659767866134644,-0.918398380279541,-0.7679500579833984,1,0.5824460387229919,1.04023015499115,413,-0.9240724444389343,0.062330957502126694,-0.003021240234375,1.2175707547169812e-07,-0.9420381784439087,412,1231.4986238479614,1741098400.345975,1.0776593685150146
288,0.5743,0.1,0.0024824142456054688,-0.007020473480224609,-1.0935027599334717,-1.0275676250457764,-1.7076706886291504,-1.025428295135498,1,0.659709095954895,1.1956562995910645,414,-1.7104140520095825,0.061880938708782196,-0.004538059234619141,1.2205188679245281e-07,-1.0873186588287354,413,1234.4411363601685,1741098403.2884874,0.7831750512123108
289,0.5937,0.1,-0.013579845428466797,0.0023217201232910156,-1.0612972974777222,-1.061863660812378,-1.5978312492370605,-1.0604530572891235,0,0.7364448308944702,1.3410075902938843,415,-1.5952832698822021,0.06594106554985046,-0.011258125305175781,1.2234669811320753e-07,-1.0602903366088867,414,1237.3925349712372,1741098406.239886,0.5584183931350708
290,0.3294,0.1,-0.0032237768173217773,0.003850221633911133,-0.9072455167770386,-0.5377037525177002,-1.4395558834075928,-0.5391566753387451,0,0.49846670031547546,0.8703163266181946,416,-1.4427900314331055,0.06330854445695877,0.0006264448165893555,1.2264150943396226e-07,-0.9047511219978333,415,1240.3136410713196,1741098409.1609921,0.997645378112793
291,0.6468,0.1,0.009261131286621094,-0.00023794174194335938,-1.288755178451538,-1.1641188859939575,-2.0201635360717773,-1.1625325679779053,1,0.6763269305229187,1.2322415113449097,419,-2.0195059776306152,0.06020615994930267,0.009023189544677734,1.2352594339622642e-07,-1.2915332317352295,418,1249.325080871582,1741098418.172432,0.8250370025634766
292,0.4818,0.1,0.024253010749816895,-0.01981794834136963,-0.8195927143096924,-0.8386268615722656,-1.700701355934143,-0.8361852169036865,1,0.5751059055328369,1.0370441675186157,421,-1.7014567852020264,0.05658379942178726,0.004435062408447266,1.2411556603773586e-07,-0.816871166229248,420,1255.1998438835144,1741098424.047195,0.7653485536575317
293,0.4948,0.1,-0.0012280941009521484,0.0011489391326904297,-1.0395069122314453,-0.8611910343170166,-1.096256971359253,-0.8581275343894958,0,0.5917772650718689,1.0579397678375244,422,-1.0907663106918335,0.06280740350484848,-7.915496826171875e-05,1.2441037735849055e-07,-1.0398504734039307,421,1258.1510634422302,1741098426.9984145,0.7570388913154602
294,0.5833,0.1,-0.003050088882446289,-0.0015387535095214844,-1.3993046283721924,-1.0396130084991455,-1.3244045972824097,-1.0404994487762451,0,0.8051877021789551,1.4838457107543945,423,-1.3199827671051025,0.06326484680175781,-0.0045888423919677734,1.2470518867924527e-07,-1.4020886421203613,422,1261.0866780281067,1741098429.934029,1.3718010187149048
295,0.4864,0.1,-0.0029036998748779297,0.0019359588623046875,-1.0589021444320679,-0.8485387563705444,-1.5285446643829346,-0.8491408824920654,0,0.4749256372451782,0.8233951926231384,424,-1.526181697845459,0.06322803348302841,-0.0009677410125732422,1.25e-07,-1.0587656497955322,423,1264.0377235412598,1741098432.8850746,0.6390738487243652
296,0.4803,0.1,0.008326888084411621,0.0022079944610595703,-1.070845365524292,-0.8396121263504028,-1.7983373403549194,-0.8421987295150757,1,0.5555866956710815,0.9903021454811096,426,-1.799381971359253,0.06043561175465584,0.010534882545471191,1.2558962264150944e-07,-1.0692389011383057,425,1269.9168877601624,1741098438.7642388,0.797008216381073
297,0.4602,0.1,0.0012943744659423828,-0.0011963844299316406,-1.042938470840454,-0.7981940507888794,-1.4893194437026978,-0.8003854751586914,1,0.4469653367996216,0.7695770263671875,428,-1.4835445880889893,0.06217682361602783,9.799003601074219e-05,1.2617924528301888e-07,-1.0421555042266846,427,1275.9924039840698,1741098444.839755,0.8074145317077637
298,0.5122,0.1,-0.0028977394104003906,-0.0005381107330322266,-1.0659053325653076,-0.8998858332633972,-1.7324773073196411,-0.9034731388092041,0,0.35536807775497437,0.5842830538749695,429,-1.7317664623260498,0.06322653591632843,-0.003435850143432617,1.2647405660377357e-07,-1.0689027309417725,428,1279.1840195655823,1741098448.0313706,0.6146607995033264
299,0.5931,0.1,0.017559289932250977,-0.007136344909667969,-1.2908434867858887,-1.0631837844848633,-1.6303715705871582,-1.0649441480636597,1,0.7984130382537842,1.4804515838623047,430,-1.627152442932129,0.05818726122379303,0.010422945022583008,1.267688679245283e-07,-1.2905628681182861,429,1282.1161155700684,1741098450.9634666,1.0651594400405884
300,0.4758,0.1,0.020145893096923828,-0.015031576156616211,-0.87543785572052,-0.8280320167541504,-1.5219032764434814,-0.8298871517181396,1,0.6085205078125,1.1019110679626465,431,-1.5187084674835205,0.05756499245762825,0.005114316940307617,1.27063679245283e-07,-0.875779926776886,430,1285.0450427532196,1741098453.8923938,0.6887863874435425
301,0.5345,0.1,-0.0008099079132080078,-0.0013132095336914062,-1.1340272426605225,-0.9488552808761597,-1.7770719528198242,-0.9490021467208862,0,0.4314355254173279,0.7374657392501831,432,-1.7760827541351318,0.06270264089107513,-0.002123117446899414,1.2735849056603773e-07,-1.1292691230773926,431,1288.170644044876,1741098457.017995,0.6936814785003662
302,0.4216,0.1,-0.005350470542907715,-0.0040122270584106445,-0.5702909231185913,-0.722716748714447,-1.434648036956787,-0.7256878614425659,0,0.5792903304100037,1.0308910608291626,438,-1.4339921474456787,0.06384477764368057,-0.00936269760131836,1.2912735849056603e-07,-0.5686194896697998,437,1306.1237485408783,1741098474.9710996,1.763807773590088
303,0.5639,0.1,0.0031766891479492188,0.0019140243530273438,-1.1831276416778564,-0.9995198249816895,-1.6356840133666992,-0.9966259598731995,1,0.47112128138542175,0.8188258409500122,440,-1.638911247253418,0.061708349734544754,0.0050907135009765625,1.2971698113207547e-07,-1.183410882949829,439,1312.0301277637482,1741098480.8774788,0.7176954746246338
304,0.7596,0.1,-0.0066831111907958984,0.010140419006347656,-1.0571463108062744,-1.394537329673767,-1.9141952991485596,-1.3978880643844604,0,0.7176950573921204,1.3070262670516968,441,-1.9086896181106567,0.06418194621801376,0.003457307815551758,1.3001179245283017e-07,-1.0598499774932861,440,1314.9769668579102,1741098483.824318,1.268775224685669
305,0.6187,0.1,0.010790824890136719,-0.011286735534667969,-1.1872031688690186,-1.1146931648254395,-1.969405174255371,-1.1139013767242432,1,0.4697813391685486,0.81989985704422,442,-1.9680198431015015,0.059831403195858,-0.00049591064453125,1.303066037735849e-07,-1.184180498123169,441,1317.957311630249,1741098486.8046627,0.47672465443611145
306,0.5537,0.1,-0.00593876838684082,-0.0038406848907470703,-1.0055198669433594,-0.979877233505249,-1.2739274501800537,-0.9770753383636475,0,0.6135852336883545,1.099183440208435,444,-1.2771906852722168,0.06399350613355637,-0.00977945327758789,1.3089622641509435e-07,-1.0052578449249268,443,1324.004987001419,1741098492.852338,0.627240777015686
307,0.5045,0.1,-0.005498290061950684,0.005088329315185547,-1.1163835525512695,-0.8869513273239136,-1.5026092529296875,-0.8875027298927307,0,0.5471282005310059,0.9664921760559082,445,-1.5010910034179688,0.06388212740421295,-0.0004099607467651367,1.3119103773584905e-07,-1.1138604879379272,444,1326.9594407081604,1741098495.8067918,0.4402419626712799
308,0.4961,0.11,0.00894927978515625,-0.010205268859863281,-1.2059441804885864,-0.8691600561141968,-0.951246440410614,-0.8693097829818726,1,0.9436048865318298,1.7666443586349487,446,-0.9519771337509155,0.06028270348906517,-0.0012559890747070312,1.3148584905660377e-07,-1.204162359237671,445,1329.8915166854858,1741098498.7388678,1.5475107431411743
309,0.4428,0.11,-0.004388332366943359,0.002523064613342285,-1.0224950313568115,-0.7595690488815308,-1.2725780010223389,-0.7559651732444763,0,0.5040841102600098,0.8809643983840942,448,-1.2715586423873901,0.06360189616680145,-0.0018652677536010742,1.320754716981132e-07,-1.019998550415039,447,1335.800624847412,1741098504.647976,0.6537778377532959
310,0.4552,0.11,-0.003958344459533691,0.0008566379547119141,-0.8989396691322327,-0.7836735248565674,-1.0738856792449951,-0.7832773923873901,0,0.4711456894874573,0.8153043389320374,450,-1.0770437717437744,0.0634935051202774,-0.0031017065048217773,1.3266509433962265e-07,-0.9001427888870239,449,1341.9291603565216,1741098510.7765114,0.8753454089164734
311,0.5339,0.11,0.013621926307678223,-0.006392002105712891,-0.9559202790260315,-0.9454689025878906,-1.7420705556869507,-0.9475455284118652,1,0.36856505274772644,0.6188482642173767,451,-1.7394287586212158,0.05914090946316719,0.007229924201965332,1.3295990566037735e-07,-0.9553443193435669,450,1344.8789801597595,1741098513.7263312,0.8134428858757019
312,0.4974,0.11,-0.0008549690246582031,0.002285003662109375,-0.8306858539581299,-0.8762056231498718,-1.3345146179199219,-0.8782591819763184,0,0.5273758769035339,0.9293238520622253,452,-1.33306884765625,0.06271392852067947,0.0014300346374511719,1.332547169811321e-07,-0.8263094425201416,451,1347.8088326454163,1741098516.6561837,0.8976477384567261
313,0.4864,0.11,-0.005133867263793945,0.0037572383880615234,-1.0856199264526367,-0.8431082963943481,-1.0131218433380127,-0.841968297958374,0,0.7507582902908325,1.3739365339279175,454,-1.0096497535705566,0.06379005312919617,-0.0013766288757324219,1.3384433962264148e-07,-1.0890089273452759,453,1353.674082994461,1741098522.521434,1.3789911270141602
314,0.4894,0.11,0.0015603303909301758,-0.0023194551467895508,-1.1174113750457764,-0.855660080909729,-1.1244909763336182,-0.8549708127975464,1,0.4695231318473816,0.8148252367973328,455,-1.125309705734253,0.062110524624586105,-0.000759124755859375,1.3413915094339623e-07,-1.1148486137390137,454,1356.6029138565063,1741098525.450265,2.70888614654541
315,0.5519,0.11,0.005028843879699707,-0.0017254352569580078,-0.9103854894638062,-0.9796502590179443,-1.581378698348999,-0.9798663258552551,1,0.43296360969543457,0.7434290051460266,456,-1.5828464031219482,0.06124911084771156,0.0033034086227416992,1.3443396226415092e-07,-0.9098284840583801,455,1359.5528852939606,1741098528.4002364,0.6390451788902283
316,0.4846,0.11,0.007208824157714844,-0.004776477813720703,-1.1253809928894043,-0.8419066667556763,-1.3751825094223022,-0.8394062519073486,1,0.5007491707801819,0.8800768256187439,457,-1.3763693571090698,0.060710784047842026,0.0024323463439941406,1.3472877358490564e-07,-1.1251845359802246,456,1362.4881992340088,1741098531.3355503,0.8178144097328186
317,0.5826,0.11,-0.0021485090255737305,0.0014324188232421875,-1.1026955842971802,-1.0358600616455078,-1.5265979766845703,-1.0358550548553467,0,0.5327151417732239,0.9393537640571594,458,-1.525010108947754,0.06303828209638596,-0.000716090202331543,1.3502358490566036e-07,-1.1070311069488525,457,1365.433174610138,1741098534.2805257,0.9223787188529968
318,0.5905,0.11,-0.006504058837890625,0.006500959396362305,-1.3586432933807373,-1.0535798072814941,-1.685401201248169,-1.0529251098632812,0,0.5520201921463013,0.9757672548294067,459,-1.6835620403289795,0.06413658708333969,-3.0994415283203125e-06,1.3531839622641508e-07,-1.3602731227874756,458,1368.3707022666931,1741098537.2180533,0.9105679988861084
319,0.5973,0.11,0.006646633148193359,-0.006823539733886719,-0.9854493737220764,-1.0712456703186035,-1.3864824771881104,-1.0720272064208984,1,0.5988064408302307,1.0759141445159912,460,-1.3805919885635376,0.0608493871986866,-0.00017690658569335938,1.356132075471698e-07,-0.9845715761184692,459,1371.3047168254852,1741098540.152068,1.0039594173431396
320,0.4847,0.11,0.0017006397247314453,0.002459287643432617,-1.1957664489746094,-0.8441386222839355,-1.8777611255645752,-0.842904806137085,1,0.5828361511230469,1.0415211915969849,461,-1.8745867013931274,0.06207556277513504,0.0041599273681640625,1.3590801886792453e-07,-1.1948111057281494,460,1374.2537198066711,1741098543.101071,0.6515281796455383
321,0.6051,0.11,0.005089759826660156,0.00014519691467285156,-1.1314654350280762,-1.089245080947876,-1.6084327697753906,-1.0962190628051758,1,0.6260164976119995,1.129564881324768,462,-1.610379934310913,0.06123403459787369,0.005234956741333008,1.3620283018867922e-07,-1.1344248056411743,461,1377.1931822299957,1741098546.0405333,1.402675986289978
322,0.4432,0.11,0.007310390472412109,-0.003701925277709961,-0.9283229112625122,-0.7630842924118042,-1.917881727218628,-0.7629013061523438,1,0.4446721374988556,0.7679727673530579,463,-1.9254710674285889,0.06068576127290726,0.0036084651947021484,1.3649764150943397e-07,-0.9262754917144775,462,1380.2512266635895,1741098549.0985777,0.5966671109199524
323,0.5798,0.11,0.016932964324951172,-0.010904550552368164,-1.3282289505004883,-1.0419862270355225,-1.5752530097961426,-1.0428342819213867,1,0.5878591537475586,1.0590413808822632,465,-1.573000431060791,0.05833844095468521,0.006028413772583008,1.3708726415094338e-07,-1.3215426206588745,464,1386.1059608459473,1741098554.953312,1.1140968799591064
324,0.4525,0.11,-0.0043065547943115234,0.00014328956604003906,-1.0338151454925537,-0.7797031998634338,-1.2918633222579956,-0.7777242660522461,0,0.5772625803947449,1.027362585067749,467,-1.2938039302825928,0.06358127295970917,-0.004163265228271484,1.3767688679245282e-07,-1.0321296453475952,466,1392.0508165359497,1741098560.8981676,0.562131941318512
325,0.4176,0.11,0.0017637014389038086,-0.0007524490356445312,-0.7564269304275513,-0.7113925218582153,-1.0266605615615845,-0.7124398946762085,1,0.49600332975387573,0.8678869605064392,469,-1.0243620872497559,0.062059853225946426,0.0010112524032592773,1.3826650943396226e-07,-0.7563635110855103,468,1397.9476778507233,1741098566.795029,0.7606139183044434
326,0.7238,0.11,0.0036545991897583008,-0.005013704299926758,-1.0455777645111084,-1.3288906812667847,-1.9635586738586426,-1.3314754962921143,1,0.5498691201210022,0.9765588641166687,471,-1.964210033416748,0.06158968806266785,-0.001359105110168457,1.388561320754717e-07,-1.041628360748291,470,1403.838148355484,1741098572.6854994,1.1845561265945435
327,0.5266,0.11,-0.006991147994995117,0.008988022804260254,-1.040001392364502,-0.9306867122650146,-1.805279016494751,-0.9335721731185913,0,0.4709174931049347,0.8133149743080139,472,-1.8046005964279175,0.06426000595092773,0.0019968748092651367,1.391509433962264e-07,-1.0401767492294312,471,1406.7775340080261,1741098575.624885,0.8686344027519226
328,0.4913,0.11,-0.0047501325607299805,-0.0019173622131347656,-1.221475601196289,-0.8583711981773376,-1.6169945001602173,-0.8576931357383728,0,0.5158942937850952,0.9044022560119629,473,-1.6198325157165527,0.06369317322969437,-0.006667494773864746,1.3944575471698112e-07,-1.220000982284546,472,1409.7398550510406,1741098578.5872061,0.7081759572029114
329,0.588,0.11,0.005785703659057617,-0.0158994197845459,-1.1741598844528198,-1.0580031871795654,-1.6507513523101807,-1.0602949857711792,1,0.5263500809669495,0.9305762648582458,475,-1.6516261100769043,0.06106194108724594,-0.010113716125488281,1.4003537735849056e-07,-1.1691384315490723,474,1415.6216158866882,1741098584.468967,1.0383516550064087
330,0.5473,0.11,0.011586427688598633,-0.005464673042297363,-1.1262309551239014,-0.9685410261154175,-1.2809687852859497,-0.9663367867469788,1,0.3785858154296875,0.6378977298736572,477,-1.2858928442001343,0.059636954218149185,0.0061217546463012695,1.40625e-07,-1.1250296831130981,476,1421.5075209140778,1741098590.354872,0.856674313545227
331,0.4319,0.11,-0.0039310455322265625,-0.006429791450500488,-0.8324621319770813,-0.7421985864639282,-1.4620871543884277,-0.7419922351837158,0,0.5278556942939758,0.9287381172180176,480,-1.4595961570739746,0.06348662823438644,-0.01036083698272705,1.4150943396226414e-07,-0.8287373781204224,479,1430.3539822101593,1741098599.2013333,0.5940564870834351
332,0.5586,0.11,-0.004458904266357422,-0.0010828971862792969,-1.0819759368896484,-0.9905133247375488,-1.683470368385315,-0.9874686598777771,0,0.8613734841346741,1.5955076217651367,481,-1.6804016828536987,0.0636196956038475,-0.005541801452636719,1.4180424528301889e-07,-1.0805295705795288,480,1433.294260263443,1741098602.1416113,1.3401427268981934
333,0.3988,0.11,-0.003713369369506836,-0.0005514621734619141,-1.0072531700134277,-0.6655280590057373,-1.9219181537628174,-0.6607549786567688,0,0.5679758787155151,1.009088158607483,482,-1.9142391681671143,0.06343179196119308,-0.00426483154296875,1.4209905660377358e-07,-1.0093705654144287,481,1436.2121677398682,1741098605.0595188,1.2150633335113525
334,0.5299,0.11,0.003202676773071289,-0.001981019973754883,-1.3755161762237549,-0.9349353909492493,-1.4926929473876953,-0.9350768327713013,1,0.6282886266708374,1.1331734657287598,485,-1.4906915426254272,0.06170189380645752,0.0012216567993164062,1.4298349056603772e-07,-1.3755460977554321,484,1445.07200050354,1741098613.9193516,0.82072514295578
335,0.4816,0.11,-0.00628054141998291,0.004263877868652344,-1.1975629329681396,-0.837718665599823,-1.2815004587173462,-0.8387972712516785,0,0.49011021852493286,0.8520604372024536,486,-1.2767813205718994,0.06407999992370605,-0.0020166635513305664,1.4327830188679244e-07,-1.199056625366211,485,1448.0172338485718,1741098616.864585,0.8171891570091248
336,0.461,0.11,-0.0002529621124267578,-0.0017188787460327148,-1.0138745307922363,-0.8000984191894531,-1.15602707862854,-0.799331545829773,0,0.4577885866165161,0.7904506921768188,487,-1.1538121700286865,0.06256325542926788,-0.0019718408584594727,1.4357311320754716e-07,-1.0099725723266602,486,1451.08842420578,1741098619.9357753,0.9768600463867188
337,0.558,0.12,-0.009971857070922852,0.0010225772857666016,-1.0635048151016235,-0.9924412965774536,-1.2760136127471924,-0.9913298487663269,0,0.6469943523406982,1.1639530658721924,489,-1.2769429683685303,0.06501782685518265,-0.00894927978515625,1.441627358490566e-07,-1.0607788562774658,488,1457.0802690982819,1741098625.9276202,0.7951018810272217
338,0.5649,0.12,-0.0028151273727416992,0.0029342174530029297,-1.2535080909729004,-1.0098124742507935,-1.6058259010314941,-1.0129854679107666,0,0.5112265348434448,0.8960415124893188,491,-1.6044113636016846,0.0632057636976242,0.00011909008026123047,1.4475235849056601e-07,-1.2516741752624512,490,1462.967167854309,1741098631.814519,0.6794773936271667
339,0.633,0.12,0.0027098655700683594,-0.0054531097412109375,-1.233537197113037,-1.1426522731781006,-1.934987187385559,-1.1439682245254517,1,0.6045545935630798,1.0854604244232178,493,-1.936364769935608,0.06182437017560005,-0.002743244171142578,1.4534198113207545e-07,-1.233203649520874,492,1468.9869785308838,1741098637.8343296,0.6706377863883972
340,0.4317,0.12,-0.013776421546936035,0.001680135726928711,-1.3433226346969604,-0.7404168248176575,-1.125007152557373,-0.7387263774871826,0,0.5525678396224976,0.9731525778770447,494,-1.1270807981491089,0.06599155068397522,-0.012096285820007324,1.4563679245283018e-07,-1.3393828868865967,493,1471.9219861030579,1741098640.7693372,0.9389904737472534
341,0.4814,0.12,-0.0016825199127197266,-0.009476661682128906,-0.9129204154014587,-0.840117871761322,-1.4393646717071533,-0.836625337600708,0,0.5592901706695557,0.9927377104759216,496,-1.4328372478485107,0.06292133778333664,-0.011159181594848633,1.4622641509433962e-07,-0.906898558139801,495,1477.7795026302338,1741098646.6268537,1.68144953250885
342,0.5961,0.12,0.009721040725708008,-0.006761312484741211,-1.5963486433029175,-1.0681006908416748,-1.471505880355835,-1.0694396495819092,1,0.631639301776886,1.1430919170379639,497,-1.4717803001403809,0.060093365609645844,0.002959728240966797,1.4652122641509434e-07,-1.5968468189239502,496,1480.8533408641815,1741098649.700692,0.8573400974273682
343,0.7216,0.12,-0.0031325817108154297,0.0018930435180664062,-1.2740068435668945,-1.3181040287017822,-1.7457993030548096,-1.3172879219055176,0,0.5928313732147217,1.059091567993164,498,-1.7458678483963013,0.06328559666872025,-0.0012395381927490234,1.4681603773584906e-07,-1.2732605934143066,497,1483.8308112621307,1741098652.6781623,0.7897357940673828
344,0.533,0.12,-0.0022689104080200195,0.0038813352584838867,-1.043365240097046,-0.949501633644104,-1.424755334854126,-0.9521304368972778,0,0.4184919595718384,0.7108469009399414,499,-1.424707293510437,0.06306851655244827,0.0016124248504638672,1.4711084905660375e-07,-1.037290096282959,498,1486.7727317810059,1741098655.6200829,0.9994872212409973
345,0.4494,0.12,0.00196075439453125,-0.003423929214477539,-1.10935640335083,-0.7667713761329651,-1.4415953159332275,-0.7643023729324341,1,0.4806848168373108,0.8373481035232544,500,-1.4434995651245117,0.06201077252626419,-0.001463174819946289,1.474056603773585e-07,-1.113427996635437,499,1489.7178304195404,1741098658.5651815,1.2769484519958496
346,0.565,0.12,-0.0060272216796875,0.003259420394897461,-1.0116528272628784,-1.0062206983566284,-1.481180191040039,-1.0085532665252686,0,0.6309653520584106,1.1338989734649658,501,-1.480665922164917,0.06401588767766953,-0.002767801284790039,1.477004716981132e-07,-1.0127437114715576,500,1492.685361623764,1741098661.5327127,1.1491005420684814
347,0.3605,0.12,0.004152059555053711,-0.003528118133544922,-0.8544067144393921,-0.5997283458709717,-1.288886308670044,-0.6006766557693481,1,0.5879490375518799,1.052965521812439,502,-1.2883985042572021,0.06146629527211189,0.0006239414215087891,1.4799528301886791e-07,-0.8516281247138977,501,1495.6311914920807,1741098664.4785426,0.6237298250198364
348,0.5783,0.12,0.0023937225341796875,-0.0012040138244628906,-1.137226939201355,-1.0318470001220703,-2.1138525009155273,-1.0311369895935059,1,0.6563506722450256,1.188895344734192,503,-2.110355854034424,0.061903003603219986,0.0011897087097167969,1.4829009433962263e-07,-1.136225700378418,502,1498.5835230350494,1741098667.430874,0.6920781135559082
349,0.6217,0.12,-0.0006244182586669922,0.0015158653259277344,-1.2403572797775269,-1.1190237998962402,-1.552498698234558,-1.1187126636505127,0,0.727353036403656,1.3293936252593994,504,-1.550918698310852,0.06265620142221451,0.0008914470672607422,1.4858490566037736e-07,-1.2393252849578857,503,1501.5293290615082,1741098670.3766801,1.2392264604568481
350,0.5895,0.12,0.004268527030944824,-0.002671480178833008,-1.0567607879638672,-1.0536766052246094,-1.736474871635437,-1.0544646978378296,1,0.45070043206214905,0.7785260081291199,505,-1.735077142715454,0.06143742427229881,0.0015970468521118164,1.4887971698113208e-07,-1.0579133033752441,504,1504.464950799942,1741098673.3123019,1.0879130363464355
351,0.5195,0.12,-0.009531736373901367,0.004815101623535156,-1.0174102783203125,-0.9127610921859741,-1.9804799556732178,-0.9118728637695312,0,0.6014206409454346,1.0730299949645996,506,-1.976902723312378,0.06490565091371536,-0.004716634750366211,1.491745283018868e-07,-1.0176854133605957,505,1507.5832290649414,1741098676.4305801,0.5639744400978088
352,0.5688,0.12,0.009924650192260742,-0.0061376094818115234,-1.1435353755950928,-1.014530897140503,-1.68495512008667,-1.0144989490509033,1,0.664969801902771,1.209852695465088,507,-1.6849842071533203,0.06004346162080765,0.0037870407104492188,1.494693396226415e-07,-1.1414963006973267,506,1510.5363144874573,1741098679.3836656,0.6074374318122864
353,0.4897,0.12,0.0016596317291259766,-0.0009107589721679688,-1.0004355907440186,-0.8610885739326477,-1.494093656539917,-0.8632505536079407,1,0.4726960361003876,0.8212205171585083,508,-1.4887934923171997,0.06208578124642372,0.0007488727569580078,1.4976415094339624e-07,-0.9957095384597778,507,1513.4719960689545,1741098682.3193471,1.4825420379638672
354,0.5275,0.12,-0.0032706260681152344,-0.0026960372924804688,-1.3572118282318115,-0.9314104914665222,-1.5532292127609253,-0.9335317015647888,0,0.6155797243118286,1.1045187711715698,509,-1.5562169551849365,0.0633203312754631,-0.005966663360595703,1.5005896226415093e-07,-1.3577615022659302,508,1516.4261384010315,1741098685.2734895,0.7446029186248779
355,0.7194,0.12,-0.0022716522216796875,0.0015745162963867188,-1.4630182981491089,-1.307640552520752,-1.4983482360839844,-1.3046547174453735,0,0.7935979962348938,1.4610575437545776,510,-1.4996981620788574,0.06306920200586319,-0.0006971359252929688,1.5035377358490565e-07,-1.4660065174102783,509,1519.372344493866,1741098688.2196956,1.0911437273025513
356,0.4392,0.12,0.003634929656982422,-0.0027695894241333008,-0.9357492923736572,-0.7555013298988342,-1.6431633234024048,-0.7583552598953247,1,0.47613903880119324,0.8290889263153076,511,-1.6411895751953125,0.06159457191824913,0.0008653402328491211,1.5064858490566037e-07,-0.9364281892776489,510,1522.322428226471,1741098691.1697793,0.7196788191795349
357,0.5443,0.12,-0.006224513053894043,-0.0026051998138427734,-1.2024362087249756,-0.9600774049758911,-1.4230268001556396,-0.9560679793357849,0,0.5223811268806458,0.9166306257247925,512,-1.4247746467590332,0.06406581401824951,-0.008829712867736816,1.509433962264151e-07,-1.2018331289291382,511,1525.2760367393494,1741098694.1233878,0.7187552452087402
358,0.5717,0.12,0.015060663223266602,-0.0017740726470947266,-0.8529931306838989,-1.0210130214691162,-1.3256052732467651,-1.0214465856552124,1,0.869373619556427,1.6211642026901245,513,-1.3259358406066895,0.05879154056310654,0.013286590576171875,1.5123820754716981e-07,-0.8507499098777771,512,1528.2069351673126,1741098697.0542862,0.8563399910926819
359,0.4535,0.12,0.006329536437988281,-0.002825498580932617,-1.0162124633789062,-0.7870113849639893,-0.983182966709137,-0.788736879825592,1,0.6249788403511047,1.128102421760559,515,-0.983087420463562,0.060927633196115494,0.003504037857055664,1.5182783018867923e-07,-1.0127620697021484,514,1534.1021280288696,1741098702.949479,1.2858229875564575
360,0.5069,0.12,0.0001093149185180664,0.0016255378723144531,-1.1047041416168213,-0.8916534185409546,-1.4382071495056152,-0.8910998106002808,1,0.453215628862381,0.781485915184021,516,-1.4379210472106934,0.06247267499566078,0.0017348527908325195,1.5212264150943395e-07,-1.101203441619873,515,1537.223979473114,1741098706.0713305,1.543562889099121
361,0.4658,0.12,-0.010179281234741211,0.006593465805053711,-0.6827382445335388,-0.8092995882034302,-1.4195961952209473,-0.8113096952438354,0,0.6950259804725647,1.2599104642868042,517,-1.4184678792953491,0.0650707259774208,-0.0035858154296875,1.5241745283018867e-07,-0.6820672750473022,516,1540.1568920612335,1741098709.0042431,1.3909790515899658
362,0.6335,0.12,0.001782536506652832,0.0030039548873901367,-1.1234134435653687,-1.1429708003997803,-1.4955402612686157,-1.1436374187469482,1,0.5546233057975769,0.9851363301277161,518,-1.4917073249816895,0.062055159360170364,0.004786491394042969,1.5271226415094336e-07,-1.1231577396392822,517,1543.2128810882568,1741098712.0602322,0.43138885498046875
363,0.5179,0.12,0.005498647689819336,0.0025779008865356445,-1.0182266235351562,-0.9082969427108765,-1.5184873342514038,-0.9076250195503235,1,0.5062258243560791,0.8901858329772949,519,-1.515378475189209,0.061132896691560745,0.00807654857635498,1.530070754716981e-07,-1.0199382305145264,518,1546.1778409481049,1741098715.025192,0.6291360259056091
364,0.5414,0.12,0.00023627281188964844,-0.0036995410919189453,-1.270167589187622,-0.9563369154930115,-1.257171392440796,-0.9534812569618225,1,0.6358243823051453,1.1467669010162354,522,-1.2596056461334229,0.06244094669818878,-0.003463268280029297,1.5389150943396225e-07,-1.2687373161315918,521,1555.0265765190125,1741098723.8739276,0.7796711325645447
365,0.4896,0.12,0.0025565624237060547,0.003709077835083008,-0.9001692533493042,-0.8557257056236267,-1.0030243396759033,-0.8570985198020935,1,0.7446542978286743,1.3655836582183838,523,-1.0001376867294312,0.06186249479651451,0.0062656402587890625,1.5418632075471697e-07,-0.8998780846595764,522,1557.9748709201813,1741098726.822222,1.1689094305038452
366,0.4902,0.12,-0.006056547164916992,0.005707502365112305,-0.9433287978172302,-0.8570117354393005,-1.2824528217315674,-0.8599873781204224,0,0.6008933782577515,1.0737401247024536,526,-1.2826738357543945,0.06402330845594406,-0.0003490447998046875,1.550707547169811e-07,-0.9445592761039734,525,1566.9051802158356,1741098735.7525313,0.5692235827445984
367,0.5543,0.12,0.006437063217163086,-0.00142669677734375,-0.9804486632347107,-0.9793539047241211,-1.2040784358978271,-0.9787067174911499,1,0.6155471205711365,1.1092920303344727,527,-1.2028424739837646,0.06090109422802925,0.005010366439819336,1.5536556603773585e-07,-0.9837055206298828,526,1569.8487548828125,1741098738.696106,0.9255369901657104
368,0.4776,0.12,0.01563107967376709,-0.011562585830688477,-0.9231218099594116,-0.8348065614700317,-1.1809053421020508,-0.833973228931427,1,0.5003575682640076,0.8834085464477539,529,-1.1812546253204346,0.05865331366658211,0.004068493843078613,1.559551886792453e-07,-0.9176139235496521,528,1575.770189523697,1741098744.6175406,1.048712134361267
369,0.4678,0.13,0.008821606636047363,-0.0023632049560546875,-0.9418912529945374,-0.8154120445251465,-1.1806108951568604,-0.8164883852005005,1,0.5301555395126343,0.9396829605102539,530,-1.1813563108444214,0.06031405180692673,0.006458401679992676,1.5624999999999999e-07,-0.93806391954422,529,1578.734164237976,1741098747.5815153,0.6237683296203613
370,0.4789,0.13,-0.002184152603149414,-0.005491495132446289,-1.0607033967971802,-0.8319358229637146,-1.0616956949234009,-0.826882004737854,0,0.6191973686218262,1.1123002767562866,531,-1.0590252876281738,0.06304723024368286,-0.007675647735595703,1.565448113207547e-07,-1.0564546585083008,530,1581.661325931549,1741098750.508677,1.4645752906799316
371,0.5799,0.13,0.009603381156921387,-0.005053043365478516,-1.165035367012024,-1.037898302078247,-1.4215772151947021,-1.037208080291748,1,0.4382701814174652,0.756295919418335,532,-1.4248770475387573,0.060122210532426834,0.004550337791442871,1.5683962264150943e-07,-1.1612802743911743,531,1584.6189053058624,1741098753.4662564,0.8331045508384705
372,0.6823,0.13,0.01179361343383789,-0.00809168815612793,-1.1301534175872803,-1.2426495552062988,-2.0797832012176514,-1.243513584136963,1,0.6566662192344666,1.194159746170044,535,-2.0793023109436035,0.05958636850118637,0.003701925277709961,1.577240566037736e-07,-1.1278272867202759,534,1593.5082244873047,1741098762.3555756,1.1059468984603882
373,0.5683,0.13,-1.2159347534179688e-05,-0.00012683868408203125,-1.0618349313735962,-1.0108067989349365,-2.001293182373047,-1.0098563432693481,0,0.7156922817230225,1.3063784837722778,536,-2.000331401824951,0.06250303983688354,-0.00013899803161621094,1.5801886792452828e-07,-1.0616397857666016,535,1596.4566068649292,1741098765.303958,1.095051884651184
374,0.6213,0.13,-0.019397258758544922,0.0169374942779541,-0.9945862293243408,-1.1192517280578613,-1.6968505382537842,-1.1183329820632935,0,0.8360427618026733,1.537198781967163,537,-1.6970487833023071,0.0674433782696724,-0.0024597644805908203,1.5831367924528303e-07,-0.9918469190597534,536,1599.4002094268799,1741098768.2475605,0.8993769288063049
375,0.5107,0.13,0.002581954002380371,-0.0035729408264160156,-1.104883074760437,-0.8969899415969849,-2.23098087310791,-0.8972468376159668,1,0.4594421982765198,0.7951720356941223,538,-2.2266550064086914,0.06185617670416832,-0.0009909868240356445,1.5860849056603773e-07,-1.104445457458496,537,1602.3617341518402,1741098771.2090852,0.7403721809387207
376,0.6766,0.13,-0.010214805603027344,0.008043527603149414,-1.0177273750305176,-1.230178952217102,-1.7860026359558105,-1.232823371887207,0,0.587817907333374,1.0454761981964111,539,-1.7735886573791504,0.06507978588342667,-0.0021712779998779297,1.5890330188679245e-07,-1.018357753753662,538,1605.3139975070953,1741098774.1613486,1.0438077449798584
377,0.6182,0.13,0.009844303131103516,-0.012527704238891602,-1.230928897857666,-1.1135796308517456,-1.5430601835250854,-1.1126484870910645,1,0.6717054843902588,1.2232847213745117,540,-1.538902759552002,0.06006315350532532,-0.002683401107788086,1.5919811320754717e-07,-1.2276909351348877,539,1608.2619895935059,1741098777.1093407,0.7620649337768555
378,0.5767,0.13,0.0034492015838623047,0.002071857452392578,-1.079508662223816,-1.0293703079223633,-1.5981254577636719,-1.0288333892822266,1,0.5841999650001526,1.0451185703277588,541,-1.5995478630065918,0.061640672385692596,0.005521059036254883,1.594929245283019e-07,-1.0779609680175781,540,1611.2080113887787,1741098780.0553625,0.8921427130699158
379,0.491,0.13,0.0014994144439697266,-0.010468482971191406,-1.4304702281951904,-0.8614125847816467,-1.412674903869629,-0.8609590530395508,1,0.6186890602111816,1.1131267547607422,542,-1.4153965711593628,0.062125708907842636,-0.00896906852722168,1.597877358490566e-07,-1.425061821937561,541,1614.1352634429932,1741098782.9826145,2.022783041000366
380,0.6659,0.13,-0.004485130310058594,-0.0037674903869628906,-1.3248560428619385,-1.2047876119613647,-1.5474791526794434,-1.2032533884048462,0,0.7043269276618958,1.28140127658844,543,-1.5481235980987549,0.06362631171941757,-0.008252620697021484,1.6008254716981133e-07,-1.3253180980682373,542,1617.1868515014648,1741098786.0342026,0.755221962928772
381,0.5087,0.13,-0.008934378623962402,0.0010533332824707031,-0.9718165993690491,-0.8952756524085999,-1.6313209533691406,-0.8948036432266235,0,0.5210890173912048,0.9126709699630737,544,-1.625407099723816,0.06475354731082916,-0.0078810453414917,1.6037735849056602e-07,-0.9683946967124939,543,1620.1427969932556,1741098788.990148,1.0769202709197998
382,0.4971,0.13,0.009512901306152344,-0.006726980209350586,-0.8803706169128418,-0.8687715530395508,-1.4234647750854492,-0.8681827783584595,1,0.7087140679359436,1.297139286994934,545,-1.4241397380828857,0.06014439836144447,0.002785921096801758,1.6067216981132077e-07,-0.8801679611206055,544,1623.0764582157135,1741098791.9238093,0.7098484039306641
383,0.5329,0.13,0.006031632423400879,-0.012880325317382812,-0.6598901748657227,-0.9421998262405396,-1.2207754850387573,-0.9411166906356812,1,0.5547769665718079,0.9875515699386597,546,-1.2196354866027832,0.061001185327768326,-0.006848692893981934,1.6096698113207546e-07,-0.6572926044464111,545,1626.004513502121,1741098794.8518646,0.8602323532104492
384,0.6406,0.13,0.002107381820678711,-0.002858400344848633,-1.0377354621887207,-1.1502184867858887,-1.4711427688598633,-1.1467747688293457,1,0.5879071950912476,1.051865816116333,547,-1.4679827690124512,0.061974264681339264,-0.0007510185241699219,1.6126179245283016e-07,-1.040106177330017,546,1629.1241731643677,1741098797.9715242,0.8608299493789673
385,0.5065,0.13,0.004410982131958008,-0.0100022554397583,-0.9092243909835815,-0.8890275955200195,-1.38456392288208,-0.8881672024726868,1,0.4975420832633972,0.872279942035675,548,-1.3804845809936523,0.06140211969614029,-0.005591273307800293,1.615566037735849e-07,-0.907317578792572,547,1632.0743055343628,1741098800.9216566,1.0635091066360474
386,0.4855,0.13,-0.006176352500915527,0.009365320205688477,-1.0456918478012085,-0.8477657437324524,-1.7734732627868652,-0.8488370180130005,0,0.5613499283790588,0.9945926070213318,549,-1.7695757150650024,0.06405362486839294,0.0031889677047729492,1.618514150943396e-07,-1.0448400974273682,548,1635.0364265441895,1741098803.8837776,1.0911515951156616
387,0.5391,0.13,-0.010674357414245605,0.002252340316772461,-0.7558047771453857,-0.9553162455558777,-1.349090814590454,-0.9552325010299683,0,0.561484158039093,0.992574155330658,550,-1.3436999320983887,0.06519707292318344,-0.008422017097473145,1.6214622641509435e-07,-0.7535902261734009,549,1637.9711692333221,1741098806.8185203,0.7970225214958191
388,0.5933,0.13,0.0008797645568847656,-0.008962631225585938,-1.1318228244781494,-1.0670032501220703,-1.6681506633758545,-1.066774606704712,1,0.6574886441230774,1.1904168128967285,551,-1.6649458408355713,0.06228025257587433,-0.008082866668701172,1.6244103773584904e-07,-1.1261117458343506,550,1640.9183876514435,1741098809.7657387,0.981056272983551
389,0.5504,0.13,0.016519546508789062,-0.018357038497924805,-1.190471887588501,-0.9770799279212952,-1.6821776628494263,-0.9783657789230347,1,0.689955472946167,1.2630342245101929,552,-1.6830658912658691,0.058438338339328766,-0.0018374919891357422,1.6273584905660376e-07,-1.1904425621032715,551,1643.8828625679016,1741098812.7302136,1.1986596584320068
390,0.4982,0.13,0.00334012508392334,-0.007892370223999023,-1.31118905544281,-0.8750511407852173,-1.2885465621948242,-0.8749947547912598,1,0.47740375995635986,0.8314719796180725,553,-1.2869789600372314,0.06166775897145271,-0.004552245140075684,1.6303066037735848e-07,-1.307450294494629,552,1646.8159613609314,1741098815.6633124,0.6845331788063049
391,0.538,0.13,0.0057708024978637695,-0.0075838565826416016,-1.165058970451355,-0.9497445821762085,-1.7072703838348389,-0.94831383228302,1,0.5614067316055298,1.0006822347640991,554,-1.707654356956482,0.06106562539935112,-0.001813054084777832,1.633254716981132e-07,-1.164949655532837,553,1649.9527459144592,1741098818.800097,0.7070684432983398
392,0.4285,0.13,0.002489805221557617,-0.0021407604217529297,-0.8321729898452759,-0.7341310977935791,-1.2271623611450195,-0.7371559143066406,1,0.5326792001724243,0.9416001439094543,555,-1.2283742427825928,0.061879098415374756,0.0003490447998046875,1.636202830188679e-07,-0.8330206871032715,554,1652.8984501361847,1741098821.7458012,1.4032844305038452
393,0.5925,0.13,0.0028955936431884766,0.005760908126831055,-1.1833443641662598,-1.0603528022766113,-1.7006416320800781,-1.059321641921997,1,0.5241321325302124,0.9247078895568848,556,-1.6966986656188965,0.061778198927640915,0.008656501770019531,1.6391509433962264e-07,-1.1818187236785889,555,1656.0128111839294,1741098824.8601623,1.1196174621582031
394,0.5802,0.13,-0.00989389419555664,-0.003614187240600586,-0.9307417869567871,-1.0365864038467407,-1.7809699773788452,-1.0336986780166626,0,0.5563039183616638,0.982611894607544,557,-1.7838212251663208,0.06499794870615005,-0.013508081436157227,1.6420990566037734e-07,-0.9266701936721802,556,1658.955990076065,1741098827.8033412,0.9510919451713562
395,0.4555,0.13,-0.0017154216766357422,-0.005582571029663086,-1.1271599531173706,-0.7845994234085083,-1.2327462434768677,-0.7806787490844727,0,0.5406621098518372,0.9554650783538818,558,-1.230790376663208,0.06292959302663803,-0.007297992706298828,1.6450471698113209e-07,-1.1246826648712158,557,1661.8938372135162,1741098830.7411883,1.1815001964569092
396,0.6002,0.13,0.007297515869140625,-0.003329753875732422,-1.2797126770019531,-1.0797748565673828,-1.848498821258545,-1.0814640522003174,1,0.6424591541290283,1.1635404825210571,559,-1.8450621366500854,0.06068893522024155,0.003967761993408203,1.6479952830188678e-07,-1.2769324779510498,558,1664.8673024177551,1741098833.7146535,0.5578230619430542
397,0.6226,0.13,0.019141674041748047,-0.010077476501464844,-1.0832149982452393,-1.1254684925079346,-1.6227070093154907,-1.126143455505371,1,0.6554919481277466,1.1953715085983276,560,-1.6196157932281494,0.05780618265271187,0.009064197540283203,1.650943396226415e-07,-1.0785495042800903,559,1667.7956779003143,1741098836.643029,1.7235008478164673
398,0.6204,0.13,0.0007221698760986328,0.002153158187866211,-1.1430528163909912,-1.1168746948242188,-1.674696922302246,-1.1182217597961426,1,0.6206201314926147,1.1166011095046997,561,-1.6719738245010376,0.06231958791613579,0.0028753280639648438,1.6538915094339622e-07,-1.1431653499603271,560,1670.7589197158813,1741098839.6062708,0.6092442870140076
399,0.5944,0.13,0.00298309326171875,-0.005196094512939453,-1.1972594261169434,-1.068711757659912,-1.9752228260040283,-1.0670779943466187,1,0.5942237377166748,1.0649346113204956,562,-1.9744986295700073,0.061756450682878494,-0.002213001251220703,1.6568396226415094e-07,-1.190619945526123,561,1673.6895689964294,1741098842.53692,1.1055340766906738
400,0.5367,0.13,-0.0051555633544921875,0.002977132797241211,-0.9511984586715698,-0.9454634785652161,-1.6125738620758057,-0.9448888301849365,0,0.670936107635498,1.2142810821533203,563,-1.6059322357177734,0.0637955367565155,-0.0021784305572509766,1.6597877358490564e-07,-0.9533028602600098,562,1676.607010602951,1741098845.4543617,0.48998746275901794
401,0.4452,0.13,0.003908634185791016,-0.0024335384368896484,-1.0279440879821777,-0.7690524458885193,-1.1821303367614746,-0.7689209580421448,1,0.556685209274292,0.9903171062469482,564,-1.1797841787338257,0.06152665987610817,0.0014750957489013672,1.6627358490566038e-07,-1.0240558385849,563,1679.5705647468567,1741098848.4179158,0.5700166821479797
402,0.6379,0.13,0.011606216430664062,-0.008733510971069336,-0.9639556407928467,-1.1518001556396484,-1.5867877006530762,-1.1528105735778809,1,0.7027506828308105,1.286237120628357,565,-1.5899301767349243,0.05963212251663208,0.0028727054595947266,1.6656839622641508e-07,-0.9638710618019104,564,1682.531563282013,1741098851.3789144,1.9697284698486328
403,0.4679,0.13,0.0057582855224609375,0.0048291683197021484,-0.9454992413520813,-0.8132819533348083,-1.4872949123382568,-0.8149857521057129,1,0.439279168844223,0.756420910358429,566,-1.4850430488586426,0.06106871739029884,0.010587453842163086,1.6686320754716982e-07,-0.9447861313819885,565,1685.4699501991272,1741098854.3173013,0.5469984412193298
404,0.5633,0.13,0.00894463062286377,-0.00048661231994628906,-0.9442571997642517,-0.9991949200630188,-1.572920560836792,-0.9975249767303467,1,0.5143739581108093,0.9081802368164062,568,-1.5661492347717285,0.0602838434278965,0.00845801830291748,1.6745283018867924e-07,-0.9449366331100464,567,1691.398696899414,1741098860.246048,1.5650584697723389
405,0.5145,0.13,0.005228161811828613,-0.0003826618194580078,-1.0556374788284302,-0.9043391346931458,-1.782710075378418,-0.9079862236976624,1,0.5150647759437561,0.907729983329773,569,-1.7773542404174805,0.061199791729450226,0.0048454999923706055,1.6774764150943396e-07,-1.058908462524414,568,1694.3370463848114,1741098863.1843975,0.7704303860664368
406,0.6518,0.13,-0.011252045631408691,0.008152604103088379,-1.3259708881378174,-1.181304693222046,-2.0364248752593994,-1.1814944744110107,0,0.5182417035102844,0.905794084072113,571,-2.0375654697418213,0.0653446614742279,-0.0030994415283203125,1.6833726415094337e-07,-1.323441743850708,570,1700.2320001125336,1741098869.0793512,0.699039101600647
407,0.635,0.13,-0.0018677711486816406,0.00023126602172851562,-1.0683441162109375,-1.1424524784088135,-1.7148792743682861,-1.1413590908050537,0,0.7059218883514404,1.2859081029891968,572,-1.7084615230560303,0.06296781450510025,-0.001636505126953125,1.6863207547169812e-07,-1.0696823596954346,571,1703.3123922348022,1741098872.1597433,0.5539789199829102
408,0.7561,0.14,-0.009962797164916992,0.0030946731567382812,-1.0959471464157104,-1.3867156505584717,-1.6338510513305664,-1.3840746879577637,0,0.7179284691810608,1.30582594871521,574,-1.6364736557006836,0.0650155171751976,-0.006868124008178711,1.6922169811320756e-07,-1.0937328338623047,573,1709.183678150177,1741098878.0310292,1.1075711250305176
409,0.4548,0.14,-0.012357711791992188,0.008371114730834961,-1.085662603378296,-0.7841227054595947,-1.5489602088928223,-0.781895637512207,0,0.5814812183380127,1.0317071676254272,575,-1.5489519834518433,0.06562760472297668,-0.0039865970611572266,1.6951650943396226e-07,-1.0838837623596191,574,1712.1453654766083,1741098880.9927166,1.0375208854675293
410,0.5957,0.14,-0.013783574104309082,0.012279987335205078,-1.100496530532837,-1.0675067901611328,-1.7450501918792725,-1.067702054977417,0,0.5095905661582947,0.8871943950653076,576,-1.7423951625823975,0.06599339097738266,-0.001503586769104004,1.6981132075471695e-07,-1.0994843244552612,575,1715.1040225028992,1741098883.9513736,0.6039875745773315
411,0.4997,0.14,0.00951850414276123,-0.00885915756225586,-1.3228859901428223,-0.8806043863296509,-1.5568987131118774,-0.8850134611129761,1,0.499389111995697,0.8784921765327454,577,-1.549617052078247,0.06014302372932434,0.0006593465805053711,1.701061320754717e-07,-1.321075677871704,576,1718.0368144512177,1741098886.8841655,1.1094000339508057
412,0.5382,0.14,0.002141594886779785,0.0025959014892578125,-0.9223254323005676,-0.9515209197998047,-2.0159170627593994,-0.9498072862625122,1,0.4994319677352905,0.8749324679374695,578,-2.0138540267944336,0.06196574866771698,0.004737496376037598,1.704009433962264e-07,-0.9205076098442078,577,1720.997939825058,1741098889.845291,1.1574050188064575
413,0.4569,0.14,0.013316869735717773,-0.006312370300292969,-0.8852011561393738,-0.7924181222915649,-1.0190401077270508,-0.794960081577301,1,0.528526782989502,0.938623309135437,579,-1.0195399522781372,0.05921511724591255,0.007004499435424805,1.706957547169811e-07,-0.8840670585632324,578,1723.9478771686554,1741098892.7952282,0.6263772249221802
414,0.596,0.14,0.008282899856567383,0.0021834373474121094,-1.159329891204834,-1.0685162544250488,-1.3809863328933716,-1.0692414045333862,1,0.6249894499778748,1.1290860176086426,581,-1.3778438568115234,0.06044642627239227,0.010466337203979492,1.7128537735849055e-07,-1.1584630012512207,580,1729.9760291576385,1741098898.8233802,0.5611982941627502
415,0.5715,0.14,0.006469368934631348,-0.0047969818115234375,-1.3168678283691406,-1.0191984176635742,-1.8626521825790405,-1.015220284461975,1,0.5465718507766724,0.9713574647903442,584,-1.8600770235061646,0.06089312210679054,0.0016723871231079102,1.721698113207547e-07,-1.3117811679840088,583,1738.84694647789,1741098907.6942976,0.9783074259757996
416,0.4692,0.14,-0.0033011436462402344,-0.004290103912353516,-0.9678850769996643,-0.8140268325805664,-1.300215721130371,-0.8128128051757812,0,0.6173277497291565,1.1079994440078735,587,-1.3019100427627563,0.06332801282405853,-0.00759124755859375,1.7305424528301888e-07,-0.9659623503684998,586,1747.778882741928,1741098916.6262338,0.7804350852966309
417,0.607,0.14,0.004784584045410156,-0.006624937057495117,-1.0938076972961426,-1.095304012298584,-1.5665535926818848,-1.0969306230545044,1,0.5294322967529297,0.9362454414367676,588,-1.5644912719726562,0.0613095760345459,-0.001840353012084961,1.7334905660377357e-07,-1.0890839099884033,587,1750.716453075409,1741098919.5638041,0.796305239200592
418,0.6467,0.14,0.004021644592285156,-0.0010495185852050781,-0.9638660550117493,-1.1701185703277588,-1.9658715724945068,-1.171532392501831,1,0.6450109481811523,1.1670246124267578,589,-1.9666516780853271,0.06149863079190254,0.002972126007080078,1.736438679245283e-07,-0.9636231660842896,588,1753.77214884758,1741098922.6195,0.6036688089370728
419,0.5571,0.14,-0.004871368408203125,-0.0033648014068603516,-1.1426665782928467,-0.9918506741523743,-1.9702224731445312,-0.9929826259613037,0,0.6398876905441284,1.1523277759552002,590,-1.9669170379638672,0.06372377276420593,-0.008236169815063477,1.7393867924528301e-07,-1.1410510540008545,589,1756.716983795166,1741098925.5643349,0.877196192741394
420,0.5508,0.14,-0.012687206268310547,0.0048187971115112305,-0.8652832508087158,-0.9769108891487122,-1.37538480758667,-0.9749869108200073,0,0.524893581867218,0.9183630347251892,593,-1.3773866891860962,0.06571204215288162,-0.007868409156799316,1.7482311320754718e-07,-0.8631031513214111,592,1765.660837173462,1741098934.5081882,1.037752628326416
421,0.5251,0.14,-0.011708974838256836,-0.001070857048034668,-1.0158746242523193,-0.9282485246658325,-1.3421133756637573,-0.9293535947799683,0,0.41643381118774414,0.7019445896148682,594,-1.3395317792892456,0.06546151638031006,-0.012779831886291504,1.7511792452830187e-07,-1.0138484239578247,593,1768.6102194786072,1741098937.4575706,0.7181714177131653
422,0.702,0.14,0.004106760025024414,-0.0019807815551757812,-1.11203134059906,-1.2806642055511475,-1.9737980365753174,-1.2793482542037964,1,0.7525585293769836,1.3821619749069214,595,-1.970991611480713,0.061477527022361755,0.002125978469848633,1.7541273584905662e-07,-1.1090114116668701,594,1771.5538036823273,1741098940.4011548,0.8007981181144714
423,0.5095,0.14,0.008123636245727539,-0.011684179306030273,-1.143770456314087,-0.8969850540161133,-1.8163169622421265,-0.8976348638534546,1,0.6510187983512878,1.1810663938522339,596,-1.8241647481918335,0.0604855902493,-0.0035605430603027344,1.757075471698113e-07,-1.1414706707000732,595,1774.497632741928,1741098943.3449838,1.0712409019470215
424,0.5664,0.14,-0.004003167152404785,0.0057801008224487305,-0.8937938213348389,-1.0072331428527832,-2.2904953956604004,-1.005586862564087,0,0.5568055510520935,0.9866015315055847,597,-2.293771982192993,0.06350480020046234,0.0017769336700439453,1.7600235849056603e-07,-0.8926899433135986,596,1777.4395785331726,1741098946.2869296,0.6625625491142273
425,0.6007,0.14,0.01032114028930664,-0.005372047424316406,-0.9652715921401978,-1.0771435499191284,-1.6129775047302246,-1.0786168575286865,1,1.093961238861084,2.0680298805236816,598,-1.6113405227661133,0.059946347028017044,0.004949092864990234,1.7629716981132075e-07,-0.965870201587677,597,1780.4982690811157,1741098949.3456202,1.2734633684158325
426,0.4329,0.14,0.00563967227935791,-0.005393505096435547,-0.9299908876419067,-0.7461342215538025,-1.6249401569366455,-0.7471415400505066,1,0.5149307250976562,0.9076654314994812,600,-1.6271030902862549,0.06109803169965744,0.0002461671829223633,1.7688679245283017e-07,-0.9256114363670349,599,1786.714854001999,1741098955.562205,1.6595354080200195
427,0.491,0.14,-0.0055696964263916016,0.0027070045471191406,-0.9308980703353882,-0.8563175797462463,-1.0850297212600708,-0.8553950786590576,0,0.6950685977935791,1.2623368501663208,601,-1.0807271003723145,0.0639001801609993,-0.002862691879272461,1.7718160377358491e-07,-0.9305559396743774,600,1789.7745411396027,1741098958.6218922,0.9646604657173157
428,0.637,0.14,0.009854555130004883,-0.0068662166595458984,-1.0425605773925781,-1.1568108797073364,-1.7515695095062256,-1.15936279296875,1,0.5562228560447693,0.9923244118690491,602,-1.7511913776397705,0.060060638934373856,0.0029883384704589844,1.774764150943396e-07,-1.0371489524841309,601,1792.7561495304108,1741098961.6035006,1.2277207374572754
429,0.5939,0.14,-0.002734065055847168,-0.00022804737091064453,-1.2570173740386963,-1.0671825408935547,-1.5625282526016235,-1.06913161277771,0,0.5692929029464722,1.0122150182724,603,-1.563520908355713,0.06318538635969162,-0.0029621124267578125,1.7777122641509436e-07,-1.254509449005127,602,1795.7000477313995,1741098964.5473988,1.4819328784942627
430,0.4665,0.14,0.019658803939819336,-0.009876012802124023,-1.1014988422393799,-0.8125268220901489,-1.8147122859954834,-0.8141137361526489,1,0.7110468149185181,1.306729793548584,605,-1.8142802715301514,0.057681914418935776,0.009782791137695312,1.7836084905660374e-07,-1.0983784198760986,604,1801.604250907898,1741098970.451602,0.6220413446426392
431,0.4711,0.14,0.009285688400268555,-0.0011489391326904297,-0.9862203001976013,-0.8198450803756714,-1.3859928846359253,-0.8210554718971252,1,0.5582457184791565,0.9960911273956299,606,-1.384962797164917,0.06020013242959976,0.008136749267578125,1.786556603773585e-07,-0.9844052195549011,605,1804.5721182823181,1741098973.4194694,0.8297068476676941
432,0.4616,0.14,-0.005298495292663574,-0.0024580955505371094,-0.8642306327819824,-0.7988748550415039,-0.8872829675674438,-0.7973306179046631,0,0.39862310886383057,0.6695829033851624,607,-0.8888200521469116,0.0638316422700882,-0.007756590843200684,1.7895047169811319e-07,-0.8618866205215454,606,1807.5052554607391,1741098976.3526065,1.0982235670089722
433,0.6551,0.14,0.008170127868652344,-0.0033032894134521484,-1.3016266822814941,-1.1876814365386963,-1.7980663776397705,-1.1870951652526855,1,0.6190195083618164,1.1170907020568848,609,-1.7927842140197754,0.06047415733337402,0.004866838455200195,1.7954009433962263e-07,-1.29848051071167,608,1813.3892664909363,1741098982.2366176,0.6609048843383789
434,0.5388,0.14,0.009623050689697266,-0.0016683340072631836,-0.947735071182251,-0.9556844830513,-1.3078991174697876,-0.9576013088226318,1,0.5301019549369812,0.9399691224098206,610,-1.3071248531341553,0.060117386281490326,0.007954716682434082,1.7983490566037735e-07,-0.9464877247810364,609,1816.3328340053558,1741098985.180185,0.6909656524658203
435,0.4148,0.14,0.009919881820678711,-0.011194229125976562,-0.7893518209457397,-0.7039313316345215,-1.1227636337280273,-0.7039406299591064,1,0.5593836307525635,0.9986780285835266,611,-1.1206727027893066,0.060044631361961365,-0.0012743473052978516,1.8012971698113207e-07,-0.7900378108024597,610,1819.2637033462524,1741098988.1110544,0.779981791973114
436,0.4358,0.14,0.00510561466217041,-0.006145954132080078,-0.8774054050445557,-0.7466022968292236,-1.2085659503936768,-0.7470084428787231,1,0.5240805745124817,0.9257009029388428,613,-1.2091419696807861,0.06123011186718941,-0.001040339469909668,1.8071933962264148e-07,-0.8776365518569946,612,1825.1483793258667,1741098993.9957304,1.0730558633804321
437,0.3947,0.14,-0.004659414291381836,-0.0047760009765625,-0.6251022815704346,-0.6662012338638306,-1.1854830980300903,-0.6654686331748962,0,0.6304879188537598,1.1336352825164795,614,-1.182011604309082,0.06367027759552002,-0.009435415267944336,1.8101415094339623e-07,-0.6223396062850952,613,1828.0917329788208,1741098996.939084,0.6772557497024536
438,0.4271,0.15,0.004822254180908203,-0.003167867660522461,-1.0700459480285645,-0.7292100191116333,-1.2295951843261719,-0.7279947400093079,1,0.5453633069992065,0.9681260585784912,615,-1.2288219928741455,0.06130025163292885,0.0016543865203857422,1.8130896226415092e-07,-1.0687458515167236,614,1831.0230460166931,1741098999.870397,1.064390778541565
439,0.515,0.15,-0.0016765594482421875,0.006170511245727539,-1.0377767086029053,-0.9045940637588501,-1.5464520454406738,-0.9050260782241821,0,0.5713081359863281,1.0167765617370605,616,-1.5464503765106201,0.06291984021663666,0.0044939517974853516,1.8160377358490564e-07,-1.0385518074035645,615,1834.1162450313568,1741099002.963596,0.9410079717636108
440,0.5976,0.15,-0.0001399517059326172,-0.007800102233886719,-1.099046230316162,-1.072350025177002,-1.740210771560669,-1.0710166692733765,0,0.9213381409645081,1.7176063060760498,617,-1.7391600608825684,0.06253499537706375,-0.007940053939819336,1.8189858490566037e-07,-1.095471978187561,616,1837.0695395469666,1741099005.9168906,0.8213855624198914
441,0.5992,0.15,-0.0003185272216796875,-0.0003154277801513672,-1.239539623260498,-1.0727713108062744,-1.4694734811782837,-1.0738238096237183,0,0.7549186944961548,1.3846781253814697,618,-1.4604465961456299,0.06257965415716171,-0.0006339550018310547,1.8219339622641509e-07,-1.241105318069458,617,1840.1493599414825,1741099008.996711,0.9973034262657166
442,0.3831,0.15,0.010389089584350586,-0.005707979202270508,-1.2391047477722168,-0.6455837488174438,-0.6963281035423279,-0.6463590264320374,1,0.4885244369506836,0.8571894764900208,619,-0.6935993432998657,0.05992970988154411,0.004681110382080078,1.824882075471698e-07,-1.2354602813720703,618,1843.1050326824188,1741099011.9523838,0.904254674911499
443,0.6203,0.15,0.002692699432373047,-0.0034682750701904297,-1.1494650840759277,-1.1133403778076172,-1.7736260890960693,-1.1104885339736938,1,0.6467434763908386,1.1698297262191772,620,-1.7713640928268433,0.06182863935828209,-0.0007755756378173828,1.8278301886792453e-07,-1.1488256454467773,619,1846.0678706169128,1741099014.9152217,0.6259501576423645
444,0.3212,0.15,-0.004575967788696289,0.00823068618774414,-0.7712092399597168,-0.5181583762168884,-1.1283222436904907,-0.5180765986442566,0,0.43727055191993713,0.7472426295280457,621,-1.1244499683380127,0.06364922970533371,0.0036547183990478516,1.8307783018867922e-07,-0.7701897621154785,620,1849.0010328292847,1741099017.848384,0.6088901162147522
445,0.5208,0.15,0.008155584335327148,0.0017516613006591797,-1.088139295578003,-0.9184530973434448,-1.3026423454284668,-0.917921781539917,1,0.6009429097175598,1.0809303522109985,622,-1.3001024723052979,0.06047773361206055,0.009907245635986328,1.8337264150943397e-07,-1.0856430530548096,621,1851.9501526355743,1741099020.7975037,1.2867661714553833
446,0.6174,0.15,0.0014622211456298828,-0.00875091552734375,-1.2399121522903442,-1.1184141635894775,-1.4550738334655762,-1.1194872856140137,1,0.761301577091217,1.398333191871643,624,-1.448715090751648,0.06213497743010521,-0.007288694381713867,1.8396226415094338e-07,-1.232067584991455,623,1857.8388304710388,1741099026.6861815,0.8226523399353027
447,0.4627,0.15,0.004721164703369141,0.002509593963623047,-1.0605289936065674,-0.804588794708252,-1.638706922531128,-0.8104252815246582,1,0.4617365598678589,0.8008225560188293,626,-1.633129596710205,0.061325281858444214,0.0072307586669921875,1.8455188679245282e-07,-1.062060832977295,625,1863.7353959083557,1741099032.582747,1.0267503261566162
448,0.5404,0.15,0.031081199645996094,-0.019219398498535156,-0.9447107315063477,-0.9607818126678467,-1.4078575372695923,-0.964167594909668,1,0.6725122928619385,1.2350821495056152,628,-1.4116122722625732,0.05497121065855026,0.011861801147460938,1.8514150943396227e-07,-0.942952036857605,627,1869.60888838768,1741099038.4562395,0.706115186214447
449,0.6172,0.15,0.0058650970458984375,0.0010741949081420898,-1.169138789176941,-1.1106696128845215,-1.2957637310028076,-1.1104094982147217,1,0.5283090472221375,0.934533417224884,629,-1.2959624528884888,0.06104232743382454,0.006939291954040527,1.8543632075471696e-07,-1.1676685810089111,628,1872.571383714676,1741099041.4187348,1.2916239500045776
450,0.5903,0.15,-0.0002505779266357422,-0.0038368701934814453,-1.5720067024230957,-1.061862826347351,-1.812896728515625,-1.0624960660934448,0,0.6556090116500854,1.186092734336853,630,-1.7999242544174194,0.06256265938282013,-0.0040874481201171875,1.857311320754717e-07,-1.566040277481079,629,1875.513571023941,1741099044.360922,0.801041841506958
451,0.5342,0.15,-0.007137775421142578,0.00514984130859375,-1.1018189191818237,-0.9476531744003296,-1.1612639427185059,-0.9487408399581909,0,0.688048243522644,1.247502088546753,631,-1.1613554954528809,0.06429718434810638,-0.001987934112548828,1.860259433962264e-07,-1.098597526550293,630,1878.449886083603,1741099047.2972372,0.8629565834999084
452,0.3753,0.15,0.0074623823165893555,-0.0028949975967407227,-0.7170034646987915,-0.6279146671295166,-0.9517297148704529,-0.629075825214386,1,0.5460366606712341,0.9707766175270081,633,-0.9429904222488403,0.06064832583069801,0.004567384719848633,1.8661556603773584e-07,-0.7155783772468567,632,1884.4494099617004,1741099053.296761,0.750106155872345
453,0.3594,0.15,0.01761925220489502,-0.009367942810058594,-0.9143573045730591,-0.6009876728057861,-1.0055365562438965,-0.6037254333496094,1,0.463866263628006,0.8113869428634644,634,-1.003234624862671,0.0581727959215641,0.008251309394836426,1.8691037735849056e-07,-0.9098852276802063,633,1887.3778204917908,1741099056.2251716,0.7225051522254944
454,0.553,0.15,0.0016827583312988281,0.0021219253540039062,-0.9632190465927124,-0.9785356521606445,-2.088306427001953,-0.9801149964332581,1,0.49925166368484497,0.8743432760238647,635,-2.087325096130371,0.062080018222332,0.0038046836853027344,1.8720518867924528e-07,-0.9672305583953857,634,1890.5041389465332,1741099059.35149,0.7085544466972351
455,0.4226,0.15,0.003540635108947754,-0.0014948844909667969,-0.6963996887207031,-0.720216691493988,-1.4183506965637207,-0.7213917970657349,1,0.4713032841682434,0.8193706274032593,636,-1.418466567993164,0.06161797419190407,0.002045750617980957,1.875e-07,-0.6975659132003784,635,1893.439940214157,1741099062.2872913,0.5749590396881104
456,0.4999,0.15,0.011715412139892578,0.007773637771606445,-0.7851300835609436,-0.8687700629234314,-1.6143755912780762,-0.8623785972595215,1,0.5743592381477356,1.0295075178146362,637,-1.609562635421753,0.05960546061396599,0.019489049911499023,1.877948113207547e-07,-0.7845556139945984,636,1896.362756729126,1741099065.2101078,1.3511697053909302
457,0.4645,0.15,0.04292023181915283,-0.0420985221862793,-1.278076410293579,-0.8105121850967407,-1.4918076992034912,-0.8089349269866943,1,0.43625691533088684,0.768052875995636,640,-1.4879734516143799,0.05223047733306885,0.0008217096328735352,1.8867924528301886e-07,-1.2696272134780884,639,1905.1799726486206,1741099074.0273237,1.3126002550125122
458,0.5392,0.15,0.024990081787109375,-0.03302288055419922,-0.8288472890853882,-0.9633673429489136,-1.2642232179641724,-0.9626114368438721,1,0.5317679643630981,0.9507187008857727,641,-1.2616207599639893,0.056408606469631195,-0.008032798767089844,1.8897405660377358e-07,-0.8178204894065857,640,1908.079116821289,1741099076.926468,1.7836614847183228
459,0.4949,0.15,0.009551525115966797,-0.012233257293701172,-1.0753862857818604,-0.8704291582107544,-1.6554049253463745,-0.869390070438385,1,0.44949719309806824,0.7787245512008667,643,-1.6488580703735352,0.060134924948215485,-0.002681732177734375,1.8956367924528302e-07,-1.0686392784118652,642,1914.0781788825989,1741099082.92553,0.6118226647377014
460,0.4733,0.15,-0.009844660758972168,0.0076754093170166016,-0.9719902276992798,-0.8188709020614624,-1.465902328491211,-0.8177236318588257,0,0.505311131477356,0.8806514739990234,644,-1.4642088413238525,0.06498539447784424,-0.0021692514419555664,1.8985849056603772e-07,-0.9736062288284302,643,1917.0126581192017,1741099085.8600092,0.8873093724250793
461,0.488,0.15,0.0018935203552246094,0.001556396484375,-1.178839921951294,-0.8547822833061218,-1.4070839881896973,-0.8572008609771729,1,0.46711301803588867,0.8101710081100464,645,-1.403770923614502,0.06202751770615578,0.0034499168395996094,1.9015330188679244e-07,-1.1774311065673828,644,1920.0863530635834,1741099088.9337041,0.8055504560470581
462,0.6394,0.15,0.0023137331008911133,0.0016721487045288086,-1.1898002624511719,-1.1549408435821533,-1.57712721824646,-1.1530613899230957,1,0.5075327157974243,0.8912196159362793,646,-1.5782344341278076,0.06192290410399437,0.003985881805419922,1.9044811320754716e-07,-1.1868090629577637,645,1923.0292222499847,1741099091.8765733,0.8793280124664307
463,0.5448,0.15,0.015607357025146484,-0.012841463088989258,-1.0292842388153076,-0.9685885906219482,-1.2970627546310425,-0.9709217548370361,1,0.5697271823883057,1.0221362113952637,648,-1.2913181781768799,0.058659058064222336,0.0027658939361572266,1.910377358490566e-07,-1.027512788772583,647,1928.8875641822815,1741099097.7349153,1.1548599004745483
464,0.5091,0.15,0.0006544589996337891,0.0022165775299072266,-0.9130170345306396,-0.8959043025970459,-1.2831804752349854,-0.8988534808158875,1,0.4474128484725952,0.7701526880264282,649,-1.2798742055892944,0.06233649328351021,0.0028710365295410156,1.9133254716981132e-07,-0.913024365901947,648,1931.808667421341,1741099100.6560185,1.1459269523620605
465,0.659,0.15,0.01770329475402832,-0.011607170104980469,-0.9700344204902649,-1.1970908641815186,-2.2135612964630127,-1.1984386444091797,1,0.6789323091506958,1.2415595054626465,650,-2.2074296474456787,0.05815252661705017,0.0060961246490478516,1.9162735849056601e-07,-0.9673010110855103,649,1934.771996974945,1741099103.619348,0.7980895638465881
466,0.635,0.15,-0.0024976730346679688,0.0011715888977050781,-0.945027232170105,-1.1446685791015625,-1.5032496452331543,-1.1464779376983643,0,0.586319088935852,1.0463862419128418,651,-1.506893515586853,0.06312597543001175,-0.0013260841369628906,1.9192216981132076e-07,-0.9470444917678833,650,1937.7276709079742,1741099106.575022,0.7700003981590271
467,0.421,0.15,0.002354860305786133,-0.0033178329467773438,-1.326284646987915,-0.718899130821228,-1.1576383113861084,-0.7174878120422363,1,0.6008260846138,1.0778268575668335,652,-1.1546504497528076,0.061912670731544495,-0.0009629726409912109,1.9221698113207546e-07,-1.3230036497116089,651,1940.6754434108734,1741099109.5227945,1.710517168045044
468,0.4712,0.15,0.0022373199462890625,-0.0003260374069213867,-1.0342493057250977,-0.8181973099708557,-1.5389047861099243,-0.8156479001045227,1,0.4323985278606415,0.7409132122993469,653,-1.5417625904083252,0.06194192171096802,0.0019112825393676758,1.9251179245283018e-07,-1.0308618545532227,652,1943.8069548606873,1741099112.654306,0.9392162561416626
469,0.4921,0.15,0.007229804992675781,-0.01110982894897461,-1.118351936340332,-0.8623278141021729,-1.0345598459243774,-0.8614226579666138,1,0.5678497552871704,1.014288306236267,654,-1.0337313413619995,0.06070561707019806,-0.003880023956298828,1.928066037735849e-07,-1.1142240762710571,653,1946.8874578475952,1741099115.734809,1.0137895345687866
470,0.6348,0.15,0.0001347064971923828,-0.001451253890991211,-1.1340113878250122,-1.144430160522461,-1.8092892169952393,-1.140936255455017,1,0.847212016582489,1.5694913864135742,655,-1.8089033365249634,0.0624663271009922,-0.0013165473937988281,1.9310141509433962e-07,-1.1307209730148315,654,1949.8374991416931,1741099118.6848502,0.6938349008560181
471,0.7556,0.15,0.007965445518493652,-0.0032036304473876953,-1.1833429336547852,-1.3844335079193115,-1.4924392700195312,-1.3817124366760254,1,0.5248249769210815,0.9286009073257446,657,-1.4922782182693481,0.06052450090646744,0.004761815071105957,1.9369103773584906e-07,-1.1822655200958252,656,1955.7144048213959,1741099124.561756,1.0738314390182495
472,0.6407,0.16,0.005673408508300781,0.0006039142608642578,-1.3438444137573242,-1.161185383796692,-1.900517463684082,-1.1638734340667725,1,0.5365939140319824,0.9510084390640259,658,-1.8955532312393188,0.06108969449996948,0.006277322769165039,1.9398584905660375e-07,-1.3416274785995483,657,1958.6769745349884,1741099127.5243256,0.6608209609985352
473,0.5865,0.16,0.0025720596313476562,-0.005955934524536133,-1.4708079099655151,-1.0528074502944946,-1.347281575202942,-1.0518479347229004,1,0.45643478631973267,0.7891523241996765,659,-1.3392055034637451,0.0618586391210556,-0.0033838748931884766,1.942806603773585e-07,-1.4648725986480713,658,1961.6235246658325,1741099130.4708757,0.7682937383651733
474,0.5867,0.16,0.001216888427734375,-0.006042003631591797,-1.264904499053955,-1.052412748336792,-1.6956406831741333,-1.0534230470657349,1,0.7112360000610352,1.2980797290802002,660,-1.6899397373199463,0.062196146696805954,-0.004825115203857422,1.945754716981132e-07,-1.2618095874786377,659,1964.5718145370483,1741099133.4191656,0.7942515015602112
475,0.5218,0.16,0.011057138442993164,-0.004323720932006836,-1.2140212059020996,-0.9250181913375854,-1.5788178443908691,-0.9264609813690186,1,0.5220164656639099,0.9245003461837769,661,-1.5821382999420166,0.05976628139615059,0.006733417510986328,1.9487028301886792e-07,-1.2088673114776611,660,1967.5135424137115,1741099136.3608935,0.713468074798584
476,0.5196,0.16,-0.0023381710052490234,-0.0028824806213378906,-0.9512044191360474,-0.9224302172660828,-1.2709966897964478,-0.9236185550689697,0,0.6939533948898315,1.261734962463379,662,-1.2705882787704468,0.06308590620756149,-0.005220651626586914,1.9516509433962264e-07,-0.9437593221664429,661,1970.4437549114227,1741099139.291106,1.0522111654281616
477,0.6658,0.16,0.005048632621765137,-0.0027958154678344727,-1.0849308967590332,-1.2059612274169922,-1.928149700164795,-1.205019474029541,1,0.6099429130554199,1.0973974466323853,663,-1.9302010536193848,0.061244215816259384,0.002252817153930664,1.9545990566037736e-07,-1.0844850540161133,662,1973.4053332805634,1741099142.2526844,0.7885960340499878
478,0.5567,0.16,0.01814138889312744,-0.009111285209655762,-1.106046438217163,-0.9898240566253662,-1.4386433362960815,-0.989695131778717,1,0.5319885015487671,0.9478831887245178,665,-1.4411017894744873,0.05804692953824997,0.00903010368347168,1.960495283018868e-07,-1.1043519973754883,664,1979.2980391979218,1741099148.1453903,1.087433934211731
479,0.7152,0.16,0.0025115013122558594,-0.0004425048828125,-1.0848482847213745,-1.3027899265289307,-1.6471199989318848,-1.2985643148422241,1,0.6897099614143372,1.255672574043274,667,-1.6411622762680054,0.061873700469732285,0.0020689964294433594,1.9663915094339624e-07,-1.0831085443496704,666,1985.1872527599335,1741099154.0346038,0.6226859092712402
480,0.4914,0.16,-0.01270747184753418,0.014566898345947266,-0.8384957313537598,-0.8620949983596802,-1.691171646118164,-0.8656846284866333,0,0.4451441168785095,0.7588537931442261,668,-1.6869964599609375,0.06571723520755768,0.001859426498413086,1.9693396226415093e-07,-0.8377429842948914,667,1988.1111147403717,1741099156.9584658,1.032748818397522
481,0.4273,0.16,-0.004072666168212891,0.001964092254638672,-1.0650542974472046,-0.7264070510864258,-1.2151165008544922,-0.726205050945282,0,0.6711447238922119,1.2152447700500488,670,-1.2145602703094482,0.06352231651544571,-0.0021085739135742188,1.9752358490566037e-07,-1.0680878162384033,669,1994.1202461719513,1741099162.9675972,0.7208249568939209
482,0.6942,0.16,0.013175010681152344,-0.011630773544311523,-1.3640285730361938,-1.2660342454910278,-1.929764986038208,-1.2654414176940918,1,0.5062313079833984,0.8939633369445801,671,-1.9285306930541992,0.0592496432363987,0.0015442371368408203,1.9781839622641507e-07,-1.3607800006866455,670,1997.0628142356873,1741099165.9101653,0.9532127380371094
483,0.5481,0.16,0.006464242935180664,-0.004005074501037598,-1.1533488035202026,-0.9680481553077698,-1.5458042621612549,-0.9667370319366455,1,0.4980820417404175,0.8743752837181091,672,-1.5456011295318604,0.06089438498020172,0.0024591684341430664,1.9811320754716982e-07,-1.1550947427749634,671,2000.1488389968872,1741099168.99619,1.1339439153671265
484,0.4623,0.16,-2.8848648071289062e-05,0.0035806894302368164,-1.128648281097412,-0.8034980297088623,-1.6134731769561768,-0.8029761910438538,0,0.3987037241458893,0.6723930239677429,675,-1.608425498008728,0.06250721216201782,0.0035518407821655273,1.9899764150943395e-07,-1.1241793632507324,674,2009.0866043567657,1741099177.9339554,0.8390234708786011
485,0.5312,0.16,-0.0015423297882080078,-0.0076961517333984375,-1.0935008525848389,-0.9372806549072266,-1.7337212562561035,-0.9375614523887634,0,0.793401837348938,1.4610313177108765,677,-1.7296830415725708,0.06288617849349976,-0.009238481521606445,1.9958726415094337e-07,-1.0938502550125122,676,2014.9797720909119,1741099183.8271232,0.8348175287246704
486,0.6404,0.16,-0.014540553092956543,0.00540924072265625,-1.1413713693618774,-1.1530094146728516,-1.593009114265442,-1.151418685913086,0,0.5620282292366028,0.9916804432868958,678,-1.5932070016860962,0.06618799269199371,-0.009131312370300293,1.9988207547169811e-07,-1.1425182819366455,677,2017.9258489608765,1741099186.7732,0.6442080140113831
487,0.4628,0.16,0.004873514175415039,-0.009719133377075195,-1.161736249923706,-0.8089946508407593,-1.6481908559799194,-0.8115299344062805,1,0.5278085470199585,0.9330419301986694,681,-1.643918514251709,0.06128755956888199,-0.004845619201660156,2.0076650943396225e-07,-1.1556113958358765,680,2026.7742450237274,1741099195.621596,0.7263960242271423
488,0.4417,0.16,0.010528564453125,-0.008195161819458008,-0.9511117935180664,-0.7638925313949585,-1.2928521633148193,-0.7663893699645996,1,0.5756887197494507,1.0315862894058228,682,-1.2928376197814941,0.05989557132124901,0.002333402633666992,2.0106132075471697e-07,-0.9480711221694946,681,2029.7004499435425,1741099198.547801,1.2383692264556885
489,0.4327,0.16,0.022617101669311523,-0.013517618179321289,-1.1303634643554688,-0.747785210609436,-1.3900796175003052,-0.7502726912498474,1,0.7690155506134033,1.424083948135376,683,-1.3879961967468262,0.05697360634803772,0.009099483489990234,2.013561320754717e-07,-1.125166893005371,682,2032.6287784576416,1741099201.4761295,1.0540050268173218
490,0.5816,0.16,0.0023424625396728516,-0.007714986801147461,-1.2182626724243164,-1.039515733718872,-1.9471807479858398,-1.0379184484481812,1,0.5939345359802246,1.064037561416626,684,-1.9421392679214478,0.06191575527191162,-0.005372524261474609,2.016509433962264e-07,-1.215419054031372,683,2035.6020300388336,1741099204.449381,0.544867753982544
491,0.4886,0.16,0.005490779876708984,-0.003210783004760742,-1.1092422008514404,-0.8538753986358643,-1.76033353805542,-0.8547607660293579,1,0.6446371078491211,1.1670045852661133,685,-1.7635761499404907,0.06113484129309654,0.002279996871948242,2.019457547169811e-07,-1.108375906944275,684,2038.6792426109314,1741099207.5265937,0.5434706807136536
492,0.5063,0.16,5.9604644775390625e-06,-0.0009274482727050781,-0.972021758556366,-0.8893700242042542,-1.9210009574890137,-0.8889082670211792,1,0.6102344989776611,1.095471978187561,686,-1.9167252779006958,0.062498509883880615,-0.0009214878082275391,2.0224056603773585e-07,-0.9698152542114258,685,2041.6453955173492,1741099210.4927466,0.6350111961364746
493,0.6607,0.16,0.010178804397583008,-0.010754108428955078,-1.4443519115447998,-1.2026593685150146,-1.6748037338256836,-1.1996896266937256,1,0.7691084742546082,1.4182544946670532,688,-1.670212984085083,0.059981200844049454,-0.0005753040313720703,2.028301886792453e-07,-1.4348810911178589,687,2047.5461015701294,1741099216.3934526,0.87888103723526
494,0.5548,0.16,0.034658193588256836,-0.028045654296875,-1.2151613235473633,-0.9895350933074951,-1.344193458557129,-0.9881675839424133,1,0.6024993658065796,1.0967272520065308,689,-1.339371681213379,0.054135750979185104,0.006612539291381836,2.03125e-07,-1.208512783050537,688,2050.493118286133,1741099219.3404694,0.9502393007278442
495,0.5722,0.16,0.013847112655639648,-0.010926961898803711,-1.1695181131362915,-1.022231101989746,-1.7032475471496582,-1.0239100456237793,1,0.6054628491401672,1.0927534103393555,690,-1.7003110647201538,0.059086158871650696,0.0029201507568359375,2.034198113207547e-07,-1.1683783531188965,689,2053.4413442611694,1741099222.2886953,0.717608630657196
496,0.4833,0.16,0.012552142143249512,-0.005676865577697754,-1.0364911556243896,-0.8491429090499878,-0.9031293392181396,-0.8477339744567871,1,0.4301143288612366,0.7414259314537048,693,-0.9016858339309692,0.05940135195851326,0.006875276565551758,2.0430424528301887e-07,-1.0273373126983643,692,2062.3023285865784,1741099231.1496797,0.853222131729126
497,0.4861,0.16,0.03683876991271973,-0.03832197189331055,-1.2765741348266602,-0.8533519506454468,-1.9423316717147827,-0.8534272909164429,1,0.5823891162872314,1.0575190782546997,694,-1.937034010887146,0.05362958088517189,-0.0014832019805908203,2.045990566037736e-07,-1.2702770233154297,693,2065.2351553440094,1741099234.0825064,1.3876240253448486
498,0.5192,0.16,0.015493154525756836,-0.014302968978881836,-1.366224765777588,-0.9232515096664429,-1.4579089879989624,-0.925702691078186,1,0.4285833239555359,0.7397931814193726,696,-1.452111840248108,0.058686722069978714,0.001190185546875,2.0518867924528303e-07,-1.3586751222610474,695,2071.1378090381622,1741099239.98516,1.2604594230651855
499,0.5558,0.16,-0.0011248588562011719,-0.004578828811645508,-0.933678388595581,-0.9889151453971863,-1.8779220581054688,-0.9875864386558533,0,0.4836113452911377,0.8416596055030823,699,-1.8691198825836182,0.06278152763843536,-0.00570368766784668,2.0607311320754717e-07,-0.9299293160438538,698,2080.1254472732544,1741099248.9727983,0.5587139129638672
