,train/learning_rate,train/rewards/rejected,train/losses/dpo,train/logps/answer,_step,train/loss,train/rewards/chosen,train/global_step,train/logps/chosen,train/losses/total,train/losses/sft,train/rewards/accuracies,train/grad_norm,_runtime,_timestamp,train/epoch,train/rewards/margins,train/logps/rejected
0,0,-1.2925251722335815,0.8360368013381958,-0.2883381247520447,0,0.836,-1.0604164600372314,1,-0.5302082300186157,0.8360368013381958,0.5302082300186157,1,6.132688522338867,21.258195576,1731479400.2160003,0.0,0.2321087121963501,-0.6462625861167908
1,0,-1.8766686916351318,0.8001754283905029,-0.797599732875824,1,0.8002,-1.5803695917129517,2,-0.7901847958564758,0.8001754283905029,0.7901847958564758,1,1.8680214881896973,24.173533452,1731479403.0922503,0.0,0.2962990999221802,-0.9383343458175659
2,0,-2.024535894393921,1.136336088180542,-1.6507457494735718,2,1.1363,-2.2737481594085693,3,-1.1368740797042847,1.136336088180542,1.1368740797042847,0,2.4984822273254395,26.428939025,1731479405.3868678,0.0,-0.24921226501464844,-1.0122679471969604
3,0,-2.4770805835723877,0.47009047865867615,-1.1681222915649414,3,0.4701,-1.4664865732192993,4,-0.7332432866096497,0.47009047865867615,0.7332432866096497,1,2.09682297706604,28.702909043,1731479407.6608062,0.0,1.0105940103530884,-1.2385402917861938
4,0,-1.6542205810546875,0.8329554796218872,-2.461962938308716,4,0.833,-1.416666865348816,5,-0.708333432674408,0.8329554796218872,0.7083333730697632,1,4.295703411102295,30.59453193,1731479409.5524392,0.0,0.23755371570587158,-0.8271102905273438
5,0,-0.9767081141471863,0.9745142459869385,-1.4398868083953857,5,0.9745,-0.9774104952812195,6,-0.48870524764060974,0.9745142459869385,0.4887051582336426,0,9.88667106628418,32.645481378,1731479411.5567348,0.0,-0.0007023811340332031,-0.48835405707359314
6,0,-1.7032746076583862,0.8620510101318359,-1.5051459074020386,6,0.8621,-1.5166335105895996,7,-0.7583167552947998,0.8620510101318359,0.7583167552947998,1,1.5624496936798096,34.61034456,1731479413.5682516,0.0,0.18664109706878662,-0.8516373038291931
7,0,-2.0088634490966797,0.9507310390472412,-1.46873939037323,7,0.9507,-1.9710873365402222,8,-0.9855436682701111,0.9507310390472412,0.9855437874794006,1,3.5307936668395996,36.649935218,1731479415.607858,0.0,0.03777611255645752,-1.0044317245483398
8,0,-1.0805696249008179,1.549640417098999,-0.9414105415344238,8,1.5496,-1.8915412425994873,9,-0.9457706212997437,1.549640417098999,0.9457705616950989,0,1.7845126390457153,39.029531647,1731479417.9874265,0.0,-0.8109716176986694,-0.5402848124504089
9,0,-1.8948349952697754,1.1142528057098389,-1.8592125177383423,9,1.1143,-2.1113522052764893,10,-1.0556761026382446,1.1142528057098389,1.0556761026382446,0,0.8913094997406006,41.047048137,1731479420.0049946,0.0,-0.21651721000671387,-0.9474174976348877
10,0,-2.206894636154175,0.9135360717773438,-1.1137889623641968,10,0.9135,-2.107764482498169,11,-1.0538822412490845,0.9135360717773438,1.053882360458374,1,1.4517226219177246,43.577462257,1731479422.4925463,0.0,0.09913015365600586,-1.1034473180770874
11,0,-1.8395899534225464,0.9670041799545288,-2.475748300552368,11,0.967,-1.828202724456787,12,-0.9141013622283936,0.9670041799545288,0.9141014814376831,1,2.397425889968872,45.557345336,1731479424.5152354,0.0,0.011387228965759277,-0.9197949767112732
12,0,-0.1817331612110138,0.9785794019699097,-0.2612024247646332,12,0.9786,-0.18895664811134338,13,-0.09447832405567169,0.9785794019699097,0.09447833150625229,0,2.403268814086914,47.536512296,1731479426.4944327,0.0,-0.00722348690032959,-0.0908665806055069
13,0,-0.27734243869781494,1.4676508903503418,-0.7932730317115784,13,1.4677,-0.983022928237915,14,-0.4915114641189575,1.4676508903503418,0.4915114641189575,0,3.1640989780426025,49.522170285,1731479428.4800858,0.0,-0.7056804895401001,-0.13867121934890747
14,0,-1.6278363466262817,1.7798848152160645,-1.8401483297348022,14,1.7799,-2.7230076789855957,15,-1.3615038394927979,1.7798848152160645,1.3615039587020874,0,2.4179389476776123,51.535908377,1731479430.4938517,0.0,-1.095171332359314,-0.8139181733131409
15,0,-2.4989211559295654,0.6138255000114441,-1.1805459260940552,15,0.6138,-1.8334394693374634,16,-0.9167197346687317,0.6138255000114441,0.9167197346687317,1,0.8935859799385071,53.544872635,1731479432.5027866,0.0,0.665481686592102,-1.2494605779647827
16,0,-0.3585522174835205,0.9740769863128662,-1.1349390745162964,16,0.9741,-0.3585522174835205,17,-0.17927610874176025,0.9740769863128662,0.17927610874176025,0,0.010202801786363125,55.658951218,1731479434.6168573,0.0,0.0,-0.17927610874176025
17,0,-2.9324159622192383,0.4576573967933655,-1.0945121049880981,17,0.4577,-1.888322114944458,18,-0.944161057472229,0.4576573967933655,0.944161057472229,1,1.92393958568573,57.69079464,1731479436.6486764,0.0,1.0440938472747803,-1.4662079811096191
18,0,-1.29185152053833,1.205600380897522,-1.4717631340026855,18,1.2056,-1.641473650932312,19,-0.820736825466156,1.205600380897522,0.820736825466156,0,2.5020105838775635,59.698307214,1731479438.6562266,0.0,-0.34962213039398193,-0.645925760269165
19,0,-0.7999743223190308,1.3120354413986206,-1.531440019607544,19,1.312,-1.298296570777893,20,-0.6491482853889465,1.3120354413986206,0.6491482853889465,0,5.6361589431762695,61.729453733,1731479440.6439629,0.0,-0.4983222484588623,-0.3999871611595154
20,0,-3.3932254314422607,0.29149290919303894,-0.9910725355148315,20,0.2915,-1.809770107269287,21,-0.9048850536346436,0.29149290919303894,0.9048849940299988,1,1.6923476457595825,63.708375551,1731479442.6662977,0.0,1.5834553241729736,-1.6966127157211304
21,0,-1.515671730041504,1.1908200979232788,-2.244760751724243,21,1.1908,-1.844126582145691,22,-0.9220632910728455,1.1908200979232788,0.9220633506774902,0,1.813601016998291,65.740959518,1731479444.6988595,0.0,-0.328454852104187,-0.757835865020752
22,0,-1.6395055055618286,0.49233806133270264,-2.134673833847046,22,0.4923,-0.687164306640625,23,-0.3435821533203125,0.49233806133270264,0.3435821235179901,1,2.240485906600952,67.752783323,1731479446.7107124,0.0,0.9523411989212036,-0.8197527527809143
23,0,-0.9501822590827942,1.917115330696106,-1.4657707214355469,23,1.9171,-2.208266019821167,24,-1.1041330099105835,1.917115330696106,1.1041330099105835,0,8.426340103149414,69.745525139,1731479448.7034256,0.0,-1.2580838203430176,-0.4750911295413971
24,0,-2.2559800148010254,0.9980719685554504,-2.1677441596984863,24,0.9981,-2.29425311088562,25,-1.14712655544281,0.9980719685554504,1.14712655544281,0,2.1500844955444336,71.813496165,1731479450.732092,0.0,-0.03827309608459473,-1.1279900074005127
25,0,-2.2108302116394043,0.6418282389640808,-1.2105547189712524,25,0.6418,-1.6054154634475708,26,-0.8027077317237854,0.6418282389640808,0.8027077317237854,1,0.9594829082489014,73.802239246,1731479452.7601676,0.0,0.6054147481918335,-1.1054151058197021
26,0,-0.37504512071609497,0.9740769863128662,-0.3672357499599457,26,0.9741,-0.37504512071609497,27,-0.18752256035804749,0.9740769863128662,0.18752256035804749,0,0.009340242482721806,75.786480366,1731479454.7443907,0.0,0.0,-0.18752256035804749
27,0,-1.1605350971221924,1.2582619190216064,-1.409486174583435,27,1.2583,-1.584515929222107,28,-0.7922579646110535,1.2582619190216064,0.7922578454017639,0,2.861083745956421,77.797133826,1731479456.755069,0.0,-0.42398083209991455,-0.5802675485610962
28,0,-2.4355814456939697,0.5754624009132385,-1.6640684604644775,28,0.5755,-1.684491515159607,29,-0.8422457575798035,0.5754624009132385,0.8422457575798035,1,2.055816173553467,79.833014385,1731479458.7909498,0.0,0.7510899305343628,-1.2177907228469849
29,0,-1.5825947523117065,1.1510883569717407,-1.9959876537322998,29,1.1511,-1.853458285331726,30,-0.926729142665863,1.1510883569717407,0.926729142665863,0,1.5634506940841675,81.909470968,1731479460.8224206,0.0,-0.27086353302001953,-0.7912973761558533
30,0,-1.5958774089813232,0.782630443572998,-0.7116789221763611,30,0.7826,-1.267490267753601,31,-0.6337451338768005,0.782630443572998,0.6337450742721558,1,1.605411171913147,83.888655651,1731479462.846559,0.0,0.32838714122772217,-0.7979387044906616
31,0,-1.283319115638733,0.8387236595153809,-0.7735707759857178,31,0.8387,-1.0559477806091309,32,-0.5279738903045654,0.8387236595153809,0.5279738903045654,1,1.495307445526123,85.910156338,1731479464.8680193,0.0,0.22737133502960205,-0.6416595578193665
32,0,-2.600480318069458,0.6233758330345154,-1.5623321533203125,32,0.6234,-1.9557019472122192,33,-0.9778509736061096,0.6233758330345154,0.977851152420044,1,1.801604986190796,87.93871405,1731479466.8965826,0.0,0.6447783708572388,-1.300240159034729
33,0,-0.2765284776687622,2.1274702548980713,-0.48358961939811707,33,2.1275,-1.777144193649292,34,-0.888572096824646,2.1274702548980713,0.8885722160339355,0,6.1784772872924805,89.952289175,1731479468.9102125,0.0,-1.5006157159805298,-0.1382642388343811
34,0,-1.902956247329712,1.0108458995819092,-1.504583477973938,34,1.0108,-1.9613854885101318,35,-0.9806927442550659,1.0108458995819092,0.9806927442550659,0,1.393052339553833,92.033499123,1731479470.9452062,0.0,-0.05842924118041992,-0.951478123664856
35,0,-2.0914289951324463,0.6977003216743469,-1.4010009765625,35,0.6977,-1.6005146503448486,36,-0.8002573251724243,0.6977003216743469,0.8002573251724243,1,0.9988549947738647,94.014612701,1731479472.9725296,0.0,0.49091434478759766,-1.0457144975662231
36,0,-1.919403076171875,0.9479918479919434,-1.0746393203735352,36,0.948,-1.877158522605896,37,-0.938579261302948,0.9479918479919434,0.9385790824890137,1,0.9785367846488953,96.805145243,1731479475.7630627,0.0,0.042244553565979004,-0.9597015380859375
37,0,-1.808416724205017,0.7850764989852905,-0.9883295893669128,37,0.7851,-1.484531283378601,38,-0.7422656416893005,0.7850764989852905,0.7422656416893005,1,2.6178369522094727,98.823659633,1731479477.7815802,0.0,0.323885440826416,-0.9042083621025085
38,0,-2.117351531982422,0.7752178907394409,-1.6050344705581665,38,0.7752,-1.7752652168273926,39,-0.8876326084136963,0.7752178907394409,0.8876326680183411,1,4.122151851654053,100.833448666,1731479479.7913558,0.0,0.3420863151550293,-1.058675765991211
39,0,-1.8731162548065186,1.013927936553955,-2.4735910892486572,39,1.0139,-1.9363863468170166,40,-0.9681931734085083,1.013927936553955,0.9681932926177979,0,1.6943353414535522,102.909493373,1731479481.823871,0.01,-0.06327009201049805,-0.9365581274032593
40,0,-2.715817451477051,0.3031863272190094,-3.203562021255493,40,0.3032,-1.1778299808502197,41,-0.5889149904251099,0.3031863272190094,0.5889148712158203,1,1.4951754808425903,104.905050712,1731479483.8629894,0.01,1.537987470626831,-1.3579087257385254
41,0,-1.8636047840118408,1.4389700889587402,-1.6600704193115234,41,1.439,-2.5318522453308105,42,-1.2659261226654053,1.4389700889587402,1.2659258842468262,0,2.5867857933044434,107.257753574,1731479486.215675,0.01,-0.6682474613189697,-0.9318023920059204
42,0,-2.023902654647827,0.9745849370956421,-1.215548038482666,42,0.9746,-2.0247185230255127,43,-1.0123592615127563,0.9745849370956421,1.012359380722046,0,4.215023517608643,109.272201704,1731479488.2301388,0.01,-0.0008158683776855469,-1.0119513273239136
43,0,-1.7881464958190918,0.8026870489120483,-1.0391712188720703,43,0.8027,-1.4964029788970947,44,-0.7482014894485474,0.8026870489120483,0.7482014298439026,1,3.6463942527770996,111.287800801,1731479490.245711,0.01,0.29174351692199707,-0.8940732479095459
44,0,-1.4470106363296509,1.0104649066925049,-0.9032148122787476,44,1.0105,-1.5048407316207886,45,-0.7524203658103943,1.0104649066925049,0.7524203062057495,0,1.167052149772644,113.349500032,1731479492.264211,0.01,-0.057830095291137695,-0.7235053181648254
45,0,-2.246281385421753,0.6718646883964539,-1.0398950576782227,45,0.6719,-1.7032536268234253,46,-0.8516268134117126,0.6718646883964539,0.8516268134117126,1,10.704802513122559,115.319498639,1731479494.2774098,0.01,0.5430277585983276,-1.1231406927108765
46,0,-2.1687450408935547,0.4596419036388397,-0.4114367961883545,46,0.4596,-1.1300458908081055,47,-0.5650229454040527,0.4596419036388397,0.565022885799408,1,2.1811866760253906,117.337183496,1731479496.295116,0.01,1.0386991500854492,-1.0843725204467773
47,0,-2.3792612552642822,0.6591632962226868,-1.5751193761825562,47,0.6592,-1.8100978136062622,48,-0.9050489068031311,0.6591632962226868,0.9050489664077759,1,4.302455425262451,119.369756434,1731479498.327669,0.01,0.56916344165802,-1.1896306276321411
48,0,-2.3796043395996094,0.7610036730766296,-1.139399766921997,48,0.761,-2.0110039710998535,49,-1.0055019855499268,0.7610036730766296,1.0055019855499268,1,1.2055790424346924,121.39939425,1731479500.3573072,0.01,0.36860036849975586,-1.1898021697998047
49,0,-1.7944201231002808,1.2736890316009521,-1.556503176689148,49,1.2737,-2.2398862838745117,50,-1.1199431419372559,1.2736890316009521,1.1199432611465454,0,2.285658836364746,123.493509182,1731479502.40532,0.01,-0.44546616077423096,-0.8972100615501404
50,0,-1.5401438474655151,0.8948150873184204,-0.9124345779418945,50,0.8948,-1.4095555543899536,51,-0.7047777771949768,0.8948150873184204,0.7047777771949768,1,1.8069487810134888,125.475986709,1731479504.4338987,0.01,0.13058829307556152,-0.7700719237327576
51,0,-1.7730835676193237,1.1997029781341553,-1.2675795555114746,51,1.1997,-2.114276170730591,52,-1.0571380853652954,1.1997029781341553,1.0571380853652954,0,4.877599239349365,127.488815167,1731479506.4467301,0.01,-0.3411926031112671,-0.8865417838096619
52,0,-2.651491403579712,0.45904552936553955,-1.1199162006378174,52,0.459,-1.6111730337142944,53,-0.8055865168571472,0.45904552936553955,0.8055865168571472,1,1.9808118343353271,129.50465034,1731479508.4625723,0.01,1.0403183698654175,-1.325745701789856
53,0,-1.5148537158966064,0.37972408533096313,-0.12120310217142105,53,0.3797,-0.2424061894416809,54,-0.12120309472084045,0.37972408533096313,0.12120310217142105,1,2.040153741836548,131.497119,1731479510.455061,0.01,1.2724475860595703,-0.7574268579483032
54,0,-2.259295701980591,0.41491344571113586,-0.5893204212188721,54,0.4149,-1.094229817390442,55,-0.547114908695221,0.41491344571113586,0.5471149682998657,1,0.9231724143028259,133.52243247,1731479512.48036,0.01,1.165065884590149,-1.1296478509902954
55,0,-1.8840999603271484,0.9867587685585022,-1.699367642402649,55,0.9868,-1.9043960571289062,56,-0.9521980285644531,0.9867587685585022,0.9521979093551636,0,3.920719861984253,135.54346784,1731479514.5013912,0.01,-0.020296096801757812,-0.9420499801635742
56,0,-1.8802459239959717,0.47154903411865234,-0.4367680549621582,56,0.4715,-0.8735361099243164,57,-0.4367680549621582,0.47154903411865234,0.4367680549621582,1,2.462221622467041,137.560989019,1731479516.5189314,0.01,1.0067098140716553,-0.9401229619979858
57,0,-2.0286600589752197,0.8847552537918091,-1.8631113767623901,57,0.8848,-1.8809996843338013,58,-0.9404998421669006,0.8847552537918091,0.9404997825622559,1,0.8655345439910889,139.614485265,1731479518.5723946,0.01,0.14766037464141846,-1.0143300294876099
58,0,-1.132794737815857,2.3469231128692627,-1.1109648942947388,58,2.3469,-2.879164695739746,59,-1.439582347869873,2.3469231128692627,1.4395822286605835,0,4.333759784698486,141.673517291,1731479520.5878215,0.01,-1.7463699579238892,-0.5663973689079285
59,0,-1.853144884109497,0.4562380313873291,-0.6404457092285156,59,0.4562,-0.8051813840866089,60,-0.40259069204330444,0.4562380313873291,0.40259072184562683,1,2.640571355819702,143.652218764,1731479522.6101127,0.01,1.0479635000228882,-0.9265724420547485
60,0,-2.248098134994507,0.7130575180053711,-1.768060564994812,60,0.7131,-1.7875300645828247,61,-0.8937650322914124,0.7130575180053711,0.8937650918960571,1,1.3850154876708984,146.218693943,1731479525.1766083,0.01,0.46056807041168213,-1.1240490674972534
61,0,-1.336850643157959,0.8223110437393188,-0.4020576775074005,61,0.8223,-1.0803873538970947,62,-0.5401936769485474,0.8223110437393188,0.5401936173439026,1,2.9387197494506836,148.941717488,1731479527.8996372,0.01,0.25646328926086426,-0.6684253215789795
62,0,-2.39339017868042,0.7948163747787476,-1.7737590074539185,62,0.7948,-2.087339162826538,63,-1.043669581413269,0.7948163747787476,1.043669581413269,1,1.7635465860366821,150.969294151,1731479529.927205,0.01,0.30605101585388184,-1.19669508934021
63,0,-3.1462535858154297,0.4750934839248657,-1.8231961727142334,63,0.4751,-2.1489436626434326,64,-1.0744718313217163,0.4750934839248657,1.0744718313217163,1,2.0621066093444824,153.025516614,1731479531.9403243,0.01,0.9973099231719971,-1.5731267929077148
64,0,-2.3112359046936035,0.5649608969688416,-1.3364417552947998,64,0.565,-1.53598153591156,65,-0.76799076795578,0.5649608969688416,0.7679908871650696,1,3.6064612865448,154.999979291,1731479533.9578803,0.01,0.7752543687820435,-1.1556179523468018
65,0,-3.271132230758667,0.6995053887367249,-1.6541657447814941,65,0.6995,-2.783808469772339,66,-1.3919042348861694,0.6995053887367249,1.3919042348861694,1,5.934131145477295,157.013421967,1731479535.9713125,0.01,0.4873237609863281,-1.6355661153793335
66,0,-1.6926721334457397,1.2196301221847534,-0.9751774668693542,66,1.2196,-2.062263250350952,67,-1.031131625175476,1.2196301221847534,1.031131625175476,0,1.3337351083755493,159.046055698,1731479538.0039644,0.01,-0.3695911169052124,-0.8463360667228699
67,0,-1.7754639387130737,0.7516394257545471,-1.0149567127227783,67,0.7516,-1.3892152309417725,68,-0.6946076154708862,0.7516394257545471,0.6946075558662415,1,1.9826668500900269,161.06281447,1731479540.0207434,0.01,0.38624870777130127,-0.8877319693565369
68,0,-1.527670979499817,1.6462217569351196,-1.285399317741394,68,1.6462,-2.459737539291382,69,-1.229868769645691,1.6462217569351196,1.2298686504364014,0,2.979301691055298,163.12552156,1731479542.0390754,0.01,-0.9320665597915649,-0.7638354897499084
69,0,-1.9016011953353882,0.8189238905906677,-1.128828525543213,69,0.8189,-1.6390875577926636,70,-0.8195437788963318,0.8189238905906677,0.8195437788963318,1,6.220495700836182,165.097014251,1731479544.0549166,0.01,0.2625136375427246,-0.9508005976676941
70,0,-1.8743759393692017,0.3473176062107086,-0.29479852318763733,70,0.3473,-0.49554023146629333,71,-0.24777011573314667,0.3473176062107086,0.24777010083198547,1,1.8420835733413696,167.342778159,1731479546.30072,0.01,1.378835678100586,-0.9371879696846008
71,0,-1.8853853940963745,1.0296909809112549,-0.7755852937698364,71,1.0297,-1.9732834100723267,72,-0.9866417050361633,1.0296909809112549,0.9866416454315186,0,2.3804523944854736,169.378561114,1731479548.3364904,0.01,-0.08789801597595215,-0.9426926970481873
72,0,-1.5262277126312256,0.48812106251716614,-0.5174741148948669,72,0.4881,-0.5630043745040894,73,-0.2815021872520447,0.48812106251716614,0.2815021872520447,1,2.411365032196045,171.905432419,1731479550.8178422,0.01,0.9632233381271362,-0.7631138563156128
73,0,-2.1555891036987305,0.6833122372627258,-2.2663938999176025,73,0.6833,-1.6358214616775513,74,-0.8179107308387756,0.6833122372627258,0.8179106712341309,1,5.069605827331543,174.199756965,1731479553.1576934,0.01,0.5197676420211792,-1.0777945518493652
74,0,-2.4163808822631836,0.9865354299545288,-1.855143427848816,74,0.9865,-2.4363207817077637,75,-1.2181603908538818,0.9865354299545288,1.2181602716445923,0,2.972611904144287,176.272276151,1731479555.2301712,0.01,-0.019939899444580078,-1.2081904411315918
75,0,-1.206992745399475,1.4923486709594727,-1.4918715953826904,75,1.4923,-1.944650411605835,76,-0.9723252058029175,1.4923486709594727,0.9723252654075623,0,2.4494853019714355,178.457871382,1731479557.4157996,0.01,-0.7376576662063599,-0.6034963726997375
76,0,-0.20691834390163422,0.9740769863128662,-0.5759540796279907,76,0.9741,-0.20691834390163422,77,-0.10345917195081711,0.9740769863128662,0.1034591794013977,0,0.006413722410798073,180.988814347,1731479559.9467423,0.01,0.0,-0.10345917195081711
77,0,-2.3668265342712402,0.6418703198432922,-1.004065752029419,77,0.6419,-1.7615007162094116,78,-0.8807503581047058,0.6418703198432922,0.880750298500061,1,1.6182650327682495,183.077455687,1731479561.9963248,0.01,0.6053258180618286,-1.1834132671356201
78,0,-2.532541513442993,0.6684571504592896,-2.388397693634033,78,0.6685,-1.9825364351272583,79,-0.9912682175636292,0.6684571504592896,0.9912682175636292,1,1.6346224546432495,185.076966896,1731479564.0348635,0.01,0.5500050783157349,-1.2662707567214966
79,0,-1.8031820058822632,0.9411463737487793,-2.039872407913208,79,0.9411,-1.7497364282608032,80,-0.8748682141304016,0.9411463737487793,0.8748682141304016,1,1.292935848236084,187.111051951,1731479566.0689797,0.01,0.05344557762145996,-0.9015910029411316
80,0,-1.8901790380477905,0.7193849086761475,-1.7428984642028809,80,0.7194,-1.441983699798584,81,-0.720991849899292,0.7193849086761475,0.7209917902946472,1,1.9902358055114746,189.142424265,1731479568.100345,0.01,0.44819533824920654,-0.9450895190238953
81,0,-2.460458517074585,0.24308350682258606,-0.8346975445747375,81,0.2431,-0.670110821723938,82,-0.335055410861969,0.24308350682258606,0.3350554406642914,1,3.988251209259033,191.047535154,1731479570.0054615,0.01,1.790347695350647,-1.2302292585372925
82,0,-2.044917583465576,0.7171081900596619,-1.9533560276031494,82,0.7171,-1.5922788381576538,83,-0.7961394190788269,0.7171081900596619,0.7961394190788269,1,2.014491558074951,193.121851775,1731479572.0393918,0.01,0.45263874530792236,-1.022458791732788
83,0,-0.9395209550857544,1.1258187294006348,-1.4895801544189453,83,1.1258,-1.1732051372528076,84,-0.5866025686264038,1.1258187294006348,0.5866025686264038,0,0.37137138843536377,195.752159454,1731479574.7100852,0.01,-0.23368418216705322,-0.4697604775428772
84,0,-1.411806344985962,0.5913044214248657,-0.5450480580329895,84,0.5913,-0.6965603232383728,85,-0.3482801616191864,0.5913044214248657,0.3482801616191864,1,1.3360191583633423,197.770467396,1731479576.72842,0.01,0.7152460217475891,-0.705903172492981
85,0,-2.484198570251465,1.037492275238037,-1.554184079170227,85,1.0375,-2.584205150604248,86,-1.292102575302124,1.037492275238037,1.2921024560928345,0,4.345780849456787,199.789478963,1731479578.7473636,0.01,-0.1000065803527832,-1.2420992851257324
86,0,-1.4220303297042847,1.1962287425994873,-1.4408949613571167,86,1.1962,-1.7582467794418335,87,-0.8791233897209167,1.1962287425994873,0.8791233897209167,0,1.320500373840332,202.033470412,1731479580.9445422,0.01,-0.33621644973754883,-0.7110151648521423
87,0,-2.389988660812378,0.5046306848526001,-1.5710691213607788,87,0.5046,-1.4689635038375854,88,-0.7344817519187927,0.5046306848526001,0.7344817519187927,1,1.5541346073150635,204.014132249,1731479582.9720588,0.01,0.9210251569747925,-1.194994330406189
88,0,-2.023986339569092,0.6956197619438171,-2.0140318870544434,88,0.6956,-1.5289254188537598,89,-0.7644627094268799,0.6956197619438171,0.7644625902175903,1,1.6586679220199585,206.04188807,1731479584.9998133,0.01,0.49506092071533203,-1.011993169784546
89,0,-1.5817269086837769,1.2796965837478638,-2.2101776599884033,89,1.2797,-2.035524845123291,90,-1.0177624225616455,1.2796965837478638,1.0177624225616455,0,1.4997124671936035,208.085745656,1731479587.0436676,0.01,-0.45379793643951416,-0.7908634543418884
90,0,-0.9825680255889893,1.227407693862915,-0.9740800261497498,90,1.2274,-1.3631784915924072,91,-0.6815892457962036,1.227407693862915,0.6815892457962036,0,1.2176100015640259,210.279010888,1731479589.2369623,0.01,-0.38061046600341797,-0.49128401279449463
91,0,-0.9467072486877441,0.9308035969734192,-0.9517164826393127,91,0.9308,-0.8762447237968445,92,-0.43812236189842224,0.9308035969734192,0.43812233209609985,1,3.743924379348755,212.341457266,1731479591.2548506,0.01,0.07046252489089966,-0.47335362434387207
92,0,-2.3703665733337402,0.539908766746521,-1.199491024017334,92,0.5399,-1.53608238697052,93,-0.76804119348526,0.539908766746521,0.7680410742759705,1,1.1194825172424316,214.326771207,1731479593.284708,0.01,0.8342841863632202,-1.1851832866668701
93,0,-1.697887897491455,0.7416033744812012,-2.1341357231140137,93,0.7416,-1.292560338973999,94,-0.6462801694869995,0.7416033744812012,0.6462801098823547,1,0.7016845941543579,216.392061293,1731479595.3500063,0.01,0.40532755851745605,-0.8489439487457275
94,0,-1.546432614326477,1.3784685134887695,-1.371720552444458,94,1.3785,-2.134596824645996,95,-1.067298412322998,1.3784685134887695,1.0672985315322876,0,3.412782669067383,218.418515682,1731479597.376454,0.01,-0.588164210319519,-0.7732163071632385
95,0,-1.71649968624115,1.1885777711868286,-0.6460588574409485,95,1.1886,-2.041731357574463,96,-1.0208656787872314,1.1885777711868286,1.020865559577942,0,2.3718295097351074,220.443008465,1731479599.4009383,0.01,-0.325231671333313,-0.858249843120575
96,0,-2.289311408996582,0.8449068069458008,-1.8331352472305298,96,0.8449,-2.072805404663086,97,-1.036402702331543,0.8449068069458008,1.036402702331543,1,2.992100238800049,222.513565174,1731479601.4323716,0.01,0.2165060043334961,-1.144655704498291
97,0,-2.0894932746887207,0.9623030424118042,-1.8566303253173828,97,0.9623,-2.070509910583496,98,-1.035254955291748,0.9623030424118042,1.0352550745010376,1,2.7255632877349854,224.488577436,1731479603.446514,0.01,0.01898336410522461,-1.0447466373443604
98,0,-1.214581847190857,0.9595127105712891,-0.8934149146080017,98,0.9595,-1.1910793781280518,99,-0.5955396890640259,0.9595127105712891,0.5955396890640259,1,5.057845592498779,226.483953214,1731479605.441868,0.01,0.023502469062805176,-0.6072909235954285
99,0,-2.114542245864868,0.8306388854980469,-1.6401448249816895,99,0.8306,-1.8728864192962646,100,-0.9364432096481323,0.8306388854980469,0.9364432096481323,1,4.0862135887146,228.498976477,1731479607.4568965,0.01,0.24165582656860352,-1.057271122932434
100,0,-1.7049256563186646,1.1618061065673828,-1.9517900943756104,100,1.1618,-1.9914264678955078,101,-0.9957132339477539,1.1618061065673828,0.9957131147384644,0,1.4953246116638184,230.537260603,1731479609.4951851,0.01,-0.28650081157684326,-0.8524628281593323
101,0,-1.8406336307525635,0.9073284864425659,-1.5355089902877808,101,0.9073,-1.731116771697998,102,-0.865558385848999,0.9073284864425659,0.865558385848999,1,1.5875489711761475,232.609526792,1731479611.5224867,0.01,0.10951685905456543,-0.9203168153762817
102,0,-2.112993001937866,1.1575515270233154,-1.510486125946045,102,1.1576,-2.3932955265045166,103,-1.1966477632522583,1.1575515270233154,1.1966478824615479,0,1.6989479064941406,234.587904244,1731479613.5457947,0.01,-0.2803025245666504,-1.056496500968933
103,0,-1.6274361610412598,1.1235601902008057,-1.8076236248016357,103,1.1236,-1.8577755689620972,104,-0.9288877844810486,1.1235601902008057,0.9288876056671143,0,1.3942571878433228,236.621130452,1731479615.5790656,0.01,-0.2303394079208374,-0.8137180805206299
104,0,-2.2372608184814453,0.8082481622695923,-1.4003666639328003,104,0.8082,-1.9555714130401611,105,-0.9777857065200806,0.8082481622695923,0.9777856469154358,1,2.028856039047241,238.652007193,1731479617.6099439,0.01,0.2816894054412842,-1.1186304092407227
105,0,-2.3314743041992188,0.9351759552955627,-1.9803259372711182,105,0.9352,-2.268219470977783,106,-1.1341097354888916,0.9351759552955627,1.1341097354888916,1,1.449951410293579,240.709345848,1731479619.667236,0.01,0.06325483322143555,-1.1657371520996094
106,0,-2.7390902042388916,0.609108030796051,-1.4665924310684204,106,0.6091,-2.063295841217041,107,-1.0316479206085205,0.609108030796051,1.0316479206085205,1,1.0547386407852173,242.797479522,1731479621.7165053,0.01,0.6757943630218506,-1.3695451021194458
107,0,-2.7245826721191406,1.2661747932434082,-2.013948678970337,107,1.2662,-3.159600019454956,108,-1.579800009727478,1.2661747932434082,1.579800009727478,0,2.4650886058807373,244.786855415,1731479623.7447426,0.01,-0.43501734733581543,-1.3622913360595703
108,0,-1.4801151752471924,1.2219672203063965,-1.6410703659057617,108,1.222,-1.853021264076233,109,-0.9265106320381165,1.2219672203063965,0.9265105724334717,0,0.8955098986625671,246.833541561,1731479625.791402,0.01,-0.3729060888290405,-0.7400575876235962
109,0,-1.2235362529754639,1.1048650741577148,-1.4213708639144897,109,1.1049,-1.426047921180725,110,-0.7130239605903625,1.1048650741577148,0.7130237817764282,0,1.1033389568328857,248.865654431,1731479627.8235788,0.01,-0.20251166820526123,-0.6117681264877319
110,0,-1.9955625534057617,1.1856645345687866,-1.0506269931793213,110,1.1857,-2.3166019916534424,111,-1.1583009958267212,1.1856645345687866,1.1583008766174316,0,2.9252231121063232,250.895725935,1731479629.8536048,0.01,-0.32103943824768066,-0.9977812767028809
111,0,-1.8568098545074463,1.7035255432128906,-1.9532182216644287,111,1.7035,-2.8593928813934326,112,-1.4296964406967163,1.7035255432128906,1.4296965599060059,0,4.545508861541748,252.977473847,1731479631.8891222,0.01,-1.0025830268859863,-0.9284049272537231
112,0,-1.5698769092559814,1.2980382442474365,-1.9776015281677246,112,1.298,-2.048994302749634,113,-1.024497151374817,1.2980382442474365,1.024497151374817,0,0.9820052981376648,254.984632844,1731479633.9425774,0.01,-0.47911739349365234,-0.7849384546279907
113,0,-1.718483328819275,0.640674352645874,-1.5688438415527344,113,0.6407,-1.110630989074707,114,-0.5553154945373535,0.640674352645874,0.5553155541419983,1,1.7515971660614014,257.012924655,1731479635.9708366,0.01,0.6078523397445679,-0.8592416644096375
114,0,-1.232301115989685,0.8185373544692993,-0.48454806208610535,114,0.8185,-0.9690961241722107,115,-0.48454806208610535,0.8185373544692993,0.4845481216907501,1,1.9654663801193237,259.068889622,1731479638.0268257,0.01,0.26320499181747437,-0.6161505579948425
115,0,-1.6222565174102783,1.3194844722747803,-1.4448859691619873,115,1.3195,-2.130758762359619,116,-1.0653793811798096,1.3194844722747803,1.06537926197052,0,3.8634884357452393,261.093227124,1731479640.0511403,0.01,-0.5085022449493408,-0.8111282587051392
116,0,-1.1214637756347656,1.1066805124282837,-1.5567978620529175,116,1.1067,-1.3266890048980713,117,-0.6633445024490356,1.1066805124282837,0.6633444428443909,0,0.7073304057121277,263.309495432,1731479642.2240686,0.01,-0.20522522926330566,-0.5607318878173828
117,0,-2.005751609802246,1.1206371784210205,-0.9484633803367615,117,1.1206,-2.2317569255828857,118,-1.1158784627914429,1.1206371784210205,1.1158783435821533,0,2.947040319442749,265.297985527,1731479644.2559204,0.01,-0.22600531578063965,-1.002875804901123
118,0,-0.8521937727928162,0.868438720703125,-0.5915815830230713,118,0.8684,-0.6765841841697693,119,-0.33829209208488464,0.868438720703125,0.33829209208488464,1,4.347762584686279,267.296350877,1731479646.2542846,0.01,0.17560958862304688,-0.4260968863964081
119,0,-1.7505216598510742,1.164792776107788,-1.1821383237838745,119,1.1648,-2.0413663387298584,120,-1.0206831693649292,1.164792776107788,1.02068293094635,0,4.468545913696289,269.322752346,1731479648.280613,0.01,-0.2908446788787842,-0.8752608299255371
120,0,-3.0167500972747803,1.6671158075332642,-1.91319739818573,120,1.6671,-3.9746365547180176,121,-1.9873182773590088,1.6671158075332642,1.987318515777588,0,5.6776862144470215,271.363188197,1731479650.321026,0.02,-0.9578864574432373,-1.5083750486373901
121,0,-2.242640733718872,0.9430400729179382,-1.6058858633041382,121,0.943,-2.192298650741577,122,-1.0961493253707886,0.9430400729179382,1.096149206161499,1,2.284135103225708,273.429491251,1731479652.346068,0.02,0.05034208297729492,-1.121320366859436
122,0,-0.7294903993606567,0.9430896043777466,-0.7428162693977356,122,0.9431,-0.6792293787002563,123,-0.3396146893501282,0.9430896043777466,0.3396146595478058,1,4.047990798950195,275.408308401,1731479654.3662033,0.02,0.05026102066040039,-0.36474519968032837
123,0,-2.2699952125549316,0.614023745059967,-2.221635341644287,123,0.614,-1.6049456596374512,124,-0.8024728298187256,0.614023745059967,0.8024728894233704,1,1.0722761154174805,277.458109657,1731479656.415995,0.02,0.6650495529174805,-1.1349976062774658
124,0,-1.9845976829528809,1.1957076787948608,-1.389488697052002,124,1.1957,-2.3200671672821045,125,-1.1600335836410522,1.1957076787948608,1.1600334644317627,0,1.7870392799377441,279.478743781,1731479658.4366744,0.02,-0.33546948432922363,-0.9922988414764404
125,0,-1.8129239082336426,0.8522226810455322,-2.223822832107544,125,0.8522,-1.609208583831787,126,-0.8046042919158936,0.8522226810455322,0.8046043515205383,1,1.0735504627227783,281.534933301,1731479660.4928322,0.02,0.20371532440185547,-0.9064619541168213
126,0,-2.1127562522888184,1.2224193811416626,-2.3610498905181885,126,1.2224,-2.4863033294677734,127,-1.2431516647338867,1.2224193811416626,1.2431516647338867,0,1.623531460762024,283.583741415,1731479662.5416288,0.02,-0.3735470771789551,-1.0563781261444092
127,0,-1.3010972738265991,0.929452121257782,-1.1025123596191406,127,0.9295,-1.2284027338027954,128,-0.6142013669013977,0.929452121257782,0.6142014265060425,1,0.8785601258277893,285.754573952,1731479664.7125237,0.02,0.07269454002380371,-0.6505486369132996
128,0,-1.8174833059310913,0.7436112761497498,-1.5055768489837646,128,0.7436,-1.4159867763519287,129,-0.7079933881759644,0.7436112761497498,0.7079932689666748,1,1.949527382850647,287.78158413,1731479666.7394946,0.02,0.4014965295791626,-0.9087416529655457
129,0,-1.8138874769210815,0.9224806427955627,-1.4016958475112915,129,0.9225,-1.7296478748321533,130,-0.8648239374160767,0.9224806427955627,0.8648237586021423,1,2.50502347946167,289.80251887,1731479668.760438,0.02,0.08423960208892822,-0.9069437384605408
130,0,-0.5416644215583801,1.8528937101364136,-1.0169323682785034,130,1.8529,-1.724027395248413,131,-0.8620136976242065,1.8528937101364136,0.862013578414917,0,3.184027910232544,291.869495282,1731479670.7814765,0.02,-1.1823630332946777,-0.27083221077919006
131,0,-2.5621988773345947,0.49676746129989624,-1.2713857889175415,131,0.4968,-1.6212106943130493,132,-0.8106053471565247,0.49676746129989624,0.8106051683425903,1,1.7627378702163696,293.839659201,1731479672.7975483,0.02,0.9409881830215454,-1.2810994386672974
132,0,-1.7235791683197021,0.8859229683876038,-2.523362874984741,132,0.8859,-1.577906608581543,133,-0.7889533042907715,0.8859229683876038,0.7889533042907715,1,0.9298311471939087,295.874720616,1731479674.832647,0.02,0.14567255973815918,-0.8617895841598511
133,0,-1.8915249109268188,1.0580825805664062,-0.8270635604858398,133,1.0581,-2.0232443809509277,134,-1.0116221904754639,1.0580825805664062,1.0116223096847534,0,3.2450661659240723,297.904550614,1731479676.8621051,0.02,-0.1317194700241089,-0.9457624554634094
134,0,-2.000384569168091,1.2248115539550781,-1.1310032606124878,134,1.2248,-2.3773207664489746,135,-1.1886603832244873,1.2248115539550781,1.1886603832244873,0,1.7418677806854248,299.927030256,1731479678.8849568,0.02,-0.3769361972808838,-1.0001922845840454
135,0,-2.6945266723632812,0.24947674572467804,-0.5270582437515259,135,0.2495,-0.933467447757721,136,-0.4667337238788605,0.24947674572467804,0.4667336940765381,1,2.302000045776367,301.965478121,1731479680.8782055,0.02,1.761059284210205,-1.3472633361816406
136,0,-1.119391679763794,1.0774743556976318,-0.8711956739425659,136,1.0775,-1.2806620597839355,137,-0.6403310298919678,1.0774743556976318,0.640330970287323,0,3.663506269454956,303.936603379,1731479682.8943987,0.02,-0.1612703800201416,-0.559695839881897
137,0,-1.9848287105560303,0.719478189945221,-1.191192626953125,137,0.7195,-1.5368151664733887,138,-0.7684075832366943,0.719478189945221,0.7684075832366943,1,2.0057003498077393,305.966290249,1731479684.9242256,0.02,0.4480135440826416,-0.9924143552780151
138,0,-0.9025318026542664,1.5697184801101685,-0.5530390739440918,138,1.5697,-1.7389254570007324,139,-0.8694627285003662,1.5697184801101685,0.869462788105011,0,7.3980913162231445,307.955862663,1731479686.9137833,0.02,-0.8363936543464661,-0.4512659013271332
139,0,-0.8661820888519287,1.0959596633911133,-0.34974682331085205,139,1.096,-1.0553476810455322,140,-0.5276738405227661,1.0959596633911133,0.5276737809181213,0,2.3996646404266357,309.974839776,1731479688.932751,0.02,-0.18916559219360352,-0.43309104442596436
140,0,-2.250803232192993,1.2601804733276367,-1.0940618515014648,140,1.2602,-2.6774630546569824,141,-1.3387315273284912,1.2601804733276367,1.338731288909912,0,9.085296630859375,312.033566346,1731479690.9468417,0.02,-0.42665982246398926,-1.1254016160964966
141,0,-1.9864612817764282,0.9448035359382629,-1.5778241157531738,141,0.9448,-1.9390058517456055,142,-0.9695029258728027,0.9448035359382629,0.9695029258728027,1,0.7586255669593811,314.041684128,1731479692.9995692,0.02,0.047455430030822754,-0.9932306408882141
142,0,-1.5147688388824463,1.1802693605422974,-1.8716949224472046,142,1.1803,-1.8280301094055176,143,-0.9140150547027588,1.1802693605422974,0.9140150547027588,0,1.8724910020828247,316.062405337,1731479695.0203185,0.02,-0.3132612705230713,-0.7573844194412231
143,0,-1.7883741855621338,1.1175217628479004,-1.4249321222305298,143,1.1175,-2.0097532272338867,144,-1.0048766136169434,1.1175217628479004,1.0048766136169434,0,4.680959701538086,318.080433752,1731479697.0383615,0.02,-0.22137904167175293,-0.8941870927810669
144,0,-1.6737428903579712,1.1719292402267456,-1.9398479461669922,144,1.1719,-1.9749435186386108,145,-0.9874717593193054,1.1719292402267456,0.9874718189239502,0,3.354780435562134,320.103900131,1731479699.0618024,0.02,-0.30120062828063965,-0.8368714451789856
145,0,-1.4367514848709106,1.05860435962677,-1.1792685985565186,145,1.0586,-1.5692700147628784,146,-0.7846350073814392,1.05860435962677,0.7846351265907288,0,0.962706446647644,322.32945676,1731479701.2426262,0.02,-0.13251852989196777,-0.7183757424354553
146,0,-1.3587238788604736,1.0307508707046509,-1.5148707628250122,146,1.0308,-1.4482699632644653,147,-0.7241349816322327,1.0307508707046509,0.7241350412368774,0,1.6589162349700928,324.283834616,1731479703.2417693,0.02,-0.0895460844039917,-0.6793619394302368
147,0,-1.5250247716903687,0.9219955801963806,-1.794225811958313,147,0.922,-1.439979910850525,148,-0.7199899554252625,0.9219955801963806,0.7199900150299072,1,1.0497251749038696,326.461431548,1731479705.4193451,0.02,0.08504486083984375,-0.7625123858451843
148,0,-1.5949569940567017,0.9168993234634399,-0.9213038682937622,148,0.9169,-1.5014362335205078,149,-0.7507181167602539,0.9168993234634399,0.7507182359695435,1,1.657590627670288,328.483588883,1731479707.4415045,0.02,0.09352076053619385,-0.7974784970283508
149,0,-3.2415008544921875,0.2312595248222351,-0.9511252641677856,149,0.2313,-1.3951432704925537,150,-0.6975716352462769,0.2312595248222351,0.6975715756416321,1,1.7064615488052368,330.505784238,1731479709.4637144,0.02,1.8463575839996338,-1.6207504272460938
150,0,-2.232150077819824,0.7394369840621948,-1.232195496559143,150,0.7394,-1.8226814270019531,151,-0.9113407135009766,0.7394369840621948,0.9113407135009766,1,1.4972143173217773,332.569539602,1731479711.4871473,0.02,0.4094686508178711,-1.116075038909912
151,0,-1.6743630170822144,0.5665150880813599,-1.7833104133605957,151,0.5665,-0.9027059078216553,152,-0.45135295391082764,0.5665150880813599,0.4513530135154724,1,2.1413779258728027,334.544631535,1731479713.5025487,0.02,0.7716571092605591,-0.8371815085411072
152,0,-2.5376288890838623,0.5422397255897522,-1.7304494380950928,152,0.5422,-1.7089227437973022,153,-0.8544613718986511,0.5422397255897522,0.8544612526893616,1,1.023059368133545,336.57582385,1731479715.5337362,0.02,0.8287061452865601,-1.2688144445419312
153,0,-2.4513497352600098,0.6370269656181335,-1.5260347127914429,153,0.637,-1.8357715606689453,154,-0.9178857803344727,0.6370269656181335,0.9178857207298279,1,0.677621603012085,338.633729734,1731479717.5916378,0.02,0.6155781745910645,-1.2256748676300049
154,0,-1.825045108795166,0.9000760316848755,-1.8294509649276733,154,0.9001,-1.7033377885818481,155,-0.8516688942909241,0.9000760316848755,0.8516688346862793,1,0.5637779235839844,341.186954899,1731479720.1448166,0.02,0.12170732021331787,-0.912522554397583
155,0,-1.2234350442886353,0.97224360704422,-1.0039955377578735,155,0.9722,-1.2204880714416504,156,-0.6102440357208252,0.97224360704422,0.6102439761161804,1,4.0123443603515625,343.245510066,1731479722.163344,0.02,0.0029469728469848633,-0.6117175221443176
156,0,-2.545816659927368,0.5024375915527344,-1.9364128112792969,156,0.5024,-1.6192481517791748,157,-0.8096240758895874,0.5024375915527344,0.8096238970756531,1,1.5113729238510132,345.241466929,1731479724.1993685,0.02,0.9265685081481934,-1.272908329963684
157,0,-1.8804407119750977,1.0752661228179932,-1.7806066274642944,157,1.0753,-2.038361072540283,158,-1.0191805362701416,1.0752661228179932,1.0191807746887207,0,0.7022203803062439,347.293578576,1731479726.2514632,0.02,-0.15792036056518555,-0.9402203559875488
158,0,-1.6276211738586426,0.8551003932952881,-1.4632651805877686,158,0.8551,-1.4289180040359497,159,-0.7144590020179749,0.8551003932952881,0.7144590616226196,1,2.155571222305298,349.310580958,1731479728.2684784,0.02,0.19870316982269287,-0.8138105869293213
159,0,-2.158630132675171,0.7914835214614868,-1.432625412940979,159,0.7915,-1.8464926481246948,160,-0.9232463240623474,0.7914835214614868,0.9232462048530579,1,1.4960753917694092,351.350012968,1731479730.3079042,0.02,0.3121374845504761,-1.0793150663375854
160,0,-1.9775773286819458,0.7860569357872009,-1.6975754499435425,160,0.7861,-1.6554936170578003,161,-0.8277468085289001,0.7860569357872009,0.8277468681335449,1,2.014418363571167,353.433559959,1731479732.3486814,0.02,0.3220837116241455,-0.9887886643409729
161,0,-1.4370476007461548,1.2505395412445068,-2.069674253463745,161,1.2505,-1.850224256515503,162,-0.9251121282577515,1.2505395412445068,0.9251121878623962,0,2.6360533237457275,355.420515522,1731479734.3784392,0.02,-0.41317665576934814,-0.7185238003730774
162,0,-1.5563552379608154,1.0366877317428589,-1.666463851928711,162,1.0367,-1.6551156044006348,163,-0.8275578022003174,1.0366877317428589,0.8275577425956726,0,2.114987850189209,357.449203841,1731479736.4071743,0.02,-0.09876036643981934,-0.7781776189804077
163,0,-2.157594919204712,1.1663539409637451,-1.933676838874817,163,1.1664,-2.4507079124450684,164,-1.2253539562225342,1.1663539409637451,1.2253539562225342,0,2.172687292098999,359.496713579,1731479738.454629,0.02,-0.29311299324035645,-1.078797459602356
164,0,-1.8178892135620117,1.1152280569076538,-1.5658659934997559,164,1.1152,-2.035857677459717,165,-1.0179288387298584,1.1152280569076538,1.017928957939148,0,3.3739113807678223,361.494580318,1731479740.4525323,0.02,-0.21796846389770508,-0.9089446067810059
165,0,-2.2775650024414062,0.8152838945388794,-1.4554316997528076,165,0.8153,-2.0085315704345703,166,-1.0042657852172852,0.8152838945388794,1.0042657852172852,1,2.015646457672119,363.51565882,1731479742.4736063,0.02,0.26903343200683594,-1.1387825012207031
166,0,-1.0655925273895264,1.6326303482055664,-1.3577855825424194,166,1.6326,-1.9807944297790527,167,-0.9903972148895264,1.6326303482055664,0.9903972744941711,0,4.870186805725098,365.55108382,1731479744.508974,0.02,-0.9152019023895264,-0.5327962636947632
167,0,-1.808748483657837,0.9164977073669434,-1.568593144416809,167,0.9165,-1.7145586013793945,168,-0.8572793006896973,0.9164977073669434,0.8572794198989868,1,2.623854160308838,367.58129142,1731479746.5392196,0.02,0.09418988227844238,-0.9043742418289185
168,0,-1.1011016368865967,1.5538594722747803,-1.2463010549545288,168,1.5539,-1.9174264669418335,169,-0.9587132334709167,1.5538594722747803,0.958713173866272,0,4.344641208648682,369.603519468,1731479748.5613585,0.02,-0.8163248300552368,-0.5505508184432983
169,0,-1.7846672534942627,0.8669153451919556,-0.7428568601608276,169,0.8669,-1.606431484222412,170,-0.803215742111206,0.8669153451919556,0.8032159209251404,1,1.9036126136779785,371.677481391,1731479750.591033,0.02,0.17823576927185059,-0.8923336267471313
170,0,-1.8701437711715698,0.884878396987915,-1.224618673324585,170,0.8849,-1.7226929664611816,171,-0.8613464832305908,0.884878396987915,0.8613464832305908,1,1.570604920387268,373.671588337,1731479752.6295006,0.02,0.14745080471038818,-0.9350718855857849
171,0,-1.7941458225250244,1.064544916152954,-2.2904956340789795,171,1.0645,-1.935746669769287,172,-0.9678733348846436,1.064544916152954,0.9678733348846436,0,1.7225347757339478,375.707385038,1731479754.6653085,0.02,-0.1416008472442627,-0.8970729112625122
172,0,-2.111473321914673,0.8038873076438904,-1.5430479049682617,172,0.8039,-1.8219037055969238,173,-0.9109518527984619,0.8038873076438904,0.9109519124031067,1,2.4329257011413574,377.734788646,1731479756.6927,0.02,0.289569616317749,-1.0557366609573364
173,0,-1.1176517009735107,1.7541388273239136,-1.6148545742034912,173,1.7541,-2.181771993637085,174,-1.0908859968185425,1.7541388273239136,1.0908859968185425,0,4.784677982330322,379.728233745,1731479758.6861691,0.02,-1.0641202926635742,-0.5588258504867554
174,0,-1.6396290063858032,0.5534342527389526,-1.4867862462997437,174,0.5534,-0.8374634981155396,175,-0.4187317490577698,0.5534342527389526,0.418731689453125,1,2.084533929824829,381.789477579,1731479760.7009208,0.02,0.8021655082702637,-0.8198145031929016
175,0,-1.7516850233078003,1.585554599761963,-1.8834935426712036,175,1.5856,-2.608035087585449,176,-1.3040175437927246,1.585554599761963,1.3040175437927246,0,3.2533881664276123,383.774933246,1731479762.7328603,0.02,-0.8563500642776489,-0.8758425116539001
176,0,-1.6207127571105957,1.4210809469223022,-2.0337867736816406,176,1.4211,-2.2654433250427246,177,-1.1327216625213623,1.4210809469223022,1.1327216625213623,0,1.2963594198226929,385.81161334,1731479764.7695436,0.02,-0.6447305679321289,-0.8103563785552979
177,0,-2.4467926025390625,0.6207138895988464,-1.0513017177581787,177,0.6207,-1.796266794204712,178,-0.898133397102356,0.6207138895988464,0.8981332182884216,1,3.7441062927246094,387.827426582,1731479766.785369,0.02,0.6505258083343506,-1.2233963012695312
178,0,-2.1407320499420166,0.5952028036117554,-1.309515357017517,178,0.5952,-1.4341981410980225,179,-0.7170990705490112,0.5952028036117554,0.7170990109443665,1,1.9832698106765747,389.858872405,1731479768.8167627,0.02,0.7065339088439941,-1.0703660249710083
179,0,-0.7162666320800781,1.5108991861343384,-1.220770001411438,179,1.5109,-1.4777920246124268,180,-0.7388960123062134,1.5108991861343384,0.7388960123062134,0,5.354014873504639,391.91745282,1731479770.832226,0.02,-0.7615253925323486,-0.35813331604003906
180,0,-0.2051590383052826,0.9740769863128662,-0.12976069748401642,180,0.9741,-0.2051590383052826,181,-0.1025795191526413,0.9740769863128662,0.1025795117020607,0,0.004755899775773287,393.866982954,1731479772.8248873,0.02,0.0,-0.1025795191526413
181,0,-0.49485498666763306,1.1696431636810303,-0.9421554803848267,181,1.1696,-0.7927419543266296,182,-0.3963709771633148,1.1696431636810303,0.3963709771633148,0,4.486024379730225,395.860432322,1731479774.8183646,0.02,-0.2978869676589966,-0.24742749333381653
182,0,-0.7448375821113586,0.7941322922706604,-0.22759497165679932,182,0.7941,-0.437538743019104,183,-0.218769371509552,0.7941322922706604,0.2187693566083908,1,1.3096661567687988,397.855162243,1731479776.8130536,0.02,0.30729883909225464,-0.3724187910556793
183,0,-1.6915656328201294,1.9914578199386597,-1.5181331634521484,183,1.9915,-3.036266326904297,184,-1.5181331634521484,1.9914578199386597,1.518133282661438,0,3.56520938873291,399.877526877,1731479778.8354023,0.02,-1.3447006940841675,-0.8457828164100647
184,0,-2.0496461391448975,0.6486994624137878,-0.8482742309570312,184,0.6487,-1.4586827754974365,185,-0.7293413877487183,0.6486994624137878,0.7293413877487183,1,3.819089412689209,401.921518757,1731479780.8344586,0.02,0.5909633636474609,-1.0248230695724487
185,0,-1.8513652086257935,0.9089022874832153,-2.1135916709899902,185,0.9089,-1.7444857358932495,186,-0.8722428679466248,0.9089022874832153,0.8722428679466248,1,1.6192668676376343,403.896533374,1731479782.8544617,0.02,0.10687947273254395,-0.9256826043128967
186,0,-1.8205729722976685,0.8771904110908508,-1.4350017309188843,186,0.8772,-1.6599948406219482,187,-0.8299974203109741,0.8771904110908508,0.8299974203109741,1,1.435025930404663,405.926191268,1731479784.884118,0.02,0.16057813167572021,-0.9102864861488342
187,0,-2.313385009765625,0.7890008091926575,-0.8590642213821411,187,0.789,-1.9967026710510254,188,-0.9983513355255127,0.7890008091926575,0.9983513355255127,1,2.2039759159088135,407.960372526,1731479786.9182806,0.02,0.3166823387145996,-1.1566925048828125
188,0,-2.013733386993408,0.7514464259147644,-2.1299312114715576,188,0.7514,-1.6271194219589233,189,-0.8135597109794617,0.7514464259147644,0.8135596513748169,1,1.6796514987945557,409.996570722,1731479788.9544702,0.02,0.38661396503448486,-1.006866693496704
189,0,-2.593536138534546,0.64527428150177,-1.2842726707458496,189,0.6453,-1.9953826665878296,190,-0.9976913332939148,0.64527428150177,0.9976912140846252,1,1.8747804164886475,412.089492546,1731479791.0031023,0.02,0.5981534719467163,-1.296768069267273
190,0,-0.4444565176963806,1.3850339651107788,-1.1898224353790283,190,1.385,-1.0413880348205566,191,-0.5206940174102783,1.3850339651107788,0.5206940174102783,0,6.190118312835693,414.042979465,1731479793.0008447,0.02,-0.596931517124176,-0.2222282588481903
191,0,-3.881045341491699,0.17160004377365112,-1.0353803634643555,191,0.1716,-1.7054831981658936,192,-0.8527415990829468,0.17160004377365112,0.852741539478302,1,3.053696632385254,416.060606704,1731479795.0185058,0.02,2.1755621433258057,-1.9405226707458496
192,0,-1.7513842582702637,1.0238163471221924,-1.2356623411178589,192,1.0238,-1.8301293849945068,193,-0.9150646924972534,1.0238163471221924,0.915064811706543,0,3.1272289752960205,418.088844282,1731479797.0467403,0.02,-0.07874512672424316,-0.8756921291351318
193,0,-1.384312629699707,1.0813459157943726,-0.7421311736106873,193,1.0813,-1.5514471530914307,194,-0.7757235765457153,1.0813459157943726,0.7757235765457153,0,4.494315147399902,420.103438317,1731479799.0613656,0.02,-0.16713452339172363,-0.6921563148498535
194,0,-1.1828322410583496,1.3483389616012573,-1.3633004426956177,194,1.3483,-1.7305102348327637,195,-0.8652551174163818,1.3483389616012573,0.8652549982070923,0,5.571880340576172,422.141480678,1731479801.0585,0.02,-0.5476779937744141,-0.5914161205291748
195,0,-0.6325748562812805,0.9289092421531677,-0.2636948227882385,195,0.9289,-0.5589832067489624,196,-0.2794916033744812,0.9289092421531677,0.2794916331768036,1,4.9098405838012695,424.091884569,1731479803.0498075,0.02,0.07359164953231812,-0.31628742814064026
196,0,-0.16900590062141418,1.1110143661499023,-0.4746265411376953,196,1.111,-0.38069894909858704,197,-0.19034947454929352,1.1110143661499023,0.19034947454929352,0,3.20462703704834,426.085002502,1731479805.0429497,0.02,-0.21169304847717285,-0.08450295031070709
197,0,-1.1221606731414795,1.3962562084197998,-1.2586040496826172,197,1.3963,-1.734033465385437,198,-0.8670167326927185,1.3962562084197998,0.8670167326927185,0,2.8412258625030518,428.104215469,1731479807.0621495,0.02,-0.6118727922439575,-0.5610803365707397
198,0,-2.1305365562438965,0.7922030091285706,-1.3069157600402832,198,0.7922,-1.8197144269943237,199,-0.9098572134971619,0.7922030091285706,0.9098572134971619,1,2.3702292442321777,430.158982629,1731479809.1168907,0.02,0.31082212924957275,-1.0652682781219482
199,0,-2.1723883152008057,0.7012612819671631,-1.9227614402770996,199,0.7013,-1.6885511875152588,200,-0.8442755937576294,0.7012612819671631,0.8442755937576294,1,1.9899415969848633,432.225499997,1731479811.1391172,0.03,0.4838371276855469,-1.0861941576004028
200,0,-1.9943805932998657,0.7889530062675476,-2.139106035232544,200,0.789,-1.6776106357574463,201,-0.8388053178787231,0.7889530062675476,0.8388053178787231,1,1.6268492937088013,434.200492633,1731479813.1583726,0.03,0.31676995754241943,-0.9971902966499329
201,0,-2.2581679821014404,1.0831279754638672,-1.7779066562652588,201,1.0831,-2.4279978275299072,202,-1.2139989137649536,1.0831279754638672,1.2139989137649536,0,2.050551414489746,436.244361391,1731479815.2023063,0.03,-0.1698298454284668,-1.1290839910507202
202,0,-1.902748703956604,1.4451427459716797,-1.4459484815597534,202,1.4451,-2.57908034324646,203,-1.28954017162323,1.4451427459716797,1.28954017162323,0,7.841585159301758,438.241089486,1731479817.199005,0.03,-0.676331639289856,-0.951374351978302
203,0,-2.4322659969329834,0.8300632834434509,-1.346367597579956,203,0.8301,-2.189589738845825,204,-1.0947948694229126,0.8300632834434509,1.0947948694229126,1,1.5199869871139526,440.271696149,1731479819.2296169,0.03,0.2426762580871582,-1.2161329984664917
204,0,-1.7399405241012573,1.14594304561615,-1.5022380352020264,204,1.1459,-2.0032694339752197,205,-1.0016347169876099,1.14594304561615,1.0016344785690308,0,1.732008695602417,442.353531936,1731479821.2703733,0.03,-0.2633289098739624,-0.8699702620506287
205,0,-2.0565247535705566,0.7939114570617676,-1.9558426141738892,205,0.7939,-1.7488229274749756,206,-0.8744114637374878,0.7939114570617676,0.8744114637374878,1,2.0634267330169678,444.3502279,1731479823.308053,0.03,0.30770182609558105,-1.0282623767852783
206,0,-1.869965672492981,1.5484451055526733,-1.6033371686935425,206,1.5484,-2.67941951751709,207,-1.339709758758545,1.5484451055526733,1.339709758758545,0,2.909539222717285,446.390778737,1731479825.348679,0.03,-0.8094538450241089,-0.9349828362464905
207,0,-0.42399710416793823,1.4898133277893066,-1.9225168228149414,207,1.4898,-1.1583828926086426,208,-0.5791914463043213,1.4898133277893066,0.5791914463043213,0,6.361437797546387,448.38653385,1731479827.3444965,0.03,-0.7343857884407043,-0.21199855208396912
208,0,-3.2084076404571533,0.23125237226486206,-0.616077184677124,208,0.2313,-1.3620153665542603,209,-0.6810076832771301,0.23125237226486206,0.6810075640678406,1,1.302079200744629,450.40252246,1731479829.3604496,0.03,1.846392273902893,-1.6042038202285767
209,0,-1.4942198991775513,0.971985936164856,-1.2958106994628906,209,0.972,-1.4908584356307983,210,-0.7454292178153992,0.971985936164856,0.745429277420044,1,0.8117402195930481,452.497461324,1731479831.4131894,0.03,0.0033614635467529297,-0.7471099495887756
210,0,-1.6615277528762817,0.9814509153366089,-1.8078728914260864,210,0.9815,-1.6733478307724,211,-0.8366739153862,0.9814509153366089,0.8366739749908447,0,1.3503704071044922,454.488316956,1731479833.4462502,0.03,-0.011820077896118164,-0.8307638764381409
211,0,-2.1494171619415283,0.7507070899009705,-1.2449285984039307,211,0.7507,-1.7614033222198486,212,-0.8807016611099243,0.7507070899009705,0.8807016611099243,1,1.8349930047988892,456.515116526,1731479835.4730365,0.03,0.3880138397216797,-1.0747085809707642
212,0,-1.0993413925170898,1.2882206439971924,-1.4128823280334473,212,1.2882,-1.5649281740188599,213,-0.7824640870094299,1.2882206439971924,0.7824640870094299,0,3.0704472064971924,458.546334259,1731479837.5042737,0.03,-0.46558678150177,-0.5496706962585449
213,0,-0.7774386405944824,1.4042201042175293,-1.6926202774047852,213,1.4042,-1.39988112449646,214,-0.69994056224823,1.4042201042175293,0.69994056224823,0,3.0743114948272705,460.543939577,1731479839.5018725,0.03,-0.6224424839019775,-0.3887193202972412
214,0,-1.901358723640442,0.8360500931739807,-1.6285282373428345,214,0.8361,-1.6692733764648438,215,-0.8346366882324219,0.8360500931739807,0.8346366882324219,1,2.062863826751709,462.617547383,1731479841.5308099,0.03,0.23208534717559814,-0.950679361820221
215,0,-0.7801680564880371,1.5494436025619507,-1.6082407236099243,215,1.5494,-1.5908896923065186,216,-0.7954448461532593,1.5494436025619507,0.7954449653625488,0,5.006166458129883,464.594369516,1731479843.552312,0.03,-0.8107216358184814,-0.39008402824401855
216,0,-0.23483310639858246,0.9841504693031311,-0.1254837065935135,216,0.9842,-0.250967413187027,217,-0.1254837065935135,0.9841504693031311,0.1254837065935135,0,1.037682294845581,466.5913575,1731479845.5492597,0.03,-0.01613430678844452,-0.11741655319929123
217,0,-1.9293140172958374,1.0797955989837646,-2.5108044147491455,217,1.0798,-2.094101667404175,218,-1.0470508337020874,1.0797955989837646,1.0470508337020874,0,4.5235114097595215,468.611310651,1731479847.569214,0.03,-0.1647876501083374,-0.9646570086479187
218,0,-1.7985864877700806,1.0617294311523438,-2.4157426357269287,218,1.0617,-1.9358863830566406,219,-0.9679431915283203,1.0617294311523438,0.9679431915283203,0,4.0232253074646,470.634163756,1731479849.592107,0.03,-0.13729989528656006,-0.8992932438850403
219,0,-2.9272477626800537,0.2574831247329712,-1.7488300800323486,219,0.2575,-1.201949119567871,220,-0.6009745597839355,0.2574831247329712,0.6009745597839355,1,2.0560250282287598,472.697468902,1731479851.6159334,0.03,1.7252986431121826,-1.4636238813400269
220,0,-1.927778959274292,0.7205644249916077,-0.9255412220954895,220,0.7206,-1.4818817377090454,221,-0.7409408688545227,0.7205644249916077,0.7409407496452332,1,4.764820575714111,474.674855578,1731479853.6327863,0.03,0.4458972215652466,-0.963889479637146
221,0,-1.749449610710144,1.1678860187530518,-2.036065101623535,221,1.1679,-2.0447871685028076,222,-1.0223935842514038,1.1678860187530518,1.0223934650421143,0,1.7657139301300049,476.712799794,1731479855.6707053,0.03,-0.2953375577926636,-0.874724805355072
222,0,-1.3372015953063965,1.6160246133804321,-2.032705783843994,222,1.616,-2.231722593307495,223,-1.1158612966537476,1.6160246133804321,1.1158612966537476,0,3.5666744709014893,478.747073555,1731479857.7049947,0.03,-0.8945209980010986,-0.6686007976531982
223,0,-0.8237190246582031,0.9389001727104187,-0.6183217763900757,223,0.9389,-0.766587495803833,224,-0.3832937479019165,0.9389001727104187,0.3832937479019165,1,6.873353958129883,480.746669033,1731479859.7046082,0.03,0.05713152885437012,-0.41185951232910156
224,0,-1.1547514200210571,1.1438475847244263,-1.4360179901123047,224,1.1438,-1.4150066375732422,225,-0.7075033187866211,1.1438475847244263,0.7075032591819763,0,1.8974313735961914,482.841477481,1731479861.7583258,0.03,-0.26025521755218506,-0.5773757100105286
225,0,-1.6075621843338013,0.5279187560081482,-0.11199893057346344,225,0.5279,-0.7442942261695862,226,-0.3721471130847931,0.5279187560081482,0.37214717268943787,1,2.0081164836883545,484.804912592,1731479863.762807,0.03,0.8632679581642151,-0.8037810921669006
226,0,-2.4127047061920166,0.634907066822052,-1.5830076932907104,226,0.6349,-1.7926216125488281,227,-0.8963108062744141,0.634907066822052,0.8963106870651245,1,1.5035679340362549,486.824624058,1731479865.782516,0.03,0.6200830936431885,-1.2063523530960083
227,0,-2.4517040252685547,0.6815617680549622,-2.306549072265625,227,0.6816,-1.9283974170684814,228,-0.9641987085342407,0.6815617680549622,0.9641987085342407,1,2.29215145111084,488.861122109,1731479867.8190174,0.03,0.5233066082000732,-1.2258520126342773
228,0,-0.4047798812389374,1.5274306535720825,-0.9276744723320007,228,1.5274,-1.1874696016311646,229,-0.5937348008155823,1.5274306535720825,0.593734860420227,0,4.378970623016357,490.859980808,1731479869.8178947,0.03,-0.7826896905899048,-0.2023899406194687
229,0,-1.3816903829574585,1.5249558687210083,-1.0343358516693115,229,1.525,-2.1612179279327393,230,-1.0806089639663696,1.5249558687210083,1.0806090831756592,0,2.5578882694244385,492.937500103,1731479871.8549044,0.03,-0.7795275449752808,-0.6908451914787292
230,0,-0.6416640877723694,1.9366990327835083,-1.3485827445983887,230,1.9367,-1.9226690530776978,231,-0.9613345265388489,1.9366990327835083,0.9613345861434937,0,2.3703713417053223,494.915973177,1731479873.8738744,0.03,-1.2810049057006836,-0.3208320438861847
231,0,-2.1849205493927,0.8139323592185974,-1.4020150899887085,231,0.8139,-1.913461446762085,232,-0.9567307233810425,0.8139323592185974,0.9567307233810425,1,2.815368175506592,496.951802628,1731479875.909694,0.03,0.27145910263061523,-1.09246027469635
232,0,-1.1737654209136963,1.4707205295562744,-1.2580971717834473,232,1.4707,-1.8834329843521118,233,-0.9417164921760559,1.4707205295562744,0.9417167901992798,0,2.1435537338256836,498.987394443,1731479877.9452894,0.03,-0.7096675634384155,-0.5868827104568481
233,0,-0.9154388308525085,1.860687017440796,-1.6191741228103638,233,1.8607,-2.1070375442504883,234,-1.0535187721252441,1.860687017440796,1.0535187721252441,0,3.6653034687042236,501.005309103,1731479879.9632297,0.03,-1.191598653793335,-0.4577194154262543
234,0,-2.2446253299713135,0.6075926423072815,-1.3793556690216064,234,0.6076,-1.565506100654602,235,-0.782753050327301,0.6075926423072815,0.7827531695365906,1,0.9909085631370544,503.081462265,1731479881.9964876,0.03,0.6791192293167114,-1.1223126649856567
235,0,-2.678877830505371,0.7609085440635681,-1.0347431898117065,235,0.7609,-2.310098886489868,236,-1.155049443244934,0.7609085440635681,1.155049443244934,1,1.5209437608718872,505.075904544,1731479884.0338237,0.03,0.36877894401550293,-1.3394389152526855
236,0,-1.551424503326416,1.2667930126190186,-1.434396505355835,236,1.2668,-1.987302541732788,237,-0.993651270866394,1.2667930126190186,0.9936513304710388,0,0.8381227850914001,507.133715189,1731479886.09161,0.03,-0.43587803840637207,-0.775712251663208
237,0,-1.9914642572402954,0.6081087589263916,-1.8689204454421997,237,0.6081,-1.3134779930114746,238,-0.6567389965057373,0.6081087589263916,0.6567388772964478,1,1.434472680091858,509.163580554,1731479888.1215022,0.03,0.6779862642288208,-0.9957321286201477
238,0,-1.448376178741455,1.0763651132583618,-1.4796814918518066,238,1.0764,-1.6079641580581665,239,-0.8039820790290833,1.0763651132583618,0.8039820790290833,0,1.7701318264007568,511.18604215,1731479890.1439617,0.03,-0.15958797931671143,-0.7241880893707275
239,0,-2.732790946960449,1.2647674083709717,-1.4958603382110596,239,1.2648,-3.1658477783203125,240,-1.5829238891601562,1.2647674083709717,1.5829238891601562,0,4.76157283782959,513.245497605,1731479892.1639664,0.03,-0.4330568313598633,-1.3663954734802246
240,0,-1.116747498512268,1.081943154335022,-0.7635988593101501,240,1.0819,-1.2847856283187866,241,-0.6423928141593933,1.081943154335022,0.6423928141593933,0,3.044684410095215,515.224691465,1731479894.182636,0.03,-0.16803812980651855,-0.558373749256134
241,0,-1.8361024856567383,0.6673852801322937,-1.2132189273834229,241,0.6674,-1.2838973999023438,242,-0.6419486999511719,0.6673852801322937,0.6419487595558167,1,2.6463232040405273,517.241876982,1731479896.1997008,0.03,0.5522050857543945,-0.9180512428283691
242,0,-1.8737479448318481,0.4769279360771179,-0.42967960238456726,242,0.4769,-0.8812814950942993,243,-0.44064074754714966,0.4769279360771179,0.44064077734947205,1,2.8516736030578613,519.26552798,1731479898.2232068,0.03,0.9924664497375488,-0.9368739724159241
243,0,-2.327840566635132,0.6687197089195251,-1.607981562614441,243,0.6687,-1.7783739566802979,244,-0.8891869783401489,0.6687197089195251,0.8891869187355042,1,2.132875680923462,521.300130941,1731479900.2580552,0.03,0.549466609954834,-1.163920283317566
244,0,-2.4727039337158203,0.3811001479625702,-2.129437208175659,244,0.3811,-1.204605221748352,245,-0.602302610874176,0.3811001479625702,0.6023026704788208,1,1.4735298156738281,523.361477597,1731479902.2750888,0.03,1.2680987119674683,-1.2363519668579102
245,0,-2.7328238487243652,0.6330421566963196,-2.303842782974243,245,0.633,-2.108768939971924,246,-1.054384469985962,0.6330421566963196,1.0543845891952515,1,1.4358474016189575,525.362814315,1731479904.3207538,0.03,0.6240549087524414,-1.3664119243621826
246,0,-1.3668700456619263,0.4386308789253235,-0.13504603505134583,246,0.4386,-0.27009207010269165,247,-0.13504603505134583,0.4386308789253235,0.13504603505134583,1,1.8464018106460571,527.36025402,1731479906.3181474,0.03,1.0967779159545898,-0.6834350228309631
247,0,-2.2429206371307373,0.5815764665603638,-0.8777766227722168,247,0.5816,-1.5057494640350342,248,-0.7528747320175171,0.5815764665603638,0.7528746128082275,1,2.213078737258911,529.380755335,1731479908.3386898,0.03,0.7371711730957031,-1.1214603185653687
248,0,-1.4878294467926025,0.6864992380142212,-0.6320889592170715,248,0.6865,-0.9744890332221985,249,-0.48724451661109924,0.6864992380142212,0.48724445700645447,1,1.2076855897903442,531.407111559,1731479910.3650248,0.03,0.513340413570404,-0.7439147233963013
249,0,-2.1825928688049316,0.6209574341773987,-0.7662968635559082,249,0.621,-1.5325937271118164,250,-0.7662968635559082,0.6209574341773987,0.7662968635559082,1,6.9334259033203125,533.435587527,1731479912.3934958,0.03,0.6499991416931152,-1.0912964344024658
250,0,-2.4811861515045166,0.4394060969352722,-0.9369649291038513,250,0.4394,-1.3865900039672852,251,-0.6932950019836426,0.4394060969352722,0.6932949423789978,1,2.5463061332702637,535.45377969,1731479914.4117107,0.03,1.0945961475372314,-1.2405930757522583
251,0,-1.6497621536254883,0.6502237319946289,-0.6118738055229187,251,0.6502,-1.0619899034500122,252,-0.5309949517250061,0.6502237319946289,0.5309948325157166,1,2.4351186752319336,537.450808882,1731479916.4087555,0.03,0.5877722501754761,-0.8248810768127441
252,0,-2.5473172664642334,1.0190061330795288,-1.9408855438232422,252,1.019,-2.6185452938079834,253,-1.3092726469039917,1.0190061330795288,1.3092727661132812,0,2.872824192047119,539.472061531,1731479918.4299989,0.03,-0.07122802734375,-1.2736586332321167
253,0,-1.8641520738601685,1.1404399871826172,-2.252073287963867,253,1.1404,-2.1194024085998535,254,-1.0597012042999268,1.1404399871826172,1.0597013235092163,0,1.6112991571426392,541.518172064,1731479920.4760635,0.03,-0.25525033473968506,-0.9320760369300842
254,0,-2.262827157974243,0.7649413347244263,-1.5274571180343628,254,0.7649,-1.9016045331954956,255,-0.9508022665977478,0.7649413347244263,0.9508023858070374,1,1.8611658811569214,543.557318044,1731479922.5152576,0.03,0.36122262477874756,-1.1314135789871216
255,0,-1.3312615156173706,1.0870577096939087,-1.161014199256897,255,1.0871,-1.5070263147354126,256,-0.7535131573677063,1.0870577096939087,0.7535131573677063,0,4.340129375457764,545.551785199,1731479924.5097272,0.03,-0.175764799118042,-0.6656307578086853
256,0,-1.8973243236541748,1.3609833717346191,-2.078672409057617,256,1.361,-2.4620442390441895,257,-1.2310221195220947,1.3609833717346191,1.2310218811035156,0,6.197048187255859,547.5681183,1731479926.526047,0.03,-0.5647199153900146,-0.9486621618270874
257,0,-2.1717209815979004,0.6125097274780273,-0.7516843676567078,257,0.6125,-1.503368854522705,258,-0.7516844272613525,0.6125097274780273,0.7516844272613525,1,3.37870717048645,549.561372079,1731479928.5192568,0.03,0.6683521270751953,-1.0858604907989502
258,0,-3.005913019180298,0.49484744668006897,-1.0020383596420288,258,0.4948,-2.0600132942199707,259,-1.0300066471099854,0.49484744668006897,1.0300066471099854,1,1.4496182203292847,551.587591096,1731479930.5455062,0.03,0.9458997249603271,-1.502956509590149
259,0,-1.5029152631759644,1.2863891124725342,-1.3994832038879395,259,1.2864,-1.9659721851348877,260,-0.9829860925674438,1.2863891124725342,0.9829861521720886,0,3.4405062198638916,553.621271979,1731479932.5792086,0.03,-0.46305692195892334,-0.7514576315879822
260,0,-1.6096640825271606,1.007770299911499,-1.6086755990982056,260,1.0078,-1.663253664970398,261,-0.831626832485199,1.007770299911499,0.831626832485199,0,0.47899580001831055,555.805976893,1731479934.7639196,0.03,-0.053589582443237305,-0.8048320412635803
261,0,-2.281198024749756,0.6124358177185059,-1.1531027555465698,261,0.6124,-1.6126844882965088,262,-0.8063422441482544,0.6124358177185059,0.8063422441482544,1,0.8231936097145081,557.853653926,1731479936.811572,0.03,0.6685135364532471,-1.140599012374878
262,0,-1.7914936542510986,0.570759117603302,-1.1578431129455566,262,0.5708,-1.0296220779418945,263,-0.5148110389709473,0.570759117603302,0.514811098575592,1,2.728086233139038,559.874903519,1731479938.8328376,0.03,0.7618715763092041,-0.8957468271255493
263,0,-1.6109366416931152,0.46879881620407104,-0.29844748973846436,263,0.4688,-0.5968949198722839,264,-0.29844745993614197,0.46879881620407104,0.29844745993614197,1,1.454899549484253,561.949512111,1731479940.8621604,0.03,1.0140416622161865,-0.8054683208465576
264,0,-2.656935214996338,0.4345743656158447,-1.8625527620315552,264,0.4346,-1.5486907958984375,265,-0.7743453979492188,0.4345743656158447,0.7743453979492188,1,1.6161105632781982,563.922925802,1731479942.880857,0.03,1.1082444190979004,-1.328467607498169
265,0,-1.8524267673492432,1.1632716655731201,-1.303357481956482,265,1.1633,-2.1410598754882812,266,-1.0705299377441406,1.1632716655731201,1.0705299377441406,0,1.89643132686615,565.955018533,1731479944.9129224,0.03,-0.2886331081390381,-0.9262133836746216
266,0,-1.9065680503845215,0.8049662709236145,-1.0279667377471924,266,0.805,-1.6189507246017456,267,-0.8094753623008728,0.8049662709236145,0.8094753623008728,1,3.0422959327697754,567.987326752,1731479946.9452565,0.03,0.2876173257827759,-0.9532840251922607
267,0,-1.4978704452514648,2.272106170654297,-2.2078332901000977,267,2.2721,-3.1611714363098145,268,-1.5805857181549072,2.272106170654297,1.5805857181549072,0,6.7968902587890625,570.430819742,1731479949.3887212,0.03,-1.6633009910583496,-0.7489352226257324
268,0,-3.7952940464019775,0.1946847289800644,-0.8789206743240356,268,0.1947,-1.7578414678573608,269,-0.8789207339286804,0.1946847289800644,0.8789207339286804,1,3.0849924087524414,572.489483333,1731479951.4071329,0.03,2.0374526977539062,-1.8976470232009888
269,0,-1.9670839309692383,0.7165440917015076,-1.5329656600952148,269,0.7165,-1.5133428573608398,270,-0.7566714286804199,0.7165440917015076,0.7566715478897095,1,0.8341319561004639,574.514134987,1731479953.4720433,0.03,0.45374107360839844,-0.9835419654846191
270,0,-1.197542428970337,1.508284330368042,-1.5302059650421143,270,1.5083,-1.9557111263275146,271,-0.9778555631637573,1.508284330368042,0.9778555631637573,0,9.76840591430664,576.528227345,1731479955.4861283,0.03,-0.7581686973571777,-0.5987712144851685
271,0,-2.158891439437866,0.548710286617279,-1.0061291456222534,271,0.5487,-1.3455755710601807,272,-0.6727877855300903,0.548710286617279,0.6727877259254456,1,1.828066349029541,578.549872604,1731479957.5077894,0.03,0.8133158683776855,-1.079445719718933
272,0,-1.5205508470535278,1.0304596424102783,-1.4412461519241333,272,1.0305,-1.6096442937850952,273,-0.8048221468925476,1.0304596424102783,0.8048221468925476,0,0.9466904401779175,580.588481163,1731479959.5464282,0.03,-0.08909344673156738,-0.7602754235267639
273,0,-1.555633544921875,1.2451720237731934,-1.2202357053756714,273,1.2452,-1.9612807035446167,274,-0.9806403517723083,1.2451720237731934,0.9806405305862427,0,1.093437671661377,582.661487045,1731479961.5761938,0.03,-0.4056471586227417,-0.7778167724609375
274,0,-1.8148021697998047,0.535133421421051,-0.8006994724273682,274,0.5351,-0.9690333008766174,275,-0.4845166504383087,0.535133421421051,0.48451662063598633,1,2.204420804977417,584.631507011,1731479963.589477,0.03,0.8457688689231873,-0.9074010848999023
275,0,-2.4240989685058594,0.8027021884918213,-2.0824806690216064,275,0.8027,-2.132382869720459,276,-1.0661914348602295,0.8027021884918213,1.06619131565094,1,1.4667140245437622,586.661173733,1731479965.6191096,0.03,0.2917160987854004,-1.2120494842529297
276,0,-2.342132329940796,0.7689357995986938,-1.438621163368225,276,0.7689,-1.988368034362793,277,-0.9941840171813965,0.7689357995986938,0.9941839575767517,1,1.6467113494873047,588.70399645,1731479967.661956,0.03,0.35376429557800293,-1.171066164970398
277,0,-0.7300505042076111,1.2324824333190918,-0.7987782955169678,277,1.2325,-1.117831826210022,278,-0.558915913105011,1.2324824333190918,0.558915913105011,0,5.969540119171143,590.695342415,1731479969.653277,0.03,-0.3877813220024109,-0.36502525210380554
278,0,-1.288923978805542,0.6260106563568115,-0.7503647804260254,278,0.626,-0.6498171091079712,279,-0.3249085545539856,0.6260106563568115,0.3249085247516632,1,4.802054405212402,592.729519986,1731479971.6441834,0.03,0.6391068696975708,-0.644461989402771
279,0,-2.195770502090454,1.0007126331329346,-1.5810078382492065,279,1.0007,-2.238222599029541,280,-1.1191112995147705,1.0007126331329346,1.11911141872406,0,2.858449935913086,594.700083987,1731479973.6580281,0.04,-0.042452096939086914,-1.097885251045227
280,0,-2.403393268585205,0.5421402454376221,-1.6229842901229858,280,0.5421,-1.5744494199752808,281,-0.7872247099876404,0.5421402454376221,0.7872247099876404,1,1.1351892948150635,596.734824578,1731479975.69276,0.04,0.8289438486099243,-1.2016966342926025
281,0,-0.16300147771835327,0.9740769863128662,-0.6130900382995605,281,0.9741,-0.16300147771835327,282,-0.08150073885917664,0.9740769863128662,0.08150073885917664,0,0.003267959225922823,598.722996713,1731479977.6809187,0.04,0.0,-0.08150073885917664
282,0,-1.9188226461410522,0.8680794835090637,-2.390068531036377,282,0.8681,-1.7425940036773682,283,-0.8712970018386841,0.8680794835090637,0.8712969422340393,1,3.8008785247802734,600.743386136,1731479979.7012966,0.04,0.17622864246368408,-0.9594113230705261
283,0,-2.067209482192993,1.0538685321807861,-1.6945171356201172,283,1.0539,-2.192467212677002,284,-1.096233606338501,1.0538685321807861,1.096233606338501,0,1.556215763092041,602.837456455,1731479981.7507317,0.04,-0.1252577304840088,-1.0336047410964966
284,0,-1.4261289834976196,1.6522361040115356,-1.2268801927566528,284,1.6522,-2.365640878677368,285,-1.182820439338684,1.6522361040115356,1.1828203201293945,0,3.284072160720825,604.810840689,1731479983.7687473,0.04,-0.9395118951797485,-0.7130644917488098
285,0,-2.6391897201538086,0.7201966047286987,-2.095614194869995,285,0.7202,-2.1925761699676514,286,-1.0962880849838257,0.7201966047286987,1.0962880849838257,1,2.2243077754974365,606.831437513,1731479985.789376,0.04,0.4466135501861572,-1.3195948600769043
286,0,-3.489816427230835,0.2880077660083771,-1.5330815315246582,286,0.288,-1.8925062417984009,287,-0.9462531208992004,0.2880077660083771,0.9462531208992004,1,1.6698613166809082,608.852425073,1731479987.8103752,0.04,1.597310185432434,-1.7449082136154175
287,0,-1.4563968181610107,0.9288532137870789,-2.0423953533172607,287,0.9289,-1.3827126026153564,288,-0.6913563013076782,0.9288532137870789,0.6913564205169678,1,0.7924302220344543,610.895176987,1731479989.8530889,0.04,0.0736842155456543,-0.7281984090805054
288,0,-1.0586415529251099,1.4061291217803955,-1.0188076496124268,288,1.4061,-1.6836137771606445,289,-0.8418068885803223,1.4061291217803955,0.8418068885803223,0,3.53151273727417,612.933473346,1731479991.8468254,0.04,-0.6249722242355347,-0.5293207764625549
289,0,-3.8494770526885986,0.17511236667633057,-2.0529890060424805,289,0.1751,-1.6959830522537231,290,-0.8479915261268616,0.17511236667633057,0.8479916453361511,1,1.2888760566711426,614.904220984,1731479993.8621328,0.04,2.153493881225586,-1.9247385263442993
290,0,-1.5470002889633179,1.3233978748321533,-2.3019351959228516,290,1.3234,-2.0608396530151367,291,-1.0304198265075684,1.3233978748321533,1.030419945716858,0,2.027125120162964,616.953619731,1731479995.9115553,0.04,-0.5138393640518188,-0.7735001444816589
291,0,-1.7047314643859863,1.8788411617279053,-1.9396792650222778,291,1.8788,-2.917793035507202,292,-1.458896517753601,1.8788411617279053,1.458896517753601,0,3.0974154472351074,618.970063591,1731479997.9279969,0.04,-1.2130615711212158,-0.8523657321929932
292,0,-1.6108448505401611,1.2185230255126953,-0.9212172627449036,292,1.2185,-1.9788645505905151,293,-0.9894322752952576,1.2185230255126953,0.989432156085968,0,2.7955527305603027,620.989954324,1731479999.9477613,0.04,-0.368019700050354,-0.8054224252700806
293,0,-1.7469342947006226,1.0435844659805298,-1.4581239223480225,293,1.0436,-1.856360912322998,294,-0.928180456161499,1.0435844659805298,0.9281803965568542,0,2.4418938159942627,623.061458687,1731480001.9798672,0.04,-0.10942661762237549,-0.8734671473503113
294,0,-1.3505464792251587,0.9816766977310181,-0.8214014172554016,294,0.9817,-1.3627276420593262,295,-0.6813638210296631,0.9816766977310181,0.6813638210296631,0,4.622444152832031,625.038045877,1731480003.9959834,0.04,-0.01218116283416748,-0.6752732396125793
295,0,-1.9519717693328857,0.8865047097206116,-0.4347561001777649,295,0.8865,-1.8072888851165771,296,-0.9036444425582886,0.8865047097206116,0.9036442041397095,1,6.417376518249512,627.056543185,1731480006.0144877,0.04,0.1446828842163086,-0.9759858846664429
296,0,-2.634340524673462,0.9184933304786682,-2.7002241611480713,296,0.9185,-2.543473958969116,297,-1.271736979484558,0.9184933304786682,1.271736979484558,1,2.381608486175537,629.076212511,1731480008.0341525,0.04,0.0908665657043457,-1.317170262336731
297,0,-2.274339437484741,0.5901901721954346,-1.860713243484497,297,0.5902,-1.5565956830978394,298,-0.7782978415489197,0.5901901721954346,0.7782977819442749,1,2.3932602405548096,631.093527953,1731480010.0514307,0.04,0.7177437543869019,-1.1371697187423706
298,0,-2.3364996910095215,0.9314628839492798,-1.4695831537246704,298,0.9315,-2.267125368118286,299,-1.133562684059143,0.9314628839492798,1.133562684059143,1,3.5386366844177246,633.153546067,1731480012.0699623,0.04,0.06937432289123535,-1.1682498455047607
299,0,-1.5418097972869873,1.4202463626861572,-1.546668291091919,299,1.4202,-2.1854400634765625,300,-1.0927200317382812,1.4202463626861572,1.0927201509475708,0,2.4304656982421875,635.141716088,1731480014.0996215,0.04,-0.6436302661895752,-0.7709048986434937
300,0,-0.8413465023040771,1.0973814725875854,-0.9420949816703796,300,1.0974,-1.032646894454956,301,-0.516323447227478,1.0973814725875854,0.516323447227478,0,2.828460693359375,637.162645399,1731480016.1205862,0.04,-0.1913003921508789,-0.4206732511520386
301,0,-1.1319549083709717,1.3099483251571655,-0.9353333711624146,301,1.3099,-1.6274198293685913,302,-0.8137099146842957,1.3099483251571655,0.8137098550796509,0,2.7184391021728516,639.188467777,1731480018.1463947,0.04,-0.49546492099761963,-0.5659774541854858
302,0,-1.3438483476638794,1.841918706893921,-1.2428107261657715,302,1.8419,-2.5131824016571045,303,-1.2565912008285522,1.841918706893921,1.2565913200378418,0,4.547037124633789,641.21806112,1731480020.1759808,0.04,-1.169334053993225,-0.6719241738319397
303,0,-2.0543603897094727,0.8834401369094849,-1.6302522420883179,303,0.8834,-1.9044592380523682,304,-0.9522296190261841,0.8834401369094849,0.9522296190261841,1,1.5651369094848633,643.293503523,1731480022.2065449,0.04,0.1499011516571045,-1.0271801948547363
304,0,-2.095052719116211,1.0018229484558105,-1.5707738399505615,304,1.0018,-2.1392598152160645,305,-1.0696299076080322,1.0018229484558105,1.0696300268173218,0,2.154653310775757,645.26739821,1731480024.2253432,0.04,-0.044207096099853516,-1.0475263595581055
305,0,-2.013120174407959,0.8858721256256104,-1.510542631149292,305,0.8859,-1.867361068725586,306,-0.933680534362793,0.8858721256256104,0.9336804747581482,1,2.7666075229644775,647.298195641,1731480026.2561474,0.04,0.14575910568237305,-1.0065600872039795
306,0,-2.203512668609619,0.63311767578125,-1.705955147743225,306,0.6331,-1.5796186923980713,307,-0.7898093461990356,0.63311767578125,0.7898093461990356,1,0.8003876805305481,649.333664364,1731480028.291617,0.04,0.6238939762115479,-1.1017563343048096
307,0,-1.990895390510559,1.0388842821121216,-1.4919997453689575,307,1.0389,-2.093057155609131,308,-1.0465285778045654,1.0388842821121216,1.0465285778045654,0,2.3868818283081055,651.371341096,1731480030.3292713,0.04,-0.10216176509857178,-0.9954476952552795
308,0,-2.0672597885131836,0.7845622897148132,-0.24048328399658203,308,0.7846,-1.7424287796020508,309,-0.8712143898010254,0.7845622897148132,0.8712143898010254,1,2.350696325302124,653.429479869,1731480032.3450975,0.04,0.3248310089111328,-1.0336298942565918
309,0,-1.7678487300872803,1.4775028228759766,-1.5599287748336792,309,1.4775,-2.4863128662109375,310,-1.2431564331054688,1.4775028228759766,1.2431564331054688,0,5.9471635818481445,655.403706021,1731480034.3616385,0.04,-0.7184641361236572,-0.8839243650436401
310,0,-2.0343284606933594,0.9385467171669006,-1.1400939226150513,310,0.9385,-1.976616382598877,311,-0.9883081912994385,0.9385467171669006,0.988308310508728,1,1.2377125024795532,657.440329158,1731480036.3982458,0.04,0.05771207809448242,-1.0171642303466797
311,0,-1.9364910125732422,1.811438798904419,-1.1102813482284546,311,1.8114,-3.069498062133789,312,-1.5347490310668945,1.811438798904419,1.5347490310668945,0,4.086880683898926,659.480572916,1731480038.438498,0.04,-1.1330070495605469,-0.9682455062866211
312,0,-2.373324155807495,0.9813896417617798,-1.2969470024108887,312,0.9814,-2.3850462436676025,313,-1.1925231218338013,0.9813896417617798,1.1925232410430908,0,1.3808084726333618,661.515313698,1731480040.4732306,0.04,-0.011722087860107422,-1.1866620779037476
313,0,-0.362419992685318,1.064910650253296,-1.9343141317367554,313,1.0649,-0.5045790076255798,314,-0.2522895038127899,1.064910650253296,0.2522895038127899,0,6.338476181030273,663.509964268,1731480042.46792,0.04,-0.14215901494026184,-0.181209996342659
314,0,-2.439415693283081,0.6822956204414368,-1.8089184761047363,314,0.6823,-1.9175935983657837,315,-0.9587967991828918,0.6822956204414368,0.9587967395782471,1,2.1394896507263184,665.545042104,1731480044.5029674,0.04,0.5218220949172974,-1.2197078466415405
315,0,-2.027953624725342,0.8614497184753418,-2.3583176136016846,315,0.8614,-1.8402715921401978,316,-0.9201357960700989,0.8614497184753418,0.9201358556747437,1,1.8621907234191895,667.588269674,1731480046.5461874,0.04,0.18768203258514404,-1.013976812362671
316,0,-1.0741448402404785,0.9181138873100281,-1.1213974952697754,316,0.9181,-0.9826467037200928,317,-0.4913233518600464,0.9181138873100281,0.4913233518600464,1,0.5581972002983093,669.645459619,1731480048.6033745,0.04,0.09149813652038574,-0.5370724201202393
317,0,-0.4834480285644531,1.3302123546600342,-0.36109036207199097,317,1.3302,-1.0065629482269287,318,-0.5032814741134644,1.3302123546600342,0.5032814145088196,0,4.59333610534668,671.681466345,1731480050.5964453,0.04,-0.5231149196624756,-0.24172401428222656
318,0,-2.637092351913452,0.4798731803894043,-2.4052186012268066,318,0.4799,-1.652372121810913,319,-0.8261860609054565,0.4798731803894043,0.8261860609054565,1,1.0626569986343384,673.688303827,1731480052.6461957,0.04,0.9847202301025391,-1.318546175956726
319,0,-2.6406092643737793,0.5814999938011169,-0.468799889087677,319,0.5815,-1.9032646417617798,320,-0.9516323208808899,0.5814999938011169,0.9516322612762451,1,2.32039737701416,675.707935742,1731480054.6658454,0.04,0.7373446226119995,-1.3203046321868896
320,0,-2.008002281188965,0.4906761944293976,-0.8340364694595337,320,0.4907,-1.051381230354309,321,-0.5256906151771545,0.4906761944293976,0.5256906747817993,1,1.6562952995300293,677.726601818,1731480056.6844804,0.04,0.9566210508346558,-1.0040011405944824
321,0,-2.2799174785614014,0.6470715999603271,-1.8008140325546265,321,0.6471,-1.6855403184890747,322,-0.8427701592445374,0.6470715999603271,0.8427702784538269,1,1.8835898637771606,679.755842467,1731480058.7137809,0.04,0.5943771600723267,-1.1399587392807007
322,0,-1.3429348468780518,1.3411540985107422,-1.9304412603378296,322,1.3412,-1.8808956146240234,323,-0.9404478073120117,1.3411540985107422,0.9404478073120117,0,1.8124287128448486,681.833526143,1731480060.7504168,0.04,-0.5379607677459717,-0.6714674234390259
323,0,-1.467950463294983,0.9740182757377625,-1.7466044425964355,323,0.974,-1.4678561687469482,324,-0.7339280843734741,0.9740182757377625,0.7339280843734741,1,3.2603886127471924,683.811487591,1731480062.7694263,0.04,9.429454803466797e-05,-0.7339752316474915
324,0,-1.8325750827789307,0.7222159504890442,-0.8625572919845581,324,0.7222,-1.3898913860321045,325,-0.6949456930160522,0.7222159504890442,0.6949456930160522,1,3.163424015045166,685.805615217,1731480064.7635467,0.04,0.44268369674682617,-0.9162875413894653
325,0,-2.649203062057495,0.5221290588378906,-1.984371542930603,325,0.5221,-1.7717605829238892,326,-0.8858802914619446,0.5221290588378906,0.8858802914619446,1,2.147799015045166,687.853784758,1731480066.8116767,0.04,0.877442479133606,-1.3246015310287476
326,0,-1.4590516090393066,0.4749111533164978,-0.5122110843658447,326,0.4749,-0.4612596035003662,327,-0.2306298017501831,0.4749111533164978,0.23062977194786072,1,3.7414073944091797,689.85100477,1731480068.8089402,0.04,0.9977920055389404,-0.7295258045196533
327,0,-1.3574364185333252,0.40111517906188965,-1.0560518503189087,327,0.4011,-0.1511821746826172,328,-0.0755910873413086,0.40111517906188965,0.07559109479188919,1,5.762935638427734,691.889523879,1731480070.8031096,0.04,1.206254243850708,-0.6787182092666626
328,0,-1.9220112562179565,0.8215964436531067,-1.7434543371200562,328,0.8216,-1.6642729043960571,329,-0.8321364521980286,0.8215964436531067,0.8321363925933838,1,1.8669490814208984,693.873316213,1731480072.8312378,0.04,0.2577383518218994,-0.9610056281089783
329,0,-2.5477569103240967,0.5115788578987122,-1.2315144538879395,329,0.5116,-1.6441737413406372,330,-0.8220868706703186,0.5115788578987122,0.8220868110656738,1,1.1838496923446655,695.899256714,1731480074.8571596,0.04,0.9035831689834595,-1.2738784551620483
330,0,-1.904900074005127,0.8500816822052002,-1.8222013711929321,330,0.8501,-1.69744873046875,331,-0.848724365234375,0.8500816822052002,0.848724365234375,1,1.7931290864944458,697.94855414,1731480076.906483,0.04,0.20745134353637695,-0.9524500370025635
331,0,-2.5778045654296875,0.41547006368637085,-1.2494620084762573,331,0.4155,-1.4143768548965454,332,-0.7071884274482727,0.41547006368637085,0.7071884274482727,1,2.122093439102173,699.97718531,1731480078.9350934,0.04,1.163427710533142,-1.2889022827148438
332,0,-1.9720685482025146,1.0631183385849,-2.651749610900879,332,1.0631,-2.1114909648895264,333,-1.0557454824447632,1.0631183385849,1.0557456016540527,0,1.7401167154312134,702.061476814,1731480080.9727833,0.04,-0.13942241668701172,-0.9860342741012573
333,0,-1.8339323997497559,0.9149042963981628,-1.6757185459136963,333,0.9149,-1.7370857000350952,334,-0.8685428500175476,0.9149042963981628,0.8685428500175476,1,1.848046064376831,704.049396825,1731480083.0072992,0.04,0.09684669971466064,-0.9169661998748779
334,0,-0.9459080696105957,0.986141562461853,-1.1530739068984985,334,0.9861,-0.9652199149131775,335,-0.48260995745658875,0.986141562461853,0.4826100170612335,0,2.8897817134857178,706.068562693,1731480085.0264935,0.04,-0.019311845302581787,-0.47295403480529785
335,0,-1.8610152006149292,0.7376570701599121,-2.201922655105591,335,0.7377,-1.4481379985809326,336,-0.7240689992904663,0.7376570701599121,0.7240689396858215,1,2.4528629779815674,708.107634904,1731480087.0654912,0.04,0.4128772020339966,-0.9305076003074646
336,0,-1.4952616691589355,0.7720543146133423,-1.5751934051513672,336,0.7721,-1.1473023891448975,337,-0.5736511945724487,0.7720543146133423,0.5736510753631592,1,2.2567105293273926,710.134801265,1731480089.0927017,0.04,0.3479592800140381,-0.7476308345794678
337,0,-1.9802724123001099,0.2953786253929138,-0.9067764282226562,337,0.2954,-0.41209718585014343,338,-0.20604859292507172,0.2953786253929138,0.20604857802391052,1,1.8540868759155273,712.169476683,1731480091.08856,0.04,1.568175196647644,-0.9901362061500549
338,0,-1.5380080938339233,0.8056050539016724,-1.0684316158294678,338,0.8056,-1.251545786857605,339,-0.6257728934288025,0.8056050539016724,0.6257727742195129,1,3.153841733932495,714.147568177,1731480093.1054995,0.04,0.28646230697631836,-0.7690040469169617
339,0,-1.3421595096588135,1.0490745306015015,-1.2602155208587646,339,1.0491,-1.4600483179092407,340,-0.7300241589546204,1.0490745306015015,0.7300242185592651,0,3.076531171798706,716.165554192,1731480095.1234663,0.04,-0.11788880825042725,-0.6710797548294067
340,0,-2.760577440261841,0.6866273283958435,-2.8254318237304688,340,0.6866,-2.24749493598938,341,-1.12374746799469,0.6866273283958435,1.12374746799469,1,1.8388224840164185,718.214779411,1731480097.1727204,0.04,0.5130825042724609,-1.3802887201309204
341,0,-1.4065923690795898,0.9947152137756348,-0.7657592296600342,341,0.9947,-1.4395439624786377,342,-0.7197719812393188,0.9947152137756348,0.7197720408439636,0,6.981620788574219,720.235839127,1731480099.193786,0.04,-0.03295159339904785,-0.7032961845397949
342,0,-1.6317901611328125,0.7819178104400635,-0.6445415019989014,342,0.7819,-1.3020896911621094,343,-0.6510448455810547,0.7819178104400635,0.651045024394989,1,2.2797138690948486,722.737463146,1731480101.6511924,0.04,0.3297004699707031,-0.8158950805664062
343,0,-1.8850419521331787,0.8600749373435974,-1.310915470123291,343,0.8601,-1.694977879524231,344,-0.8474889397621155,0.8600749373435974,0.8474888205528259,1,1.9454514980316162,724.727616414,1731480103.685529,0.04,0.19006407260894775,-0.9425209760665894
344,0,-1.9489420652389526,0.9891806840896606,-1.6109038591384888,344,0.9892,-1.9730967283248901,345,-0.9865483641624451,0.9891806840896606,0.9865483641624451,0,0.5989491939544678,726.768113841,1731480105.72599,0.04,-0.0241546630859375,-0.9744710326194763
345,0,-2.0230202674865723,1.171694040298462,-2.201658010482788,345,1.1717,-2.323880195617676,346,-1.161940097808838,1.171694040298462,1.1619399785995483,0,0.8311476111412048,728.812229574,1731480107.770175,0.04,-0.3008599281311035,-1.0115101337432861
346,0,-1.561270833015442,1.3472981452941895,-1.7820943593978882,346,1.3473,-2.1075427532196045,347,-1.0537713766098022,1.3472981452941895,1.0537714958190918,0,0.9957892894744873,730.860685173,1731480109.8186004,0.04,-0.5462719202041626,-0.780635416507721
347,0,-1.7991421222686768,0.8658309578895569,-2.14278244972229,347,0.8658,-1.6190351247787476,348,-0.8095175623893738,0.8658309578895569,0.8095176815986633,1,0.9500781297683716,733.065553815,1731480111.978326,0.04,0.1801069974899292,-0.8995710611343384
348,0,-2.0450894832611084,0.7302923202514648,-1.8358502388000488,348,0.7303,-1.6180492639541626,349,-0.8090246319770813,0.7302923202514648,0.8090246319770813,1,0.8592513203620911,735.07475001,1731480114.0326576,0.04,0.4270402193069458,-1.0225447416305542
349,0,-1.5075373649597168,0.7262846827507019,-1.444191336631775,349,0.7263,-1.072749376296997,350,-0.5363746881484985,0.7262846827507019,0.5363746285438538,1,7.322338104248047,737.072226976,1731480116.0301602,0.04,0.4347879886627197,-0.7537686824798584
350,0,-2.346740961074829,1.1068365573883057,-1.996529221534729,350,1.1068,-2.552199363708496,351,-1.276099681854248,1.1068365573883057,1.2760998010635376,0,2.449305772781372,739.107587705,1731480118.0654783,0.04,-0.205458402633667,-1.1733704805374146
351,0,-1.8266758918762207,0.8428714275360107,-1.7438961267471313,351,0.8429,-1.6065987348556519,352,-0.8032993674278259,0.8428714275360107,0.8032993078231812,1,2.2149548530578613,741.129049338,1731480120.0869591,0.04,0.22007715702056885,-0.9133379459381104
352,0,-2.588130474090576,0.5037045478820801,-1.5979026556015015,352,0.5037,-1.664766788482666,353,-0.832383394241333,0.5037045478820801,0.832383394241333,1,2.0908203125,743.201534459,1731480122.1149673,0.04,0.9233636856079102,-1.294065237045288
353,0,-1.2544901371002197,1.5120630264282227,-1.092352032661438,353,1.5121,-2.0175087451934814,354,-1.0087543725967407,1.5120630264282227,1.0087543725967407,0,6.354025840759277,745.153294925,1731480124.1111815,0.04,-0.7630186080932617,-0.6272450685501099
354,0,-1.7433555126190186,0.4363512098789215,-1.004379153251648,354,0.4364,-0.6401441097259521,355,-0.3200720548629761,0.4363512098789215,0.32007208466529846,1,1.824766755104065,747.181003277,1731480126.138926,0.04,1.1032114028930664,-0.8716777563095093
355,0,-1.6097744703292847,0.9485944509506226,-2.5766565799713135,355,0.9486,-1.5685135126113892,356,-0.7842567563056946,0.9485944509506226,0.7842568159103394,1,1.7569469213485718,749.226741317,1731480128.184659,0.04,0.04126095771789551,-0.8048872351646423
356,0,-2.171995162963867,0.22655224800109863,-0.6874096393585205,356,0.2266,-0.3026293218135834,357,-0.1513146609067917,0.22655224800109863,0.1513146460056305,1,1.3902910947799683,751.216753419,1731480130.1746192,0.04,1.8693658113479614,-1.0859975814819336
357,0,-2.3258490562438965,0.6168828010559082,-2.280449867248535,357,0.6169,-1.6670202016830444,358,-0.8335101008415222,0.6168828010559082,0.8335100412368774,1,1.5445735454559326,753.421464955,1731480132.3330433,0.04,0.658828854560852,-1.1629245281219482
358,0,-1.1963121891021729,1.4964358806610107,-0.9696198105812073,358,1.4964,-1.9392396211624146,359,-0.9696198105812073,1.4964358806610107,0.9696197509765625,0,8.908590316772461,755.370445323,1731480134.3283246,0.04,-0.7429274320602417,-0.5981560945510864
359,0,-1.501475214958191,0.9589747190475464,-0.7126997113227844,359,0.959,-1.4771006107330322,360,-0.7385503053665161,0.9589747190475464,0.7385503649711609,1,1.2103474140167236,757.400882697,1731480136.358817,0.04,0.02437460422515869,-0.7507376074790955
360,0,-2.1586127281188965,0.6585263013839722,-1.1402615308761597,360,0.6585,-1.5881292819976807,361,-0.7940646409988403,0.6585263013839722,0.7940647006034851,1,2.7524428367614746,759.430900149,1731480138.3888192,0.05,0.5704834461212158,-1.0793063640594482
361,0,-1.2530320882797241,0.9969991445541382,-1.929497241973877,361,0.997,-1.2896054983139038,362,-0.6448027491569519,0.9969991445541382,0.6448027491569519,0,0.48082712292671204,761.490956784,1731480140.4488766,0.05,-0.03657341003417969,-0.6265160441398621
362,0,-1.9196319580078125,0.9602749347686768,-1.4873758554458618,362,0.9603,-1.8973647356033325,363,-0.9486823678016663,0.9602749347686768,0.9486823081970215,1,1.6463041305541992,763.52681426,1731480142.4847136,0.05,0.02226722240447998,-0.9598159790039062
363,0,-2.3229117393493652,1.2867839336395264,-1.8322398662567139,363,1.2868,-2.7865142822265625,364,-1.3932571411132812,1.2867839336395264,1.3932572603225708,0,1.3211749792099,765.5532268,1731480144.5111685,0.05,-0.46360254287719727,-1.1614558696746826
364,0,-2.1144168376922607,0.8288819789886475,-1.8917617797851562,364,0.8289,-1.8696449995040894,365,-0.9348224997520447,0.8288819789886475,0.9348224997520447,1,1.5930116176605225,767.589615165,1731480146.5475466,0.05,0.2447718381881714,-1.0572084188461304
365,0,-3.273836374282837,0.5078421831130981,-1.7976359128952026,365,0.5078,-2.360895872116089,366,-1.1804479360580444,0.5078421831130981,1.1804479360580444,1,2.919275999069214,769.606887065,1731480148.564808,0.05,0.912940502166748,-1.6369181871414185
366,0,-1.6471974849700928,0.5977781414985657,-1.3453748226165771,366,0.5978,-0.946395993232727,367,-0.4731979966163635,0.5977781414985657,0.4731979966163635,1,2.6097912788391113,771.681479907,1731480150.5940661,0.05,0.7008014917373657,-0.8235987424850464
367,0,-2.007802963256836,0.7368495464324951,-2.1478705406188965,367,0.7368,-1.5933774709701538,368,-0.7966887354850769,0.7368495464324951,0.7966886162757874,1,1.5755572319030762,773.677667533,1731480152.6355393,0.05,0.41442549228668213,-1.003901481628418
368,0,-1.4298237562179565,0.8296159505844116,-0.47974324226379395,368,0.8296,-1.1863542795181274,369,-0.5931771397590637,0.8296159505844116,0.593177080154419,1,1.775102138519287,775.711734204,1731480154.6696653,0.05,0.2434694766998291,-0.7149118781089783
369,0,-1.7004222869873047,1.4452682733535767,-2.268415927886963,369,1.4453,-2.376918077468872,370,-1.188459038734436,1.4452682733535767,1.1884591579437256,0,2.735761880874634,777.751660395,1731480156.7095523,0.05,-0.6764957904815674,-0.8502111434936523
370,0,-1.5164861679077148,1.5518836975097656,-2.0130715370178223,370,1.5519,-2.3303048610687256,371,-1.1651524305343628,1.5518836975097656,1.1651524305343628,0,2.816187858581543,779.790958181,1731480158.748872,0.05,-0.8138186931610107,-0.7582430839538574
371,0,-1.4592769145965576,1.3137328624725342,-1.0745315551757812,371,1.3137,-1.9599213600158691,372,-0.9799606800079346,1.3137328624725342,0.9799606800079346,0,6.889892578125,781.849500684,1731480160.7648244,0.05,-0.5006444454193115,-0.7296384572982788
372,0,-2.259209156036377,0.6289462447166443,-1.8700000047683716,372,0.6289,-1.6264009475708008,373,-0.8132004737854004,0.6289462447166443,0.8132005333900452,1,1.9668632745742798,783.829543795,1731480162.7874696,0.05,0.6328082084655762,-1.1296045780181885
373,0,-1.5259712934494019,0.8915172815322876,-1.9808220863342285,373,0.8915,-1.38979971408844,374,-0.69489985704422,0.8915172815322876,0.6948997974395752,1,0.8795674443244934,785.865505236,1731480164.8233962,0.05,0.13617157936096191,-0.7629856467247009
374,0,-1.6908849477767944,1.1081295013427734,-0.9251318573951721,374,1.1081,-1.8982741832733154,375,-0.9491370916366577,1.1081295013427734,0.9491368532180786,0,2.7590410709381104,787.877075803,1731480166.8350163,0.05,-0.207389235496521,-0.8454424738883972
375,0,-1.7053436040878296,1.3204619884490967,-0.9505577087402344,375,1.3205,-2.215179681777954,376,-1.107589840888977,1.3204619884490967,1.107589840888977,0,1.0326157808303833,789.914554002,1731480168.8724825,0.05,-0.5098360776901245,-0.8526718020439148
376,0,-1.6705741882324219,1.0904173851013184,-0.9565843343734741,376,1.0904,-1.8514035940170288,377,-0.9257017970085144,1.0904173851013184,0.925701916217804,0,1.7538135051727295,791.997466358,1731480170.912224,0.05,-0.18082940578460693,-0.8352870941162109
377,0,-2.4577393531799316,2.128753662109375,-2.15692400932312,377,2.1288,-3.9598119258880615,378,-1.9799059629440308,2.128753662109375,1.9799059629440308,0,5.107272624969482,793.984456256,1731480172.9424074,0.05,-1.5020725727081299,-1.2288696765899658
378,0,-1.0231809616088867,3.1363556385040283,-2.115483283996582,378,3.1364,-3.615123987197876,379,-1.807561993598938,3.1363556385040283,1.807561993598938,0,5.516372203826904,795.976816192,1731480174.9347415,0.05,-2.5919430255889893,-0.5115904808044434
379,0,-1.8318793773651123,0.7817087173461914,-2.146333694458008,379,0.7817,-1.501793384552002,380,-0.750896692276001,0.7817087173461914,0.7508967518806458,1,1.4529461860656738,798.015325643,1731480176.9732368,0.05,0.33008599281311035,-0.9159396886825562
380,0,-2.508077383041382,0.6169998049736023,-1.6573368310928345,380,0.617,-1.849502682685852,381,-0.924751341342926,0.6169998049736023,0.9247512221336365,1,1.4761977195739746,800.060567939,1731480179.018506,0.05,0.6585747003555298,-1.254038691520691
381,0,-0.3866099715232849,0.9740769863128662,-0.19330498576164246,381,0.9741,-0.3866099715232849,382,-0.19330498576164246,0.9740769863128662,0.19330498576164246,0,0.016558818519115448,802.009445884,1731480180.9271984,0.05,0.0,-0.19330498576164246
382,0,-1.9896730184555054,1.026139736175537,-2.0494792461395264,382,1.0261,-2.0720417499542236,383,-1.0360208749771118,1.026139736175537,1.0360209941864014,0,1.1889252662658691,804.018300766,1731480182.9761806,0.05,-0.08236873149871826,-0.9948365092277527
383,0,-1.5413243770599365,1.2881052494049072,-2.312608242034912,383,1.2881,-2.006751775741577,384,-1.0033758878707886,1.2881052494049072,1.0033758878707886,0,1.55410635471344,806.069005504,1731480185.0269458,0.05,-0.4654273986816406,-0.7706621885299683
384,0,-1.9420744180679321,0.8005563616752625,-1.4268864393234253,384,0.8006,-1.646466851234436,385,-0.823233425617218,0.8005563616752625,0.823233425617218,1,4.083808422088623,808.091060314,1731480187.0489979,0.05,0.2956075668334961,-0.9710372090339661
385,0,-1.2577834129333496,0.6948431730270386,-0.4700987935066223,385,0.6948,-0.7611725926399231,386,-0.38058629631996155,0.6948431730270386,0.3805862367153168,1,3.066443681716919,810.089475427,1731480189.0473607,0.05,0.4966108202934265,-0.6288917064666748
386,0,-2.4717671871185303,0.6882979869842529,-1.4068028926849365,386,0.6883,-1.9620451927185059,387,-0.9810225963592529,0.6882979869842529,0.9810225367546082,1,0.9744991660118103,812.181436581,1731480191.0951142,0.05,0.5097219944000244,-1.2358835935592651
387,0,-0.4783902168273926,0.897842526435852,-1.3741613626480103,387,0.8978,-0.3529164791107178,388,-0.1764582395553589,0.897842526435852,0.1764582395553589,1,1.7231132984161377,814.154930363,1731480193.1128602,0.05,0.1254737377166748,-0.2391951084136963
388,0,-2.265401601791382,0.620771586894989,-1.9825798273086548,388,0.6208,-1.615000605583191,389,-0.8075003027915955,0.620771586894989,0.8075003027915955,1,1.991857886314392,816.188763333,1731480195.1466975,0.05,0.6504009962081909,-1.132700800895691
389,0,-1.967581033706665,0.4869529902935028,-0.5828019976615906,389,0.487,-1.0013304948806763,390,-0.5006652474403381,0.4869529902935028,0.5006652474403381,1,3.169832706451416,818.204204234,1731480197.162122,0.05,0.9662505388259888,-0.9837905168533325
390,0,-2.6961212158203125,0.5717802047729492,-0.9296284317970276,390,0.5718,-1.9365960359573364,391,-0.9682980179786682,0.5717802047729492,0.9682979583740234,1,1.6307332515716553,820.235370019,1731480199.1932683,0.05,0.7595251798629761,-1.3480606079101562
391,0,-2.3512957096099854,0.6086978912353516,-1.6476174592971802,391,0.6087,-1.6746020317077637,392,-0.8373010158538818,0.6086978912353516,0.8373010754585266,1,1.617832899093628,822.433571651,1731480201.3512313,0.05,0.6766936779022217,-1.1756478548049927
392,0,-0.9978514313697815,1.2396173477172852,-1.1813913583755493,392,1.2396,-1.395689606666565,393,-0.6978448033332825,1.2396173477172852,0.6978448033332825,0,1.8511351346969604,824.411295882,1731480203.369205,0.05,-0.39783817529678345,-0.49892571568489075
393,0,-0.738910436630249,1.0010170936584473,-1.7250548601150513,393,1.001,-0.781843900680542,394,-0.390921950340271,1.0010170936584473,0.390921950340271,0,1.8517574071884155,826.408318612,1731480205.3662798,0.05,-0.04293346405029297,-0.3694552183151245
394,0,-1.697996735572815,1.0879321098327637,-1.6709853410720825,394,1.0879,-1.8750804662704468,395,-0.9375402331352234,1.0879321098327637,0.9375403523445129,0,0.9342710971832275,828.55642832,1731480207.5143154,0.05,-0.17708373069763184,-0.8489983677864075
395,0,-0.6693663597106934,1.585529088973999,-0.5998159050941467,395,1.5855,-1.5256842374801636,396,-0.7628421187400818,1.585529088973999,0.7628421187400818,0,1.5925359725952148,830.580164438,1731480209.5380898,0.05,-0.8563178777694702,-0.3346831798553467
396,0,-3.1602213382720947,0.27918311953544617,-1.941922664642334,396,0.2792,-1.527171015739441,397,-0.7635855078697205,0.27918311953544617,0.7635854482650757,1,1.7054104804992676,832.641501286,1731480211.556149,0.05,1.6330503225326538,-1.5801106691360474
397,0,-1.562699556350708,1.4158982038497925,-1.831358790397644,397,1.4159,-2.200592041015625,398,-1.1002960205078125,1.4158982038497925,1.100295901298523,0,1.5749987363815308,834.631102204,1731480213.5890148,0.05,-0.637892484664917,-0.781349778175354
398,0,-2.457360029220581,0.32349157333374023,-0.7617409229278564,398,0.3235,-0.9948800802230835,399,-0.49744004011154175,0.32349157333374023,0.49744006991386414,1,0.9352883100509644,836.65498047,1731480215.612923,0.05,1.4624799489974976,-1.2286800146102905
399,0,-1.7409647703170776,0.30021148920059204,-0.33989211916923523,399,0.3002,-0.19155488908290863,400,-0.09577744454145432,0.30021148920059204,0.09577744454145432,1,1.4906542301177979,838.6498859,1731480217.6077955,0.05,1.5494098663330078,-0.8704823851585388
400,0,-2.2476589679718018,1.015458106994629,-2.1798126697540283,400,1.0155,-2.3133294582366943,401,-1.1566647291183472,1.015458106994629,1.1566646099090576,0,2.4314324855804443,840.681785539,1731480219.6397007,0.05,-0.06567049026489258,-1.1238294839859009
401,0,-1.5541775226593018,1.1948860883712769,-1.8189854621887207,401,1.1949,-1.8884689807891846,402,-0.9442344903945923,1.1948860883712769,0.9442344307899475,0,3.5267763137817383,842.745483435,1731480221.6593704,0.05,-0.3342914581298828,-0.7770887613296509
402,0,-0.42418426275253296,1.1721688508987427,-1.345042109489441,402,1.1722,-0.7257320880889893,403,-0.36286604404449463,1.1721688508987427,0.36286601424217224,0,4.635415554046631,844.698185845,1731480223.656064,0.05,-0.3015478253364563,-0.21209213137626648
403,0,-2.836153268814087,0.48226800560951233,-2.413496494293213,403,0.4823,-1.8577041625976562,404,-0.9288520812988281,0.48226800560951233,0.9288521409034729,1,2.1761739253997803,846.721736284,1731480225.679688,0.05,0.9784491062164307,-1.4180766344070435
404,0,-1.5095999240875244,0.7447818517684937,-0.6717983484268188,404,0.7448,-1.1103335618972778,405,-0.5551667809486389,0.7447818517684937,0.5551667213439941,1,4.022973537445068,848.73839061,1731480227.696295,0.05,0.3992663621902466,-0.7547999620437622
405,0,-2.028270959854126,1.0886735916137695,-1.4845274686813354,405,1.0887,-2.206472873687744,406,-1.103236436843872,1.0886735916137695,1.1032365560531616,0,0.9440399408340454,850.791486001,1731480229.7494223,0.05,-0.17820191383361816,-1.014135479927063
406,0,-2.1548585891723633,0.9983807802200317,-1.402230978012085,406,0.9984,-2.1936206817626953,407,-1.0968103408813477,0.9983807802200317,1.096810221672058,0,2.075423002243042,852.881507991,1731480231.795993,0.05,-0.03876209259033203,-1.0774292945861816
407,0,-2.297210693359375,2.0382895469665527,-1.5889805555343628,407,2.0383,-3.6959493160247803,408,-1.8479746580123901,2.0382895469665527,1.8479748964309692,0,5.026738166809082,854.859852973,1731480233.8177772,0.05,-1.3987386226654053,-1.1486053466796875
408,0,-2.834946632385254,0.43106529116630554,-1.8517757654190063,408,0.4311,-1.7167140245437622,409,-0.8583570122718811,0.43106529116630554,0.8583570718765259,1,1.8473060131072998,856.877732357,1731480235.8356702,0.05,1.1182326078414917,-1.417473316192627
409,0,-1.196379542350769,1.0272701978683472,-1.1047518253326416,409,1.0273,-1.2805094718933105,410,-0.6402547359466553,1.0272701978683472,0.6402547359466553,0,0.25965872406959534,859.126306881,1731480238.0841875,0.05,-0.0841299295425415,-0.5981897711753845
410,0,-1.7081873416900635,1.362106204032898,-2.535827875137329,410,1.3621,-2.274416923522949,411,-1.1372084617614746,1.362106204032898,1.1372084617614746,0,1.721992015838623,861.175137517,1731480240.1329572,0.05,-0.5662295818328857,-0.8540936708450317
411,0,-1.779904842376709,0.5607538223266602,-1.8279465436935425,411,0.5608,-0.9948760867118835,412,-0.4974380433559418,0.5607538223266602,0.497437983751297,1,4.171199321746826,863.217503944,1731480242.1316726,0.05,0.7850287556648254,-0.8899524211883545
412,0,-2.28590726852417,0.3180333077907562,-2.6814630031585693,412,0.318,-0.8035355806350708,413,-0.4017677903175354,0.3180333077907562,0.4017677903175354,1,0.6844215393066406,865.335273081,1731480244.2931633,0.05,1.4823716878890991,-1.142953634262085
413,0,-1.5676002502441406,1.070202350616455,-0.9426563382148743,413,1.0702,-1.7178239822387695,414,-0.8589119911193848,1.070202350616455,0.85891193151474,0,0.6900745630264282,867.366043082,1731480246.3239844,0.05,-0.1502237319946289,-0.7838001251220703
414,0,-1.9724897146224976,0.7704501152038574,-1.4824546575546265,414,0.7705,-1.6215462684631348,415,-0.8107731342315674,0.7704501152038574,0.8107731938362122,1,2.2451846599578857,869.382521796,1731480248.3404417,0.05,0.3509434461593628,-0.9862448573112488
415,0,-2.668375015258789,1.1012187004089355,-2.7824549674987793,415,1.1012,-2.865429162979126,416,-1.432714581489563,1.1012187004089355,1.432714819908142,0,2.9607913494110107,871.404094458,1731480250.3620384,0.05,-0.19705414772033691,-1.3341875076293945
