,_step,_timestamp,train/logps/chosen,train/grad_norm,train/learning_rate,train/epoch,train/losses/dpo,train/losses/total,train/logps/answer,train/loss,train/losses/sft,_runtime,train/rewards/margins,train/rewards/chosen,train/rewards/rejected,train/rewards/accuracies,train/global_step,train/logps/rejected
0,0,1731434953.5625827,-1.2710163593292236,1.3863677978515625,0,0.0,0.4569859504699707,0.4569859504699707,-1.8902446031570435,0.457,1.271016240119934,20.431792248,1.0459232330322266,-2.5420327186584473,-3.587955951690674,1,1,-1.793977975845337
1,1,1731434955.8173406,-0.4285479784011841,2.0726208686828613,0,0.0,0.4452815651893616,0.4452815651893616,-0.5802913308143616,0.4453,0.4285479784011841,22.732362391,1.0781598091125488,-0.8570959568023682,-1.935255765914917,1,2,-0.9676278829574585
2,2,1731434958.1537664,-0.9973985552787781,0.658854067325592,0,0.0,0.18607951700687408,0.18607951700687408,-1.9506192207336426,0.1861,0.9973984956741333,25.022769816,2.087099075317383,-1.9947971105575562,-4.0818963050842285,1,3,-2.0409481525421143
3,5,1731434964.4569232,-1.8725844621658325,4.530009746551514,0,0.0,1.4445383548736572,1.4445383548736572,-2.0520551204681396,1.4445,1.8725844621658325,31.32585474,-0.6755406856536865,-3.745168924331665,-3.0696282386779785,0,6,-1.5348141193389893
4,6,1731434967.241994,-1.4873909950256348,1.1536011695861816,0,0.0,0.5383096933364868,0.5383096933364868,-1.4433770179748535,0.5383,1.4873909950256348,34.110971903,0.8381214141845703,-2.9747819900512695,-3.81290340423584,1,7,-1.90645170211792
5,7,1731434969.2273602,-1.6273354291915894,2.870222806930542,0,0.0,1.227055549621582,1.227055549621582,-1.431363821029663,1.2271,1.6273351907730103,36.096388407,-0.3801124095916748,-3.2546708583831787,-2.874558448791504,0,8,-1.437279224395752
6,8,1731434971.2261565,-1.4535866975784302,4.477891445159912,0,0.0,1.5752519369125366,1.5752519369125366,-1.3079160451889038,1.5753,1.4535869359970093,38.095119028,-0.8433761596679688,-2.9071733951568604,-2.0637972354888916,0,9,-1.0318986177444458
7,9,1731434973.226661,-0.7312528491020203,3.413975954055786,0,0.0,1.030408501625061,1.030408501625061,-0.5396934151649475,1.0304,0.7312528491020203,40.095766742,-0.08901393413543701,-1.4625056982040405,-1.3734917640686035,0,10,-0.6867458820343018
8,10,1731434975.2103117,-0.5712690949440002,2.648064374923706,0,0.0,1.0791056156158447,1.0791056156158447,-1.0659031867980957,1.0791,0.5712690353393555,42.12038744,-0.1637425422668457,-1.1425381898880005,-0.9787956476211548,0,11,-0.4893978238105774
9,11,1731434977.4390922,-0.8132547736167908,1.230412483215332,0,0.0,0.20189565420150757,0.20189565420150757,-1.0362300872802734,0.2019,0.8132546544075012,44.308056028,1.9973586797714233,-1.6265095472335815,-3.623868227005005,1,12,-1.8119341135025024
10,12,1731434979.5841048,-0.8507046103477478,2.083693265914917,0,0.0,0.3517506718635559,0.3517506718635559,-1.654545545578003,0.3518,0.8507044911384583,46.45316333,1.3638073205947876,-1.7014092206954956,-3.065216541290283,1,13,-1.5326082706451416
11,13,1731434981.575458,-0.8791572451591492,1.086846113204956,0,0.0,0.27576878666877747,0.27576878666877747,-1.0522340536117554,0.2758,0.8791571855545044,48.444455881,1.6471413373947144,-1.7583144903182983,-3.4054558277130127,1,14,-1.7027279138565063
12,14,1731434983.582542,-0.7900645136833191,1.807304859161377,0,0.0,0.6925408840179443,0.6925408840179443,-1.626185655593872,0.6925,0.7900645136833191,50.451487831,0.5012129545211792,-1.5801290273666382,-2.0813419818878174,1,15,-1.0406709909439087
13,15,1731434986.4830358,-2.0661470890045166,5.888265132904053,0,0.0,1.2046459913253784,1.2046459913253784,-1.8210391998291016,1.2046,2.0661473274230957,53.396437108,-0.34825944900512695,-4.132294178009033,-3.7840347290039062,0,16,-1.8920173645019531
14,16,1731434988.4916906,-1.3092048168182373,2.075112819671631,0,0.0,1.0879368782043457,1.0879368782043457,-1.3177542686462402,1.0879,1.3092049360275269,55.360644117,-0.17709112167358398,-2.6184096336364746,-2.4413185119628906,0,17,-1.2206592559814453
15,17,1731434990.497834,-1.2404671907424927,0.8427830338478088,0,0.0,0.4030633568763733,0.4030633568763733,-0.9670437574386597,0.4031,1.2404671907424927,57.366804307,1.2003698348999023,-2.4809343814849854,-3.6813042163848877,1,18,-1.8406521081924438
16,18,1731434992.6894739,-0.10210239142179489,1.4869998693466187,0,0.0,0.7084090113639832,0.7084090113639832,-0.4169735610485077,0.7084,0.10210239887237549,59.558425278,0.4697057604789734,-0.20420478284358978,-0.6739105582237244,1,19,-0.3369552791118622
17,19,1731434994.6947913,-1.9916019439697266,8.336418151855469,0,0.0,1.8643641471862793,1.8643641471862793,-1.80218505859375,1.8644,1.9916019439697266,61.608355572,-1.1959517002105713,-3.983203887939453,-2.787252187728882,0,20,-1.393626093864441
18,20,1731434996.7106156,-1.6385055780410767,2.128899097442627,0,0.0,0.6893752813339233,0.6893752813339233,-0.6284353137016296,0.6894,1.638505458831787,63.579593346,0.5075581073760986,-3.2770111560821533,-3.784569263458252,1,21,-1.892284631729126
19,24,1731435004.7352195,-1.5150458812713623,4.719384670257568,0,0.0,1.3598562479019165,1.3598562479019165,-1.3578381538391113,1.3599,1.5150457620620728,71.644434963,-0.5632038116455078,-3.0300917625427246,-2.466887950897217,0,25,-1.2334439754486084
20,25,1731435006.7483807,-1.1493664979934692,3.0532944202423096,0,0.0,0.7026244401931763,0.7026244401931763,-2.3690884113311768,0.7026,1.1493663787841797,73.617342977,0.48113441467285156,-2.2987329959869385,-2.77986741065979,1,26,-1.389933705329895
21,27,1731435011.2627208,-2.0684449672698975,4.374659538269043,0,0.0,1.6519709825515747,1.6519709825515747,-2.6471798419952393,1.652,2.0684449672698975,78.131642435,-0.9391839504241943,-4.136889934539795,-3.1977059841156006,0,28,-1.5988529920578003
22,29,1731435015.281719,-1.1986829042434692,2.1007847785949707,0,0.0,0.7895199060440063,0.7895199060440063,-2.035576105117798,0.7895,1.1986826658248901,82.19235608,0.3157312870025635,-2.3973658084869385,-2.713097095489502,1,30,-1.356548547744751
23,31,1731435019.285302,-1.2051043510437012,4.922486305236816,0,0.0,0.5972146987915039,0.5972146987915039,-1.8115686178207397,0.5972,1.2051044702529907,86.154286753,0.7020540237426758,-2.4102087020874023,-3.112262725830078,1,32,-1.556131362915039
24,32,1731435021.274411,-0.6971185207366943,2.3203930854797363,0,0.0,0.49951714277267456,0.49951714277267456,-1.228546380996704,0.4995,0.6971185803413391,88.143371666,0.9339797496795654,-1.3942370414733887,-2.328216791152954,1,33,-1.164108395576477
25,33,1731435023.2884445,-1.233407735824585,1.365795373916626,0,0.0,0.2930692136287689,0.2930692136287689,-2.005017042160034,0.2931,1.233407735824585,90.15740012,1.5772356986999512,-2.46681547164917,-4.044051170349121,1,34,-2.0220255851745605
26,34,1731435025.3056605,-0.8694760203361511,1.968863844871521,0,0.0,0.5183954834938049,0.5183954834938049,-0.7029883861541748,0.5184,0.8694760203361511,92.216396084,0.8866468667984009,-1.7389520406723022,-2.625598907470703,1,35,-1.3127994537353516
27,35,1731435027.325123,-1.7249306440353394,1.5159111022949219,0,0.0,0.4302181005477905,0.4302181005477905,-1.290612816810608,0.4302,1.7249306440353394,94.194177501,1.1206538677215576,-3.4498612880706787,-4.570515155792236,1,36,-2.285257577896118
28,36,1731435029.355283,-1.760852336883545,4.735783100128174,0,0.0,1.3016048669815063,1.3016048669815063,-1.9487004280090332,1.3016,1.7608522176742554,96.224323986,-0.484020471572876,-3.52170467376709,-3.037684202194214,0,37,-1.518842101097107
29,38,1731435033.3892572,-1.675693392753601,3.854278087615967,0,0.0,1.5471508502960205,1.5471508502960205,-1.5795034170150757,1.5472,1.675693392753601,100.258222412,-0.8078098297119141,-3.351386785507202,-2.543576955795288,0,39,-1.271788477897644
30,39,1731435035.4074118,-0.5339818596839905,1.7124675512313843,0,0.0,0.3881499171257019,0.3881499171257019,-0.5138920545578003,0.3881,0.5339818596839905,102.320357459,1.2460190057754517,-1.067963719367981,-2.3139827251434326,1,40,-1.1569913625717163
31,41,1731435039.42081,-0.34879162907600403,0.1790374368429184,0,0.0,0.07737790048122406,0.07737790048122406,-1.016007423400879,0.0774,0.34879156947135925,106.289782914,3.020115613937378,-0.6975832581520081,-3.717698812484741,1,42,-1.8588494062423706
32,42,1731435041.4394705,-1.6854878664016724,1.8053882122039795,0,0.0,0.256114661693573,0.256114661693573,-3.0702133178710938,0.2561,1.685487985610962,108.308497701,1.7313411235809326,-3.3709757328033447,-5.102316856384277,1,43,-2.5511584281921387
33,44,1731435045.4789493,-1.2809898853302002,2.1451468467712402,0,0.0,1.4171758890151978,1.4171758890151978,-1.9416474103927612,1.4172,1.2809897661209106,112.392464041,-0.6395792961120605,-2.5619797706604004,-1.9224004745483398,0,45,-0.9612002372741699
34,45,1731435047.5017867,-1.1279257535934448,2.549067258834839,0,0.0,0.6166189908981323,0.6166189908981323,-1.4707257747650146,0.6166,1.1279258728027344,114.370745228,0.6594018936157227,-2.2558515071868896,-2.9152534008026123,1,46,-1.4576267004013062
35,46,1731435049.499324,-1.248127818107605,3.4256386756896973,0,0.0,0.9464764595031738,0.9464764595031738,-1.8015838861465454,0.9465,1.248127818107605,116.368306088,0.04471993446350098,-2.49625563621521,-2.540975570678711,1,47,-1.2704877853393555
36,47,1731435051.5153873,-1.1004968881607056,1.271450400352478,0,0.0,0.17126867175102234,0.17126867175102234,-2.135227680206299,0.1713,1.100496768951416,118.384371398,2.1776654720306396,-2.200993776321411,-4.378659248352051,1,48,-2.1893296241760254
37,48,1731435053.5329943,-1.1786701679229736,6.776057720184326,0,0.0,1.645416021347046,1.645416021347046,-1.5332978963851929,1.6454,1.1786701679229736,120.401970555,-0.9310683012008667,-2.3573403358459473,-1.4262720346450806,0,49,-0.7131360173225403
38,50,1731435057.543433,-1.6678820848464966,3.9804861545562744,0,0.0,0.847989559173584,0.847989559173584,-1.047804594039917,0.848,1.6678820848464966,124.412453773,0.21110773086547852,-3.335764169692993,-3.5468719005584717,1,51,-1.7734359502792358
39,51,1731435059.56074,-1.1256805658340454,1.6285401582717896,0,0.0,0.2234778106212616,0.2234778106212616,-1.5630422830581665,0.2235,1.1256805658340454,126.429694988,1.8846242427825928,-2.251361131668091,-4.135985374450684,1,52,-2.067992687225342
40,53,1731435063.5817034,-0.5525336861610413,1.6924543380737305,0,0.0,0.8512626886367798,0.8512626886367798,-0.3957497775554657,0.8513,0.5525336861610413,130.450667046,0.20538973808288574,-1.1050673723220825,-1.3104571104049683,1,54,-0.6552285552024841
41,54,1731435065.580756,-0.7561233043670654,3.416933298110962,0,0.0,1.1256628036499023,1.1256628036499023,-0.9627634882926941,1.1257,0.7561233043670654,132.492404318,-0.23345351219177246,-1.5122466087341309,-1.2787930965423584,0,55,-0.6393965482711792
42,56,1731435069.6122222,-0.4283800721168518,1.0710134506225586,0,0.0,0.34834086894989014,0.34834086894989014,-1.0276308059692383,0.3483,0.4283800721168518,136.481213593,1.3753525018692017,-0.8567601442337036,-2.2321126461029053,1,57,-1.1160563230514526
43,57,1731435071.6282017,-1.6978055238723755,5.335121154785156,0,0.0,0.8046100735664368,0.8046100735664368,-1.2553728818893433,0.8046,1.697805404663086,138.497153015,0.28826165199279785,-3.395611047744751,-3.683872699737549,1,58,-1.8419363498687744
44,58,1731435073.6467805,-1.6578714847564697,2.6365814208984375,0,0.0,1.106970191001892,1.106970191001892,-1.5555938482284546,1.107,1.6578716039657593,140.515784579,-0.205657958984375,-3.3157429695129395,-3.1100850105285645,0,59,-1.5550425052642822
45,60,1731435077.693946,-0.9247630834579468,2.6207265853881836,0,0.0,0.5515155792236328,0.5515155792236328,-2.18569016456604,0.5515,0.9247630834579468,144.562902604,0.8066856861114502,-1.8495261669158936,-2.6562118530273438,1,61,-1.3281059265136719
46,61,1731435079.691773,-0.9510071277618408,1.5611449480056763,0,0.0,0.39962154626846313,0.39962154626846313,-0.20295819640159607,0.3996,0.9510072469711304,146.560766496,1.2107813358306885,-1.9020142555236816,-3.11279559135437,1,62,-1.556397795677185
47,63,1731435083.6862252,-1.2670906782150269,2.5744147300720215,0,0.0,0.49207744002342224,0.49207744002342224,-2.565001964569092,0.4921,1.2670907974243164,150.555180651,0.9530115127563477,-2.5341813564300537,-3.4871928691864014,1,64,-1.7435964345932007
48,64,1731435085.7043614,-1.7088265419006348,4.108623504638672,0,0.0,1.6313239336013794,1.6313239336013794,-1.439175009727478,1.6313,1.7088265419006348,152.616372785,-0.9135777950286865,-3.4176530838012695,-2.504075288772583,0,65,-1.2520376443862915
49,65,1731435087.7006438,-2.463047504425049,5.086953163146973,0,0.0,2.667865037918091,2.667865037918091,-2.3648486137390137,2.6679,2.463047504425049,154.569586428,-2.0959391593933105,-4.926095008850098,-2.830155849456787,0,66,-1.4150779247283936
50,66,1731435089.7228737,-1.5174496173858643,3.5585174560546875,0,0.0,1.2421523332595825,1.2421523332595825,-1.6084868907928467,1.2422,1.5174496173858643,156.591844002,-0.40140414237976074,-3.0348992347717285,-2.6334950923919678,0,67,-1.3167475461959839
51,67,1731435091.7192428,-1.4510328769683838,3.9436607360839844,0,0.0,1.9007344245910645,1.9007344245910645,-2.457176446914673,1.9007,1.4510332345962524,158.588192439,-1.2388519048690796,-2.9020657539367676,-1.663213849067688,0,68,-0.831606924533844
52,68,1731435093.7354898,-1.363785743713379,2.574676752090454,0,0.0,1.1494195461273193,1.1494195461273193,-1.8920719623565674,1.1494,1.363785743713379,160.60453827,-0.26842164993286133,-2.727571487426758,-2.4591498374938965,0,69,-1.2295749187469482
53,69,1731435095.7356768,-0.4021182954311371,1.3686175346374512,0,0.0,0.7439286708831787,0.7439286708831787,-1.7213300466537476,0.7439,0.40211835503578186,162.648431274,0.40089160203933716,-0.8042365908622742,-1.2051281929016113,1,70,-0.6025640964508057
54,70,1731435097.750572,-1.2837769985198975,1.6736419200897217,0,0.0,0.3761771321296692,0.3761771321296692,-0.7228698134422302,0.3762,1.283777117729187,164.619505968,1.283717393875122,-2.567553997039795,-3.851271390914917,1,71,-1.9256356954574585
55,71,1731435099.7657485,-1.3304654359817505,2.546970844268799,0,0.0,0.7638809680938721,0.7638809680938721,-1.755669355392456,0.7639,1.3304654359817505,166.634693301,0.3632068634033203,-2.660930871963501,-3.0241377353668213,1,72,-1.5120688676834106
56,72,1731435101.7849126,-1.708537220954895,2.560556173324585,0,0.0,1.160172939300537,1.160172939300537,-1.2738802433013916,1.1602,1.708537220954895,168.653830581,-0.28412294387817383,-3.41707444190979,-3.132951498031616,0,73,-1.566475749015808
57,73,1731435103.8022184,-1.474438190460205,2.170605182647705,0,0.0,0.5146976709365845,0.5146976709365845,-2.468031167984009,0.5147,1.4744383096694946,170.671176679,0.89581298828125,-2.94887638092041,-3.84468936920166,1,74,-1.92234468460083
58,74,1731435105.8026485,-0.47277238965034485,6.299012660980225,0,0.0,0.7189053297042847,0.7189053297042847,-1.0666691064834595,0.7189,0.47277241945266724,172.716407541,0.4491305947303772,-0.9455447793006897,-1.394675374031067,1,75,-0.6973376870155334
59,75,1731435107.7971456,-0.4184718728065491,1.5880186557769775,0,0.0,0.6229440569877625,0.6229440569877625,-1.1308283805847168,0.6229,0.4184718132019043,174.666096964,0.6457093954086304,-0.8369437456130981,-1.4826531410217285,1,76,-0.7413265705108643
60,76,1731435109.794526,-0.7200591564178467,0.4380558133125305,0,0.0,0.22048579156398773,0.22048579156398773,-1.2337104082107544,0.2205,0.7200591564178467,176.663461361,1.8996543884277344,-1.4401183128356934,-3.3397727012634277,1,77,-1.6698863506317139
61,77,1731435111.7947168,-1.6841437816619873,6.990626811981201,0,0.0,1.1658458709716797,1.1658458709716797,-0.6622651219367981,1.1658,1.6841437816619873,178.663695756,-0.2923750877380371,-3.3682875633239746,-3.0759124755859375,0,78,-1.5379562377929688
62,78,1731435113.8103273,-0.8697255253791809,0.577246904373169,0,0.0,0.10187707841396332,0.10187707841396332,-0.8971540927886963,0.1019,0.8697255849838257,180.679273019,2.7326173782348633,-1.7394510507583618,-4.4720683097839355,1,79,-2.2360341548919678
63,79,1731435115.8069348,-1.4105300903320312,1.4615591764450073,0,0.0,0.42966562509536743,0.42966562509536743,-2.014857530593872,0.4297,1.4105300903320312,182.716368289,1.12223482131958,-2.8210601806640625,-3.9432950019836426,1,80,-1.9716475009918213
64,80,1731435117.831157,-2.0575037002563477,5.201600551605225,0,0.0,2.615309000015259,2.615309000015259,-2.4153220653533936,2.6153,2.0575039386749268,184.700121593,-2.039350748062134,-4.115007400512695,-2.0756566524505615,0,81,-1.0378283262252808
65,83,1731435123.8642578,-0.9467307329177856,1.2658374309539795,0,0.0,0.4094517230987549,0.4094517230987549,-1.6065417528152466,0.4095,0.9467307329177856,190.733199231,1.18123459815979,-1.8934614658355713,-3.0746960639953613,1,84,-1.5373480319976807
66,84,1731435125.8543754,-0.8700441718101501,3.0918071269989014,0,0.01,1.187301516532898,1.187301516532898,-0.43676912784576416,1.1873,0.8700441718101501,192.768512331,-0.3233957290649414,-1.7400883436203003,-1.4166926145553589,0,85,-0.7083463072776794
67,85,1731435127.8758907,-1.7485607862472534,2.502992630004883,0,0.01,0.6146911978721619,0.6146911978721619,-2.047201156616211,0.6147,1.7485607862472534,194.744826224,0.66359543800354,-3.497121572494507,-4.160717010498047,1,86,-2.0803585052490234
68,86,1731435129.8897617,-0.7367990612983704,1.6548560857772827,0,0.01,0.3645184338092804,0.3645184338092804,-1.1257915496826172,0.3645,0.7367990612983704,196.758721093,1.321388602256775,-1.4735981225967407,-2.7949867248535156,1,87,-1.3974933624267578
69,88,1731435133.9049754,-1.9449102878570557,3.5344464778900146,0,0.01,1.5473743677139282,1.5473743677139282,-2.0395913124084473,1.5474,1.9449104070663452,200.773910982,-0.808093786239624,-3.8898205757141113,-3.0817267894744873,0,89,-1.5408633947372437
70,89,1731435135.9020197,-0.7912034392356873,3.0072357654571533,0,0.01,0.5641184449195862,0.5641184449195862,-0.9113685488700867,0.5641,0.791203498840332,202.816422065,0.7772072553634644,-1.5824068784713745,-2.359614133834839,1,90,-1.1798070669174194
71,90,1731435137.9172952,-1.2846938371658325,1.2929242849349976,0,0.01,0.3406839966773987,0.3406839966773987,-1.8221948146820068,0.3407,1.2846938371658325,204.786277028,1.4016265869140625,-2.569387674331665,-3.9710142612457275,1,91,-1.9855071306228638
72,91,1731435139.9351377,-1.887701153755188,5.009492874145508,0,0.01,2.144599676132202,2.144599676132202,-2.2632944583892822,2.1446,1.8877010345458984,206.804073299,-1.5200393199920654,-3.775402307510376,-2.2553629875183105,0,92,-1.1276814937591553
73,92,1731435141.9542015,-1.3470500707626343,2.844757556915283,0,0.01,1.1661458015441895,1.1661458015441895,-0.8732229471206665,1.1661,1.3470500707626343,208.823145173,-0.29281067848205566,-2.6941001415252686,-2.401289463043213,0,93,-1.2006447315216064
74,93,1731435143.9770532,-1.0848064422607422,1.4908339977264404,0,0.01,0.35368117690086365,0.35368117690086365,-1.8611812591552734,0.3537,1.0848064422607422,210.84607137,1.3573122024536133,-2.1696128845214844,-3.5269250869750977,1,94,-1.7634625434875488
75,94,1731435145.977436,-1.0526422262191772,2.8511905670166016,0,0.01,0.9567456245422363,0.9567456245422363,-2.265472650527954,0.9567,1.0526421070098877,212.892378102,0.027991533279418945,-2.1052844524383545,-2.1332759857177734,1,95,-1.0666379928588867
76,95,1731435147.9962392,-0.6547154784202576,1.6067103147506714,0,0.01,0.6253049969673157,0.6253049969673157,-1.584069013595581,0.6253,0.6547154784202576,214.865315618,0.6406241655349731,-1.3094309568405151,-1.9500551223754883,1,96,-0.9750275611877441
77,96,1731435150.017663,-1.2798793315887451,2.4182848930358887,0,0.01,0.7391943335533142,0.7391943335533142,-2.1711292266845703,0.7392,1.2798794507980347,216.886617412,0.40993309020996094,-2.5597586631774902,-2.969691753387451,1,97,-1.4848458766937256
78,97,1731435152.011919,-0.7459462285041809,1.7460408210754395,0,0.01,0.7296606302261353,0.7296606302261353,-1.7662220001220703,0.7297,0.7459462285041809,218.880866744,0.4282594919204712,-1.4918924570083618,-1.920151948928833,1,98,-0.9600759744644165
79,98,1731435154.0282474,-1.3448686599731445,2.1145401000976562,0,0.01,0.9056569933891296,0.9056569933891296,-2.4168105125427246,0.9057,1.344868540763855,220.897261516,0.11232113838195801,-2.689737319946289,-2.802058458328247,1,99,-1.4010292291641235
80,100,1731435158.077286,-1.1856263875961304,2.17494535446167,0,0.01,0.6612335443496704,0.6612335443496704,-1.3112486600875854,0.6612,1.1856261491775513,224.946214639,0.5648794174194336,-2.3712527751922607,-2.9361321926116943,1,101,-1.4680660963058472
81,101,1731435160.0988793,-1.966739296913147,0.7687848806381226,0,0.01,0.19930271804332733,0.19930271804332733,-2.2861273288726807,0.1993,1.9667390584945679,226.967828453,2.011624574661255,-3.933478593826294,-5.945103168487549,1,102,-2.9725515842437744
82,102,1731435162.0963805,-1.0291621685028076,3.9524834156036377,0,0.01,0.7921470999717712,0.7921470999717712,-1.5838394165039062,0.7921,1.029162049293518,228.965385464,0.3109242916107178,-2.0583243370056152,-2.369248628616333,1,103,-1.1846243143081665
83,103,1731435164.0940323,-0.6947804689407349,7.92142915725708,0,0.01,1.257338523864746,1.257338523864746,-2.11842942237854,1.2573,0.6947804689407349,230.96297481,-0.422690749168396,-1.3895609378814697,-0.9668701887130737,0,104,-0.48343509435653687
84,105,1731435168.1352654,-1.1120049953460693,2.4502270221710205,0,0.01,1.0389389991760254,1.0389389991760254,-2.1517603397369385,1.0389,1.1120048761367798,235.004221081,-0.10224652290344238,-2.2240099906921387,-2.1217634677886963,0,106,-1.0608817338943481
85,106,1731435170.1548889,-1.9406955242156982,2.125563621520996,0,0.01,1.0632786750793457,1.0632786750793457,-2.5500876903533936,1.0633,1.9406955242156982,237.023851444,-0.13966727256774902,-3.8813910484313965,-3.7417237758636475,0,107,-1.8708618879318237
86,107,1731435172.1560915,-0.829277753829956,2.896608591079712,0,0.01,0.7692657113075256,0.7692657113075256,-1.3651785850524902,0.7693,0.829277753829956,239.025035421,0.3531494140625,-1.658555507659912,-2.011704921722412,1,108,-1.005852460861206
87,108,1731435174.1570354,-1.3411823511123657,1.2704193592071533,0,0.01,0.33829987049102783,0.33829987049102783,-1.2221169471740723,0.3383,1.3411824703216553,241.026033671,1.4099085330963135,-2.6823647022247314,-4.092273235321045,1,109,-2.0461366176605225
88,109,1731435176.152972,-1.3261076211929321,4.593136310577393,0,0.01,1.0951403379440308,1.0951403379440308,-0.46656158566474915,1.0951,1.3261077404022217,243.068399489,-0.18793463706970215,-2.6522152423858643,-2.464280605316162,0,110,-1.232140302658081
89,110,1731435178.1808329,-1.1922779083251953,1.7793749570846558,0,0.01,0.6303650736808777,0.6303650736808777,-1.7626146078109741,0.6304,1.1922780275344849,245.049815187,0.6297714710235596,-2.3845558166503906,-3.01432728767395,1,111,-1.507163643836975
90,111,1731435180.1782436,-1.8535171747207642,2.352712869644165,0,0.01,0.4265282154083252,0.4265282154083252,-1.1905330419540405,0.4265,1.8535172939300537,247.047229895,1.1312439441680908,-3.7070343494415283,-4.838278293609619,1,112,-2.4191391468048096
91,112,1731435182.1781585,-2.038895606994629,4.251530170440674,0,0.01,1.226385474205017,1.226385474205017,-1.2309019565582275,1.2264,2.03889536857605,249.047150982,-0.3791642189025879,-4.077791213989258,-3.69862699508667,0,113,-1.849313497543335
92,114,1731435186.217117,-1.0639207363128662,1.7129307985305786,0,0.01,0.2533770501613617,0.2533770501613617,-1.447231411933899,0.2534,1.0639208555221558,253.132377238,1.7435145378112793,-2.1278414726257324,-3.8713560104370117,1,115,-1.9356780052185059
93,115,1731435188.2400308,-1.7271144390106201,1.9955520629882812,0,0.01,0.3933819830417633,0.3933819830417633,-2.2155351638793945,0.3934,1.727114200592041,255.108980651,1.2298436164855957,-3.4542288780212402,-4.684072494506836,1,116,-2.342036247253418
94,116,1731435190.258303,-1.5088980197906494,1.3674062490463257,0,0.01,0.3973627984523773,0.3973627984523773,-2.159571409225464,0.3974,1.5088980197906494,257.127244082,1.217653751373291,-3.017796039581299,-4.23544979095459,1,117,-2.117724895477295
95,118,1731435194.2973464,-1.4626953601837158,4.013947486877441,0,0.01,1.1482558250427246,1.1482558250427246,-1.9967169761657715,1.1483,1.4626954793930054,261.166270091,-0.26671791076660156,-2.9253907203674316,-2.65867280960083,0,119,-1.329336404800415
96,119,1731435196.321942,-0.7589884400367737,1.6249768733978271,0,0.01,1.046067714691162,1.046067714691162,-1.4363919496536255,1.0461,0.7589885592460632,263.236392871,-0.11325728893280029,-1.5179768800735474,-1.404719591140747,0,120,-0.7023597955703735
97,120,1731435198.3228552,-1.1577802896499634,2.2118465900421143,0,0.01,0.6004390120506287,0.6004390120506287,-1.1793556213378906,0.6004,1.1577802896499634,265.191816261,0.6948976516723633,-2.3155605792999268,-3.01045823097229,1,121,-1.505229115486145
98,121,1731435200.3395777,-1.256589651107788,2.279799699783325,0,0.01,0.4709134101867676,0.4709134101867676,-1.1615551710128784,0.4709,1.256589651107788,267.208517769,1.0084013938903809,-2.513179302215576,-3.521580696105957,1,122,-1.7607903480529785
99,122,1731435202.3569655,-0.37733736634254456,0.6666205525398254,0,0.01,0.5741370320320129,0.5741370320320129,-1.280433177947998,0.5741,0.37733733654022217,269.22592603,0.7541214823722839,-0.7546747326850891,-1.508796215057373,1,123,-0.7543981075286865
100,123,1731435204.3507493,-1.6389816999435425,9.915775299072266,0,0.01,1.4383081197738647,1.4383081197738647,-1.1553936004638672,1.4383,1.638981580734253,271.219677001,-0.66737961769104,-3.277963399887085,-2.610583782196045,0,124,-1.3052918910980225
101,124,1731435206.342042,-3.413762331008911,7.468078136444092,0,0.01,2.030491352081299,2.030491352081299,-2.791635751724243,2.0305,3.413762331008911,273.252433677,-1.3897671699523926,-6.827524662017822,-5.43775749206543,0,125,-2.718878746032715
102,125,1731435208.3567312,-1.256906509399414,1.8938367366790771,0,0.01,0.5282995700836182,0.5282995700836182,-1.2351770401000977,0.5283,1.256906509399414,275.225690348,0.8623397350311279,-2.513813018798828,-3.376152753829956,1,126,-1.688076376914978
103,127,1731435212.3483763,-1.7608343362808228,3.6470022201538086,0,0.01,2.436692476272583,2.436692476272583,-1.4378842115402222,2.4367,1.7608340978622437,279.217322882,-1.845180630683899,-3.5216686725616455,-1.6764880418777466,0,128,-0.8382440209388733
104,128,1731435214.3617277,-0.8409699201583862,3.4843900203704834,0,0.01,0.8453428745269775,0.8453428745269775,-1.2652380466461182,0.8453,0.8409699201583862,281.230678713,0.21574163436889648,-1.6819398403167725,-1.897681474685669,1,129,-0.9488407373428345
105,129,1731435216.356009,-1.9527146816253662,7.233471870422363,0,0.01,1.878454566001892,1.878454566001892,-1.9267065525054932,1.8785,1.9527148008346558,283.224971362,-1.2126052379608154,-3.9054293632507324,-2.692824125289917,0,130,-1.3464120626449585
106,130,1731435218.3730803,-1.3726580142974854,4.629430294036865,0,0.01,0.961925745010376,0.961925745010376,-1.7907648086547852,0.9619,1.3726578950881958,285.242037262,0.01959395408630371,-2.7453160285949707,-2.7649099826812744,1,131,-1.3824549913406372
107,131,1731435220.3662949,-1.6231826543807983,4.461722373962402,0,0.01,3.080646514892578,3.080646514892578,-0.5287266969680786,3.0806,1.6231826543807983,287.235259191,-2.5336287021636963,-3.2463653087615967,-0.7127366065979004,0,132,-0.3563683032989502
108,132,1731435222.3645558,-0.6524648070335388,2.8706440925598145,0,0.01,0.584281325340271,0.584281325340271,-2.628647565841675,0.5843,0.6524648070335388,289.233505648,0.7310479879379272,-1.3049296140670776,-2.035977602005005,1,133,-1.0179888010025024
109,133,1731435224.3632572,-1.0129977464675903,2.474757432937622,0,0.01,0.7803204655647278,0.7803204655647278,-0.9231137037277222,0.7803,1.0129977464675903,291.232237792,0.33264708518981934,-2.0259954929351807,-2.358642578125,1,134,-1.1793212890625
110,134,1731435226.3766403,-1.8753710985183716,3.4666621685028076,0,0.01,2.1762118339538574,2.1762118339538574,-1.8840923309326172,2.1762,1.8753712177276611,293.245617701,-1.5557708740234375,-3.750742197036743,-2.1949713230133057,0,135,-1.0974856615066528
111,135,1731435228.3951457,-1.6000081300735474,2.188474655151367,0,0.01,0.6058209538459778,0.6058209538459778,-1.624991536140442,0.6058,1.600008249282837,295.264093316,0.6830143928527832,-3.2000162601470947,-3.883030652999878,1,136,-1.941515326499939
112,136,1731435230.4105275,-1.3098734617233276,7.431727409362793,0,0.01,0.9363460540771484,0.9363460540771484,-2.0621306896209717,0.9363,1.3098735809326172,297.279501187,0.06132936477661133,-2.6197469234466553,-2.6810762882232666,1,137,-1.3405381441116333
113,137,1731435232.430669,-1.0080925226211548,2.4563677310943604,0,0.01,0.8713347315788269,0.8713347315788269,-2.964327335357666,0.8713,1.0080925226211548,299.299651418,0.1706252098083496,-2.0161850452423096,-2.186810255050659,1,138,-1.0934051275253296
114,138,1731435234.4487107,-1.3402589559555054,1.6687730550765991,0,0.01,0.32876360416412354,0.32876360416412354,-1.7404496669769287,0.3288,1.3402589559555054,301.317679512,1.4435350894927979,-2.6805179119110107,-4.124053001403809,1,139,-2.0620265007019043
115,139,1731435236.4732516,-1.5470008850097656,2.438596725463867,0,0.01,0.5693967342376709,0.5693967342376709,-0.9121178388595581,0.5694,1.547000765800476,303.342220657,0.7650070190429688,-3.0940017700195312,-3.8590087890625,1,140,-1.92950439453125
116,140,1731435238.4938107,-0.4811134934425354,0.9218147993087769,0,0.01,0.15734967589378357,0.15734967589378357,-0.9552062153816223,0.1573,0.4811134338378906,305.362813954,2.269578456878662,-0.9622269868850708,-3.2318053245544434,1,141,-1.6159026622772217
117,141,1731435240.5165043,-0.6510475873947144,1.7546395063400269,0,0.01,0.3526499271392822,0.3526499271392822,-0.8693606853485107,0.3526,0.6510474681854248,307.385452678,1.3607780933380127,-1.3020951747894287,-2.6628732681274414,1,142,-1.3314366340637207
118,142,1731435242.515403,-1.925658941268921,5.294260025024414,0,0.01,2.4848787784576416,2.4848787784576416,-1.2120579481124878,2.4849,1.925658941268921,309.38441927,-1.897864818572998,-3.851317882537842,-1.9534530639648438,0,143,-0.9767265319824219
119,143,1731435244.509626,-1.0553323030471802,3.4308488368988037,0,0.01,0.9114441871643066,0.9114441871643066,-1.4907054901123047,0.9114,1.0553323030471802,311.378557491,0.10262560844421387,-2.1106646060943604,-2.213290214538574,1,144,-1.106645107269287
120,144,1731435246.505839,-0.536622941493988,1.7079689502716064,0,0.01,0.3255702257156372,0.3255702257156372,-1.4980829954147339,0.3256,0.5366230010986328,313.374765609,1.4549793004989624,-1.073245882987976,-2.5282251834869385,1,145,-1.2641125917434692
121,146,1731435250.5247068,-1.0128105878829956,3.1583590507507324,0,0.01,0.7253183126449585,0.7253183126449585,-0.9104738831520081,0.7253,1.0128105878829956,317.393614114,0.4366605281829834,-2.025621175765991,-2.4622817039489746,1,147,-1.2311408519744873
122,147,1731435252.5168421,-1.560099720954895,3.5653090476989746,0,0.01,0.6470170021057129,0.6470170021057129,-1.1302921772003174,0.647,1.5600996017456055,319.385782851,0.594491720199585,-3.12019944190979,-3.714691162109375,1,148,-1.8573455810546875
123,148,1731435254.5122826,-1.3704437017440796,3.0581421852111816,0,0.01,1.5832427740097046,1.5832427740097046,-1.8363614082336426,1.5832,1.3704437017440796,321.381212836,-0.8534418344497681,-2.740887403488159,-1.8874455690383911,0,149,-0.9437227845191956
124,150,1731435258.5538461,-0.9122788310050964,1.6474412679672241,0,0.01,0.7988390922546387,0.7988390922546387,-1.5793122053146362,0.7988,0.9122788310050964,325.42284457,0.2987269163131714,-1.8245576620101929,-2.1232845783233643,1,151,-1.0616422891616821
125,151,1731435260.5709307,-1.676933765411377,1.959225058555603,0,0.01,0.9596210718154907,0.9596210718154907,-2.1288797855377197,0.9596,1.6769338846206665,327.439919283,0.023326873779296875,-3.353867530822754,-3.377194404602051,1,152,-1.6885972023010254
126,152,1731435262.5929627,-0.9021607041358948,2.7977352142333984,0,0.01,0.6782212257385254,0.6782212257385254,-0.951882004737854,0.6782,0.9021607637405396,329.461894004,0.5300780534744263,-1.8043214082717896,-2.334399461746216,1,153,-1.167199730873108
127,153,1731435264.5900774,-0.8721412420272827,3.3449506759643555,0,0.01,0.46131202578544617,0.46131202578544617,-1.6074938774108887,0.4613,0.8721411228179932,331.504335777,1.0341732501983643,-1.7442824840545654,-2.7784557342529297,1,154,-1.3892278671264648
128,154,1731435266.6053195,-0.8957815766334534,0.9595666527748108,0,0.01,0.2564980089664459,0.2564980089664459,-1.9539655447006226,0.2565,0.8957816362380981,333.474292273,1.7296456098556519,-1.7915631532669067,-3.5212087631225586,1,155,-1.7606043815612793
129,155,1731435268.62707,-1.9147696495056152,6.555196762084961,0,0.01,2.046945333480835,2.046945333480835,-1.225034475326538,2.0469,1.9147697687149048,335.496001305,-1.408684253692627,-3.8295392990112305,-2.4208550453186035,0,156,-1.2104275226593018
130,156,1731435270.648729,-1.7471940517425537,1.532425880432129,0,0.01,0.9646478891372681,0.9646478891372681,-1.917936086654663,0.9646,1.7471942901611328,337.517667006,0.015191793441772461,-3.4943881034851074,-3.50957989692688,1,157,-1.75478994846344
131,157,1731435272.6411755,-0.27566245198249817,0.1133023276925087,0,0.01,0.030669694766402245,0.030669694766402245,-1.5470043420791626,0.0307,0.27566251158714294,339.510139245,3.9691061973571777,-0.5513249039649963,-4.520431041717529,1,158,-2.2602155208587646
132,158,1731435274.644514,-1.0527843236923218,2.1878366470336914,0,0.01,0.45955178141593933,0.45955178141593933,-1.89484441280365,0.4596,1.0527845621109009,341.556379145,1.0389437675476074,-2.1055686473846436,-3.144512414932251,1,159,-1.5722562074661255
133,159,1731435276.6399806,-1.6433079242706299,4.537212371826172,0,0.01,1.4331824779510498,1.4331824779510498,-1.3384150266647339,1.4332,1.6433080434799194,343.508914942,-0.6606535911560059,-3.2866158485412598,-2.625962257385254,0,160,-1.312981128692627
134,160,1731435278.6355333,-1.3204330205917358,3.1055896282196045,0,0.01,0.49245163798332214,0.49245163798332214,-1.918524980545044,0.4925,1.3204330205917358,345.504484142,0.9520490169525146,-2.6408660411834717,-3.5929150581359863,1,161,-1.7964575290679932
135,161,1731435280.655178,-1.3591992855072021,2.6658408641815186,0,0.01,0.5161030292510986,0.5161030292510986,-1.9815820455551147,0.5161,1.3591992855072021,347.524142494,0.8923234939575195,-2.7183985710144043,-3.610722064971924,1,162,-1.805361032485962
136,162,1731435282.6749158,-1.2573422193527222,3.5798213481903076,0,0.01,0.9225015640258789,0.9225015640258789,-1.3636633157730103,0.9225,1.2573422193527222,349.543863784,0.08420491218566895,-2.5146844387054443,-2.5988893508911133,1,163,-1.2994446754455566
137,163,1731435284.696704,-1.1223145723342896,5.094844818115234,0,0.01,1.3674689531326294,1.3674689531326294,-0.9414853453636169,1.3675,1.122314691543579,351.6084319,-0.573432207107544,-2.244629144668579,-1.6711969375610352,0,164,-0.8355984687805176
138,164,1731435286.7159238,-0.9946945905685425,4.0391154289245605,0,0.01,0.8318734169006348,0.8318734169006348,-1.1619986295700073,0.8319,0.9946944117546082,353.584868355,0.23946881294250488,-1.989389181137085,-2.22885799407959,1,165,-1.114428997039795
139,165,1731435288.7322922,-1.0924092531204224,2.0629684925079346,0,0.01,0.5919860601425171,0.5919860601425171,-2.1687049865722656,0.592,1.092409372329712,355.601256833,0.7137196063995361,-2.1848185062408447,-2.898538112640381,1,166,-1.4492690563201904
140,166,1731435290.7473996,-0.7145857810974121,1.5680443048477173,0,0.01,0.3365248143672943,0.3365248143672943,-0.4529956579208374,0.3365,0.7145857214927673,357.616381001,1.4161067008972168,-1.4291715621948242,-2.845278263092041,1,167,-1.4226391315460205
141,168,1731435294.7606902,-1.1273870468139648,2.551485776901245,0,0.01,0.6688328385353088,0.6688328385353088,-2.1508264541625977,0.6688,1.1273870468139648,361.672375981,0.5492346286773682,-2.2547740936279297,-2.804008722305298,1,169,-1.402004361152649
142,170,1731435298.713491,-0.8989750146865845,4.5698957443237305,0,0.01,0.834197461605072,0.834197461605072,-0.6196051239967346,0.8342,0.8989749550819397,365.582430112,0.23535752296447754,-1.797950029373169,-2.0333075523376465,1,171,-1.0166537761688232
143,171,1731435300.7144203,-0.43569955229759216,1.5858983993530273,0,0.01,0.3710728883743286,0.3710728883743286,-1.2616022825241089,0.3711,0.43569955229759216,367.583346596,1.3000895977020264,-0.8713991045951843,-2.1714887619018555,1,172,-1.0857443809509277
144,172,1731435302.7226999,-1.6571873426437378,5.356416702270508,0,0.01,1.6020106077194214,1.6020106077194214,-0.6708008050918579,1.602,1.6571874618530273,369.591719459,-0.8770015239715576,-3.3143746852874756,-2.437373161315918,0,173,-1.218686580657959
145,174,1731435306.7506468,-1.4510118961334229,0.930256724357605,0,0.01,0.2594932019710541,0.2594932019710541,-1.538029432296753,0.2595,1.4510116577148438,373.6196073,1.7164740562438965,-2.9020237922668457,-4.618497848510742,1,175,-2.309248924255371
146,175,1731435308.7842185,-1.2302604913711548,1.671613335609436,0,0.01,0.7119073867797852,0.7119073867797852,-1.471372127532959,0.7119,1.2302606105804443,375.653173585,0.46282505989074707,-2.4605209827423096,-2.9233460426330566,1,176,-1.4616730213165283
147,177,1731435312.7853522,-0.738372802734375,4.402674674987793,0,0.01,1.2588757276535034,1.2588757276535034,-1.2516523599624634,1.2589,0.7383727431297302,379.654366238,-0.42483818531036377,-1.47674560546875,-1.0519074201583862,0,178,-0.5259537100791931
148,178,1731435314.8031766,-1.6065003871917725,2.819943904876709,0,0.01,0.8298325538635254,0.8298325538635254,-2.1752007007598877,0.8298,1.606500506401062,381.712332803,0.24308538436889648,-3.213000774383545,-3.4560861587524414,1,179,-1.7280430793762207
149,180,1731435318.8355637,-0.7382578253746033,1.9296575784683228,0,0.01,0.5309755206108093,0.5309755206108093,-1.2991018295288086,0.531,0.7382577657699585,385.704519172,0.8558317422866821,-1.4765156507492065,-2.3323473930358887,1,181,-1.1661736965179443
150,182,1731435322.831867,-1.2741854190826416,6.869866371154785,0,0.01,0.7123553156852722,0.7123553156852722,-2.0325748920440674,0.7124,1.2741854190826416,389.70083377,0.4619457721710205,-2.548370838165283,-3.0103166103363037,1,183,-1.5051583051681519
151,183,1731435324.8541079,-1.7201720476150513,2.3710176944732666,0,0.01,1.2913960218429565,1.2913960218429565,-1.905036211013794,1.2914,1.7201720476150513,391.76439283,-0.4699685573577881,-3.4403440952301025,-2.9703755378723145,0,184,-1.4851877689361572
152,184,1731435326.8752115,-1.333471417427063,2.2549498081207275,0,0.01,1.2326431274414062,1.2326431274414062,-1.2285020351409912,1.2326,1.333471417427063,393.744148279,-0.38800811767578125,-2.666942834854126,-2.2789347171783447,0,185,-1.1394673585891724
153,185,1731435328.8740578,-0.5800683498382568,3.115694284439087,0,0.01,0.38297098875045776,0.38297098875045776,-0.6896132826805115,0.383,0.5800683498382568,395.743081694,1.262206792831421,-1.1601366996765137,-2.4223434925079346,1,186,-1.2111717462539673
154,186,1731435330.897089,-1.833605408668518,2.1947431564331055,0,0.01,1.0520532131195068,1.0520532131195068,-2.398219108581543,1.0521,1.833605408668518,397.766041422,-0.12246966361999512,-3.667210817337036,-3.544741153717041,0,187,-1.7723705768585205
155,187,1731435332.9164422,-1.1348490715026855,3.8225810527801514,0,0.01,1.996551275253296,1.996551275253296,-1.2890552282333374,1.9966,1.134849190711975,399.785417037,-1.3505969047546387,-2.269698143005371,-0.9191011786460876,0,188,-0.4595505893230438
156,188,1731435334.9380102,-1.084433674812317,5.764064311981201,0,0.01,1.4395229816436768,1.4395229816436768,-1.565238118171692,1.4395,1.0844335556030273,401.848413525,-0.6689722537994385,-2.168867349624634,-1.4998950958251953,0,189,-0.7499475479125977
157,189,1731435336.9350195,-0.7863630056381226,5.8477091789245605,0,0.01,1.1001970767974854,1.1001970767974854,-1.153796911239624,1.1002,0.7863630652427673,403.803982011,-0.19552350044250488,-1.5727260112762451,-1.3772025108337402,0,190,-0.6886012554168701
158,190,1731435338.9377046,-1.5430190563201904,2.622995615005493,0,0.01,0.7875893712043762,0.7875893712043762,-1.81154465675354,0.7876,1.5430190563201904,405.806647789,0.31927037239074707,-3.086038112640381,-3.405308485031128,1,191,-1.702654242515564
159,191,1731435340.9566753,-1.8045272827148438,4.678669452667236,0,0.01,1.965943455696106,1.965943455696106,-1.1720879077911377,1.9659,1.8045272827148438,407.825653732,-1.3150930404663086,-3.6090545654296875,-2.293961524963379,0,192,-1.1469807624816895
160,192,1731435342.980196,-1.5687673091888428,7.429007053375244,0,0.01,1.6936836242675781,1.6936836242675781,-1.1998330354690552,1.6937,1.5687673091888428,409.849168398,-0.9905374050140381,-3.1375346183776855,-2.1469972133636475,0,193,-1.0734986066818237
161,193,1731435345.0027742,-1.2658047676086426,1.8863327503204346,0,0.01,0.7452627420425415,0.7452627420425415,-1.8161520957946777,0.7453,1.265804648399353,411.916416582,0.39835095405578613,-2.531609535217285,-2.9299604892730713,1,194,-1.4649802446365356
162,194,1731435347.0061312,-1.031028151512146,2.879319190979004,0,0.01,0.7153722047805786,0.7153722047805786,-1.5702959299087524,0.7154,1.0310282707214355,413.875075116,0.45603322982788086,-2.062056303024292,-2.518089532852173,1,195,-1.2590447664260864
163,195,1731435349.0085025,-0.7673540711402893,2.567389726638794,0,0.01,0.6643456816673279,0.6643456816673279,-0.8958091139793396,0.6643,0.7673541307449341,415.877505887,0.5584572553634644,-1.5347081422805786,-2.093165397644043,1,196,-1.0465826988220215
164,196,1731435351.030461,-2.4848554134368896,5.560402870178223,0,0.01,1.1533057689666748,1.1533057689666748,-1.5901702642440796,1.1533,2.4848554134368896,417.899385544,-0.2741050720214844,-4.969710826873779,-4.695605754852295,0,197,-2.3478028774261475
165,197,1731435353.048713,-1.5986969470977783,4.8686981201171875,0,0.01,1.345425009727478,1.345425009727478,-1.8422564268112183,1.3454,1.5986970663070679,419.917661987,-0.5437400341033936,-3.1973938941955566,-2.653653860092163,0,198,-1.3268269300460815
166,198,1731435355.0657651,-1.4784177541732788,5.745411396026611,0,0.01,0.7152669429779053,0.7152669429779053,-0.8871864080429077,0.7153,1.4784178733825684,421.980376967,0.4562392234802246,-2.9568355083465576,-3.4130747318267822,1,199,-1.7065373659133911
167,199,1731435357.0616171,-1.9471180438995361,3.7958455085754395,0,0.01,0.8682807683944702,0.8682807683944702,-1.7131850719451904,0.8683,1.9471180438995361,423.930570145,0.17588186264038086,-3.8942360877990723,-4.070117950439453,1,200,-2.0350589752197266
168,200,1731435359.0803852,-1.8124383687973022,2.3665592670440674,0,0.01,0.6472130417823792,0.6472130417823792,-2.3773670196533203,0.6472,1.8124383687973022,425.949347814,0.5940802097320557,-3.6248767375946045,-4.21895694732666,1,201,-2.10947847366333
169,201,1731435361.075857,-1.6695958375930786,7.293181419372559,0,0.01,1.9101717472076416,1.9101717472076416,-1.8245010375976562,1.9102,1.6695958375930786,427.944789683,-1.2499384880065918,-3.3391916751861572,-2.0892531871795654,0,202,-1.0446265935897827
170,202,1731435363.0908487,-2.406515598297119,6.900452136993408,0,0.01,2.307340621948242,2.307340621948242,-1.490622878074646,2.3073,2.406515598297119,429.959793125,-1.7025070190429688,-4.813031196594238,-3.1105241775512695,0,203,-1.5552620887756348
171,203,1731435365.0855803,-2.099903106689453,7.963009357452393,0,0.01,1.1358355283737183,1.1358355283737183,-1.7967342138290405,1.1358,2.099903106689453,431.996420443,-0.2484750747680664,-4.199806213378906,-3.95133113861084,0,204,-1.97566556930542
172,204,1731435367.1046607,-0.2818334996700287,8.752645492553711,0,0.01,1.0152159929275513,1.0152159929275513,-0.5518134832382202,1.0152,0.2818334996700287,433.973665256,-0.0652906596660614,-0.5636669993400574,-0.49837633967399597,0,205,-0.24918816983699799
173,205,1731435369.1060884,-0.9869521260261536,6.2670063972473145,0,0.01,0.9425721168518066,0.9425721168518066,-0.6101837158203125,0.9426,0.9869521856307983,435.975023424,0.051108717918395996,-1.9739042520523071,-2.025012969970703,1,206,-1.0125064849853516
174,206,1731435371.108002,-1.0353437662124634,5.193858623504639,0,0.01,1.1823254823684692,1.1823254823684692,-1.0364924669265747,1.1823,1.0353437662124634,437.977036563,-0.3162277936935425,-2.0706875324249268,-1.7544597387313843,0,207,-0.8772298693656921
175,207,1731435373.1302757,-1.1142164468765259,2.9748899936676025,0,0.01,0.4655674993991852,0.4655674993991852,-2.4344964027404785,0.4656,1.1142163276672363,439.999201348,1.0226993560791016,-2.2284328937530518,-3.2511322498321533,1,208,-1.6255661249160767
176,208,1731435375.1307843,-0.4338102638721466,3.837299346923828,0,0.01,0.5844086408615112,0.5844086408615112,-0.5933644771575928,0.5844,0.4338102638721466,442.040382865,0.7307602763175964,-0.8676205277442932,-1.5983808040618896,1,209,-0.7991904020309448
177,209,1731435377.1301203,-1.3440262079238892,4.12484884262085,0,0.01,1.1873019933700562,1.1873019933700562,-1.4856905937194824,1.1873,1.3440262079238892,443.99911448,-0.3233964443206787,-2.6880524158477783,-2.3646559715270996,0,210,-1.1823279857635498
178,210,1731435379.1549897,-1.367418646812439,2.4061689376831055,0,0.01,0.9223948121070862,0.9223948121070862,-1.754015326499939,0.9224,1.367418646812439,446.02393616,0.0843820571899414,-2.734837293624878,-2.8192193508148193,1,211,-1.4096096754074097
179,211,1731435381.1518626,-1.8468475341796875,2.351205825805664,0,0.01,0.7136878967285156,0.7136878967285156,-1.3885564804077148,0.7137,1.8468472957611084,448.020791438,0.4593319892883301,-3.693695068359375,-4.153027057647705,1,212,-2.0765135288238525
180,212,1731435383.1495419,-1.5934053659439087,4.805197715759277,0,0.01,0.9735192060470581,0.9735192060470581,-1.4748905897140503,0.9735,1.5934053659439087,450.018555033,0.0008962154388427734,-3.1868107318878174,-3.18770694732666,1,213,-1.59385347366333
181,213,1731435385.1674068,-1.1807941198349,2.938311815261841,0,0.01,0.6882020235061646,0.6882020235061646,-0.7354364991188049,0.6882,1.1807941198349,452.080404367,0.5099148750305176,-2.3615882396698,-2.8715031147003174,1,214,-1.4357515573501587
182,214,1731435387.162483,-0.836621880531311,4.087253093719482,0,0.01,1.340111494064331,1.340111494064331,-1.3595069646835327,1.3401,0.8366219401359558,454.031457094,-0.5365486145019531,-1.673243761062622,-1.136695146560669,0,215,-0.5683475732803345
183,215,1731435389.15672,-1.0093250274658203,4.504136085510254,0,0.01,1.3441822528839111,1.3441822528839111,-0.6060081124305725,1.3442,1.0093249082565308,456.025675767,-0.5420591831207275,-2.0186500549316406,-1.476590871810913,0,216,-0.7382954359054565
184,216,1731435391.1803641,-1.3008153438568115,1.7608840465545654,0,0.01,0.76041579246521,0.76041579246521,-1.5207127332687378,0.7604,1.3008153438568115,458.049329002,0.369704008102417,-2.601630687713623,-2.97133469581604,1,217,-1.48566734790802
185,217,1731435393.1716115,-0.8384733200073242,2.0577051639556885,0,0.01,0.38064441084861755,0.38064441084861755,-2.4578793048858643,0.3806,0.8384732007980347,460.04056949,1.2695376873016357,-1.6769466400146484,-2.946484327316284,1,218,-1.473242163658142
186,218,1731435395.187073,-1.963062047958374,3.1947128772735596,0,0.01,1.271939754486084,1.271939754486084,-1.7757995128631592,1.2719,1.963062047958374,462.09639756,-0.4430363178253174,-3.926124095916748,-3.4830877780914307,0,219,-1.7415438890457153
187,219,1731435397.183747,-0.7013036012649536,2.9020655155181885,0,0.01,0.3166166841983795,0.3166166841983795,-1.2893681526184082,0.3166,0.7013036608695984,464.052710484,1.487581729888916,-1.4026072025299072,-2.8901889324188232,1,220,-1.4450944662094116
188,221,1731435401.199987,-0.6822786927223206,1.6368799209594727,0,0.01,0.26370859146118164,0.26370859146118164,-0.6822786927223206,0.2637,0.6822786331176758,468.068964912,1.6981602907180786,-1.3645573854446411,-3.0627176761627197,1,222,-1.5313588380813599
189,222,1731435403.2222292,-1.2268165349960327,2.668260335922241,0,0.01,0.9411499500274658,0.9411499500274658,-1.2342411279678345,0.9411,1.2268164157867432,470.091194543,0.05343961715698242,-2.4536330699920654,-2.507072687149048,1,223,-1.253536343574524
190,223,1731435405.2363095,-2.3352935314178467,4.417297840118408,0,0.01,1.779005527496338,1.779005527496338,-2.1510097980499268,1.779,2.335293769836426,472.148419069,-1.0941135883331299,-4.670587062835693,-3.5764734745025635,0,224,-1.7882367372512817
191,224,1731435407.2623057,-0.6543192267417908,1.581541895866394,0,0.01,0.8798516392707825,0.8798516392707825,-1.408696174621582,0.8799,0.6543192267417908,474.131251293,0.15602588653564453,-1.3086384534835815,-1.464664340019226,1,225,-0.732332170009613
192,226,1731435411.2792428,-0.6263918876647949,2.3224074840545654,0,0.01,1.058271884918213,1.058271884918213,-1.3320988416671753,1.0583,0.6263919472694397,478.148164789,-0.1320093870162964,-1.2527837753295898,-1.1207743883132935,0,227,-0.5603871941566467
193,227,1731435413.3012857,-1.1413220167160034,2.7180066108703613,0,0.01,0.6921346783638,0.6921346783638,-1.6460529565811157,0.6921,1.141322135925293,480.170298271,0.5020260810852051,-2.282644033432007,-2.784670114517212,1,228,-1.392335057258606
194,228,1731435415.3049157,-1.0610768795013428,2.5992093086242676,0,0.01,0.6669343113899231,0.6669343113899231,-1.1362091302871704,0.6669,1.0610768795013428,482.220414509,0.5531313419342041,-2.1221537590026855,-2.6752851009368896,1,229,-1.3376425504684448
195,229,1731435417.303067,-1.3287521600723267,3.097942590713501,0,0.01,1.0267248153686523,1.0267248153686523,-1.0209077596664429,1.0267,1.3287521600723267,484.172062102,-0.08328032493591309,-2.6575043201446533,-2.5742239952087402,0,230,-1.2871119976043701
196,232,1731435423.354079,-1.9093579053878784,6.84323787689209,0,0.01,0.9700028300285339,0.9700028300285339,-1.3215487003326416,0.97,1.9093579053878784,490.223036438,0.0065534114837646484,-3.818715810775757,-3.8252692222595215,1,233,-1.9126346111297607
197,233,1731435425.351884,-1.6061958074569702,5.066713809967041,0,0.01,0.45281141996383667,0.45281141996383667,-1.5976722240447998,0.4528,1.6061958074569702,492.260468845,1.0573451519012451,-3.2123916149139404,-4.2697367668151855,1,234,-2.1348683834075928
198,234,1731435427.3429692,-0.8280899524688721,0.9009687304496765,0,0.01,0.11250285804271698,0.11250285804271698,-1.8514461517333984,0.1125,0.8280898928642273,494.211911024,2.627997875213623,-1.6561799049377441,-4.284177780151367,1,235,-2.1420888900756836
199,235,1731435429.3394182,-1.5641145706176758,3.5789005756378174,0,0.01,0.8344916105270386,0.8344916105270386,-2.0149331092834473,0.8345,1.5641146898269653,496.208388942,0.23483777046203613,-3.1282291412353516,-3.3630669116973877,1,236,-1.6815334558486938
200,236,1731435431.3334324,-1.4904543161392212,4.314241886138916,0,0.01,0.6991378664970398,0.6991378664970398,-0.9984238743782043,0.6991,1.4904543161392212,498.202374181,0.4880542755126953,-2.9809086322784424,-3.4689629077911377,1,237,-1.7344814538955688
201,237,1731435433.3571768,-1.3035356998443604,2.6418092250823975,0,0.01,0.4183671176433563,0.4183671176433563,-1.9182963371276855,0.4184,1.3035359382629395,500.226107834,1.1549301147460938,-2.6070713996887207,-3.7620015144348145,1,238,-1.8810007572174072
202,239,1731435437.3815472,-1.6533232927322388,2.47365403175354,0,0.01,1.5947941541671753,1.5947941541671753,-1.2549341917037964,1.5948,1.6533232927322388,504.250503195,-0.8679559230804443,-3.3066465854644775,-2.438690662384033,0,240,-1.2193453311920166
203,242,1731435443.3978798,-1.5728970766067505,3.557823657989502,0,0.01,0.6666404604911804,0.6666404604911804,-1.2381726503372192,0.6666,1.57289719581604,510.266841594,0.5537352561950684,-3.145794153213501,-3.6995294094085693,1,243,-1.8497647047042847
204,243,1731435445.41638,-1.5629876852035522,2.4588236808776855,0,0.01,1.1443994045257568,1.1443994045257568,-2.1743712425231934,1.1444,1.5629878044128418,512.328376087,-0.2610650062561035,-3.1259753704071045,-2.864910364151001,0,244,-1.4324551820755005
205,244,1731435447.4082665,-1.3052564859390259,4.369096755981445,0,0.01,2.8348047733306885,2.8348047733306885,-1.6535676717758179,2.8348,1.3052564859390259,514.277225376,-2.2742795944213867,-2.6105129718780518,-0.3362334072589874,0,245,-0.1681167036294937
206,245,1731435449.4222913,-0.18086592853069305,3.0305707454681396,0,0.01,0.5498936772346497,0.5498936772346497,-0.18086592853069305,0.5499,0.18086591362953186,516.291233856,0.8105157613754272,-0.3617318570613861,-1.1722476482391357,1,246,-0.5861238241195679
207,246,1731435451.4386258,-0.6401932239532471,3.886462926864624,0,0.01,0.9450706243515015,0.9450706243515015,-0.8782444000244141,0.9451,0.6401931643486023,518.307594856,0.04701840877532959,-1.2803864479064941,-1.3274048566818237,1,247,-0.6637024283409119
208,247,1731435453.4565709,-1.104934573173523,3.345546245574951,0,0.01,1.3479454517364502,1.3479454517364502,-1.7129641771316528,1.3479,1.1049344539642334,520.325554293,-0.5471465587615967,-2.209869146347046,-1.6627225875854492,0,248,-0.8313612937927246
209,248,1731435455.478097,-1.8601322174072266,5.164255142211914,0,0.01,1.7566802501678467,1.7566802501678467,-1.6866883039474487,1.7567,1.8601323366165161,522.38846701,-1.067192792892456,-3.720264434814453,-2.653071641921997,0,249,-1.3265358209609985
210,249,1731435457.480088,-1.4619295597076416,1.8754750490188599,0,0.01,0.5887165069580078,0.5887165069580078,-1.4553245306015015,0.5887,1.4619295597076416,524.349044205,0.7210526466369629,-2.923859119415283,-3.644911766052246,1,250,-1.822455883026123
211,250,1731435459.5005548,-1.1183855533599854,4.089632511138916,0,0.01,0.8406407833099365,0.8406407833099365,-1.2815892696380615,0.8406,1.1183855533599854,526.369608882,0.2239971160888672,-2.2367711067199707,-2.460768222808838,1,251,-1.230384111404419
212,251,1731435461.5229712,-1.5714143514633179,3.321364641189575,0,0.01,0.4415937662124634,0.4415937662124634,-1.689529299736023,0.4416,1.5714143514633179,528.391931531,1.0884559154510498,-3.1428287029266357,-4.2312846183776855,1,252,-2.1156423091888428
213,252,1731435463.5448346,-1.469364881515503,2.681973457336426,0,0.01,0.797189474105835,0.797189474105835,-1.616852879524231,0.7972,1.4693647623062134,530.413844229,0.301727294921875,-2.938729763031006,-3.240457057952881,1,253,-1.6202285289764404
214,253,1731435465.5700202,-1.2743852138519287,1.4659631252288818,0,0.01,0.39106324315071106,0.39106324315071106,-1.3877137899398804,0.3911,1.2743852138519287,532.480385805,1.2369904518127441,-2.5487704277038574,-3.7857608795166016,1,254,-1.8928804397583008
215,254,1731435467.5675814,-1.4204691648483276,4.001809597015381,0,0.02,1.6805005073547363,1.6805005073547363,-1.6584529876708984,1.6805,1.4204691648483276,534.436533873,-0.9743607044219971,-2.8409383296966553,-1.8665776252746582,0,255,-0.9332888126373291
216,255,1731435469.5702026,-1.311574101448059,2.8747713565826416,0,0.02,0.6300667524337769,0.6300667524337769,-0.7063703536987305,0.6301,1.311574101448059,536.43918959,0.6304094791412354,-2.623148202896118,-3.2535576820373535,1,256,-1.6267788410186768
217,256,1731435471.5729816,-1.0649349689483643,3.1867048740386963,0,0.02,0.7769702672958374,0.7769702672958374,-2.2776029109954834,0.777,1.0649349689483643,538.442010708,0.3388400077819824,-2.1298699378967285,-2.468709945678711,1,257,-1.2343549728393555
218,257,1731435473.6002321,-1.4614306688308716,3.6031997203826904,0,0.02,1.0246288776397705,1.0246288776397705,-1.8149261474609375,1.0246,1.4614306688308716,540.469206088,-0.08001279830932617,-2.922861337661743,-2.842848539352417,0,258,-1.4214242696762085
219,258,1731435475.6041965,-1.458268165588379,3.0359885692596436,0,0.02,1.1441915035247803,1.1441915035247803,-1.106980562210083,1.1442,1.4582682847976685,542.516384508,-0.2607598304748535,-2.916536331176758,-2.6557765007019043,0,259,-1.3278882503509521
220,259,1731435477.6304712,-1.2633682489395142,5.415602207183838,0,0.02,1.0357320308685303,1.0357320308685303,-1.5099321603775024,1.0357,1.2633682489395142,544.499446193,-0.09727907180786133,-2.5267364978790283,-2.429457426071167,0,260,-1.2147287130355835
221,260,1731435479.657321,-2.010342597961426,4.356188774108887,0,0.02,2.0556840896606445,2.0556840896606445,-1.5038731098175049,2.0557,2.010343074798584,546.526278332,-1.4187121391296387,-4.020685195922852,-2.601973056793213,0,261,-1.3009865283966064
222,261,1731435481.681754,-1.694535493850708,3.8349390029907227,0,0.02,1.2946412563323975,1.2946412563323975,-1.9377063512802124,1.2946,1.694535493850708,548.550715064,-0.4744412899017334,-3.389070987701416,-2.9146296977996826,0,262,-1.4573148488998413
223,262,1731435483.710206,-1.411501407623291,2.5654191970825195,0,0.02,0.7396325469017029,0.7396325469017029,-2.4353344440460205,0.7396,1.4115012884140015,550.579135267,0.40909457206726074,-2.823002815246582,-3.2320973873138428,1,263,-1.6160486936569214
224,263,1731435485.7093394,-1.3702571392059326,2.058108329772949,0,0.02,0.8644373416900635,0.8644373416900635,-1.7394638061523438,0.8644,1.3702571392059326,552.620368762,0.18251395225524902,-2.7405142784118652,-2.9230282306671143,1,264,-1.4615141153335571
225,264,1731435487.7243447,-1.8981517553329468,5.7356276512146,0,0.02,2.842183828353882,2.842183828353882,-1.6386423110961914,2.8422,1.8981516361236572,554.59328095,-2.2821171283721924,-3.7963035106658936,-1.5141863822937012,0,265,-0.7570931911468506
226,265,1731435489.7425902,-1.3267722129821777,1.5275217294692993,0,0.02,0.355848103761673,0.355848103761673,-1.4101533889770508,0.3558,1.3267722129821777,556.611529455,1.3500566482543945,-2.6535444259643555,-4.00360107421875,1,266,-2.001800537109375
227,266,1731435491.7389286,-1.9092321395874023,6.549752712249756,0,0.02,1.855800747871399,1.855800747871399,-1.3384840488433838,1.8558,1.909232258796692,558.607885995,-1.18580961227417,-3.8184642791748047,-2.6326546669006348,0,267,-1.3163273334503174
228,267,1731435493.7545424,-1.644066572189331,1.5086300373077393,0,0.02,0.40197911858558655,0.40197911858558655,-1.9450868368148804,0.402,1.6440662145614624,560.62350351,1.2036418914794922,-3.288133144378662,-4.491775035858154,1,268,-2.245887517929077
229,268,1731435495.7723963,-1.4990023374557495,3.1261680126190186,0,0.02,0.729004442691803,0.729004442691803,-1.9938262701034546,0.729,1.49900221824646,562.684387704,0.42952680587768555,-2.998004674911499,-3.4275314807891846,1,269,-1.7137657403945923
230,269,1731435497.7684312,-1.3983395099639893,1.767090916633606,0,0.02,0.32188040018081665,0.32188040018081665,-1.6644997596740723,0.3219,1.3983395099639893,564.637370128,1.4683218002319336,-2.7966790199279785,-4.265000820159912,1,270,-2.132500410079956
231,270,1731435499.790806,-1.6117253303527832,4.090504169464111,0,0.02,1.159839391708374,1.159839391708374,-1.5855075120925903,1.1598,1.6117249727249146,566.659823542,-0.28363704681396484,-3.2234506607055664,-2.9398136138916016,0,271,-1.4699068069458008
232,271,1731435501.8119905,-1.1366589069366455,1.9710948467254639,0,0.02,0.48385557532310486,0.48385557532310486,-1.354630947113037,0.4839,1.136658787727356,568.680954232,0.9743051528930664,-2.273317813873291,-3.2476229667663574,1,272,-1.6238114833831787
233,272,1731435503.8317773,-1.4187945127487183,2.3067898750305176,0,0.02,0.7794877886772156,0.7794877886772156,-2.2799501419067383,0.7795,1.4187945127487183,570.700719521,0.3341846466064453,-2.8375890254974365,-3.171773672103882,1,273,-1.585886836051941
234,273,1731435505.8503232,-1.4945204257965088,5.931822299957275,0,0.02,1.7449318170547485,1.7449318170547485,-1.8524916172027588,1.7449,1.4945203065872192,572.764444147,-1.0529757738113403,-2.9890408515930176,-1.9360650777816772,0,274,-0.9680325388908386
235,274,1731435507.8739464,-1.056471824645996,1.3041678667068481,0,0.02,0.3857341408729553,0.3857341408729553,-1.1461108922958374,0.3857,1.056471824645996,574.742961608,1.2535479068756104,-2.112943649291992,-3.3664915561676025,1,275,-1.6832457780838013
236,277,1731435513.9495928,-1.6614313125610352,4.381974697113037,0,0.02,1.7796986103057861,1.7796986103057861,-1.5264689922332764,1.7797,1.6614314317703247,580.818577433,-1.094947338104248,-3.3228626251220703,-2.2279152870178223,0,278,-1.1139576435089111
237,278,1731435515.9684596,-0.46982207894325256,3.090454578399658,0,0.02,0.7008469700813293,0.7008469700813293,-0.3954046070575714,0.7008,0.4698220491409302,582.876430653,0.48465925455093384,-0.9396441578865051,-1.424303412437439,1,279,-0.7121517062187195
238,281,1731435521.9880636,-1.4691334962844849,2.1038217544555664,0,0.02,0.5055833458900452,0.5055833458900452,-1.6415866613388062,0.5056,1.4691333770751953,588.857030041,0.9186227321624756,-2.9382669925689697,-3.8568897247314453,1,282,-1.9284448623657227
239,282,1731435524.0053139,-1.3864641189575195,2.6872682571411133,0,0.02,1.1683392524719238,1.1683392524719238,-1.1712226867675781,1.1683,1.386464238166809,590.874306449,-0.29599523544311523,-2.772928237915039,-2.476933002471924,0,283,-1.238466501235962
240,283,1731435526.0281155,-1.0760571956634521,1.9815304279327393,0,0.02,0.5809088945388794,0.5809088945388794,-1.4417519569396973,0.5809,1.0760571956634521,592.940398871,0.7386856079101562,-2.1521143913269043,-2.8907999992370605,1,284,-1.4453999996185303
241,284,1731435528.048918,-2.179558515548706,3.5252180099487305,0,0.02,2.6840767860412598,2.6840767860412598,-2.361583709716797,2.6841,2.179558753967285,594.917955933,-2.113349437713623,-4.359117031097412,-2.245767593383789,0,285,-1.1228837966918945
242,285,1731435530.048494,-1.398730754852295,5.657838344573975,0,0.02,1.5145190954208374,1.5145190954208374,-1.2741894721984863,1.5145,1.398730754852295,596.917449524,-0.7661681175231934,-2.79746150970459,-2.0312933921813965,0,286,-1.0156466960906982
243,286,1731435532.075733,-1.2192965745925903,1.084540843963623,0,0.02,0.13725288212299347,0.13725288212299347,-0.5860233902931213,0.1373,1.2192966938018799,598.944720671,2.4165189266204834,-2.4385931491851807,-4.855112075805664,1,287,-2.427556037902832
244,287,1731435534.0964136,-1.5894479751586914,5.954390048980713,0,0.02,1.6492133140563965,1.6492133140563965,-1.3520246744155884,1.6492,1.5894479751586914,600.965396347,-0.9357712268829346,-3.178895950317383,-2.2431247234344482,0,288,-1.1215623617172241
245,288,1731435536.0975685,-1.32577383518219,4.172997951507568,0,0.02,1.771400809288025,1.771400809288025,-0.9704110026359558,1.7714,1.3257739543914795,603.008388101,-1.0849573612213135,-2.65154767036438,-1.5665903091430664,0,289,-0.7832951545715332
246,289,1731435538.1133595,-2.230473041534424,6.827573776245117,0,0.02,2.2886955738067627,2.2886955738067627,-1.6182827949523926,2.2887,2.230473041534424,604.982333117,-1.6817798614501953,-4.460946083068848,-2.7791662216186523,0,290,-1.3895831108093262
247,290,1731435540.1100395,-1.5690215826034546,4.528581619262695,0,0.02,1.1790201663970947,1.1790201663970947,-2.367755651473999,1.179,1.5690215826034546,606.97900596,-0.31145763397216797,-3.138043165206909,-2.826585531234741,0,291,-1.4132927656173706
248,291,1731435542.133741,-1.5937775373458862,1.5519112348556519,0,0.02,0.5566793084144592,0.5566793084144592,-1.8888261318206787,0.5567,1.5937774181365967,609.002683405,0.7945473194122314,-3.1875550746917725,-3.982102394104004,1,292,-1.991051197052002
249,292,1731435544.1503925,-1.4312937259674072,6.758039951324463,0,0.02,1.1683653593063354,1.1683653593063354,-1.0747745037078857,1.1684,1.4312939643859863,611.019373491,-0.2960331439971924,-2.8625874519348145,-2.566554307937622,0,293,-1.283277153968811
250,293,1731435546.1656952,-1.2181131839752197,1.7211917638778687,0,0.02,0.4631270170211792,0.4631270170211792,-1.4804421663284302,0.4631,1.2181131839752197,613.07646222,1.0292694568634033,-2.4362263679504395,-3.4654958248138428,1,294,-1.7327479124069214
251,294,1731435548.1585257,-1.6489945650100708,2.416749954223633,0,0.02,0.5799435377120972,0.5799435377120972,-2.179576873779297,0.5799,1.6489949226379395,615.027516341,0.7408778667449951,-3.2979891300201416,-4.038866996765137,1,295,-2.0194334983825684
252,295,1731435550.1808639,-1.6211289167404175,2.736366033554077,0,0.02,1.1724905967712402,1.1724905967712402,-2.345720052719116,1.1725,1.6211289167404175,617.049799621,-0.3020138740539551,-3.242257833480835,-2.94024395942688,0,296,-1.47012197971344
253,296,1731435552.2009249,-1.090516209602356,1.9613581895828247,0,0.02,0.8016456365585327,0.8016456365585327,-2.4315099716186523,0.8016,1.090516209602356,619.069861449,0.29363131523132324,-2.181032419204712,-2.474663734436035,1,297,-1.2373318672180176
254,297,1731435554.2172084,-1.4394783973693848,5.257240295410156,0,0.02,1.4651552438735962,1.4651552438735962,-1.3404334783554077,1.4652,1.4394783973693848,621.086151665,-0.7024362087249756,-2.8789567947387695,-2.176520586013794,0,298,-1.088260293006897
255,298,1731435556.229005,-1.4255702495574951,5.431408882141113,0,0.02,0.7162773013114929,0.7162773013114929,-1.2606492042541504,0.7163,1.425570011138916,623.144342332,0.45426273345947266,-2.8511404991149902,-3.305403232574463,1,299,-1.6527016162872314
256,299,1731435558.2522662,-0.9879558682441711,2.3425216674804688,0,0.02,0.3931090831756592,0.3931090831756592,-1.8308966159820557,0.3931,0.9879558682441711,625.121222444,1.2306829690933228,-1.9759117364883423,-3.206594705581665,1,300,-1.6032973527908325
257,300,1731435560.2835824,-1.4694843292236328,0.8608423471450806,0,0.02,0.26227593421936035,0.26227593421936035,-2.6158981323242188,0.2623,1.4694844484329224,627.152516819,1.7043557167053223,-2.9389686584472656,-4.643324375152588,1,301,-2.321662187576294
258,302,1731435564.2976198,-1.5607300996780396,1.382109522819519,0,0.02,0.2328929901123047,0.2328929901123047,-1.78837251663208,0.2329,1.56072998046875,631.166569134,1.838470697402954,-3.121460199356079,-4.959930896759033,1,303,-2.4799654483795166
259,303,1731435566.3143675,-1.7142232656478882,3.998753547668457,0,0.02,0.8894397020339966,0.8894397020339966,-1.7696456909179688,0.8894,1.714223027229309,633.228397836,0.1396956443786621,-3.4284465312957764,-3.5681421756744385,1,304,-1.7840710878372192
260,304,1731435568.3379188,-1.1668776273727417,3.101323366165161,0,0.02,1.54045569896698,1.54045569896698,-1.393828272819519,1.5405,1.1668775081634521,635.207013816,-0.799296498298645,-2.3337552547454834,-1.5344587564468384,0,305,-0.7672293782234192
261,305,1731435570.358297,-0.9197736382484436,3.7446987628936768,0,0.02,1.143172025680542,1.143172025680542,-1.8210856914520264,1.1432,0.919773519039154,637.227280517,-0.2592637538909912,-1.8395472764968872,-1.580283522605896,0,306,-0.790141761302948
262,306,1731435572.3900306,-1.535126805305481,5.200474739074707,0,0.02,1.25955331325531,1.25955331325531,-2.0145277976989746,1.2596,1.5351265668869019,639.259019281,-0.4257843494415283,-3.070253610610962,-2.6444692611694336,0,307,-1.3222346305847168
263,309,1731435578.414801,-1.452362060546875,2.710007905960083,0,0.02,1.0596132278442383,1.0596132278442383,-1.5720845460891724,1.0596,1.452362060546875,645.283785117,-0.1340630054473877,-2.90472412109375,-2.7706611156463623,0,310,-1.3853305578231812
264,310,1731435580.4338274,-1.3063390254974365,5.549463748931885,0,0.02,1.0193660259246826,1.0193660259246826,-2.0277259349823,1.0194,1.3063390254974365,647.302778976,-0.07179117202758789,-2.612678050994873,-2.540886878967285,0,311,-1.2704434394836426
265,312,1731435584.478411,-0.7925235033035278,0.775529146194458,0,0.02,0.34889665246009827,0.34889665246009827,-1.5643409490585327,0.3489,0.7925235033035278,651.347375946,1.3734643459320068,-1.5850470066070557,-2.9585113525390625,1,313,-1.4792556762695312
266,313,1731435586.4734612,-1.2061783075332642,3.33575701713562,0,0.02,1.3213106393814087,1.3213106393814087,-0.5454906821250916,1.3213,1.2061783075332642,653.342456192,-0.5109938383102417,-2.4123566150665283,-1.9013627767562866,0,314,-0.9506813883781433
267,314,1731435588.4888365,-1.0205059051513672,6.295666694641113,0,0.02,0.4473007619380951,0.4473007619380951,-0.43450260162353516,0.4473,1.0205059051513672,655.357780329,1.0725510120391846,-2.0410118103027344,-3.113562822341919,1,315,-1.5567814111709595
268,315,1731435590.480816,-0.7830347418785095,2.627415180206299,0,0.02,0.6061795353889465,0.6061795353889465,-0.5522627830505371,0.6062,0.7830347418785095,657.349764503,0.6822253465652466,-1.566069483757019,-2.2482948303222656,1,316,-1.1241474151611328
269,317,1731435594.498924,-1.132918357849121,3.6629199981689453,0,0.02,0.9570553302764893,0.9570553302764893,-2.186112642288208,0.9571,1.1329182386398315,661.367853454,0.02748870849609375,-2.265836715698242,-2.293325424194336,1,318,-1.146662712097168
270,318,1731435596.4963892,-1.69438898563385,5.4219279289245605,0,0.02,1.0802257061004639,1.0802257061004639,-1.3796241283416748,1.0802,1.69438898563385,663.365331604,-0.16543889045715332,-3.3887779712677,-3.223339080810547,0,319,-1.6116695404052734
271,319,1731435598.5173101,-0.94403475522995,1.9798115491867065,0,0.02,0.5623297691345215,0.5623297691345215,-1.1621793508529663,0.5623,0.94403475522995,665.38623599,0.7813609838485718,-1.8880695104599,-2.6694304943084717,1,320,-1.3347152471542358
272,320,1731435600.5415254,-1.1687500476837158,3.0082650184631348,0,0.02,0.978563129901886,0.978563129901886,-1.3748857975006104,0.9786,1.1687500476837158,667.410485387,-0.007197380065917969,-2.3375000953674316,-2.3303027153015137,0,321,-1.1651513576507568
273,321,1731435602.5377777,-1.6287013292312622,9.672945976257324,0,0.02,1.8735883235931396,1.8735883235931396,-0.5506048202514648,1.8736,1.6287015676498413,669.406766075,-1.2068586349487305,-3.2574026584625244,-2.050544023513794,0,322,-1.025272011756897
274,322,1731435604.5365264,-0.2492964118719101,1.5236876010894775,0,0.02,0.5795931220054626,0.5795931220054626,-0.2492964118719101,0.5796,0.2492963969707489,671.405481579,0.7416743040084839,-0.4985928237438202,-1.2402671575546265,1,323,-0.6201335787773132
275,323,1731435606.5515778,-0.9089524149894714,1.34099280834198,0,0.02,0.38650962710380554,0.38650962710380554,-1.9540863037109375,0.3865,0.9089524149894714,673.420529396,1.2511268854141235,-1.8179048299789429,-3.0690317153930664,1,324,-1.5345158576965332
276,324,1731435608.5710309,-1.3638489246368408,8.072041511535645,0,0.02,0.7407680749893188,0.7407680749893188,-2.015106678009033,0.7408,1.36384916305542,675.440007231,0.4069232940673828,-2.7276978492736816,-3.1346211433410645,1,325,-1.5673105716705322
277,325,1731435610.5682359,-0.98658686876297,5.552531719207764,0,0.02,1.0192607641220093,1.0192607641220093,-1.2063894271850586,1.0193,0.9865869879722595,677.437158122,-0.07162654399871826,-1.97317373752594,-1.9015471935272217,0,326,-0.9507735967636108
278,326,1731435612.5825472,-1.674971580505371,4.450527191162109,0,0.02,1.4550535678863525,1.4550535678863525,-1.6355979442596436,1.4551,1.6749714612960815,679.451501158,-0.689279317855835,-3.349943161010742,-2.6606638431549072,0,327,-1.3303319215774536
279,328,1731435616.6286871,-1.0800676345825195,1.1990395784378052,0,0.02,0.29735615849494934,0.29735615849494934,-1.3210889101028442,0.2974,1.08006751537323,683.497616376,1.5604650974273682,-2.160135269165039,-3.7206003665924072,1,329,-1.8603001832962036
280,329,1731435618.6265786,-1.2933815717697144,1.260835886001587,0,0.02,0.2871726453304291,0.2871726453304291,-2.728142499923706,0.2872,1.293381690979004,685.49560966,1.600651502609253,-2.5867631435394287,-4.187414646148682,1,330,-2.093707323074341
281,330,1731435620.6447952,-1.329354166984558,3.459669828414917,0,0.02,0.44960010051727295,0.44960010051727295,-1.3659082651138306,0.4496,1.329353928565979,687.513809755,1.0661883354187012,-2.658708333969116,-3.7248966693878174,1,331,-1.8624483346939087
282,331,1731435622.6380432,-1.835757851600647,4.575954437255859,0,0.02,2.0711829662323,2.0711829662323,-1.360234022140503,2.0712,1.8357577323913574,689.506991196,-1.4364662170410156,-3.671515703201294,-2.2350494861602783,0,332,-1.1175247430801392
283,332,1731435624.6728287,-1.3888726234436035,1.9048534631729126,0,0.02,0.8398456573486328,0.8398456573486328,-1.4469298124313354,0.8398,1.388872504234314,691.580393969,0.22539591789245605,-2.777745246887207,-3.003141164779663,1,333,-1.5015705823898315
284,333,1731435626.67135,-1.2640122175216675,3.321129083633423,0,0.02,0.9610030055046082,0.9610030055046082,-2.3929378986358643,0.961,1.264012098312378,693.540326458,0.0210878849029541,-2.528024435043335,-2.549112319946289,1,334,-1.2745561599731445
285,334,1731435628.6885092,-1.4022595882415771,1.5818206071853638,0,0.02,0.5468828678131104,0.5468828678131104,-2.223858118057251,0.5469,1.4022595882415771,695.557473116,0.8176484107971191,-2.8045191764831543,-3.6221675872802734,1,335,-1.8110837936401367
286,335,1731435630.6810675,-1.7755517959594727,11.080633163452148,0,0.02,2.6787164211273193,2.6787164211273193,-2.529571056365967,2.6787,1.7755519151687622,697.550077403,-2.1075949668884277,-3.5511035919189453,-1.4435086250305176,0,336,-0.7217543125152588
287,337,1731435634.711603,-0.6347379684448242,2.416904926300049,0,0.02,1.004819631576538,1.004819631576538,-1.793915033340454,1.0048,0.6347379684448242,701.620513774,-0.048938632011413574,-1.2694759368896484,-1.2205373048782349,0,338,-0.6102686524391174
288,338,1731435636.7290535,-1.41150963306427,5.726551532745361,0,0.02,0.9240676164627075,0.9240676164627075,-1.4352513551712036,0.9241,1.4115098714828491,703.597997656,0.08160686492919922,-2.82301926612854,-2.9046261310577393,1,339,-1.4523130655288696
289,339,1731435638.7473154,-1.1395173072814941,1.6366510391235352,0,0.02,0.33763912320137024,0.33763912320137024,-1.5950649976730347,0.3376,1.1395174264907837,705.616329171,1.412212610244751,-2.2790346145629883,-3.6912472248077393,1,340,-1.8456236124038696
290,341,1731435642.770362,-1.469002366065979,1.6839866638183594,0,0.02,0.49426597356796265,0.49426597356796265,-2.264434576034546,0.4943,1.469002366065979,709.639332994,0.947390079498291,-2.938004732131958,-3.885394811630249,1,342,-1.9426974058151245
291,343,1731435646.6734416,-0.9328734278678894,7.309628009796143,0,0.02,0.8684978485107422,0.8684978485107422,-1.4670404195785522,0.8685,0.9328733086585999,713.542379971,0.17550790309906006,-1.8657468557357788,-2.041254758834839,1,344,-1.0206273794174194
292,344,1731435648.6736202,-1.5041890144348145,8.190946578979492,0,0.02,1.2315946817398071,1.2315946817398071,-0.8846834301948547,1.2316,1.5041890144348145,715.542590666,-0.38652801513671875,-3.008378028869629,-2.62185001373291,0,345,-1.310925006866455
293,345,1731435650.6935737,-1.3413673639297485,3.0842719078063965,0,0.02,1.1124036312103271,1.1124036312103271,-1.7636455297470093,1.1124,1.3413671255111694,717.562526976,-0.21376347541809082,-2.682734727859497,-2.4689712524414062,0,346,-1.2344856262207031
294,346,1731435652.7177148,-1.0775904655456543,0.6809602379798889,0,0.02,0.3246447741985321,0.3246447741985321,-0.607345700263977,0.3246,1.0775905847549438,719.5866396,1.4583137035369873,-2.1551809310913086,-3.613494634628296,1,347,-1.806747317314148
295,347,1731435654.7167137,-1.9807426929473877,0.6879429817199707,0,0.02,0.17722491919994354,0.17722491919994354,-1.8676766157150269,0.1772,1.9807426929473877,721.63234453,2.1404147148132324,-3.9614853858947754,-6.101900100708008,1,348,-3.050950050354004
296,348,1731435656.736653,-1.697381615638733,4.68359375,0,0.02,0.9259089231491089,0.9259089231491089,-1.3843449354171753,0.9259,1.697381615638733,723.605599746,0.07855558395385742,-3.394763231277466,-3.4733188152313232,1,349,-1.7366594076156616
297,349,1731435658.7340193,-1.8613125085830688,6.415094375610352,0,0.02,1.7823904752731323,1.7823904752731323,-0.7100325226783752,1.7824,1.8613125085830688,725.602983027,-1.098184585571289,-3.7226250171661377,-2.6244404315948486,0,350,-1.3122202157974243
298,351,1731435662.7465062,-0.6116653084754944,0.6811240911483765,0,0.02,0.14423157274723053,0.14423157274723053,-1.1298861503601074,0.1442,0.6116653680801392,729.615440042,2.3633527755737305,-1.2233306169509888,-3.586683511734009,1,352,-1.7933417558670044
299,352,1731435664.761644,-1.1004798412322998,5.1600823402404785,0,0.02,1.228179693222046,1.228179693222046,-1.8237916231155396,1.2282,1.1004796028137207,731.67638776,-0.3817024230957031,-2.2009596824645996,-1.8192572593688965,0,353,-0.9096286296844482
300,353,1731435666.782778,-1.868809700012207,2.8208119869232178,0,0.02,1.6606948375701904,1.6606948375701904,-2.8420352935791016,1.6607,1.8688099384307861,733.651746979,-0.949965238571167,-3.737619400024414,-2.787654161453247,0,354,-1.3938270807266235
301,355,1731435670.7975812,-1.5216699838638306,2.159839630126953,0,0.02,0.5141882300376892,0.5141882300376892,-1.4566855430603027,0.5142,1.521669864654541,737.666546243,0.8970797061920166,-3.043339967727661,-3.9404196739196777,1,356,-1.9702098369598389
302,356,1731435672.797465,-1.3514708280563354,1.478937029838562,0,0.02,0.7809067368507385,0.7809067368507385,-2.0284841060638428,0.7809,1.3514705896377563,739.666427994,0.33156514167785645,-2.702941656112671,-3.0345067977905273,1,357,-1.5172533988952637
303,357,1731435674.8160331,-0.5983917117118835,1.953777551651001,0,0.02,0.5619040131568909,0.5619040131568909,-1.3217946290969849,0.5619,0.5983917713165283,741.728447314,0.782351016998291,-1.196783423423767,-1.979134440422058,1,358,-0.989567220211029
304,358,1731435676.8097405,-1.9615566730499268,3.726717948913574,0,0.02,0.8099327087402344,0.8099327087402344,-2.5456509590148926,0.8099,1.9615569114685059,743.678684819,0.2786526679992676,-3.9231133460998535,-4.201766014099121,1,359,-2.1008830070495605
305,359,1731435678.8021133,-2.3773248195648193,10.499553680419922,0,0.02,3.5583577156066895,3.5583577156066895,-1.4922329187393188,3.5584,2.3773245811462402,745.671101546,-3.029458522796631,-4.754649639129639,-1.7251912355422974,0,360,-0.8625956177711487
306,360,1731435680.8158126,-2.0353498458862305,2.827216863632202,0,0.02,1.0296711921691895,1.0296711921691895,-3.208611011505127,1.0297,2.0353493690490723,747.684764,-0.08786725997924805,-4.070699691772461,-3.982832431793213,0,361,-1.9914162158966064
307,361,1731435682.8339658,-1.7583907842636108,3.2868945598602295,0,0.02,1.1222307682037354,1.1222307682037354,-0.7255723476409912,1.1222,1.7583907842636108,749.702895019,-0.22836899757385254,-3.5167815685272217,-3.288412570953369,0,362,-1.6442062854766846
308,362,1731435684.8537104,-1.4838165044784546,5.733616352081299,0,0.02,1.0213536024093628,1.0213536024093628,-0.8881202936172485,1.0214,1.4838165044784546,751.768362679,-0.07489895820617676,-2.967633008956909,-2.8927340507507324,0,363,-1.4463670253753662
309,363,1731435686.869409,-1.7654955387115479,5.1516642570495605,0,0.02,0.6809430718421936,0.6809430718421936,-1.4214664697647095,0.6809,1.7654953002929688,753.738411577,0.5245590209960938,-3.5309910774230957,-4.0555500984191895,1,364,-2.0277750492095947
310,364,1731435688.8871486,-1.770370364189148,6.441000938415527,0,0.02,0.9360769987106323,0.9360769987106323,-1.3027664422988892,0.9361,1.7703701257705688,755.756093507,0.06177210807800293,-3.540740728378296,-3.602512836456299,1,365,-1.8012564182281494
311,365,1731435690.9030366,-1.3358615636825562,3.3228585720062256,0,0.02,0.8258232474327087,0.8258232474327087,-1.381691575050354,0.8258,1.3358615636825562,757.771963005,0.25020670890808105,-2.6717231273651123,-2.9219298362731934,1,366,-1.4609649181365967
312,366,1731435692.9178865,-1.2022647857666016,3.23443603515625,0,0.02,1.4821257591247559,1.4821257591247559,-1.3853896856307983,1.4821,1.2022649049758911,759.786847287,-0.724449872970581,-2.404529571533203,-1.680079698562622,0,367,-0.840039849281311
313,367,1731435694.915735,-0.7124106287956238,1.5483039617538452,0,0.02,1.0326963663101196,1.0326963663101196,-1.2491763830184937,1.0327,0.7124107480049133,761.828391194,-0.09256887435913086,-1.4248212575912476,-1.3322523832321167,0,368,-0.6661261916160583
314,368,1731435696.9100106,-1.5091959238052368,2.813636302947998,0,0.02,0.9227070808410645,0.9227070808410645,-0.9858798384666443,0.9227,1.5091960430145264,763.778944676,0.08386373519897461,-3.0183918476104736,-3.1022555828094482,1,369,-1.5511277914047241
315,369,1731435698.9223177,-1.6912623643875122,4.573619365692139,0,0.02,0.754124641418457,0.754124641418457,-1.1943225860595703,0.7541,1.6912624835968018,765.791293217,0.38155055046081543,-3.3825247287750244,-3.76407527923584,1,370,-1.88203763961792
316,370,1731435700.9182484,-0.539329469203949,2.61344838142395,0,0.02,0.9570412635803223,0.9570412635803223,-1.2717548608779907,0.957,0.539329469203949,767.787190688,0.0275115966796875,-1.078658938407898,-1.1061705350875854,1,371,-0.5530852675437927
317,371,1731435702.9132664,-1.743321180343628,3.128161907196045,0,0.02,0.530598521232605,0.530598521232605,-0.8376116156578064,0.5306,1.743321180343628,769.782224811,0.8567471504211426,-3.486642360687256,-4.343389511108398,1,372,-2.171694755554199
318,373,1731435706.9027555,-0.8588359951972961,4.230930805206299,0,0.02,0.69297856092453,0.69297856092453,-1.0553463697433472,0.693,0.8588359951972961,773.771705147,0.5003372430801392,-1.7176719903945923,-2.2180092334747314,1,374,-1.1090046167373657
319,374,1731435708.8967426,-1.326485276222229,1.818544864654541,0,0.02,1.0261199474334717,1.0261199474334717,-1.0098012685775757,1.0261,1.326485276222229,775.765677465,-0.08233785629272461,-2.652970552444458,-2.5706326961517334,0,375,-1.2853163480758667
320,376,1731435712.8860111,-0.8224698305130005,1.467655062675476,0,0.02,0.39017754793167114,0.39017754793167114,-1.3192750215530396,0.3902,0.8224698305130005,779.75496864,1.239729404449463,-1.644939661026001,-2.884669065475464,1,377,-1.442334532737732
321,377,1731435714.882907,-2.105863094329834,3.237724542617798,0,0.02,0.9318752288818359,0.9318752288818359,-2.507688283920288,0.9319,2.105863094329834,781.79637312,0.0686941146850586,-4.211726188659668,-4.280420303344727,1,378,-2.1402101516723633
322,378,1731435716.8955965,-1.0963208675384521,1.7082819938659668,0,0.02,1.987067461013794,1.987067461013794,-0.7852530479431152,1.9871,1.096320629119873,783.764586732,-1.3396146297454834,-2.1926417350769043,-0.8530271649360657,0,379,-0.42651358246803284
323,379,1731435718.8843582,-1.5886433124542236,7.792962074279785,0,0.02,1.8517698049545288,1.8517698049545288,-0.9654354453086853,1.8518,1.5886434316635132,785.753306967,-1.1810299158096313,-3.1772866249084473,-1.996256709098816,0,380,-0.998128354549408
324,380,1731435720.902861,-1.62548828125,1.2974302768707275,0,0.02,0.2662121057510376,0.2662121057510376,-1.9666352272033691,0.2662,1.625488042831421,787.771824822,1.6874046325683594,-3.2509765625,-4.938381195068359,1,381,-2.4691905975341797
325,382,1731435724.9372873,-1.6818161010742188,3.4749186038970947,0,0.02,1.4260756969451904,1.4260756969451904,-1.0189255475997925,1.4261,1.6818164587020874,791.852351633,-0.6513099670410156,-3.3636322021484375,-2.712322235107422,0,383,-1.356161117553711
326,383,1731435726.9340997,-1.1825090646743774,2.208611488342285,0,0.02,0.5717571377754211,0.5717571377754211,-2.077272653579712,0.5718,1.182509183883667,793.803028985,0.7595782279968262,-2.365018129348755,-3.124596357345581,1,384,-1.5622981786727905
327,384,1731435728.9521677,-1.81214439868927,2.1563796997070312,0,0.02,0.9654804468154907,0.9654804468154907,-2.6346516609191895,0.9655,1.81214439868927,795.821127819,0.013846874237060547,-3.62428879737854,-3.6381356716156006,1,385,-1.8190678358078003
328,385,1731435730.971305,-0.6609014868736267,4.152620315551758,0,0.02,0.7763322591781616,0.7763322591781616,-1.4134868383407593,0.7763,0.6609013676643372,797.840300987,0.3400212526321411,-1.3218029737472534,-1.6618242263793945,1,386,-0.8309121131896973
329,386,1731435732.96464,-1.3404443264007568,8.49079704284668,0,0.02,1.7335913181304932,1.7335913181304932,-1.4054460525512695,1.7336,1.3404443264007568,799.833604158,-1.039218783378601,-2.6808886528015137,-1.6416698694229126,0,387,-0.8208349347114563
330,387,1731435734.959438,-2.221156120300293,1.13181734085083,0,0.02,0.2813868820667267,0.2813868820667267,-2.3875832557678223,0.2814,2.221156120300293,801.872389878,1.6240344047546387,-4.442312240600586,-6.066346645355225,1,388,-3.0331733226776123
331,389,1731435738.971399,-1.3024094104766846,2.0901482105255127,0,0.02,1.0997942686080933,1.0997942686080933,-1.4574692249298096,1.0998,1.3024095296859741,805.840409854,-0.19491958618164062,-2.604818820953369,-2.4098992347717285,0,390,-1.2049496173858643
332,390,1731435740.989234,-1.6601200103759766,4.381884574890137,0,0.02,0.5152344703674316,0.5152344703674316,-1.7711951732635498,0.5152,1.6601197719573975,807.858173675,0.8944792747497559,-3.320240020751953,-4.214719295501709,1,391,-2.1073596477508545
333,391,1731435742.9864225,-1.15903639793396,1.8449029922485352,0,0.02,0.5110511779785156,0.5110511779785156,-1.6183034181594849,0.5111,1.1590365171432495,809.855346431,0.9049012660980225,-2.31807279586792,-3.2229740619659424,1,392,-1.6114870309829712
334,392,1731435745.003605,-1.5732229948043823,2.727616310119629,0,0.02,1.0199471712112427,1.0199471712112427,-1.9552013874053955,1.0199,1.5732234716415405,811.912556074,-0.07270026206970215,-3.1464459896087646,-3.0737457275390625,0,393,-1.5368728637695312
335,393,1731435747.0067155,-1.8964054584503174,2.348381757736206,0,0.02,0.9857326745986938,0.9857326745986938,-1.8635085821151733,0.9857,1.8964052200317383,813.875661055,-0.018659591674804688,-3.7928109169006348,-3.77415132522583,0,394,-1.887075662612915
336,395,1731435751.0193596,-2.5937952995300293,6.761026382446289,0,0.02,2.127520799636841,2.127520799636841,-2.435393810272217,2.1275,2.5937952995300293,817.888315063,-1.5006730556488037,-5.187590599060059,-3.686917543411255,0,396,-1.8434587717056274
337,396,1731435753.0340352,-0.6376665830612183,2.1294806003570557,0,0.02,0.9696594476699829,0.9696594476699829,-0.666021466255188,0.9697,0.6376665830612183,819.902995681,0.007106423377990723,-1.2753331661224365,-1.2824395895004272,1,397,-0.6412197947502136
338,397,1731435755.0321236,-1.7400968074798584,7.317439079284668,0,0.02,1.0871325731277466,1.0871325731277466,-1.7246464490890503,1.0871,1.7400970458984375,821.940361267,-0.17587780952453613,-3.480193614959717,-3.3043158054351807,0,398,-1.6521579027175903
339,398,1731435757.0307016,-0.5016169548034668,1.6938425302505493,0,0.02,0.2050711065530777,0.2050711065530777,-1.0008598566055298,0.2051,0.5016169548034668,823.899656286,1.9801113605499268,-1.0032339096069336,-2.9833452701568604,1,399,-1.4916726350784302
340,399,1731435759.0363119,-0.7400756478309631,2.779073715209961,0,0.02,1.4311991930007935,1.4311991930007935,-0.47733408212661743,1.4312,0.7400755882263184,825.905264999,-0.6580482125282288,-1.4801512956619263,-0.8221030831336975,0,400,-0.41105154156684875
341,400,1731435761.0337691,-1.568400263786316,1.7951403856277466,0,0.02,0.4993583858013153,0.4993583858013153,-1.0615208148956299,0.4994,1.568400263786316,827.902782561,0.9343836307525635,-3.136800527572632,-4.071184158325195,1,401,-2.0355920791625977
342,402,1731435765.0681448,-1.388759970664978,9.559678077697754,0,0.02,1.0462666749954224,1.0462666749954224,-0.5446667671203613,1.0463,1.388759970664978,831.97634381,-0.11356401443481445,-2.777519941329956,-2.6639559268951416,0,403,-1.3319779634475708
343,403,1731435767.0659878,-0.47839081287384033,3.36441707611084,0,0.02,0.939441442489624,0.939441442489624,-1.0158299207687378,0.9394,0.4783908426761627,833.934946611,0.056242942810058594,-0.9567816257476807,-1.0130245685577393,1,404,-0.5065122842788696
344,404,1731435769.0672371,-1.2304277420043945,7.332767486572266,0,0.02,0.9802906513214111,0.9802906513214111,-1.556677222251892,0.9803,1.2304277420043945,835.936234365,-0.009963750839233398,-2.460855484008789,-2.4508917331695557,0,405,-1.2254458665847778
345,405,1731435771.0640326,-1.4853882789611816,2.4909508228302,0,0.02,0.8085233569145203,0.8085233569145203,-1.2683794498443604,0.8085,1.4853883981704712,837.93297723,0.2811930179595947,-2.9707765579223633,-3.251969575881958,1,406,-1.625984787940979
346,406,1731435773.0889812,-1.8647780418395996,2.3161325454711914,0,0.02,1.4217880964279175,1.4217880964279175,-1.8352106809616089,1.4218,1.8647780418395996,839.957936479,-0.645662784576416,-3.729556083679199,-3.083893299102783,0,407,-1.5419466495513916
347,409,1731435779.1001034,-1.7048075199127197,0.9933488368988037,0,0.02,0.12411943823099136,0.12411943823099136,-2.245717763900757,0.1241,1.7048077583312988,845.969072622,2.5238094329833984,-3.4096150398254395,-5.933424472808838,1,410,-2.966712236404419
348,410,1731435781.0991015,-1.2767226696014404,1.1880323886871338,0,0.02,0.3600890636444092,0.3600890636444092,-0.6905496120452881,0.3601,1.2767225503921509,847.968056786,1.3359625339508057,-2.553445339202881,-3.8894078731536865,1,411,-1.9447039365768433
349,411,1731435783.1197698,-1.486575722694397,1.7144261598587036,0,0.02,0.5000385642051697,0.5000385642051697,-1.0876554250717163,0.5,1.486575722694397,849.988715585,0.9326541423797607,-2.973151445388794,-3.9058055877685547,1,412,-1.9529027938842773
350,412,1731435785.120015,-1.555823802947998,5.611494064331055,0,0.02,1.3283259868621826,1.3283259868621826,-1.3074489831924438,1.3283,1.5558236837387085,852.028336412,-0.5205495357513428,-3.111647605895996,-2.5910980701446533,0,413,-1.2955490350723267
351,413,1731435787.1371274,-1.326802372932434,0.8917391300201416,0,0.02,0.12543652951717377,0.12543652951717377,-2.421874523162842,0.1254,1.326802372932434,854.006066972,2.5125815868377686,-2.653604745864868,-5.166186332702637,1,414,-2.5830931663513184
352,414,1731435789.1361294,-1.1751723289489746,3.8503732681274414,0,0.02,1.1509408950805664,1.1509408950805664,-1.7788747549057007,1.1509,1.175172209739685,856.005081824,-0.2706477642059326,-2.350344657897949,-2.0796968936920166,0,415,-1.0398484468460083
353,415,1731435791.1360514,-1.2172082662582397,5.22122049331665,0,0.02,0.9213440418243408,0.9213440418243408,-1.351447582244873,0.9213,1.2172081470489502,858.005057754,0.08612680435180664,-2.4344165325164795,-2.520543336868286,1,416,-1.260271668434143
354,416,1731435793.1639652,-1.8217744827270508,3.689647674560547,0,0.02,1.4891386032104492,1.4891386032104492,-1.5070693492889404,1.4891,1.8217743635177612,860.032920772,-0.7335145473480225,-3.6435489654541016,-2.910034418106079,0,417,-1.4550172090530396
355,418,1731435797.180776,-0.9629178643226624,1.3623530864715576,0,0.02,0.6796396374702454,0.6796396374702454,-1.3974400758743286,0.6796,0.9629178643226624,864.049709601,0.5272001028060913,-1.9258357286453247,-2.453035831451416,1,419,-1.226517915725708
356,420,1731435801.2173624,-1.499292016029358,4.98853874206543,0,0.02,1.0593600273132324,1.0593600273132324,-1.3760818243026733,1.0594,1.499292254447937,868.086311269,-0.13367557525634766,-2.998584032058716,-2.864908456802368,0,421,-1.432454228401184
357,421,1731435803.2332857,-0.8211483955383301,1.4693026542663574,0,0.02,0.2850234806537628,0.2850234806537628,-1.7783246040344238,0.285,0.8211485147476196,870.102296627,1.6092894077301025,-1.6422967910766602,-3.2515861988067627,1,422,-1.6257930994033813
358,422,1731435805.2756512,-1.7222687005996704,1.9857780933380127,0,0.02,0.8218274116516113,0.8218274116516113,-1.5711778402328491,0.8218,1.7222687005996704,872.184359056,0.2573261260986328,-3.444537401199341,-3.7018635272979736,1,423,-1.8509317636489868
359,423,1731435807.3016787,-1.1741069555282593,2.911708116531372,0,0.03,0.9411472082138062,0.9411472082138062,-1.1044291257858276,0.9411,1.1741068363189697,874.170644838,0.05344414710998535,-2.3482139110565186,-2.401658058166504,1,424,-1.200829029083252
360,425,1731435811.342451,-1.2372678518295288,2.7148091793060303,0,0.03,1.048932433128357,1.048932433128357,-1.4542371034622192,1.0489,1.2372678518295288,878.211394605,-0.11767005920410156,-2.4745357036590576,-2.356865644454956,0,426,-1.178432822227478
361,426,1731435813.3615077,-0.6862578392028809,1.1138300895690918,0,0.03,0.5430971384048462,0.5430971384048462,-1.1693038940429688,0.5431,0.6862578392028809,880.230465427,0.8266589641571045,-1.3725156784057617,-2.199174642562866,1,427,-1.099587321281433
362,427,1731435815.3786435,-1.1974543333053589,1.5077811479568481,0,0.03,0.42583200335502625,0.42583200335502625,-1.3153581619262695,0.4258,1.1974543333053589,882.292371764,1.1332502365112305,-2.3949086666107178,-3.5281589031219482,1,428,-1.7640794515609741
363,428,1731435817.374596,-1.162268042564392,4.900728225708008,0,0.03,1.252227544784546,1.252227544784546,-0.34689202904701233,1.2522,1.162268042564392,884.243526673,-0.41554105281829834,-2.324536085128784,-1.9089950323104858,0,429,-0.9544975161552429
364,429,1731435819.3722703,-1.630260944366455,2.919640064239502,0,0.03,1.1349620819091797,1.1349620819091797,-1.9804894924163818,1.135,1.6302605867385864,886.241218166,-0.24718809127807617,-3.26052188873291,-3.013333797454834,0,430,-1.506666898727417
365,430,1731435821.402059,-1.2571691274642944,1.175666332244873,0,0.03,0.5320672988891602,0.5320672988891602,-2.295738697052002,0.5321,1.2571688890457153,888.312397143,0.8531837463378906,-2.514338254928589,-3.3675220012664795,1,431,-1.6837610006332397
366,431,1731435823.4269705,-1.5280667543411255,2.2978322505950928,0,0.03,0.5526615381240845,0.5526615381240845,-1.7659125328063965,0.5527,1.5280667543411255,890.295927379,0.8039846420288086,-3.056133508682251,-3.8601181507110596,1,432,-1.9300590753555298
367,432,1731435825.4423785,-2.0724573135375977,2.772627592086792,0,0.03,0.8950461149215698,0.8950461149215698,-1.970068097114563,0.895,2.0724573135375977,892.356351825,0.13019752502441406,-4.144914627075195,-4.275112152099609,1,433,-2.1375560760498047
368,433,1731435827.4358099,-1.3161962032318115,4.836296558380127,0,0.03,0.741790235042572,0.741790235042572,-1.8728936910629272,0.7418,1.3161962032318115,894.304818952,0.404970645904541,-2.632392406463623,-3.037363052368164,1,434,-1.518681526184082
369,434,1731435829.4341707,-1.6099282503128052,5.468321323394775,0,0.03,2.244590997695923,2.244590997695923,-0.9582000374794006,2.2446,1.609928011894226,896.303123068,-1.632574200630188,-3.2198565006256104,-1.5872822999954224,0,435,-0.7936411499977112
370,435,1731435831.4516695,-0.6881191730499268,0.760258674621582,0,0.03,0.19407957792282104,0.19407957792282104,-1.33070969581604,0.1941,0.6881191730499268,898.320630697,2.0408782958984375,-1.3762383460998535,-3.417116641998291,1,436,-1.7085583209991455
371,436,1731435833.4715571,-2.007108211517334,1.8557730913162231,0,0.03,0.371805876493454,0.371805876493454,-2.052274703979492,0.3718,2.007108211517334,900.340485735,1.297727108001709,-4.014216423034668,-5.311943531036377,1,437,-2.6559717655181885
372,437,1731435835.466663,-1.3210053443908691,3.3071398735046387,0,0.03,0.8463848233222961,0.8463848233222961,-1.139347791671753,0.8464,1.3210049867630005,902.376375369,0.21391630172729492,-2.6420106887817383,-2.855926990509033,1,438,-1.4279634952545166
373,438,1731435837.4599645,-0.8436282873153687,1.9646975994110107,0,0.03,0.9070097208023071,0.9070097208023071,-1.3693523406982422,0.907,0.8436282873153687,904.328890038,0.11005151271820068,-1.6872565746307373,-1.797308087348938,1,439,-0.898654043674469
374,439,1731435839.451469,-0.7151101231575012,4.006664276123047,0,0.03,0.9658470153808594,0.9658470153808594,-0.6639489531517029,0.9658,0.7151100635528564,906.320460173,0.013254880905151367,-1.4302202463150024,-1.4434751272201538,1,440,-0.7217375636100769
375,440,1731435841.465645,-1.897531509399414,3.6333184242248535,0,0.03,0.8854961395263672,0.8854961395263672,-1.7128171920776367,0.8855,1.897531509399414,908.334586875,0.14639902114868164,-3.795063018798828,-3.9414620399475098,1,441,-1.9707310199737549
376,444,1731435849.4915814,-1.840575098991394,2.3010268211364746,0,0.03,0.8424626588821411,0.8424626588821411,-1.461323857307434,0.8425,1.8405749797821045,916.360516664,0.2207949161529541,-3.681150197982788,-3.901945114135742,1,445,-1.950972557067871
377,445,1731435851.4847105,-0.817344069480896,4.394589900970459,0,0.03,0.6194864511489868,0.6194864511489868,-1.535614013671875,0.6195,0.817344069480896,918.35376379,0.6531820297241211,-1.634688138961792,-2.287870168685913,1,446,-1.1439350843429565
378,446,1731435853.5011468,-0.6731446981430054,1.0264605283737183,0,0.03,0.2865782678127289,0.2865782678127289,-1.2459481954574585,0.2866,0.6731448173522949,920.37010762,1.6030347347259521,-1.3462893962860107,-2.949324131011963,1,447,-1.4746620655059814
379,447,1731435855.5165515,-1.7512515783309937,2.8965251445770264,0,0.03,0.7991527915000916,0.7991527915000916,-2.0773439407348633,0.7992,1.7512515783309937,922.42438353,0.29815673828125,-3.5025031566619873,-3.8006598949432373,1,448,-1.9003299474716187
380,448,1731435857.5110044,-1.6167552471160889,5.661606788635254,0,0.03,1.4884657859802246,1.4884657859802246,-1.0378364324569702,1.4885,1.6167553663253784,924.37994697,-0.7326457500457764,-3.2335104942321777,-2.5008647441864014,0,449,-1.2504323720932007
381,450,1731435861.5241168,-1.207290530204773,3.3681840896606445,0,0.03,1.5389564037322998,1.5389564037322998,-0.33223333954811096,1.539,1.207290530204773,928.393069434,-0.797387957572937,-2.414581060409546,-1.6171931028366089,0,451,-0.8085965514183044
382,451,1731435863.5403597,-1.2608559131622314,4.773082733154297,0,0.03,0.8178691864013672,0.8178691864013672,-1.597628116607666,0.8179,1.260855793952942,930.409293914,0.2644007205963135,-2.521711826324463,-2.7861125469207764,1,452,-1.3930562734603882
383,452,1731435865.5577037,-1.2315698862075806,1.3360224962234497,0,0.03,0.35707157850265503,0.35707157850265503,-1.063293218612671,0.3571,1.2315700054168701,932.472377054,1.3459763526916504,-2.463139772415161,-3.8091161251068115,1,453,-1.9045580625534058
384,453,1731435867.5548477,-1.0555297136306763,1.3254234790802002,0,0.03,0.26763615012168884,0.26763615012168884,-0.686931312084198,0.2676,1.0555298328399658,934.42378142,1.681325912475586,-2.1110594272613525,-3.7923853397369385,1,454,-1.8961926698684692
385,454,1731435869.5486138,-1.8362467288970947,3.6837432384490967,0,0.03,2.0317201614379883,2.0317201614379883,-2.1420459747314453,2.0317,1.8362467288970947,936.417559771,-1.3911817073822021,-3.6724934577941895,-2.2813117504119873,0,455,-1.1406558752059937
386,455,1731435871.5464346,-0.6568907499313354,0.521543025970459,0,0.03,0.10473743081092834,0.10473743081092834,-1.162261962890625,0.1047,0.6568906903266907,938.415407274,2.703472852706909,-1.313781499862671,-4.01725435256958,1,456,-2.00862717628479
387,456,1731435873.5460103,-1.5219100713729858,7.589684009552002,0,0.03,2.3906376361846924,2.3906376361846924,-0.42059198021888733,2.3906,1.5219100713729858,940.414952238,-1.7945988178253174,-3.0438201427459717,-1.2492213249206543,0,457,-0.6246106624603271
388,457,1731435875.550641,-0.7628722786903381,2.565035581588745,0,0.03,0.3570592403411865,0.3570592403411865,-1.0606131553649902,0.3571,0.7628721594810486,942.464347212,1.3460174798965454,-1.5257445573806763,-2.8717620372772217,1,458,-1.4358810186386108
389,458,1731435877.5493867,-0.927453875541687,5.053189277648926,0,0.03,1.0129315853118896,1.0129315853118896,-1.9853876829147339,1.0129,0.9274539947509766,944.418367487,-0.0617060661315918,-1.854907751083374,-1.7932016849517822,0,459,-0.8966008424758911
390,459,1731435879.563456,-1.0057823657989502,1.8086540699005127,0,0.03,0.3422251045703888,0.3422251045703888,-2.160817861557007,0.3422,1.0057824850082397,946.432412163,1.396298885345459,-2.0115647315979004,-3.4078636169433594,1,460,-1.7039318084716797
391,461,1731435883.566191,-1.7914083003997803,4.848780632019043,0,0.03,2.1339609622955322,2.1339609622955322,-0.9836891889572144,2.134,1.7914083003997803,950.435144476,-1.5079810619354248,-3.5828166007995605,-2.0748355388641357,0,462,-1.0374177694320679
392,462,1731435885.5808473,-1.299336552619934,2.1032676696777344,0,0.03,0.7115041017532349,0.7115041017532349,-1.755292534828186,0.7115,1.2993364334106445,952.496403732,0.46361708641052246,-2.598673105239868,-3.0622901916503906,1,463,-1.5311450958251953
393,463,1731435887.6017134,-0.7849327921867371,3.8395094871520996,0,0.03,0.4525739550590515,0.4525739550590515,-1.2287153005599976,0.4526,0.7849329113960266,954.470667737,1.0579973459243774,-1.5698655843734741,-2.6278629302978516,1,464,-1.3139314651489258
394,464,1731435889.616954,-1.131306529045105,6.170825958251953,0,0.03,0.8787527680397034,0.8787527680397034,-0.8261306285858154,0.8788,1.1313066482543945,956.485898905,0.15790462493896484,-2.26261305809021,-2.420517683029175,1,465,-1.2102588415145874
395,465,1731435891.6146288,-1.8404150009155273,3.2331326007843018,0,0.03,0.9629179835319519,0.9629179835319519,-1.8727470636367798,0.9629,1.8404150009155273,958.48357186,0.01798844337463379,-3.6808300018310547,-3.6988184452056885,1,466,-1.8494092226028442
396,466,1731435893.6370106,-2.0832512378692627,4.869051933288574,0,0.03,2.928342580795288,2.928342580795288,-1.2162599563598633,2.9283,2.0832509994506836,960.505955397,-2.373373508453369,-4.166502475738525,-1.7931289672851562,0,467,-0.8965644836425781
397,467,1731435895.655116,-1.776823878288269,4.407924652099609,0,0.03,0.9018646478652954,0.9018646478652954,-1.057485818862915,0.9019,1.7768237590789795,962.568325331,0.11869525909423828,-3.553647756576538,-3.6723430156707764,1,468,-1.8361715078353882
398,468,1731435897.6486037,-0.8875389099121094,0.846981406211853,0,0.03,0.3369276523590088,0.3369276523590088,-1.1525988578796387,0.3369,0.8875390291213989,964.517574321,1.4146976470947266,-1.7750778198242188,-3.1897754669189453,1,469,-1.5948877334594727
399,469,1731435899.641193,-1.4496487379074097,0.9809517860412598,0,0.03,0.0861160084605217,0.0861160084605217,-0.6761475205421448,0.0861,1.4496487379074097,966.51015723,2.9086930751800537,-2.8992974758148193,-5.807990550994873,1,470,-2.9039952754974365
400,470,1731435901.6359518,-1.0241107940673828,3.7600154876708984,0,0.03,1.7790982723236084,1.7790982723236084,-0.44802984595298767,1.7791,1.0241106748580933,968.504890489,-1.0942251682281494,-2.0482215881347656,-0.953996479511261,0,471,-0.4769982397556305
401,471,1731435903.6524897,-1.9114952087402344,2.8727805614471436,0,0.03,1.046534538269043,1.046534538269043,-1.8404117822647095,1.0465,1.9114952087402344,970.521433388,-0.11397695541381836,-3.8229904174804688,-3.7090134620666504,0,472,-1.8545067310333252
402,472,1731435905.6720104,-1.4943161010742188,1.666547417640686,0,0.03,0.3665354549884796,0.3665354549884796,-2.7935471534729004,0.3665,1.4943159818649292,972.584431847,1.31480073928833,-2.9886322021484375,-4.303432941436768,1,473,-2.151716470718384
403,473,1731435907.697133,-1.0783824920654297,2.2217061519622803,0,0.03,0.8403885364532471,0.8403885364532471,-1.7040058374404907,0.8404,1.0783824920654297,974.566042236,0.2244408130645752,-2.1567649841308594,-2.3812057971954346,1,474,-1.1906028985977173
404,475,1731435911.7100408,-2.08172607421875,3.0702250003814697,0,0.03,1.1975839138031006,1.1975839138031006,-2.310098886489868,1.1976,2.081725835800171,978.579024091,-0.33815836906433105,-4.1634521484375,-3.825293779373169,0,476,-1.9126468896865845
405,476,1731435913.700292,-0.32632705569267273,1.2236038446426392,0,0.03,0.2831089198589325,0.2831089198589325,-0.8701304197311401,0.2831,0.32632705569267273,980.569234987,1.6170318126678467,-0.6526541113853455,-2.269685983657837,1,477,-1.1348429918289185
406,477,1731435915.713063,-0.8955622315406799,2.145939826965332,0,0.03,0.8781664371490479,0.8781664371490479,-1.4395703077316284,0.8782,0.8955622315406799,982.624386072,0.15890765190124512,-1.7911244630813599,-1.950032114982605,1,478,-0.9750160574913025
407,478,1731435917.7270088,-1.3284711837768555,2.7982308864593506,0,0.03,1.0313317775726318,1.0313317775726318,-1.37178635597229,1.0313,1.328471064567566,984.595945937,-0.09044909477233887,-2.656942367553711,-2.566493272781372,0,479,-1.283246636390686
408,479,1731435919.7208023,-0.8431114554405212,2.1075727939605713,0,0.03,0.5653244256973267,0.5653244256973267,-0.9812695980072021,0.5653,0.843111515045166,986.58975466,0.7744122743606567,-1.6862229108810425,-2.460635185241699,1,480,-1.2303175926208496
409,480,1731435921.7353745,-1.3975632190704346,4.0805134773254395,0,0.03,1.9525439739227295,1.9525439739227295,-1.551753282546997,1.9525,1.3975632190704346,988.604331652,-1.2994946241378784,-2.795126438140869,-1.4956318140029907,0,481,-0.7478159070014954
410,481,1731435923.7553356,-1.633359432220459,3.465548276901245,0,0.03,0.8526875972747803,0.8526875972747803,-2.514709711074829,0.8527,1.633359432220459,990.62430595,0.20290493965148926,-3.266718864440918,-3.4696238040924072,1,482,-1.7348119020462036
411,482,1731435925.7743769,-1.3055394887924194,2.2265560626983643,0,0.03,0.7029947638511658,0.7029947638511658,-1.3151172399520874,0.703,1.3055394887924194,992.684394648,0.48040080070495605,-2.611078977584839,-3.091479778289795,1,483,-1.5457398891448975
412,483,1731435927.7905314,-1.3290698528289795,2.4881412982940674,0,0.03,1.1966536045074463,1.1966536045074463,-1.6310192346572876,1.1967,1.3290698528289795,994.659473493,-0.3368253707885742,-2.658139705657959,-2.3213143348693848,0,484,-1.1606571674346924
413,484,1731435929.7849045,-0.31176793575286865,4.6600775718688965,0,0.03,0.8649003505706787,0.8649003505706787,-0.46351179480552673,0.8649,0.31176793575286865,996.653854891,0.18171393871307373,-0.6235358715057373,-0.805249810218811,1,485,-0.4026249051094055
414,486,1731435933.7757888,-1.030603051185608,1.7662768363952637,0,0.03,0.38526806235313416,0.38526806235313416,-2.5747010707855225,0.3853,1.0306029319763184,1000.644732568,1.2550048828125,-2.061206102371216,-3.316210985183716,1,487,-1.658105492591858
415,487,1731435935.768593,-0.3540630042552948,2.472179412841797,0,0.03,0.7506144046783447,0.7506144046783447,-1.0906071662902832,0.7506,0.3540630042552948,1002.680370702,0.3881893754005432,-0.7081260085105896,-1.0963153839111328,1,488,-0.5481576919555664
416,488,1731435937.7843044,-1.0718281269073486,2.0939877033233643,0,0.03,0.32734495401382446,0.32734495401382446,-1.582637906074524,0.3273,1.0718282461166382,1004.653237017,1.4486074447631836,-2.1436562538146973,-3.592263698577881,1,489,-1.7961318492889404
417,489,1731435939.7974885,-0.9543105363845825,3.9753384590148926,0,0.03,0.8379717469215393,0.8379717469215393,-1.1572610139846802,0.838,0.9543103575706482,1006.666421131,0.22869610786437988,-1.908621072769165,-2.137317180633545,1,490,-1.0686585903167725
418,491,1731435943.8280222,-1.488393783569336,5.750048637390137,0,0.03,0.6689366698265076,0.6689366698265076,-0.4289599657058716,0.6689,1.488393783569336,1010.696957307,0.5490217208862305,-2.976787567138672,-3.5258092880249023,1,492,-1.7629046440124512
419,492,1731435945.8465106,-1.4592807292938232,2.623796224594116,0,0.03,0.7741559743881226,0.7741559743881226,-1.1852492094039917,0.7742,1.4592804908752441,1012.756455532,0.3440558910369873,-2.9185614585876465,-3.262617349624634,1,493,-1.631308674812317
420,494,1731435949.830671,-0.6765427589416504,11.655302047729492,0,0.03,1.1161653995513916,1.1161653995513916,-0.3045482039451599,1.1162,0.6765426993370056,1016.69962045,-0.21936273574829102,-1.3530855178833008,-1.1337227821350098,0,495,-0.5668613910675049
421,495,1731435951.8536332,-1.1156995296478271,2.34187388420105,0,0.03,0.7104390263557434,0.7104390263557434,-2.036855936050415,0.7104,1.1156995296478271,1018.72257342,0.4657101631164551,-2.2313990592956543,-2.6971092224121094,1,496,-1.3485546112060547
422,497,1731435955.8431807,-1.1141256093978882,0.9403883218765259,0,0.03,0.3332987427711487,0.3332987427711487,-1.5137724876403809,0.3333,1.1141254901885986,1022.756392594,1.4274423122406006,-2.2282512187957764,-3.655693531036377,1,498,-1.8278467655181885
423,498,1731435957.8363123,-0.6408655047416687,4.845510482788086,0,0.03,0.41660186648368835,0.41660186648368835,-1.2015999555587769,0.4166,0.6408655047416687,1024.705256736,1.1601022481918335,-1.2817310094833374,-2.441833257675171,1,499,-1.2209166288375854
424,499,1731435959.8298569,-0.6261167526245117,2.7218809127807617,0,0.03,0.4689962863922119,0.4689962863922119,-0.3588944673538208,0.469,0.6261166930198669,1026.698806125,1.0135140419006348,-1.2522335052490234,-2.265747547149658,1,500,-1.132873773574829
425,500,1731435961.8450909,-1.7355914115905762,3.488731861114502,0,0.03,1.0904134511947632,1.0904134511947632,-1.7926632165908813,1.0904,1.7355916500091553,1028.714028666,-0.18082356452941895,-3.4711828231811523,-3.2903592586517334,0,501,-1.6451796293258667
426,501,1731435963.8685515,-1.8435509204864502,1.0657638311386108,0,0.03,0.399364709854126,0.399364709854126,-2.530191659927368,0.3994,1.8435509204864502,1030.737538893,1.2115612030029297,-3.6871018409729004,-4.89866304397583,1,502,-2.449331521987915
427,502,1731435965.8880634,-1.1212602853775024,1.2871743440628052,0,0.03,0.5017936825752258,0.5017936825752258,-1.296906590461731,0.5018,1.1212600469589233,1032.796414104,0.9281997680664062,-2.242520570755005,-3.170720338821411,1,503,-1.5853601694107056
428,504,1731435969.887886,-1.1134389638900757,4.833093166351318,0,0.03,0.7408676147460938,0.7408676147460938,-1.4032278060913086,0.7409,1.1134389638900757,1036.756846931,0.40673303604125977,-2.2268779277801514,-2.633610963821411,1,505,-1.3168054819107056
429,505,1731435971.9067645,-1.26412832736969,3.7322466373443604,0,0.03,0.8492076992988586,0.8492076992988586,-1.1870533227920532,0.8492,1.26412832736969,1038.775713821,0.20897817611694336,-2.52825665473938,-2.7372348308563232,1,506,-1.3686174154281616
430,506,1731435973.902158,-2.112597703933716,4.633938789367676,0,0.03,1.5244104862213135,1.5244104862213135,-2.837285041809082,1.5244,2.112597703933716,1040.771220101,-0.7788302898406982,-4.225195407867432,-3.4463651180267334,0,507,-1.7231825590133667
431,507,1731435975.9032774,-1.0123426914215088,1.5533000230789185,0,0.03,0.3567768633365631,0.3567768633365631,-1.9683164358139038,0.3568,1.0123426914215088,1042.816404609,1.3469581604003906,-2.0246853828430176,-3.371643543243408,1,508,-1.685821771621704
432,508,1731435977.9289272,-1.482187271118164,5.586275577545166,0,0.03,1.712300419807434,1.712300419807434,-1.6876875162124634,1.7123,1.482187271118164,1044.797890093,-1.0133002996444702,-2.964374542236328,-1.951074242591858,0,509,-0.975537121295929
433,509,1731435979.949885,-1.4165085554122925,1.3812681436538696,0,0.03,0.2306288182735443,0.2306288182735443,-1.1858242750167847,0.2306,1.4165085554122925,1046.818813497,1.8494160175323486,-2.833017110824585,-4.682433128356934,1,510,-2.341216564178467
434,510,1731435981.9754152,-1.9395694732666016,4.403160572052002,0,0.03,1.2443175315856934,1.2443175315856934,-1.989000916481018,1.2443,1.9395692348480225,1048.844413756,-0.404447078704834,-3.879138946533203,-3.474691867828369,0,511,-1.7373459339141846
435,511,1731435983.9697814,-1.7560431957244873,7.623098373413086,0,0.03,0.766098141670227,0.766098141670227,-2.299802780151367,0.7661,1.756043553352356,1050.838767812,0.35906004905700684,-3.5120863914489746,-3.8711464405059814,1,512,-1.9355732202529907
436,512,1731435985.9909248,-1.5397173166275024,5.760138511657715,0,0.03,1.2851097583770752,1.2851097583770752,-1.8835761547088623,1.2851,1.5397177934646606,1052.904404427,-0.4612889289855957,-3.079434633255005,-2.618145704269409,0,513,-1.3090728521347046
437,513,1731435988.0158236,-0.5390428304672241,4.338903903961182,0,0.03,0.645783007144928,0.645783007144928,-0.9753509759902954,0.6458,0.5390428304672241,1054.884804908,0.5970836877822876,-1.0780856609344482,-1.6751693487167358,1,514,-0.8375846743583679
438,514,1731435990.0163717,-0.7601718306541443,1.038666009902954,0,0.03,0.4153066873550415,0.4153066873550415,-0.675835907459259,0.4153,0.7601718306541443,1056.885297156,1.1639083623886108,-1.5203436613082886,-2.6842520236968994,1,515,-1.3421260118484497
439,515,1731435992.0364597,-1.1305043697357178,1.3337905406951904,0,0.03,0.24509872496128082,0.24509872496128082,-2.179177761077881,0.2451,1.1305043697357178,1058.905391547,1.7810430526733398,-2.2610087394714355,-4.042051792144775,1,516,-2.0210258960723877
440,516,1731435994.054432,-1.5635069608688354,4.587568283081055,0,0.03,1.3442689180374146,1.3442689180374146,-1.4702959060668945,1.3443,1.5635069608688354,1060.923362987,-0.5421764850616455,-3.127013921737671,-2.5848374366760254,0,517,-1.2924187183380127
441,517,1731435996.0717125,-0.31828778982162476,1.7677208185195923,0,0.03,0.17742522060871124,0.17742522060871124,-0.8093163967132568,0.1774,0.31828778982162476,1062.984424389,2.1391820907592773,-0.6365755796432495,-2.7757575511932373,1,518,-1.3878787755966187
442,518,1731435998.0676737,-0.9043651819229126,6.169663906097412,0,0.03,1.0596556663513184,1.0596556663513184,-1.7175287008285522,1.0597,0.9043651223182678,1064.936593197,-0.13412785530090332,-1.8087303638458252,-1.6746025085449219,0,519,-0.8373012542724609
443,519,1731436000.0859897,-0.6931789517402649,1.384830117225647,0,0.03,0.5491172671318054,0.5491172671318054,-1.4679924249649048,0.5491,0.6931788325309753,1066.954965377,0.8123522996902466,-1.3863579034805298,-2.1987102031707764,1,520,-1.0993551015853882
444,520,1731436002.1086206,-0.9966782927513123,1.0800598859786987,0,0.03,0.5050910711288452,0.5050910711288452,-1.0325512886047363,0.5051,0.9966781735420227,1068.977633991,0.9198635816574097,-1.9933565855026245,-2.913220167160034,1,521,-1.456610083580017
445,521,1731436004.1282966,-1.8647624254226685,5.32862663269043,0,0.03,2.5501441955566406,2.5501441955566406,-1.8878252506256104,2.5501,1.8647624254226685,1070.99754544,-1.9688578844070435,-3.729524850845337,-1.7606669664382935,0,522,-0.8803334832191467
446,522,1731436006.150057,-1.557842493057251,4.161671161651611,0,0.03,2.11112380027771,2.11112380027771,-0.7586295008659363,2.1111,1.557842493057251,1073.060397522,-1.4820376634597778,-3.115684986114502,-1.6336473226547241,0,523,-0.8168236613273621
447,523,1731436008.1723282,-1.469997525215149,1.3451093435287476,0,0.03,0.6232000589370728,0.6232000589370728,-1.4967303276062012,0.6232,1.4699976444244385,1075.041255748,0.6451573371887207,-2.939995050430298,-3.5851523876190186,1,524,-1.7925761938095093
448,524,1731436010.1888995,-1.1165554523468018,0.8722859621047974,0,0.03,0.16286717355251312,0.16286717355251312,-2.310945749282837,0.1629,1.1165556907653809,1077.0578533,2.2322816848754883,-2.2331109046936035,-4.465392589569092,1,525,-2.232696294784546
449,526,1731436014.2030277,-1.567852258682251,2.301710605621338,0,0.03,1.1545681953430176,1.1545681953430176,-1.6938079595565796,1.1546,1.567852258682251,1081.071960143,-0.27594900131225586,-3.135704517364502,-2.859755516052246,0,527,-1.429877758026123
450,527,1731436016.2032819,-1.4780669212341309,7.951701641082764,0,0.03,1.7900807857513428,1.7900807857513428,-1.691969871520996,1.7901,1.4780668020248413,1083.116440097,-1.107423186302185,-2.9561338424682617,-1.8487106561660767,0,528,-0.9243553280830383
451,528,1731436018.2379959,-1.3742986917495728,2.4721174240112305,0,0.03,0.5516247749328613,0.5516247749328613,-2.1525416374206543,0.5516,1.3742988109588623,1085.106961757,0.8064281940460205,-2.7485973834991455,-3.555025577545166,1,529,-1.777512788772583
452,529,1731436020.2363584,-1.9644957780838013,22.68915367126465,0,0.03,1.9330227375030518,1.9330227375030518,-1.4739216566085815,1.933,1.9644957780838013,1087.105325468,-1.2767078876495361,-3.9289915561676025,-2.6522836685180664,0,530,-1.3261418342590332
453,530,1731436022.2318413,-1.5931135416030884,6.188182353973389,0,0.03,1.5580816268920898,1.5580816268920898,-1.7673215866088867,1.5581,1.5931135416030884,1089.100799197,-0.8216760158538818,-3.1862270832061768,-2.364551067352295,0,531,-1.1822755336761475
454,531,1731436024.2340627,-2.4151058197021484,2.788928985595703,0,0.03,0.8237013816833496,0.8237013816833496,-1.8049392700195312,0.8237,2.4151065349578857,1091.103068031,0.2539844512939453,-4.830211639404297,-5.084196090698242,1,532,-2.542098045349121
455,532,1731436026.254871,-0.8271138072013855,2.2451319694519043,0,0.03,0.5831431150436401,0.5831431150436401,-0.8643212914466858,0.5831,0.8271137475967407,1093.168439905,0.7336219549179077,-1.654227614402771,-2.3878495693206787,1,533,-1.1939247846603394
456,533,1731436028.2771652,-1.529979944229126,2.7979538440704346,0,0.03,1.2957851886749268,1.2957851886749268,-1.5863454341888428,1.2958,1.5299798250198364,1095.146144984,-0.4760165214538574,-3.059959888458252,-2.5839433670043945,0,534,-1.2919716835021973
457,534,1731436030.2738986,-0.8652872443199158,7.037200450897217,0,0.03,1.4910955429077148,1.4910955429077148,-1.0459165573120117,1.4911,0.8652872443199158,1097.142859275,-0.7360408902168274,-1.7305744886398315,-0.9945335984230042,0,535,-0.4972667992115021
458,535,1731436032.2720702,-0.8131935000419617,2.534213066101074,0,0.03,1.3415281772613525,1.3415281772613525,-1.6720999479293823,1.3415,0.8131935000419617,1099.141037592,-0.538467288017273,-1.6263870000839233,-1.0879197120666504,0,536,-0.5439598560333252
459,536,1731436034.2850592,-1.3242783546447754,1.228538155555725,0,0.03,0.26291704177856445,0.26291704177856445,-2.1426899433135986,0.2629,1.3242783546447754,1101.154016299,1.7015795707702637,-2.648556709289551,-4.3501362800598145,1,537,-2.1750681400299072
460,537,1731436036.30559,-0.9849218130111694,3.102855682373047,0,0.03,0.9786049723625183,0.9786049723625183,-1.5023586750030518,0.9786,0.984921932220459,1103.220397301,-0.007264375686645508,-1.9698436260223389,-1.9625792503356934,0,538,-0.9812896251678467
461,538,1731436038.3020663,-0.46847644448280334,3.2632834911346436,0,0.03,0.7179325222969055,0.7179325222969055,-0.5390422940254211,0.7179,0.46847644448280334,1105.171040794,0.4510287642478943,-0.9369528889656067,-1.387981653213501,1,539,-0.6939908266067505
462,539,1731436040.2118356,-0.19419604539871216,0.008386299945414066,0,0.03,0.9740769863128662,0.9740769863128662,-0.19419606029987335,0.9741,0.19419603049755096,1107.080806359,0.0,-0.3883920907974243,-0.3883920907974243,0,540,-0.19419604539871216
463,540,1731436042.2071092,-2.0859761238098145,3.2441329956054688,0,0.03,0.9122738242149353,0.9122738242149353,-1.6344796419143677,0.9123,2.0859761238098145,1109.076037105,0.10123872756958008,-4.171952247619629,-4.273190975189209,1,541,-2.1365954875946045
464,541,1731436044.2079651,-2.3200931549072266,6.881811141967773,0,0.03,2.126768112182617,2.126768112182617,-2.001453161239624,2.1268,2.3200931549072266,1111.076995663,-1.4998185634613037,-4.640186309814453,-3.1403677463531494,0,542,-1.5701838731765747
465,543,1731436048.195099,-2.7935423851013184,5.2105841636657715,0,0.03,3.060858964920044,3.060858964920044,-2.4169187545776367,3.0609,2.7935421466827393,1115.064057508,-2.512878656387329,-5.587084770202637,-3.0742061138153076,0,544,-1.5371030569076538
466,544,1731436050.2141626,-1.1538866758346558,1.0508219003677368,0,0.03,0.41556689143180847,0.41556689143180847,-1.3271781206130981,0.4156,1.1538865566253662,1117.083118783,1.1631429195404053,-2.3077733516693115,-3.470916271209717,1,545,-1.7354581356048584
467,545,1731436052.2286658,-1.940950870513916,2.923701286315918,0,0.03,0.8014885187149048,0.8014885187149048,-2.3241817951202393,0.8015,1.940950870513916,1119.097626833,0.2939162254333496,-3.881901741027832,-4.175817966461182,1,546,-2.087908983230591
468,546,1731436054.2466607,-1.5294133424758911,4.0153117179870605,0,0.03,1.5710194110870361,1.5710194110870361,-1.9182528257369995,1.571,1.5294132232666016,1121.115604486,-0.838036060333252,-3.0588266849517822,-2.2207906246185303,0,547,-1.1103953123092651
469,547,1731436056.2618356,-1.2062817811965942,2.861560344696045,0,0.03,0.5975370407104492,0.5975370407104492,-1.7710751295089722,0.5975,1.2062819004058838,1123.176393759,0.7013373374938965,-2.4125635623931885,-3.113900899887085,1,548,-1.5569504499435425
470,548,1731436058.2793484,-1.7116291522979736,1.8266681432724,0,0.03,0.5653767585754395,0.5653767585754395,-1.7957617044448853,0.5654,1.7116291522979736,1125.14830284,0.7742910385131836,-3.4232583045959473,-4.197549343109131,1,549,-2.0987746715545654
471,549,1731436060.299302,-1.2304843664169312,0.5358223915100098,0,0.03,0.15301725268363953,0.15301725268363953,-1.7132490873336792,0.153,1.2304843664169312,1127.168316238,2.299720525741577,-2.4609687328338623,-4.7606892585754395,1,550,-2.3803446292877197
472,550,1731436062.3210533,-1.857062816619873,2.8068153858184814,0,0.03,1.1448569297790527,1.1448569297790527,-1.9565268754959106,1.1449,1.857062578201294,1129.189986375,-0.2617361545562744,-3.714125633239746,-3.4523894786834717,0,551,-1.7261947393417358
473,551,1731436064.3150618,-0.7025756239891052,0.38102567195892334,0,0.03,0.10419522225856781,0.10419522225856781,-2.0773589611053467,0.1042,0.7025755643844604,1131.183997934,2.7089390754699707,-1.4051512479782104,-4.114090442657471,1,552,-2.0570452213287354
474,552,1731436066.3092558,-1.7092782258987427,5.261474609375,0,0.03,1.4343171119689941,1.4343171119689941,-1.0678807497024536,1.4343,1.7092783451080322,1133.224387798,-0.6621434688568115,-3.4185564517974854,-2.756412982940674,0,553,-1.378206491470337
475,553,1731436068.3048134,-1.1792714595794678,2.7740743160247803,0,0.03,1.4400922060012817,1.4400922060012817,-0.8610801696777344,1.4401,1.1792714595794678,1135.173758286,-0.6697182655334473,-2.3585429191589355,-1.6888246536254883,0,554,-0.8444123268127441
476,554,1731436070.3235943,-2.272048234939575,5.381533145904541,0,0.03,1.443091869354248,1.443091869354248,-1.669830560684204,1.4431,2.272048234939575,1137.192590042,-0.673647403717041,-4.54409646987915,-3.8704490661621094,0,555,-1.9352245330810547
477,555,1731436072.3437006,-1.619827389717102,2.905597686767578,0,0.03,1.612046718597412,1.612046718597412,-0.5618581175804138,1.612,1.6198272705078125,1139.212649189,-0.8895542621612549,-3.239654779434204,-2.350100517272949,0,556,-1.1750502586364746
478,556,1731436074.3577936,-1.510670781135559,3.293821334838867,0,0.03,0.8612716794013977,0.8612716794013977,-2.0037057399749756,0.8613,1.51067054271698,1141.226745999,0.18799042701721191,-3.021341562271118,-3.20933198928833,1,557,-1.604665994644165
479,558,1731436078.367927,-0.6559766530990601,2.1350247859954834,0,0.03,0.5110110640525818,0.5110110640525818,-0.7919049263000488,0.511,0.6559766530990601,1145.23688956,0.9050016403198242,-1.3119533061981201,-2.2169549465179443,1,559,-1.1084774732589722
480,559,1731436080.3832505,-1.9294618368148804,3.177456855773926,0,0.03,0.7463259696960449,0.7463259696960449,-1.5357754230499268,0.7463,1.9294617176055908,1147.252185015,0.3963282108306885,-3.8589236736297607,-4.255251884460449,1,560,-2.1276259422302246
481,560,1731436082.4004798,-1.5538511276245117,6.039344310760498,0,0.03,2.4649510383605957,2.4649510383605957,-1.702942132949829,2.465,1.5538511276245117,1149.269427125,-1.876105546951294,-3.1077022552490234,-1.2315967082977295,0,561,-0.6157983541488647
482,561,1731436084.396581,-1.304133415222168,3.001087188720703,0,0.03,0.7595514059066772,0.7595514059066772,-1.7270896434783936,0.7596,1.304133415222168,1151.265531195,0.37132787704467773,-2.608266830444336,-2.9795947074890137,1,562,-1.4897973537445068
483,562,1731436086.4136128,-1.4691318273544312,3.173783302307129,0,0.03,0.6406065821647644,0.6406065821647644,-1.5666168928146362,0.6406,1.4691319465637207,1153.282602762,0.6079955101013184,-2.9382636547088623,-3.5462591648101807,1,563,-1.7731295824050903
484,564,1731436090.419949,-0.925331711769104,6.438855171203613,0,0.03,1.1335597038269043,1.1335597038269043,-1.4816269874572754,1.1336,0.9253317713737488,1157.288893131,-0.24512076377868652,-1.850663423538208,-1.6055426597595215,0,565,-0.8027713298797607
485,566,1731436094.4329662,-1.3737846612930298,2.94222092628479,0,0.03,0.5577570796012878,0.5577570796012878,-1.5942912101745605,0.5578,1.3737847805023193,1161.301918583,0.7920243740081787,-2.7475693225860596,-3.5395936965942383,1,567,-1.7697968482971191
486,567,1731436096.4477072,-1.5861142873764038,5.294158458709717,0,0.03,0.7178687453269958,0.7178687453269958,-2.023689031600952,0.7179,1.5861142873764038,1163.316661134,0.4511532783508301,-3.1722285747528076,-3.6233818531036377,1,568,-1.8116909265518188
487,568,1731436098.4682593,-1.711439847946167,3.4460883140563965,0,0.03,1.0990443229675293,1.0990443229675293,-2.469374895095825,1.099,1.7114397287368774,1165.337228473,-0.19379520416259766,-3.422879695892334,-3.2290844917297363,0,569,-1.6145422458648682
488,569,1731436100.4958951,-0.9160091876983643,0.8035905361175537,0,0.03,0.10258029401302338,0.10258029401302338,-1.1308541297912598,0.1026,0.9160090684890747,1167.364832314,2.7253808975219727,-1.8320183753967285,-4.557399272918701,1,570,-2.2786996364593506
489,570,1731436102.4937418,-1.331027865409851,2.901662588119507,0,0.03,1.1024508476257324,1.1024508476257324,-1.7518653869628906,1.1025,1.331027865409851,1169.362689808,-0.198899507522583,-2.662055730819702,-2.463156223297119,0,571,-1.2315781116485596
490,571,1731436104.5006375,-0.2315341681241989,0.48913225531578064,0,0.03,0.1732320636510849,0.1732320636510849,-0.6310890913009644,0.1732,0.2315341681241989,1171.369565192,2.165256977081299,-0.4630683362483978,-2.6283252239227295,1,572,-1.3141626119613647
491,572,1731436106.5019636,-1.5546696186065674,3.9005074501037598,0,0.03,1.6137491464614868,1.6137491464614868,-2.338315010070801,1.6137,1.5546696186065674,1173.370934638,-0.8916804790496826,-3.1093392372131348,-2.217658758163452,0,573,-1.108829379081726
492,573,1731436108.521002,-1.2717738151550293,3.7781600952148438,0,0.03,0.598416805267334,0.598416805267334,-1.2178696393966675,0.5984,1.2717738151550293,1175.389976463,0.6993827819824219,-2.5435476303100586,-3.2429304122924805,1,574,-1.6214652061462402
493,574,1731436110.5374398,-1.5640640258789062,2.4980061054229736,0,0.03,0.5312266945838928,0.5312266945838928,-1.7557470798492432,0.5312,1.5640642642974854,1177.40638347,0.855222225189209,-3.1281280517578125,-3.9833502769470215,1,575,-1.9916751384735107
494,575,1731436112.5289748,-0.9006035923957825,4.809591293334961,0,0.03,0.526698648929596,0.526698648929596,-0.9006035923957825,0.5267,0.9006035923957825,1179.397986596,0.8662451505661011,-1.801207184791565,-2.667452335357666,1,576,-1.333726167678833
495,576,1731436114.5485158,-1.3992313146591187,2.2135701179504395,0,0.03,0.8469916582107544,0.8469916582107544,-1.6091963052749634,0.847,1.3992313146591187,1181.417478663,0.21285390853881836,-2.7984626293182373,-3.0113165378570557,1,577,-1.5056582689285278
496,577,1731436116.5667748,-1.3765326738357544,2.23915696144104,0,0.03,0.260206013917923,0.260206013917923,-1.1563798189163208,0.2602,1.3765325546264648,1183.435725936,1.7133591175079346,-2.753065347671509,-4.466424465179443,1,578,-2.2332122325897217
497,578,1731436118.5860262,-1.9048871994018555,6.861223220825195,0,0.03,1.6014060974121094,1.6014060974121094,-1.0628056526184082,1.6014,1.9048871994018555,1185.454977731,-0.8762445449829102,-3.809774398803711,-2.933529853820801,0,579,-1.4667649269104004
498,579,1731436120.6043453,-1.7837035655975342,3.2412357330322266,0,0.03,1.3968489170074463,1.3968489170074463,-1.3359719514846802,1.3968,1.7837038040161133,1187.473316326,-0.6126604080200195,-3.5674071311950684,-2.954746723175049,0,580,-1.4773733615875244
499,580,1731436122.6009035,-0.6194018125534058,1.332248568534851,0,0.03,0.2845780551433563,0.2845780551433563,-0.5894107222557068,0.2846,0.619401752948761,1189.469861178,1.6110866069793701,-1.2388036251068115,-2.8498902320861816,1,581,-1.4249451160430908
